6785 0 8383
7446 1 8384
7073 1 8384
7124 0 8385
7427 1 8384
7473 2 8386
6473 1 8387
6802 2 8386
7046 3 8388
7093 2 8386
7413 4 8389
7991 2 8390
7738 0 8391
6432 4 8392
8393 1 8384
6040 1 8384
6590 0 8394
7097 5 8395
6173 1 8384
6253 6 8396
6221 2 8386
6087 3 8397
7369 4 8389
7225 2 8398
7861 2 8399
8353 6 8400
6748 2 8401
8402 4 8389
7837 0 8403
7539 0 8404
7212 2 8405
7925 2 8406
6523 0 8407
6394 5 8395
6730 3 8408
6896 2 8409
6045 3 8410
7591 5 8411
8136 4 8389
8381 0 8412
6774 2 8413
8153 1 8384
6044 4 8414
6864 2 8386
6850 6 8415
7784 4 8389
7186 1 8384
6947 5 8395
7594 5 8395
8051 2 8416
7841 4 8389
6646 0 8417
7610 6 8418
7820 1 8419
7526 0 8420
7905 4 8389
7091 2 8398
7091 5 8395
8421 2 8422
8423 0 8424
7429 3 8425
6097 1 8384
6956 6 8426
6840 5 8411
6191 0 8427
6522 2 8428
6808 5 8395
6326 3 8429
7187 3 8430
7550 2 8386
8023 0 8431
7915 4 8389
7065 4 8389
7142 2 8432
8323 6 8433
6186 6 8434
7449 6 8435
8274 0 8436
7039 0 8437
6476 0 8438
8276 4 8439
6789 2 8422
6485 3 8440
7747 3 8441
7309 4 8389
7010 2 8398
6556 4 8389
8442 1 8384
6889 3 8443
7385 3 8444
6727 2 8445
6600 2 8413
8050 2 8446
6205 0 8447
6965 0 8448
7334 2 8405
7227 5 8395
7637 0 8449
7078 5 8411
8112 0 8450
6297 0 8451
8183 2 8452
7197 0 8453
8191 2 8446
6907 4 8389
6822 1 8454
7600 4 8455
8233 6 8456
7236 2 8416
6842 6 8457
6838 0 8458
6467 1 8384
7274 5 8459
6684 6 8460
6420 4 8389
8353 4 8389
7851 1 8384
7306 0 8461
7767 3 8462
7000 2 8398
6147 6 8463
6258 5 8459
8041 1 8384
6047 6 8464
6580 6 8465
6428 3 8466
7966 0 8467
8363 3 8468
7529 5 8395
8289 6 8469
7872 4 8455
6064 2 8422
6823 4 8414
7929 2 8386
6626 6 8470
8314 6 8471
6044 1 8419
6314 0 8472
8164 0 8473
8027 2 8386
6826 0 8474
6996 2 8405
7764 3 8475
8343 0 8476
8257 0 8477
6980 2 8428
7270 5 8411
7389 1 8384
7768 0 8478
7799 1 8384
7089 5 8459
6470 2 8386
6294 6 8479
7363 2 8386
7378 2 8398
7364 2 8386
7587 2 8398
7415 0 8480
7843 6 8481
6218 0 8482
7247 4 8389
8163 3 8483
8163 0 8484
7909 2 8386
8367 2 8386
6510 1 8384
6349 4 8389
6763 6 8485
7932 4 8414
7277 3 8486
7035 2 8398
7993 0 8487
6757 3 8488
8131 6 8489
6901 2 8386
6827 1 8384
6804 5 8411
7444 3 8490
6986 3 8491
7786 4 8389
6275 4 8389
6741 1 8492
6241 6 8493
8494 1 8384
7503 0 8495
6816 6 8496
6738 2 8398
6276 1 8419
6283 1 8384
7407 2 8390
7540 2 8398
6412 2 8422
8335 3 8497
6426 4 8414
7281 6 8498
6318 5 8411
6424 4 8389
6927 4 8389
6384 2 8432
8291 5 8459
6805 5 8395
7180 4 8389
6080 0 8499
8175 1 8384
8500 6 8501
7211 3 8502
8503 6 8504
6828 3 8505
8037 6 8506
7402 5 8395
6477 2 8507
6914 0 8508
7406 6 8509
8238 5 8395
6461 2 8405
8003 4 8455
8003 2 8413
8139 2 8422
7750 1 8510
6480 0 8511
7056 4 8389
7212 2 8416
7320 4 8389
7649 1 8384
6047 5 8411
6151 2 8512
7870 2 8398
7268 0 8513
8259 4 8389
7300 4 8389
7428 5 8459
7028 0 8514
7961 2 8390
6398 2 8398
6193 2 8515
6315 2 8386
6880 1 8516
6255 0 8517
7850 4 8389
6915 2 8409
6457 6 8518
7692 4 8389
8200 1 8419
7845 0 8519
8351 2 8398
7768 2 8398
6708 0 8520
7006 6 8521
7171 6 8522
8523 3 8524
6571 0 8525
6104 4 8526
6459 0 8527
8204 0 8528
7424 4 8389
6953 6 8529
6584 0 8530
6160 3 8497
7224 0 8531
6381 4 8389
7085 2 8386
8208 1 8384
7721 6 8532
8264 2 8428
7158 2 8515
7209 2 8416
6741 1 8533
6499 1 8384
8348 4 8389
7709 0 8534
6057 6 8535
6107 0 8536
8052 2 8416
7873 0 8537
6971 2 8399
6060 3 8538
8014 0 8539
6131 3 8540
8047 6 8541
7223 4 8414
6409 2 8398
7155 3 8542
6970 1 8384
6192 4 8389
7058 6 8543
6408 6 8544
6454 0 8545
8114 1 8384
7542 0 8546
7835 1 8384
6101 2 8398
7180 6 8547
7180 3 8548
6267 4 8389
6270 0 8477
7236 0 8549
8220 5 8395
6838 2 8398
8126 3 8550
6807 5 8395
6489 6 8551
6585 1 8384
6983 3 8552
7941 2 8398
6729 5 8395
8353 2 8409
7112 0 8553
6279 2 8398
7411 0 8554
8001 2 8390
8555 6 8556
6497 4 8526
7335 1 8384
6038 4 8389
6051 2 8386
7301 4 8389
8025 2 8406
7472 4 8414
6482 2 8446
8312 6 8557
6048 6 8558
6880 3 8559
8218 1 8384
6363 1 8384
6346 1 8384
7527 2 8409
6996 2 8422
7398 5 8411
6998 4 8389
6388 6 8560
7988 1 8384
8561 0 8562
6628 0 8563
6564 2 8386
7248 3 8449
6281 4 8389
6429 3 8564
6689 3 8565
8033 1 8384
6542 4 8389
6671 6 8566
6248 3 8567
6749 3 8568
6623 2 8405
7912 1 8384
8010 2 8413
7256 4 8389
7050 6 8569
8570 6 8571
6631 2 8507
8062 0 8572
7582 4 8389
8219 2 8515
7408 4 8573
6500 2 8446
6132 5 8411
8052 1 8384
6124 0 8574
6644 5 8411
8167 6 8575
6889 6 8396
7117 2 8386
6839 2 8405
7602 3 8576
6900 2 8398
7493 6 8577
7493 1 8384
7879 0 8578
8213 2 8386
7269 2 8386
8579 6 8580
6825 2 8422
6770 2 8446
8266 0 8581
7173 1 8384
6472 5 8411
6495 2 8401
7890 4 8389
6643 1 8384
6358 6 8582
6358 1 8384
7375 1 8384
7196 2 8386
8024 0 8469
6993 5 8395
7465 0 8583
6268 2 8386
8584 3 8585
7966 0 8586
7719 4 8389
7620 6 8587
6207 5 8411
8302 2 8515
6064 2 8428
7191 5 8395
6945 2 8405
7031 3 8588
7566 4 8389
8257 2 8386
8589 6 8590
6694 0 8591
6680 2 8398
6687 2 8422
7470 6 8592
6136 2 8386
7043 1 8384
7330 4 8389
6144 2 8386
7677 2 8413
6441 1 8419
7651 3 8593
6510 6 8594
8256 0 8595
8596 6 8597
6747 2 8398
8124 2 8398
6837 2 8405
8598 1 8384
6744 2 8409
7014 2 8416
7755 2 8512
8599 0 8600
6359 5 8459
7949 0 8601
8602 3 8603
6469 4 8455
6727 3 8604
6102 1 8384
6955 3 8605
7395 0 8606
7042 3 8607
6990 2 8399
7733 1 8608
8068 4 8389
6079 0 8609
8191 4 8455
6574 6 8610
6578 2 8409
6720 0 8611
7994 0 8612
6054 2 8386
8140 3 8613
6420 2 8386
8614 2 8398
7465 0 8615
6493 2 8409
6077 2 8422
8369 1 8384
6535 1 8419
6073 6 8469
8174 2 8409
7570 0 8616
8035 5 8395
7217 4 8389
7579 3 8617
6236 0 8618
7129 0 8619
7477 4 8389
6435 2 8386
6582 6 8620
8314 1 8384
6094 1 8384
6962 2 8398
8317 2 8399
6516 3 8488
8034 2 8390
7604 0 8621
8253 3 8622
7764 6 8623
8206 6 8624
7259 6 8625
7598 6 8626
6694 1 8627
8288 4 8455
6440 2 8398
6735 6 8628
6375 4 8389
8177 2 8446
7584 4 8526
8032 4 8389
7829 0 8629
7702 0 8630
8315 4 8389
6256 6 8473
7943 1 8631
7345 3 8632
7379 4 8455
8184 3 8564
6950 2 8398
8240 4 8389
7938 2 8446
6929 1 8516
7505 4 8389
6654 0 8633
7615 1 8384
6246 2 8634
8359 2 8398
6412 3 8635
8362 6 8636
6285 5 8411
6903 3 8637
7585 2 8445
6192 5 8459
8301 2 8386
7370 3 8607
7227 4 8389
6907 6 8638
6822 3 8639
8266 0 8640
7580 4 8389
6267 1 8384
6267 3 8641
6270 2 8386
6818 1 8384
7431 2 8512
6339 2 8428
8642 1 8384
7165 0 8643
7722 1 8384
6194 2 8644
6367 5 8395
7068 3 8645
7815 2 8398
6358 2 8390
6135 4 8389
7487 5 8395
6179 4 8526
6645 2 8398
8118 4 8389
8174 1 8384
8035 1 8384
6279 0 8646
6667 2 8399
6557 2 8386
6446 1 8419
8011 0 8647
8259 3 8648
7384 2 8507
6792 6 8649
6482 2 8422
8650 6 8651
8279 0 8652
6363 0 8653
8083 3 8654
6360 0 8655
6884 4 8389
7145 5 8459
7759 4 8455
6164 0 8656
8379 0 8657
7062 2 8398
8306 1 8658
6481 0 8659
8101 4 8389
7024 2 8398
7024 0 8660
6298 0 8661
8033 3 8662
8198 1 8384
7984 2 8413
6745 2 8409
7113 1 8384
6657 2 8405
7332 2 8398
6773 6 8663
7834 5 8459
8664 2 8445
6744 0 8665
6865 3 8666
6846 2 8398
8178 5 8459
8667 3 8668
8135 1 8510
7483 4 8389
8366 6 8669
7074 6 8670
7796 3 8671
6324 0 8672
7549 6 8673
6942 2 8386
6318 3 8674
6296 6 8675
6245 2 8512
6332 2 8634
6548 3 8544
6293 4 8389
6925 4 8389
6838 1 8384
6185 6 8676
6934 0 8677
8308 5 8459
7101 4 8389
8326 1 8384
7495 4 8389
6859 5 8459
7927 2 8398
6698 1 8384
7002 2 8422
7589 6 8678
8679 1 8384
7713 3 8680
6532 2 8398
7346 2 8398
7548 2 8405
7476 1 8384
6676 3 8681
8011 6 8682
7313 2 8398
6262 2 8446
7129 3 8683
6074 4 8389
8145 4 8389
6817 0 8684
6547 5 8395
6570 6 8685
7683 3 8686
7607 0 8687
7886 1 8419
6806 4 8389
7253 2 8515
7031 2 8405
6703 4 8389
7566 1 8384
8688 2 8398
7892 6 8689
8016 2 8386
7742 2 8398
7675 2 8634
7980 3 8690
7628 5 8395
6550 1 8384
6375 0 8691
7790 6 8692
7630 2 8416
6866 5 8411
6605 2 8386
6511 2 8398
7876 5 8395
6750 0 8693
6540 1 8384
6081 3 8694
6744 5 8395
7609 0 8418
8248 3 8695
6417 6 8696
7449 0 8697
7721 4 8414
7397 0 8698
7761 1 8384
6382 2 8398
6886 6 8699
7237 5 8700
6946 2 8390
8368 6 8701
8089 0 8702
8069 1 8384
8307 0 8703
7488 6 8704
6276 1 8384
7666 3 8705
6165 2 8409
7418 3 8706
7155 0 8707
6386 0 8708
6942 0 8709
7800 6 8710
6357 0 8711
7439 0 8712
7648 5 8395
8291 6 8713
7221 0 8714
6242 5 8395
7373 0 8715
7168 5 8395
6040 5 8459
7854 0 8716
7009 5 8411
7536 6 8717
7305 4 8455
8043 3 8592
8024 2 8416
6461 0 8718
8261 3 8719
6520 0 8720
7606 6 8464
7112 2 8413
6279 1 8384
8272 6 8721
8039 2 8432
6051 4 8389
6070 2 8386
6592 0 8722
6387 1 8384
7607 0 8723
6543 1 8384
7357 1 8384
7394 1 8724
7759 0 8725
8343 1 8510
7784 3 8726
8055 0 8727
7120 2 8409
6154 0 8728
7610 3 8729
7358 3 8730
8141 1 8384
7184 1 8731
7523 3 8732
7717 2 8445
7036 0 8733
8214 5 8395
6991 1 8384
7833 6 8734
7433 4 8389
6615 5 8395
6596 3 8735
6623 0 8736
7831 0 8737
7254 6 8738
7444 2 8398
6311 0 8739
7423 4 8389
6316 5 8395
7914 2 8386
8199 2 8398
7107 0 8740
6672 1 8384
8741 5 8395
7275 6 8742
7557 6 8743
7775 5 8395
7720 5 8411
6767 2 8386
6602 1 8384
6761 6 8744
7025 2 8386
8211 5 8395
7521 0 8745
8291 2 8644
6101 6 8746
6267 0 8616
6989 6 8747
6987 2 8446
6665 2 8398
7163 3 8748
7973 6 8749
8156 4 8389
7132 2 8398
6088 3 8750
7196 5 8395
6853 5 8395
6461 0 8751
8249 1 8384
8159 3 8752
8380 6 8753
6265 0 8754
7216 1 8384
6705 1 8533
8071 1 8510
8289 4 8389
6187 1 8384
7300 1 8384
8305 2 8386
6455 3 8755
7528 6 8704
7623 4 8389
6779 6 8756
7506 5 8395
8027 3 8757
7913 3 8758
8253 5 8459
7566 3 8759
6130 5 8459
6154 5 8395
8421 1 8384
8029 0 8760
7920 1 8384
6375 2 8446
6531 3 8761
7809 2 8386
7261 1 8762
8032 6 8763
6866 0 8764
7094 4 8389
6902 5 8395
6390 2 8428
6851 1 8510
7111 3 8765
6810 6 8766
6098 3 8767
7893 5 8395
7192 6 8768
7181 2 8405
7805 6 8744
7244 2 8409
7135 0 8769
8062 3 8770
8190 2 8390
7185 0 8771
7210 2 8432
6175 1 8384
6216 4 8389
6618 2 8416
6165 2 8405
7432 3 8772
6055 0 8773
6536 5 8411
6413 0 8774
6243 2 8422
6917 1 8510
7971 1 8384
7557 2 8422
6183 0 8775
6521 3 8776
6291 3 8777
8202 3 8778
6475 4 8389
6384 2 8416
7280 2 8398
7377 4 8389
7678 6 8580
7632 0 8779
7536 3 8780
8098 4 8389
6350 6 8781
6859 2 8416
6700 1 8384
6310 0 8782
6743 3 8783
6844 1 8384
6073 3 8784
7320 0 8785
7555 2 8405
6861 3 8786
8787 6 8788
8039 2 8398
7340 5 8395
7276 2 8789
7781 3 8790
7929 3 8462
6435 6 8791
7063 2 8446
6368 2 8634
6447 2 8515
8137 2 8386
7574 1 8384
6769 2 8398
7308 0 8792
6786 6 8793
7507 3 8794
8340 1 8384
6694 0 8795
6694 0 8796
7409 2 8446
7920 0 8797
6470 5 8395
7337 1 8510
6909 6 8798
6563 5 8395
6869 4 8389
8799 6 8800
7232 2 8416
8801 0 8802
6344 6 8473
8247 0 8803
7833 0 8804
6747 1 8384
7086 2 8445
6062 6 8805
8239 2 8512
6992 4 8389
7405 3 8806
8189 6 8541
6036 2 8428
6669 0 8807
8184 2 8390
7209 3 8808
6641 4 8455
7582 6 8798
6169 5 8411
6061 1 8384
7408 3 8809
8088 2 8386
7286 0 8810
6216 2 8398
6583 0 8811
8000 3 8812
6353 5 8411
8170 4 8389
8262 6 8813
6756 5 8459
7206 0 8814
6259 1 8384
6413 5 8395
7070 6 8815
6686 2 8386
7360 5 8395
7285 4 8389
6079 2 8409
7311 3 8816
6927 2 8386
7939 6 8817
6624 2 8405
6181 1 8384
6678 4 8414
6818 4 8389
7935 3 8818
7969 2 8386
7236 0 8819
6217 1 8510
8820 6 8821
7678 5 8395
8098 2 8386
6358 2 8386
6350 2 8416
6855 2 8446
6452 6 8822
7258 2 8398
7851 5 8411
6873 2 8398
8165 4 8389
6210 1 8384
8283 2 8398
6833 5 8459
7713 1 8384
7541 6 8823
7978 2 8398
8363 1 8384
7863 1 8384
6449 0 8824
8259 1 8384
8349 4 8389
7813 6 8825
7804 0 8826
8164 4 8389
6405 4 8439
6148 0 8827
8345 1 8731
7468 4 8389
8340 2 8386
7970 1 8384
8310 6 8557
8523 5 8395
7960 1 8828
7409 4 8389
7184 6 8825
6887 2 8422
6159 1 8384
7584 4 8455
6831 5 8411
7806 2 8428
6153 1 8384
8225 0 8829
7605 2 8422
6953 4 8389
6349 2 8386
7113 4 8389
8085 2 8515
8172 0 8830
6345 0 8831
7762 4 8455
6906 1 8832
7783 2 8386
6886 4 8389
6641 2 8398
7739 1 8731
6654 2 8507
7747 4 8389
7779 3 8758
8170 6 8833
6893 2 8386
6376 0 8834
7473 0 8835
7557 0 8836
6126 5 8411
7072 6 8837
8202 5 8700
7061 0 8838
7945 2 8446
6989 2 8398
7569 0 8839
7766 6 8840
8122 3 8841
6215 1 8842
6215 0 8843
6491 1 8384
6253 2 8386
6731 6 8844
7586 4 8439
8165 0 8845
8159 0 8846
6302 1 8384
6327 6 8847
8322 2 8398
8322 1 8510
6676 0 8716
6778 1 8510
7412 6 8848
7129 1 8384
8079 2 8512
8232 4 8389
8020 3 8462
7384 6 8849
7205 5 8459
6945 0 8438
6715 6 8773
6527 2 8386
7792 1 8384
6915 1 8384
8253 4 8389
7692 2 8386
6099 5 8411
8319 0 8850
7062 6 8851
6646 6 8852
8029 0 8853
6128 2 8386
6104 1 8384
7337 6 8854
7780 2 8515
7691 1 8419
6136 6 8855
6136 0 8855
7977 6 8856
6274 1 8384
8267 0 8857
7699 1 8384
7327 2 8515
7001 4 8858
7712 2 8512
7710 0 8859
7736 1 8731
7116 3 8860
6610 2 8398
7396 5 8459
6382 3 8861
7007 4 8389
7621 6 8469
6283 4 8389
7989 6 8862
6644 6 8559
8359 6 8863
7059 4 8389
7624 2 8386
8170 3 8568
6627 6 8864
6412 2 8428
6285 1 8865
6739 4 8389
6821 0 8866
6892 6 8867
7975 6 8868
6426 0 8869
7150 0 8473
7518 2 8409
8068 6 8870
8030 0 8871
7197 4 8389
6257 0 8872
6235 0 8873
6168 0 8874
6111 1 8384
6058 2 8399
6718 6 8875
7752 2 8406
7752 1 8384
7921 2 8406
7196 4 8389
7586 1 8384
6853 4 8389
7861 5 8395
6347 5 8876
8090 1 8384
6302 4 8389
6733 6 8877
7509 2 8398
6676 4 8389
7821 3 8666
8151 4 8389
7591 0 8878
7384 1 8384
6632 2 8409
7143 5 8395
6864 1 8384
6048 4 8389
6826 3 8505
7604 2 8409
7901 6 8879
6714 2 8398
8351 1 8510
6223 2 8398
6939 2 8446
6460 0 8880
8004 1 8384
6566 0 8881
7094 1 8384
7846 2 8882
6522 5 8459
6343 4 8389
7232 5 8459
8284 2 8422
8097 2 8512
7909 1 8510
8315 2 8515
7087 6 8883
7881 2 8422
7932 5 8395
7254 3 8884
7405 5 8459
7769 2 8398
7379 0 8885
8189 3 8886
7039 2 8446
6641 0 8887
8888 2 8413
8018 2 8446
7210 2 8386
7349 5 8411
6672 6 8793
6469 2 8446
7666 2 8409
8889 1 8384
7686 5 8395
6285 6 8890
8099 2 8398
6243 2 8409
6726 5 8876
6788 3 8891
6473 3 8892
6312 0 8893
6454 1 8384
7017 1 8384
7797 1 8384
7945 4 8455
6624 0 8894
7562 1 8384
8895 1 8510
7678 2 8515
7766 4 8455
6933 1 8384
8119 2 8386
8308 4 8389
6979 5 8411
8024 1 8384
7101 1 8384
6859 4 8389
6264 3 8896
7005 4 8389
7656 1 8384
8165 6 8897
8679 1 8898
7336 2 8398
6196 2 8512
6377 1 8384
8260 2 8398
6674 6 8899
7257 5 8411
7649 0 8477
6265 4 8389
8339 4 8389
7581 4 8389
7581 5 8395
6446 6 8900
8263 0 8901
6427 6 8902
6038 3 8903
6084 2 8398
7276 3 8904
8143 0 8905
7205 4 8389
7315 3 8906
7015 1 8384
6287 0 8907
7623 6 8473
7864 6 8908
6513 0 8909
6516 2 8399
6145 2 8515
6156 2 8422
8375 3 8910
7692 6 8911
8343 1 8384
6878 2 8399
6913 1 8384
7530 5 8395
7724 0 8912
7689 0 8913
7378 2 8390
6882 4 8389
6793 2 8789
8023 2 8386
6851 3 8794
8033 2 8405
7403 5 8411
6657 1 8914
8160 4 8455
7224 2 8406
7696 6 8915
6631 6 8916
6382 2 8409
6208 4 8389
7636 2 8398
8917 4 8389
6175 4 8389
7928 1 8384
7611 0 8418
6234 1 8898
7514 2 8446
6285 2 8405
7245 6 8918
6536 0 8919
6406 0 8920
6212 5 8395
6541 1 8510
7334 2 8386
6211 2 8398
8301 6 8921
6847 4 8389
6247 1 8384
8129 2 8789
7263 5 8411
6712 2 8390
8281 2 8446
7720 1 8384
8332 3 8922
6921 4 8455
7307 2 8399
6424 0 8923
7072 3 8924
6235 4 8414
6649 4 8455
7173 6 8925
7667 1 8384
6167 4 8389
7030 4 8455
6862 2 8405
6780 0 8926
7049 2 8386
6253 1 8384
7264 1 8384
7953 1 8384
7941 1 8384
7255 1 8384
7803 2 8398
7927 2 8386
7271 1 8384
7336 6 8927
6607 5 8395
6730 2 8409
7640 0 8685
6896 2 8405
7877 5 8395
7191 6 8928
8314 4 8389
6075 5 8395
8021 4 8389
8317 0 8929
8218 4 8389
7785 1 8930
6269 3 8931
8210 0 8901
6850 0 8932
6397 2 8398
6213 0 8933
6980 0 8934
7676 4 8389
7389 6 8433
7006 2 8634
7316 1 8384
6083 3 8935
7970 4 8414
7957 0 8936
6887 5 8395
7809 0 8937
6866 0 8938
6250 2 8512
6429 5 8395
8799 1 8384
8036 2 8512
8036 0 8939
7984 0 8940
8149 1 8384
6891 5 8459
6098 6 8941
7609 3 8942
6106 3 8943
8264 4 8455
7100 0 8944
7039 4 8455
6476 2 8386
7739 3 8592
8199 0 8945
6555 3 8777
6958 1 8658
6395 6 8946
8125 0 8947
7038 6 8948
8372 6 8949
6072 1 8731
8258 2 8398
6611 2 8512
6285 0 8890
6728 6 8950
7360 2 8409
7285 0 8951
7263 2 8386
7720 4 8389
7718 2 8398
8211 3 8952
7422 2 8398
8228 3 8953
7204 1 8384
6665 5 8395
7897 1 8384
7122 3 8954
8166 1 8384
7326 6 8955
7704 2 8789
8171 3 8926
8956 0 8957
7954 3 8958
8249 0 8959
7306 6 8960
7336 4 8389
8159 2 8401
6752 4 8389
6394 6 8961
7595 3 8962
6166 5 8395
6861 1 8384
6497 2 8386
7205 2 8428
6790 2 8398
6850 1 8384
7795 5 8459
8343 6 8963
8343 2 8409
6714 0 8964
7386 5 8395
7743 3 8965
6164 2 8398
6708 3 8966
7598 0 8967
6440 1 8419
6693 5 8395
8141 2 8422
6614 4 8389
6159 2 8398
7152 3 8968
6203 6 8543
7977 1 8384
8147 5 8459
7535 1 8384
7909 3 8969
8005 0 8467
7277 6 8970
8255 4 8414
8195 1 8384
8971 2 8386
8248 2 8405
7345 4 8389
7871 6 8972
6725 3 8973
8342 1 8384
6175 5 8395
8173 3 8926
8052 2 8428
6072 2 8634
7624 3 8974
6490 1 8384
7117 1 8384
8362 0 8975
6308 2 8409
8121 1 8510
6122 4 8389
6056 6 8756
7110 1 8384
7452 6 8976
8183 4 8389
6944 4 8573
6963 4 8389
7416 1 8510
7542 4 8389
6805 4 8455
8175 6 8854
8346 2 8398
6393 3 8977
8220 1 8384
6467 1 8608
7134 2 8398
6114 2 8386
7339 0 8978
6067 1 8979
7974 3 8980
8090 6 8844
8370 0 8981
7713 4 8389
7313 1 8658
7137 2 8398
7608 6 8982
7608 5 8395
8305 2 8515
6368 3 8983
8137 2 8398
6371 5 8395
7304 2 8399
6042 6 8984
6850 2 8386
7901 2 8405
8031 3 8985
7594 0 8986
8319 0 8987
7053 1 8384
6460 0 8618
7763 1 8384
8988 4 8526
7535 2 8398
7714 0 8989
6867 2 8386
6763 3 8990
7142 2 8416
6098 0 8991
7119 3 8992
7609 2 8398
6865 0 8993
7762 5 8459
6496 4 8389
7039 1 8510
7147 0 8994
8178 4 8455
8094 0 8995
6732 0 8996
8237 1 8384
6668 1 8384
6765 2 8386
6096 2 8445
6727 4 8389
6046 0 8997
6043 3 8998
7852 6 8999
7599 6 9000
7446 0 9001
6663 6 9002
7352 6 9003
7687 6 9004
7374 0 9005
6319 3 9006
8224 4 8389
6280 1 8384
7118 0 8499
7161 0 9007
6288 6 9008
8820 3 8821
6254 5 8395
8223 1 8731
6054 3 9009
7891 5 8395
6598 2 8428
7381 2 8398
6135 2 8399
7974 5 8395
7955 0 9010
6039 2 8398
8159 1 8384
6843 2 8386
6580 2 8446
7475 5 8411
7082 1 8510
7412 2 8398
7340 2 8398
7903 6 9011
7315 1 8384
6547 2 8634
6527 2 8416
6371 2 8386
6633 0 9012
6130 2 8416
7011 2 8386
6083 1 8384
7466 3 9013
7429 6 8425
6956 0 9014
8227 2 8405
7663 5 8395
7391 2 8405
6239 6 9015
6982 5 8395
7021 2 8452
8023 0 9016
6696 6 9017
6891 2 8634
8331 4 8389
6883 5 8395
8208 6 9018
7449 2 8789
6630 2 8405
8216 6 9019
7505 2 8446
7162 6 9020
8307 1 8384
8056 4 8389
7010 5 8395
6816 0 8496
6794 1 8384
7753 0 9021
7603 1 8384
6627 2 8416
6234 5 8459
7206 4 8389
7371 2 8398
7812 4 8389
6445 3 9022
7879 4 8389
7177 0 8656
8202 1 8384
7202 5 8459
6080 4 8389
7417 0 9023
8895 3 9024
6330 0 9025
7377 2 8416
6494 1 8384
6185 2 8507
6221 3 9026
7096 5 8395
8109 5 8395
8236 2 8445
7487 6 9027
7448 1 8384
6179 1 8384
6954 2 8398
6674 0 8804
8134 5 8459
7153 4 8389
6857 1 8384
7230 2 8789
7813 0 9028
7458 3 9029
8061 4 8389
8021 2 8446
6048 2 8446
6042 1 8731
6042 0 9030
6156 0 9031
6872 1 8384
7076 4 8389
7076 5 8395
6099 1 8384
7594 0 9032
8051 2 8409
7130 3 9033
6097 5 8395
6742 4 8455
7424 0 8474
7876 1 8384
6326 4 8389
7677 1 8510
6671 5 8395
7740 5 8459
6586 3 9034
6329 0 9035
6062 1 8384
7135 0 8620
6103 6 9036
8230 2 8432
8088 3 9037
7010 1 8384
8146 1 8384
7873 4 8414
6784 0 9038
7670 3 9039
8293 2 8386
6599 3 9040
6507 0 9041
7380 4 8389
6212 2 8409
7427 6 8425
6685 2 8386
7207 0 9042
7150 3 8473
6443 1 8384
6443 0 9043
7775 2 8512
8332 0 9044
6921 5 8395
7307 6 9045
6219 5 8459
7479 0 9046
6242 6 9047
6932 0 9048
6862 1 8384
7442 1 8384
7752 4 8389
7782 6 9049
7049 2 8399
6173 1 8731
8037 1 8384
6619 6 9050
8242 4 8389
7861 2 8428
6923 2 8409
7900 0 9051
6479 1 8384
6580 5 8700
7640 4 8392
7872 0 9052
7317 5 8411
6289 6 9053
6138 2 8405
6717 2 8413
6538 2 8386
6572 0 9054
7986 6 9055
7986 1 8384
6945 0 9056
6774 6 9057
7243 5 8459
6447 3 9058
6396 5 8395
7934 1 8384
8317 2 8512
6806 5 8459
7629 0 9059
6269 2 8398
6915 1 9060
7601 1 8384
7394 5 8395
8200 0 8790
8110 2 8398
7089 3 9061
6214 4 8389
9062 1 8384
8032 0 9063
6968 2 8398
7663 6 9064
7415 6 9065
6982 6 9066
7535 0 9067
7915 2 8398
7898 3 9068
6284 2 8422
7520 6 9069
7698 2 8398
7881 4 8389
6209 0 9070
7067 6 9071
7480 1 8384
8274 0 9072
9073 6 9074
7050 0 8569
7209 6 9075
6195 1 8384
6776 3 9076
8376 1 8384
7734 1 8384
6762 3 9077
6618 0 9078
8325 3 8388
7155 2 8515
7312 5 8411
7593 1 8384
6322 2 8398
7922 3 9079
6376 2 8398
6233 2 8428
8183 1 8384
8182 0 9080
6770 2 8386
7631 2 8512
7945 1 8384
7668 6 9081
7004 1 8384
8895 2 8446
6989 1 8731
7994 4 8392
7174 3 9082
6591 2 8428
7402 6 9083
6617 6 9084
7381 0 8534
7773 3 9085
8271 1 8384
8024 0 8431
7102 5 8395
6589 0 8620
6077 3 9086
6954 1 8384
6642 2 8512
8370 0 9087
6679 3 9088
6705 1 8658
8272 0 9089
7726 3 9090
7903 0 9091
7108 2 8409
6928 5 8395
7844 2 8405
6435 0 9092
8060 1 8384
7428 2 8398
6547 0 9093
6973 5 8459
7822 2 8409
8343 3 9094
7195 1 8384
7287 2 8386
8013 3 9095
6550 2 8398
6687 0 8941
7693 2 8398
7429 2 8398
8204 4 8389
8214 2 8386
8988 0 9096
8207 2 8445
6722 6 9097
6793 2 8416
8023 2 8432
8158 3 9098
7087 4 8389
6810 4 8389
7993 4 8389
7930 5 8411
9099 3 9100
6348 2 8446
6610 2 8413
7447 0 9101
6272 3 9102
7107 2 8512
7013 5 8395
7985 0 9103
7262 1 8384
7033 3 9104
9105 0 9106
8231 5 8411
6090 6 9107
6600 2 8446
6113 0 9108
6278 2 8398
7565 5 8459
8179 2 8409
6544 2 8398
8357 1 8384
6521 0 9109
7213 0 9110
6478 2 8386
7290 3 9111
6963 6 9112
7945 2 8386
8266 6 8470
7835 6 9113
7361 4 8389
8316 1 8384
7202 1 8384
6472 2 8398
7969 6 9114
6904 4 8389
8220 2 8422
8234 0 9115
7402 2 8386
6489 2 8399
8072 0 9116
7927 2 8789
6981 5 8395
7681 6 9117
8369 6 8825
8090 4 8389
6065 2 8446
6327 4 8389
7411 6 9118
7745 4 8389
7640 2 8446
6778 1 8419
6076 5 8411
6427 1 8384
6133 2 8398
7301 2 8398
6074 5 8459
7228 1 8384
6824 3 9119
6368 1 8731
7674 2 8398
6826 5 8459
7942 1 9120
7942 0 9121
6638 3 9122
7732 2 8446
6910 1 8384
8200 0 9123
7189 1 8516
7468 1 8384
7006 4 8439
7148 1 8516
7957 2 8386
8142 5 8411
7429 0 8425
7248 5 8459
7388 0 9124
6522 2 8398
6719 1 8384
7651 5 8395
8097 5 8411
7543 5 8459
6596 0 9125
8331 1 8384
7085 6 9126
7208 4 8389
7556 1 8384
8189 4 8389
6351 1 8384
8240 6 8768
7147 1 8384
8244 1 8384
8292 0 8473
7265 2 8507
6416 2 8515
7753 2 8413
7948 0 9127
6228 2 8398
7878 3 9128
6113 1 8384
7245 0 9129
8329 2 8409
6650 4 8389
7446 2 8446
7565 4 8389
6740 6 9130
6376 3 9131
7687 2 8413
7227 2 8399
7125 2 8405
7690 2 8789
6473 1 8731
8579 2 8386
6419 6 9132
6475 2 8512
7294 0 9133
7738 0 9134
7080 2 8386
6818 2 8398
8295 6 9135
7373 0 9136
7048 0 9137
6058 1 8510
6185 2 8416
8324 6 9138
8242 0 9139
8956 2 8416
8308 1 8384
6675 5 8395
8139 2 8515
7126 5 8395
7955 6 9140
7955 2 8428
8090 0 9141
7121 2 8399
7539 6 9142
8035 0 9143
7679 5 8395
8071 5 8459
7064 6 8661
7129 6 9144
7863 4 8455
6974 5 8459
7029 3 9145
7976 1 8384
6396 1 8384
7901 1 8384
8161 1 8384
6200 4 9146
7598 2 8399
7430 3 8425
6622 2 8452
6566 2 8398
7590 2 8398
7561 2 8515
6793 2 8428
6127 0 9147
6274 2 8390
8149 5 8411
7332 4 8389
8373 1 8731
6749 4 8389
8091 3 9148
8255 4 8455
7116 1 8384
6830 4 8389
7696 0 8915
7293 3 9149
6316 0 9150
6172 6 8826
7200 0 9151
7653 2 8386
8199 1 8658
6654 0 8819
7453 4 8389
6555 4 8573
7408 2 8398
8372 3 9152
7559 4 8389
7559 1 8384
6043 4 8389
6492 6 9153
8215 6 9154
7399 2 8386
7879 5 8395
6192 1 8384
7695 0 8925
6845 2 8398
7366 6 9155
6247 4 8389
6408 4 8389
6443 6 8955
8182 1 8384
6464 4 8414
7631 6 9156
8228 1 8510
7969 3 8998
7931 1 8419
9157 6 9158
6385 0 9159
6675 1 8384
8113 0 9160
6347 2 8398
7681 2 8512
6380 2 8399
8328 2 8515
6667 5 8395
7411 3 9161
8339 5 8411
8095 1 8384
8322 2 8446
6730 2 8422
7268 2 8416
8107 4 8389
7471 2 8405
6070 0 9162
7341 3 9163
6824 6 8464
7576 5 8395
8053 1 8384
7934 0 9164
6978 0 9165
7308 3 8695
6947 0 9166
8246 4 8389
7841 2 8398
7905 1 8384
7708 2 8452
7429 1 8384
6814 5 8395
6564 4 8389
8042 2 8398
7735 2 8399
6081 0 9167
7065 1 8731
6190 2 8446
7142 2 8398
7498 6 8541
7484 3 9102
8010 2 8882
7037 2 8515
7423 2 8409
6631 0 9168
7761 0 9136
6803 0 9169
7282 2 8405
7209 5 8700
7938 1 8384
6929 1 8914
6654 2 8428
7249 2 8422
8088 5 8459
8148 0 8383
6165 4 8389
8047 5 8395
6600 6 8485
6839 2 8512
6739 4 8439
6188 0 9170
6406 4 8389
6376 5 8395
8361 0 8975
8374 4 8389
6552 2 8398
6464 3 9171
6226 0 9172
6419 2 8515
6300 1 8384
6805 0 8506
6678 6 9173
6678 1 8510
6818 5 8395
6716 0 9172
7868 5 8459
7921 5 8459
6914 3 9174
6171 3 9175
6442 0 9176
7339 4 8858
7522 1 8510
8679 3 9177
6700 6 9178
6612 6 9179
6327 0 8810
7320 1 8384
6653 0 9180
7640 0 9181
7088 2 8409
7230 6 9182
7662 4 8389
6864 5 8411
7323 2 8398
6251 0 9183
7770 5 8395
7646 4 8455
6269 4 8389
8049 1 8384
7516 6 9184
6703 0 9185
8253 2 8386
6213 2 8386
7592 2 8386
8055 0 9186
7547 2 8634
6680 1 8510
6470 6 9187
7291 0 9188
6831 2 8452
6481 6 8659
7363 3 9189
8007 2 8452
8275 5 8395
7919 2 8386
7454 2 8515
8015 0 9190
7825 4 8414
6596 2 8446
6623 2 8398
7736 2 8405
7484 1 8384
6610 5 8395
7396 3 9191
6036 0 9192
8264 3 9193
6382 0 8572
7324 4 8389
6275 0 9194
7265 5 8700
7621 0 9195
8093 3 9196
7666 5 8395
7660 5 8411
7385 2 8428
7951 5 8700
7907 3 9197
6261 5 8459
9198 3 9199
6117 2 8445
6413 2 8390
6243 0 9200
7602 2 8398
7602 5 8395
7741 6 9201
7532 0 9202
6312 6 9203
6767 0 9204
6574 1 8510
7797 4 8389
6770 6 8621
7600 1 8384
7413 5 8395
6332 4 8389
6080 2 8386
8082 2 8515
8228 2 8399
8327 3 9205
7766 2 8405
7537 4 8389
6798 2 8386
7936 0 9206
6838 2 8515
7632 2 8386
6477 1 8384
9207 6 9208
7861 6 9209
6461 0 9210
6981 3 9211
6493 5 8411
6679 2 8386
6313 3 9212
7082 1 8419
6438 1 8384
7986 0 9213
8330 0 9214
7243 0 9215
6422 1 8384
7886 2 8446
8321 0 9216
6145 0 8975
7771 6 9217
8200 1 8384
8365 1 8384
8347 2 8398
8309 2 8405
8379 1 8384
6988 4 8389
7790 0 8692
7103 0 9218
6840 6 9219
7152 0 8885
6123 5 8395
6808 4 9146
6808 3 9220
7364 0 8482
7545 1 8516
6882 6 9221
8042 5 8395
7021 5 8411
6218 4 8389
8367 3 9222
8378 2 8386
7001 1 8384
6381 0 9223
7893 4 8389
6091 2 8386
6444 3 9224
9225 5 8411
6670 2 8398
8285 1 8384
8360 2 8398
6499 0 9226
7098 0 9227
8076 0 9228
6668 2 8398
8442 5 8411
7796 5 8459
6131 0 9229
6285 1 8384
6095 4 8455
7319 1 8384
6893 1 8658
6056 5 8395
6549 2 8398
6685 5 8700
7367 3 9230
7518 0 9231
6319 0 9232
6478 6 9221
6578 1 8384
7289 1 8454
7422 2 8409
6432 2 8413
6143 3 9233
8082 4 8455
6720 1 8828
6720 1 8419
8500 2 8405
6780 2 8398
8017 6 9011
8037 4 8389
6338 1 8384
6553 0 9234
7219 6 8477
6573 3 9235
6977 1 8384
7002 2 8409
7992 1 8384
7336 0 8927
6545 2 8512
6147 4 8389
7606 2 8422
8283 3 9236
8048 1 8384
6047 0 9237
6301 6 9238
7581 2 8386
7719 3 9239
6778 1 8658
7362 0 9240
8028 6 8577
6506 6 9241
6648 5 8395
8250 0 9242
7283 0 9243
7683 0 9244
7924 4 8389
7131 4 8389
6872 2 8386
7732 1 8384
8365 2 8515
8257 1 8930
7814 2 8398
6558 2 8634
8345 2 8386
8309 3 8592
6164 4 8389
8377 3 9245
6997 2 8422
7693 4 8389
6104 5 8395
7816 1 8658
6579 1 8384
6563 1 8384
6522 2 8422
7115 0 9246
8214 6 9154
7328 0 9247
7635 5 8395
6576 0 9248
8284 1 8384
8176 2 8409
6764 2 8386
7619 2 8512
6540 2 8409
8247 2 8409
7698 0 9249
6248 0 9250
6640 2 8634
6757 0 9251
7769 6 9252
8304 3 9253
6827 0 9254
6036 0 9255
6986 0 9256
8355 4 8389
6846 4 8389
7534 0 9257
6836 1 8731
7575 2 8398
6061 2 8398
7748 3 9258
7038 4 8389
6668 5 8395
8366 4 8389
6964 3 9259
7455 3 9260
7071 1 8731
6410 1 8384
6533 6 9261
6839 1 8384
6095 0 8645
7371 0 9262
6942 2 8416
9263 0 9264
6201 2 8446
6686 4 8389
7968 2 8390
8374 6 9265
7756 5 8411
7939 2 8398
8266 6 9266
6678 4 8439
7931 2 8398
7931 5 8459
6217 2 8409
6862 2 8409
6054 1 8384
7973 4 8389
8235 1 8384
8078 0 9267
6979 1 8384
7659 3 9268
6993 2 8398
6993 0 8712
6859 2 8386
6310 2 8512
7925 4 8389
6047 3 9269
7548 2 8409
7719 2 8422
7108 1 8384
6926 5 8459
6823 2 8398
6468 2 8446
8269 2 8386
7243 3 9270
7283 2 8422
7924 1 8384
8650 0 9271
7646 2 8386
7759 3 9272
7076 6 9132
7287 2 8428
6471 4 8389
7011 2 8416
6223 3 9273
8319 5 8395
7675 6 9274
6614 3 9275
6870 0 9276
6281 5 8395
6508 5 8459
7625 2 8386
7806 0 9277
8225 2 8422
7215 0 9278
6999 4 8455
6745 2 8432
6860 0 9279
6514 6 8673
7930 2 8446
8248 2 8416
7256 1 8384
9073 3 9280
7284 3 9281
7237 1 8384
6801 2 8398
7013 2 8399
8237 0 9282
7748 6 8528
8173 6 8926
6423 5 8395
6055 4 8392
7836 0 8834
9263 6 9283
7380 2 8428
7110 2 8386
7350 0 9284
7078 2 8386
6443 2 8413
6660 0 9285
6521 6 9286
7093 6 9287
8144 0 9288
6590 3 9289
7097 4 8455
8234 3 9079
7436 2 8446
6938 2 8422
8109 2 8409
7264 0 9290
7522 6 9291
6573 4 8389
6493 0 9292
7019 1 8384
8118 1 8533
6873 5 8395
6523 3 9293
7875 1 8384
7595 2 8398
6707 0 9294
8039 0 9071
7335 2 8398
7335 5 8395
6109 0 9295
7976 2 8398
6592 2 8399
7494 2 8409
6482 3 9196
7574 4 8389
7822 0 9296
7288 4 8389
8253 2 8405
6797 0 9297
8347 2 8409
6786 1 8419
8016 0 9298
6083 5 8395
6751 6 8928
7675 4 8414
7203 0 9078
7920 2 8398
8227 0 9299
6564 1 8510
7152 1 8384
6522 0 9300
6808 2 8515
6941 1 8658
7715 2 8446
6621 3 9301
8015 2 8399
6292 3 9302
6484 1 8384
8971 3 9303
7755 2 8398
7345 1 8384
7338 4 8389
7908 6 9304
6777 1 8384
6804 6 9305
7037 3 9306
7397 6 8825
8230 5 8411
6519 0 9307
9308 2 8398
7709 6 8534
6359 3 9309
7467 0 9310
6854 6 9311
6107 5 8395
7488 5 8395
7169 0 9312
6412 1 9313
8047 1 8384
7765 3 9314
6105 0 9315
6243 1 8384
6990 6 9316
6845 2 8386
7278 3 9317
6163 4 8389
8213 2 8390
8111 4 8389
6319 2 8398
6921 2 8446
6927 2 8446
6775 2 8386
6238 0 9318
7299 0 9319
6204 2 8398
6987 5 8395
6339 4 8389
6828 4 8389
6404 5 8395
8234 0 9083
7731 2 8882
8109 1 8384
7419 2 8398
7614 5 8459
7369 1 8384
6710 0 9320
7606 0 9321
8370 4 8389
7462 2 8512
8272 3 9322
6049 0 9206
7412 2 8386
7222 4 8389
6592 0 9323
7772 6 9324
6157 2 8398
7077 3 9325
7886 2 8398
7886 0 8712
8321 4 8858
6723 4 8389
7942 3 9326
7527 0 9327
7538 4 8455
6224 2 8446
6629 0 9328
7308 4 8389
7468 1 8731
8055 6 9329
8142 1 8384
6885 6 9330
7091 0 9331
6791 2 8386
7809 3 9332
6605 2 8446
7024 2 8413
7701 2 8386
7911 1 8384
7535 4 8389
6750 1 8510
7079 4 8455
7702 2 8428
8256 0 8581
7111 2 8398
7834 1 8384
7672 6 9333
6036 2 8416
9073 4 8573
6277 3 9334
6931 2 8386
6275 2 8409
8360 6 9335
7709 2 8398
8494 1 8510
6959 0 9336
6423 1 8731
6964 6 9337
7666 4 8389
7407 4 8389
8196 0 9338
8325 1 9339
7906 1 9340
7234 0 9341
7917 5 8395
7172 1 8384
6278 3 8544
7599 5 8411
6561 2 8416
6892 0 9342
6439 0 9343
7774 4 8389
6226 3 9344
7061 5 8395
7289 2 8512
7122 5 8411
7510 2 8515
6560 5 8395
6491 4 8858
8037 1 8658
8234 6 9083
6421 6 9345
7614 6 9346
8171 0 8926
7134 0 9347
7375 2 8406
8353 3 9348
7296 0 9349
7126 2 8399
6954 6 9350
8260 1 8384
9351 1 8384
7346 6 8473
7570 2 8422
7649 6 8477
6523 1 8384
6265 2 8446
6064 1 8384
7088 2 8416
7929 0 9352
6774 1 8510
6387 6 8899
6527 0 8675
7392 2 8409
7601 6 9353
7795 1 8384
6434 3 9079
6140 2 8386
6140 0 9354
6714 1 8658
7845 2 8390
7482 6 8415
8351 1 8731
7026 0 9025
6791 0 9355
7103 5 8411
7187 2 8422
6882 2 8398
7342 0 8673
7984 0 9356
8160 1 8384
8267 1 8384
6249 0 9357
6381 6 9358
7710 2 8512
7511 1 8384
7461 1 8384
7746 0 9359
7405 4 8389
9360 4 8455
7192 4 8389
8971 6 9361
6186 2 8398
7246 6 9362
7751 6 9324
8044 2 8386
7423 3 8425
8570 1 8384
7284 4 8389
6100 3 8592
6725 0 9363
6741 1 8419
7505 1 8384
7262 1 8627
7045 6 9364
8311 6 8557
8146 0 9365
7033 1 8384
7410 0 9366
9367 1 8658
6507 0 9368
6829 2 8422
6829 3 8505
8301 1 8384
7452 4 8389
6357 0 9369
7899 0 9370
7127 2 8386
7133 0 9371
6957 2 8405
9372 6 9373
7931 6 9374
6987 4 8389
6372 2 8398
6393 4 9146
7174 2 8399
6491 0 9375
7536 2 8512
6221 2 8398
7973 2 8386
7176 6 8547
7176 5 8395
6859 3 8806
6748 2 8422
6077 5 8411
7451 0 9369
7306 2 8432
6380 6 9376
7056 2 8398
6047 1 8384
6428 2 8409
7182 5 8411
7640 1 8384
8787 0 9377
6517 1 9378
6575 6 9379
8381 6 9380
6482 2 8386
7238 0 9381
7807 4 8526
7822 4 8455
6915 6 8744
7314 2 8416
7145 2 8398
7189 0 9382
7743 4 8389
7006 2 8398
6694 1 8510
6097 0 9383
6956 3 9384
7075 2 8398
7933 5 8395
6564 0 9385
6488 4 8389
8315 3 9386
6745 1 8384
7723 6 9387
8005 1 8384
6860 6 9388
9389 3 9390
6639 4 8389
8373 0 9391
8255 6 9374
8010 1 8419
7480 2 8416
7037 2 8422
6986 4 8389
7039 4 8389
8190 2 8399
6272 4 8389
7260 2 8386
6120 4 8389
7016 0 9392
7385 2 8507
6809 3 9393
7179 0 9394
7765 2 8399
6095 5 8395
6177 6 9395
6771 2 8398
7695 2 8428
6549 1 8384
6686 6 9396
7266 0 9397
6944 1 8384
6521 1 8384
7190 5 8411
6168 1 8384
7560 6 9398
6339 2 8386
7678 3 9399
8070 0 9400
6118 2 8398
6938 2 8512
6934 6 9401
7264 2 8398
7656 4 8573
8165 3 9402
6844 0 9403
6951 3 9404
6258 2 8446
8282 6 9405
6166 1 8384
7620 4 8414
8289 1 8384
6119 5 8395
7669 1 8384
8136 2 8446
6817 1 8384
7283 2 8515
6447 1 8930
6527 0 9406
7770 0 9407
6930 2 8446
7527 1 8914
6910 3 9408
7456 6 9409
7987 2 8416
6164 3 9410
8290 6 9411
7171 2 8512
7598 5 8395
7052 3 8440
7708 3 9077
7809 2 8398
8227 6 9412
7523 2 8398
6529 1 8384
7876 3 8935
7663 3 9413
7911 3 9414
6639 2 8446
7001 3 9415
6292 5 8395
7461 0 9416
7279 0 9417
7823 6 8946
6777 0 9418
6444 5 8411
8022 2 8416
6430 0 9091
7636 0 9419
6659 1 8384
8245 1 8731
6342 2 8446
8219 6 9420
7503 6 8621
7483 3 9421
7611 2 8405
7796 0 9422
6129 5 8459
6165 5 8411
6815 3 9423
8152 4 8389
8152 5 8700
6202 0 9245
6261 2 8428
7206 2 8398
6095 6 8645
6386 2 8512
8038 6 9071
7490 3 9163
6170 4 8389
8357 0 9424
6357 0 9425
6079 5 8395
7197 0 9075
6291 4 8389
6927 2 8398
6379 1 8384
7600 5 8395
7413 3 9426
7080 5 8395
8316 3 9427
7008 0 9328
6495 0 9178
7168 0 9312
8327 0 9428
6952 1 8384
8220 2 8386
6404 6 9429
7326 2 8446
7614 3 9430
8238 1 8533
6385 1 8384
7953 2 8512
7586 6 8964
7861 0 9209
6977 4 8389
6977 3 9431
8337 6 9432
7531 1 8510
6642 6 8464
7978 2 8409
6778 1 9433
7591 2 8386
7230 1 8384
7276 6 9434
7866 3 9435
6392 5 8395
8314 5 8395
6625 2 8507
6881 6 9436
6387 3 9437
6570 3 9438
6601 2 8398
6157 2 8432
6334 2 8386
6433 0 9439
6269 0 9282
6224 1 8510
7850 0 9440
6915 4 8414
7617 0 9441
7145 3 9442
7308 0 9443
6980 1 8384
8345 6 9444
7482 0 8415
7440 4 8389
8203 0 9445
7053 6 9335
8523 2 8398
7526 1 8384
7464 2 8428
7627 0 9446
7261 0 9447
7933 4 8389
6116 1 8384
7043 2 8445
6239 1 8731
7232 2 8432
9448 0 9449
7898 0 9450
6540 6 9451
7035 5 8395
7859 6 9452
8248 1 8384
7051 2 8398
6348 6 9453
8006 1 8384
7721 1 8510
8105 6 8623
9454 3 9455
8018 5 8411
7544 5 8395
7408 6 9299
6732 1 8533
6738 0 8768
7611 2 8398
6063 6 9456
8262 1 8384
7188 2 8416
7117 3 9457
7613 2 8446
8038 5 8395
8197 0 9338
7445 6 9458
6847 5 8411
7474 0 9459
8361 2 8512
7149 6 9460
7104 0 9461
7040 1 8384
7285 6 9462
8281 1 8384
8144 2 8386
6181 0 9463
6432 3 9464
6835 6 9465
7250 0 9425
6254 2 8398
7839 4 8389
8234 5 8395
8098 2 8789
8235 2 8386
7885 0 9466
7306 2 8386
6545 0 9467
7661 4 8389
6327 1 8384
6951 5 8459
7347 4 8389
7725 3 9468
7725 0 9469
7645 2 8399
7529 2 8386
7654 2 8386
6926 4 8389
6468 0 9470
8143 1 8384
7982 0 8485
6044 0 9418
6482 0 9471
7109 0 9472
8312 5 8395
6811 3 9473
8212 3 9474
6878 0 9475
8161 2 8398
7676 2 8386
7398 1 8384
8203 4 8389
8051 5 8459
8186 0 9476
6751 3 8622
6711 6 9477
6340 5 8459
6593 0 9478
6571 3 9479
7997 5 8459
6742 0 9480
7291 3 9481
7933 2 8386
6522 6 9482
6066 2 8398
6696 3 9483
8256 4 8389
8005 6 9484
7882 4 8389
7035 4 9485
8085 4 8439
6677 3 9486
7859 0 9487
7208 2 8428
7051 1 8384
8096 3 8592
6610 4 8389
6920 6 9488
8278 2 8398
6311 3 9191
8355 0 9489
6120 0 9490
8088 6 9491
8052 2 8409
8052 0 9492
7220 2 8445
6276 4 8389
6266 2 8398
7512 4 8455
7432 6 9460
7432 5 8411
9105 1 8510
7641 5 8395
6131 2 8398
7058 1 8384
7149 0 8712
7421 0 8425
7571 4 8389
8332 0 9493
6767 3 8783
6419 1 8384
7061 1 8384
6167 1 8384
6772 4 8389
7935 0 9494
6189 1 8384
6372 1 8384
7536 4 8526
6135 1 8384
6338 6 9495
6452 5 8459
7744 2 8398
8249 4 8526
6089 4 8455
7121 0 9496
8382 0 9497
6047 2 8405
6568 1 8384
7853 1 8384
7716 1 8384
8181 2 8446
7872 5 8395
7844 0 9498
9499 4 8389
7029 6 9460
7267 2 8507
6075 2 8386
8312 1 8384
8040 5 8395
6433 2 8386
7357 4 8389
7253 2 8422
6554 6 9500
7913 0 9501
6255 3 9268
6703 2 8390
8161 0 9502
7076 2 8386
6984 5 8395
7920 0 9503
8032 1 8384
6911 3 9504
7364 2 8428
8042 0 9071
7342 1 8510
6144 3 9505
7977 0 9506
7454 6 9507
7454 3 9508
8158 2 8446
6441 6 9509
6620 1 8384
7911 2 8398
6273 1 8627
7513 5 8459
6341 5 8411
6284 6 9510
6190 1 8384
6623 0 9511
6757 2 8409
6586 1 9340
7746 4 8389
7823 3 9512
7067 2 8789
8006 3 9513
6355 4 8414
7037 2 8405
7037 0 9514
6796 4 8414
6444 4 8389
6277 2 8446
6430 1 8384
7237 2 8386
6931 0 9515
8190 6 9516
7664 1 8384
6120 3 9517
7262 3 9518
7329 4 8389
8252 4 8455
6092 6 9519
7455 2 8409
7455 1 8384
6784 6 9038
6102 2 8405
7226 2 8398
9520 6 9045
7229 3 9521
7371 0 9522
7245 5 8411
7201 2 8416
7201 1 8384
7410 3 9437
8121 4 8389
7639 0 9523
6436 0 9524
7344 4 8455
7281 0 9525
7350 2 8386
6788 4 8389
8112 4 8389
8129 1 8384
7263 3 9526
7808 1 8384
7631 0 9156
8144 1 8384
7416 6 9527
7542 2 8422
6280 0 9528
7173 2 8515
7580 3 9529
7667 2 8409
9372 5 8395
8168 0 9530
6118 4 8455
8037 2 8386
9531 1 8384
7165 3 9532
7302 4 8389
7998 4 8389
9533 2 8399
8956 2 8405
6370 3 9534
6493 3 9535
7354 2 8515
6700 2 8507
6141 1 8516
6545 3 9536
7212 3 9537
6844 0 9025
6733 5 8395
7541 4 8389
6151 5 8395
8363 6 9538
7199 2 8386
6894 5 8395
6313 5 8395
8251 2 8398
8263 2 8398
7088 6 9539
6575 3 9540
8028 5 8459
9541 1 8510
8241 1 8384
7844 2 8507
8009 4 8389
6592 2 8386
7683 2 8398
6315 2 8398
6826 4 8389
6433 1 8384
7950 3 9542
8253 1 8384
6633 2 8422
6913 3 9543
6978 3 9544
7962 1 8384
7398 2 8386
7530 4 8389
7892 2 8432
7507 0 9176
8340 2 8398
7138 2 8398
6593 4 8389
6593 1 8384
7816 5 8459
6198 2 8428
8306 0 8651
7291 4 8389
7364 1 8384
8207 6 9018
6127 5 8395
7651 0 9545
6999 5 8411
7881 5 8459
6623 6 9546
6331 5 8411
7396 6 9547
7396 2 8386
7423 0 9186
6950 1 8384
6986 2 8416
6316 3 9548
8240 1 8384
8599 1 8384
6725 2 8446
7447 3 9549
8244 5 8395
8276 2 8398
6241 3 9550
7265 2 8422
7286 3 9535
7497 6 9551
7385 0 9552
6410 6 8913
7231 6 9553
6043 1 8384
7234 3 9554
7234 0 9555
6261 2 8416
6908 2 8398
8038 2 8386
7207 5 8459
7612 3 9556
7968 2 8409
7266 4 8389
7775 6 9557
7518 1 8384
8300 2 8398
8202 6 9558
7183 4 8389
7899 2 8386
7061 1 8516
7290 0 9559
8266 1 8384
7738 3 9560
8642 3 9561
6254 2 8634
6477 2 8432
7568 4 8389
6467 6 9562
6420 1 8384
6114 0 9563
7659 2 8386
6977 6 9564
6729 1 8384
9565 6 9566
7306 6 9567
7336 1 8384
6607 1 8384
7661 1 8384
6595 2 8446
7725 2 8428
7679 2 8399
9568 6 8913
7608 1 8384
8250 2 8789
7506 4 8389
7420 3 8592
6314 2 8789
7934 5 8411
6251 6 9183
8132 1 8384
7646 0 9569
7629 2 8386
6269 1 8384
7392 0 9570
6930 0 9571
9572 2 8398
6996 2 8409
6797 6 9573
7732 5 8395
7732 3 9574
8200 0 8606
6299 0 9575
7887 3 9576
6388 2 8445
8561 1 8384
7138 2 8446
6225 1 8731
7460 3 9577
8029 2 8405
7809 1 8898
8194 5 8395
6542 6 9578
7087 2 8409
7698 4 8389
8267 2 8432
6837 1 8384
7218 1 8384
7055 6 9490
6701 3 9579
6744 6 9382
9360 2 8446
8172 6 8830
7762 2 8409
7902 2 8398
6875 0 9141
6950 5 8395
8285 3 9580
8178 2 8409
6781 5 8395
8094 2 8386
6834 3 9094
7575 0 9581
7210 0 9582
9308 6 9324
8231 4 8389
7559 6 9583
6809 6 9584
6095 2 8386
7826 1 8384
8026 3 9585
7565 6 9586
7073 0 9587
7687 5 8459
7058 3 9588
7450 0 9589
8068 0 9590
6505 0 8912
7214 1 8384
7197 0 9591
6291 5 8395
7072 5 8395
6478 5 8411
6361 5 8395
7133 3 9592
6565 6 9593
7935 1 8510
7299 6 9045
7994 3 8666
7537 1 8384
6828 1 8384
6716 5 8395
7936 4 8389
7097 1 8384
6807 4 8389
6171 2 8515
7773 1 8510
6949 0 9594
7134 6 9595
6414 2 8398
7478 6 9596
6813 6 9597
7522 2 8446
6067 5 8395
7656 4 8455
6196 5 8395
9598 6 9599
6778 2 8386
8302 4 8389
7776 1 8384
6894 1 8384
6236 6 9600
7268 6 9601
8232 2 8398
6468 5 8411
7401 0 8878
8317 6 8713
7629 4 8389
6811 1 8384
8334 4 8455
6558 2 8398
8379 2 8416
6924 6 9602
7171 0 9603
7905 3 9604
6142 2 8409
6579 6 9605
6326 5 8395
8036 2 8398
7715 4 8389
6542 1 8384
7087 2 8386
7652 4 8389
6378 3 9233
7142 0 9606
8378 0 9607
6062 5 8411
7055 2 8398
9360 2 8386
6986 6 9608
6670 6 9609
6725 2 8398
8094 3 9610
6741 4 8414
6519 0 9611
7098 2 8428
6858 0 8796
7910 2 8386
8058 2 8446
6129 6 8714
8741 4 8389
6604 6 9612
8167 1 8384
7660 3 9613
7660 0 9614
6504 6 9615
6412 2 8386
6533 0 9261
7245 2 8398
6892 0 8867
7818 4 8455
7124 1 8914
7874 1 8516
6149 2 8512
7374 4 8389
6079 4 8389
9616 3 9617
6424 2 8386
7072 1 8384
7631 1 8384
7030 6 9519
7657 0 8566
7979 6 9519
7936 2 8409
8017 2 8405
6591 2 8386
8156 2 8416
6949 1 8384
6923 6 8793
8243 2 8386
8243 5 8459
6480 1 8510
7160 3 9618
7356 2 8386
7112 4 8414
8298 4 8389
7684 2 8446
7555 0 9619
8011 0 9185
7129 2 8398
6501 4 8526
6187 4 8389
6823 2 8399
6881 2 8445
6881 1 8384
6601 0 9620
7494 4 8389
7886 3 9431
6658 1 8384
7785 1 8384
9572 5 8395
7195 3 9122
8200 1 9621
6146 4 8389
7482 4 8389
7171 0 8522
6814 6 8444
7888 6 9622
7663 2 8507
6793 3 8544
7415 2 8416
7715 0 8994
7142 3 9623
7740 4 8389
6430 6 9624
7914 3 9625
8105 3 9626
6803 6 9627
8190 2 8512
7544 4 8526
7045 2 8399
6783 2 8386
7081 6 9628
8093 1 8384
7038 5 8395
6305 3 9629
8262 0 9630
7117 4 8389
8100 1 8828
7318 1 8384
6739 2 8452
7613 1 8419
6113 2 8446
6536 2 8386
6536 3 9631
8329 2 8405
8352 1 8384
6990 1 8731
6212 1 8384
7848 6 9632
7685 4 8389
7214 2 8422
8224 5 8395
7580 1 8384
7422 1 8384
6787 6 9633
9372 1 8384
7009 0 9634
6807 1 8384
6643 2 8405
6295 6 9635
9207 5 8395
7369 4 8455
7176 2 8409
6843 5 8395
6302 5 8395
6752 1 8384
7297 0 8851
6734 0 9636
8322 0 9637
8193 1 8384
6262 2 8398
6427 2 8386
7301 1 8384
7813 2 8409
8305 1 8384
8145 3 9638
6962 1 8384
6044 2 8386
8279 6 9639
7617 6 9640
7145 2 8789
8200 4 8389
7592 0 9641
8309 6 9642
7468 3 9076
7958 3 9643
7829 6 8704
7651 2 8428
6399 3 9644
8154 0 9645
8247 2 8428
8124 6 9646
6749 1 8898
8091 0 9647
6588 3 9648
9649 0 8869
6451 2 8512
8022 0 9650
7158 4 8389
9225 3 9651
6725 5 8459
7636 2 8390
7447 1 8384
7098 4 8389
7615 6 9652
6502 6 9653
6672 4 8389
7059 2 8416
7382 2 8386
6483 2 8386
8047 4 8389
7686 2 8405
7319 4 8389
7410 1 8384
6205 2 8446
6439 2 8405
7687 2 8399
8112 2 8446
8068 5 8411
7756 4 8389
6473 2 8634
7213 4 8389
6424 0 9654
6320 2 8386
7133 0 9655
7221 6 8714
7295 1 8384
7417 0 9656
6293 2 8428
6772 0 9657
7583 6 9658
6812 5 8395
6058 0 9659
6798 2 8398
7973 0 8749
6336 1 8384
7255 5 8395
9565 3 9660
7019 3 9661
8138 3 9662
7336 3 9663
6721 6 9664
8221 4 8389
7713 2 8515
8328 1 8384
8048 4 8389
6265 5 8395
8011 1 8384
7317 4 8389
6064 5 8411
6879 0 9665
7239 3 8430
6626 3 9666
6613 2 8390
6864 6 9667
7623 2 8386
7770 2 8386
6237 2 8398
7156 0 9668
6290 3 9669
6579 5 8700
7103 3 9670
8032 3 9077
6306 0 9671
8194 4 8389
7888 0 9622
6437 4 8455
7843 5 8395
9672 2 8386
9448 2 8398
7898 1 8384
6874 5 8395
7652 1 8384
7622 4 8389
8256 0 9673
8247 5 8411
7825 2 8515
7086 5 8459
8085 3 9674
6865 5 8459
7208 1 8384
8216 4 8389
8219 2 8422
6958 0 9675
7349 4 8389
7467 1 8384
6276 0 9676
6043 2 8398
7703 6 9677
6756 2 8386
6942 2 8405
9678 5 8395
7177 3 9679
8030 2 8634
8104 0 9573
7383 6 8899
7668 3 9680
8291 2 8413
6565 1 8731
7935 2 8386
8297 1 8384
7280 3 9681
6189 3 9682
8820 6 9683
7502 3 9684
7766 0 9134
6943 5 8459
8166 2 8398
7486 4 8389
6404 1 8384
6421 4 8439
6598 2 8386
7448 2 8446
6813 4 8389
6859 6 9685
7126 3 9686
6150 3 9268
6733 1 8627
8174 1 8419
6734 2 8405
7640 1 8419
8192 3 9687
7711 6 8859
6501 4 8389
6084 0 9688
6070 6 9162
7929 4 8389
6626 1 8731
7982 6 8485
7428 2 8789
6287 5 8395
8061 1 8384
6398 6 9689
7323 2 8386
8217 2 8446
6251 2 8398
8040 3 9690
7394 6 8925
6980 4 8455
7592 6 9691
7389 2 8386
7186 2 8386
7470 2 8413
7184 2 8422
9692 2 8398
6941 4 8389
6326 0 8702
8163 2 8405
7535 2 8386
6488 1 8384
8198 4 8389
7519 1 8384
8267 2 8416
8124 0 9646
7511 2 8515
6841 1 8384
7746 6 9359
6487 6 9693
6106 4 8455
6677 0 9694
7754 3 9695
7396 2 8399
8022 2 8405
7244 5 8459
7100 2 8405
6382 1 8384
6232 1 8384
6241 1 8384
6776 4 8389
8376 6 9696
8376 2 8512
8150 0 9697
7503 2 8390
7910 3 8536
8000 0 9369
6971 5 8395
6971 3 9698
6139 1 9699
6228 2 8446
6551 2 8386
6903 2 8644
8038 4 8389
7565 0 9056
7972 0 9700
6192 0 9524
6965 1 8384
6712 6 9701
7017 6 8616
6411 6 9702
8338 6 9703
6332 6 9097
7657 1 8384
7994 4 8389
6217 0 9704
6856 6 9705
8223 5 8395
6842 0 8457
7020 2 8398
6716 2 8406
7435 2 8398
6591 0 9706
7633 1 8384
6442 3 9707
6855 2 8398
8229 4 8389
6335 2 8386
6755 3 8884
7803 6 9708
6589 1 8384
7019 1 8419
6535 3 9709
7095 2 8446
7320 6 8785
8035 2 8386
6667 4 8389
7798 4 8389
8181 0 8926
8302 4 8858
6313 6 8569
7903 3 9710
7272 2 8405
7986 3 9711
6774 0 8768
6969 1 8384
8145 2 8405
6368 1 8510
8317 1 8384
8218 6 9712
8218 0 9713
6723 6 9714
7795 0 9715
8161 5 8459
7592 3 9716
6852 2 8446
8246 6 8793
7138 1 8384
7983 6 9717
6693 0 9718
7526 2 8386
6681 5 8395
7749 5 8459
7123 2 8634
7021 2 8446
7426 2 8422
7652 3 9191
7520 0 9719
6596 4 8389
7712 2 8515
6841 4 8389
7769 5 8395
7256 6 9720
6995 2 8386
6725 1 8384
6321 2 8416
6321 3 9404
8354 5 8395
6161 4 8389
6092 2 8398
6063 2 8409
6305 2 8405
6469 0 9101
6450 5 8395
6889 0 9721
7425 5 8459
7223 0 9722
7172 2 8515
7172 1 8828
8329 0 9723
6445 0 9724
6892 0 9725
7446 2 8398
6507 2 8398
6211 6 8868
7775 1 9726
6521 5 8459
7197 3 9727
6805 3 9728
7030 5 8395
7868 6 9729
7868 0 9730
6491 6 9731
6173 0 9732
7643 6 9733
7255 3 9734
6713 5 8395
6039 2 8446
8369 2 8422
7981 1 8384
7981 5 8395
7354 4 8389
7665 5 8459
6302 6 8817
7595 1 8510
7821 2 8428
6262 1 8384
7082 0 9735
7918 6 9736
6517 2 8413
7272 4 8389
7276 0 9594
6572 1 8384
6109 2 8398
7804 5 8395
7804 3 9421
8279 1 8384
6691 3 9737
6513 5 8411
6363 2 8432
7574 4 8858
7950 4 8455
6156 6 9738
6130 4 8389
7270 2 8446
8345 3 9739
7970 2 8398
6214 1 9740
8185 2 8512
8101 6 9741
8207 0 9018
6689 4 8414
7187 2 8416
8284 6 9742
7619 3 9743
7834 6 9680
8323 2 8386
7712 2 8399
6137 6 9744
6992 3 9745
7556 1 8731
7871 6 8957
7037 6 9514
7060 5 8411
6631 2 8416
7209 4 8389
6935 1 8384
8190 2 8882
6519 4 8389
7459 1 8384
7098 5 8700
7286 2 8386
7400 1 8384
8000 0 9746
6407 1 8731
7234 4 8389
7917 4 8389
7907 6 9747
6227 1 8510
7602 2 8386
8121 1 8384
7874 1 8658
7352 5 8411
7896 6 9748
6211 5 8395
7445 3 9749
7350 3 8473
7533 6 9750
7213 2 8422
7197 0 9751
6754 2 8398
8104 6 9573
6602 2 8446
7295 0 9405
8895 2 8398
7204 0 9752
6111 5 8700
6217 1 8384
6952 3 9753
7891 0 9754
7068 1 8384
6934 2 8386
8402 2 8398
6753 1 8384
7462 3 9560
8057 2 8386
7541 2 8515
7178 0 9729
6705 0 9755
6823 0 9756
7276 4 8526
7205 0 9757
7866 2 8409
6435 0 9588
6945 2 8386
7315 5 8395
7961 3 9119
6513 2 8446
6140 6 9758
8013 1 8384
6526 4 8389
6099 0 9759
8290 2 8409
8319 0 9760
6680 4 8414
7464 1 8384
7156 0 9761
7561 4 8389
6722 2 8634
7909 2 8398
7909 5 8411
6344 0 8473
7327 1 8384
6381 2 8416
6841 5 8411
9649 2 8386
6382 6 9762
7999 6 9763
7284 2 8409
7284 1 8384
6068 2 8428
6366 2 8789
7621 0 9764
7810 4 8389
8173 4 8389
6738 1 8384
6046 0 8702
6533 5 8395
6322 6 9765
6746 2 8398
6318 4 8389
7058 5 8395
6401 6 9685
7847 2 8405
6802 3 9766
6775 4 8389
6280 2 8398
8266 0 8857
6111 3 9404
7377 1 8384
8500 1 8384
6952 5 8395
7165 5 8395
6477 0 9767
6934 1 8384
6493 1 8384
7589 1 8510
6065 4 8389
6377 1 8419
6545 0 9536
6800 2 8386
8134 2 8386
7178 1 8731
8555 4 8389
7719 6 9768
7313 2 8413
7654 1 8384
6155 1 8384
7986 0 9769
6695 6 9770
7772 4 8858
6314 5 8459
6263 5 8395
7077 2 8446
6516 0 9001
6567 5 8395
7140 6 9771
6373 2 8398
7693 5 8459
7409 1 8384
8286 3 9772
8008 3 9773
6459 0 9774
7590 2 8386
6882 6 9775
8097 1 8384
7520 1 8510
8267 0 9776
8015 6 9777
6827 2 8405
8189 2 8409
7181 2 8446
7244 6 9778
7039 0 9779
6846 6 9632
8368 5 8459
7505 1 8608
7016 1 8384
7488 2 8398
7615 2 8398
7438 6 8396
7438 3 9174
6762 1 8516
8058 4 8389
6400 0 9780
9198 4 8414
9781 3 9782
6970 3 9783
6507 4 8389
6122 1 8384
8301 5 8411
8301 3 9784
6847 3 8462
7350 0 9785
7263 4 8389
6411 1 8384
7995 2 8428
7099 3 9786
6578 2 8512
7004 1 8731
6332 2 8398
7180 2 8405
7295 6 9405
6787 2 8644
7657 3 9787
7832 2 8789
6842 5 8395
7020 0 9788
6215 1 8384
6477 4 8389
6914 2 8446
7614 2 8386
7132 4 8389
7339 3 9789
7102 6 9790
7296 4 8389
7306 6 9045
8679 2 8398
8138 2 8398
8067 3 9791
6230 3 9535
6577 3 9648
6752 3 8473
6279 5 8395
7640 3 8962
6262 5 8411
7317 2 8386
7706 2 8398
7802 5 8395
6817 5 8411
6075 4 8389
7961 6 9792
6263 1 9793
7573 2 8386
6915 2 8405
7814 2 8386
8016 6 9298
6852 3 9794
8203 3 9795
7960 2 8515
7430 0 8425
7763 0 9796
6159 3 9797
6306 1 8384
6343 2 8399
6174 2 8512
7454 0 9798
8163 5 8459
6284 0 9510
7909 0 9799
6967 3 9800
7251 6 9801
6098 0 9802
8378 3 9803
8255 1 8384
7831 6 9804
6699 2 8789
7480 3 9805
7754 2 8398
6669 3 9177
6886 3 9806
6630 1 8419
6068 6 8473
6342 4 8389
6169 4 8389
7107 6 9807
9308 1 8384
6485 6 9808
7262 4 8389
7810 6 9809
7734 2 8409
6124 2 8644
6139 6 9810
7641 2 8446
6374 3 9716
6278 1 8731
6278 0 9070
7201 0 9811
7473 3 9177
8059 6 9460
8059 5 8395
8281 5 8395
7368 2 8398
8104 3 9812
6245 2 8515
8266 6 9813
7431 6 9792
7890 2 8398
7402 0 8810
8242 3 9814
7940 5 8395
8078 1 8384
7196 2 8446
8271 4 8389
6089 3 9815
8048 6 9816
8057 4 8389
8298 1 8384
7725 6 9817
6557 5 8459
6497 2 8405
6084 4 8389
7205 1 8384
8025 0 9818
6625 6 8864
7626 3 9819
7804 6 8826
6193 2 8398
7674 0 9820
7770 3 9821
7629 0 9808
6255 6 9822
6913 5 8459
6458 1 9823
7784 5 8395
7592 2 8452
7389 0 8433
8031 6 9824
7138 4 8389
6694 2 8405
6984 1 8384
7103 2 8386
6529 6 9825
8185 4 8389
7587 4 8858
6127 6 8925
6745 5 8395
7834 0 9788
6381 2 8422
8085 6 9826
7943 2 8398
6777 3 9827
7423 1 9313
7135 4 8389
6630 2 8386
7147 2 8446
7582 0 9828
7343 1 8627
6161 6 9742
6485 2 8512
6732 1 9829
7949 6 8601
7621 3 8694
6762 4 8455
6050 3 8443
6627 2 8405
8335 0 9830
7951 3 9831
7937 2 8409
8026 2 8386
6322 1 8384
9678 3 9832
6056 3 9833
8179 1 9834
7968 5 8395
7266 2 8428
9835 3 9095
7214 5 8459
6312 0 9836
8191 6 9837
6257 0 9838
8054 0 8464
7383 2 8512
8291 2 8398
7299 3 9839
6393 5 8395
7752 3 9840
6643 6 9841
6385 6 9842
8956 1 8384
6855 6 9843
7974 6 9844
6347 6 9845
8333 2 8446
6721 3 9846
7212 2 8409
7054 6 9847
7719 2 8386
6049 6 9848
7082 5 8395
7705 1 8384
6823 0 9849
6582 2 8398
7700 1 8384
6570 2 8398
8650 0 9850
7934 2 8515
8040 0 9071
7770 1 8384
8081 0 9851
6636 2 8398
7392 3 9852
7807 1 8384
8343 4 8389
6994 5 8411
7287 6 9853
7481 2 8416
7193 2 8399
8002 4 8389
7887 5 8395
6735 1 8516
7409 3 9854
6814 2 8512
7261 1 8419
6343 6 9855
6911 4 8389
7963 0 8926
6941 6 9856
6737 1 8384
7232 2 8398
7454 0 9857
7735 4 8389
7723 0 9858
6860 3 9670
7251 2 8428
7671 3 9859
8323 4 8389
7736 2 8409
9649 0 9860
7396 4 8389
7751 3 9861
7256 2 8416
7902 3 8544
6342 1 8384
7794 4 8389
7249 2 8386
6732 2 8405
8494 3 9862
6562 2 8398
6502 2 8445
7734 1 8510
6876 3 9191
7906 2 8386
7641 6 9863
6391 5 8876
6821 6 9864
8121 0 8712
7565 2 8386
6439 5 8459
7366 2 8422
8350 2 8398
8213 6 8485
7557 2 8409
7322 1 8384
7479 0 9083
8291 0 8713
6199 4 8455
6101 2 8386
6080 0 9865
7417 2 8386
6787 4 8455
8228 2 8515
7049 1 8384
7049 5 8395
8133 0 9866
7885 0 9867
6078 2 8398
6855 4 8389
8341 5 8395
6114 2 8398
6553 1 8384
7101 3 9009
8369 2 8405
8118 0 9868
8333 3 8962
7508 1 8384
6721 1 8384
6532 1 8510
6595 2 8386
8073 2 8409
6049 0 8609
6262 4 8389
7137 0 9869
6119 6 8856
7340 3 9870
7654 6 9871
6187 6 8764
7688 1 8384
6974 2 8398
7638 4 8389
7387 2 8386
6506 3 9872
6044 1 8384
8650 5 8459
8218 6 9420
8034 2 8398
6346 6 9873
7592 5 8411
6998 1 8384
7089 0 9874
7170 1 8384
8288 6 9875
8286 5 8395
6614 2 8386
6579 4 8389
6529 5 8395
6866 2 8634
8207 4 8389
6136 4 8389
6737 2 8398
6719 0 9876
7021 0 9877
6108 0 9878
6764 6 8720
6127 4 8389
6510 4 8439
8256 2 8386
8247 2 8386
8247 1 8384
8247 3 9536
7119 6 9879
7218 2 8399
6137 4 8389
7254 5 8395
7805 1 8627
7135 6 8620
7664 3 8705
6555 0 9880
7503 0 9881
6107 2 8446
6905 4 8389
6423 6 8946
7438 2 8386
8152 2 8386
7179 3 9882
7727 3 9883
7937 2 8386
6726 4 8392
7775 3 9884
6312 2 8386
7353 4 8389
7417 2 8446
6665 2 8413
7569 4 8389
6897 4 8389
6477 0 9885
6914 6 9886
8236 6 9887
7478 1 8384
7225 3 9711
8043 0 9888
7744 2 8446
6729 2 8398
7102 0 9889
7531 5 8395
6612 0 9035
6071 6 9890
7711 2 8512
7129 2 8432
6501 1 8384
8107 5 8395
6506 2 8386
7472 0 9891
6075 3 9072
8021 6 9892
6263 2 8398
6176 2 8386
7443 5 8459
6567 1 8384
7031 2 8422
7795 0 9893
8371 0 9894
6069 1 8658
6299 4 8389
8351 0 9895
6799 4 8389
8319 3 9896
6711 6 9897
7470 2 8398
7763 1 8731
7578 2 8406
8306 0 9898
7749 1 8384
6722 0 9899
7550 1 8384
6793 5 8459
7292 6 9045
7247 0 9900
7862 6 9901
6621 2 8386
7671 1 8627
7277 1 8384
7710 1 8384
7501 2 8409
6588 1 8384
7902 2 8789
6669 1 8384
7039 6 9902
8240 5 8459
7282 2 8416
7739 0 9903
6948 2 8409
8219 2 8409
7016 2 8515
8076 5 8411
8254 2 8409
7488 1 8384
8052 2 8405
7734 4 8455
7512 0 9904
7948 6 9905
7432 0 9729
6599 4 8389
7874 1 8510
6163 5 8395
7370 0 9759
7848 1 8510
7177 5 8395
8129 4 8389
7125 5 8411
6464 6 8520
6079 1 8384
6240 4 8389
6240 5 8395
6832 1 8384
7832 5 8459
7250 1 8384
6217 3 9145
6716 6 9906
6491 2 8515
7009 0 9907
6367 6 9908
6585 1 8510
8235 3 9079
8236 1 8384
7965 6 8682
7196 0 9909
7941 6 9910
8113 6 9911
6461 3 8922
6059 0 9912
7508 3 9913
8260 2 8413
7212 2 8386
6753 0 9914
7216 2 8428
7719 0 9768
6071 2 8428
9568 2 8445
7137 6 9915
6695 1 8384
6774 0 9916
6648 1 8384
8084 6 9917
6962 3 9918
7528 0 9919
6790 1 8510
6433 6 9439
7759 1 8384
8212 2 8398
7732 4 8389
7456 3 9920
8055 2 8398
8031 2 8386
8423 2 8386
7156 4 8389
7627 1 8384
7388 2 8398
6136 2 8398
7415 2 8405
7702 5 8700
7087 5 8395
6081 6 9353
7113 0 9921
7882 0 8611
7932 2 8398
8124 4 8389
7463 4 8389
6106 6 9922
6348 2 8398
6610 0 8807
7293 4 8389
6252 0 9923
7050 5 8411
7582 2 8405
6476 6 9635
6781 0 9924
7664 2 8409
9454 1 8384
8292 6 8473
6132 4 8389
6175 0 9925
7615 0 9446
7074 2 8446
8087 0 9926
7033 6 9927
6618 4 8389
7616 2 8409
6072 0 9928
7175 2 8390
6600 4 8455
6303 6 9929
6960 0 9930
7695 2 8398
6965 4 8389
6163 6 9931
7150 0 9932
6408 2 8405
7450 4 8389
8374 1 8384
8281 3 8780
7307 1 8384
7183 6 9933
7141 0 9934
7668 0 9935
7202 2 8386
6168 6 8569
7811 2 8409
8233 5 8411
7431 1 8510
6957 4 8389
6759 2 8398
7569 2 8515
8168 2 8409
7752 1 8731
7049 2 8398
8324 5 8411
8341 2 8398
6480 2 8446
7346 1 8384
6734 1 8828
6734 1 8492
6301 1 8384
7798 2 8512
7877 2 8398
6926 6 9936
6919 5 8459
6715 5 8395
7674 1 9937
8209 6 9903
6651 6 9938
8279 4 8389
6315 2 8452
8161 2 8386
8200 2 8452
8334 2 8515
7507 6 9939
6751 0 9940
9941 4 8455
7980 1 8384
6214 2 8398
6326 4 8414
6273 0 9942
6584 4 8455
8149 2 8405
6639 2 8398
6747 3 9711
6098 1 8384
7671 6 9943
6749 2 8398
7218 0 9944
7254 0 9945
6865 2 8386
8304 0 9946
6827 6 8505
7181 0 9267
7338 0 9947
6509 6 9948
9225 1 8384
6476 4 8389
6929 2 8398
8155 2 8386
7234 0 9767
6551 1 8384
7172 1 8510
7042 2 8446
6406 5 8411
6663 2 8390
7972 0 9949
7800 2 8398
8111 2 8512
6357 0 9746
7084 2 8515
7479 2 8446
7939 5 8876
7290 6 9045
7290 2 8512
6181 6 9853
8063 0 9950
6168 1 8419
6787 3 9951
6772 6 9657
7766 1 8510
7486 3 9952
7305 6 9045
7731 1 8419
6171 6 9953
8072 0 9954
6088 6 9955
7157 3 8542
8243 2 8398
7121 3 9956
8159 2 8406
6230 5 8700
7112 2 8398
8382 6 9497
7217 5 8700
7620 2 8398
7776 3 9957
7082 2 8399
6076 6 9958
7863 5 8395
6119 2 8386
8020 4 8389
7333 4 8389
9959 6 9960
6396 0 9961
7792 0 9962
7304 4 8455
8218 2 8422
6714 6 8964
6146 1 8384
7259 0 9963
8345 4 8389
7041 3 9964
7743 6 9965
7026 2 8390
7337 2 8405
8227 3 9679
7630 2 8386
7630 2 8507
6840 3 9791
6605 6 9966
6066 2 8446
8036 0 9460
7328 5 8411
6144 5 8395
7605 4 8389
6284 4 8455
7702 2 8405
6160 5 8411
6190 5 8395
6830 2 8405
8195 2 8515
6588 2 8432
6669 2 8398
7069 3 9967
7007 0 8473
8494 5 8395
8252 3 9679
7551 2 8398
7760 2 8789
7220 4 8389
6333 3 9806
6353 1 8384
7989 1 8384
6060 4 8414
8258 5 8395
8050 6 9968
6261 1 8384
6259 6 9071
7504 5 8395
7144 0 9089
7312 3 9969
6201 2 8398
6122 2 8398
6170 1 8384
7637 4 8389
6233 4 8389
6312 4 8389
7720 3 9970
7321 2 8406
6424 4 8392
6603 4 8389
6472 0 9971
7811 6 9972
7168 2 8512
6040 0 9973
6189 0 9974
6718 2 8512
6933 5 8411
7402 1 8384
7773 5 8395
6938 1 8627
7274 0 8742
6949 2 8386
8171 2 8386
8614 0 9975
6813 3 9976
6354 1 8384
7757 3 9977
8138 2 8446
7606 4 8389
6733 0 8877
8048 2 8409
8193 6 9978
8303 0 9979
7918 3 9980
7877 6 9693
7801 3 9981
7813 3 9982
6717 1 8627
7428 1 8384
7143 0 9983
7792 0 9984
7771 5 8395
6872 3 9985
6786 1 8384
7259 3 9986
7193 3 9987
8309 2 8386
6628 0 9988
6531 4 8389
8227 6 9299
8032 2 8413
7888 4 8389
7115 5 8395
7691 2 8406
7342 0 9989
7677 2 8446
6639 2 8428
8373 2 8422
6596 0 9990
7055 4 8389
7746 2 8398
6992 2 8398
7501 3 9272
7805 5 8395
6100 0 9991
7069 2 8398
7653 2 8398
7880 1 8384
6789 0 9992
7737 6 8840
8237 2 8386
7265 1 8384
7616 1 8384
7351 6 9741
7686 2 8515
7206 3 9993
7878 2 8398
6227 2 8446
6849 6 9763
7410 4 8389
7922 2 8386
6122 6 9994
7366 5 8876
7370 5 8411
7434 3 8462
6537 0 9995
7667 0 9996
6167 0 9997
6787 5 8459
7211 1 8731
7165 6 9998
6617 0 9999
6414 6 10000
7487 1 8384
8956 0 10001
8308 2 8386
6461 0 10002
8326 6 10003
7005 6 10004
7310 6 10005
6268 0 9141
8067 0 10006
7665 6 8743
6758 1 9621
6365 2 8398
6587 2 8446
8039 5 8395
7903 2 8413
6736 2 8422
7591 3 10007
7235 2 8416
6070 5 8459
8060 0 9167
7674 0 10008
7077 2 8386
8650 1 8658
7950 2 8398
8210 2 8390
6307 0 9647
7732 0 8834
6629 3 10009
7386 3 10010
6237 5 8395
7011 1 9339
7867 3 10011
6751 2 8398
8288 2 8416
7203 1 8384
7655 1 8384
6898 0 10012
6142 0 10013
7184 4 8389
6814 4 8389
7904 1 8384
6869 2 8398
7328 2 8386
7561 2 8422
7651 2 8386
7915 2 8432
6162 4 8389
6274 3 8462
6773 4 8389
7698 0 10014
8195 6 8670
7755 5 8395
6935 2 8398
6195 0 10015
6704 1 8384
8245 6 8833
8245 2 8398
7459 2 8386
7544 0 10016
6057 2 8634
7747 1 8384
6500 2 8386
6783 6 8844
8088 1 8384
6124 0 9717
6490 2 8390
7634 1 8384
6955 6 10017
6445 2 8398
8287 3 10018
6599 2 8398
6917 4 8414
9835 6 10019
8183 6 10020
6660 2 8386
7518 3 10021
8281 4 8455
7213 3 8694
6770 4 8389
6963 2 8428
6235 1 9060
6238 1 8384
7738 2 8409
6665 4 8389
8220 0 10022
6807 6 10023
7436 0 8691
7921 4 8389
6367 2 8398
7419 2 8428
6585 4 8389
7964 2 8398
7744 0 10024
7255 2 8512
6121 3 10025
7273 6 10026
6642 0 10027
6922 4 8455
7317 0 10028
6438 6 9071
8136 0 10029
7781 4 8389
6468 2 8398
6392 4 8389
6919 0 10030
8145 1 8384
7771 0 10031
7822 5 8411
6140 2 8512
7076 1 8384
6299 2 8386
7481 0 10032
7053 4 8389
8246 2 8390
6939 0 10033
7358 0 10034
6614 0 10035
6459 6 10036
6566 2 8446
7094 3 10004
7680 0 9469
7898 2 8409
7699 0 10037
6688 6 10038
7279 4 8389
8239 6 9738
7769 1 8384
7051 2 8386
6901 5 8395
6827 4 8389
6610 3 10039
6656 2 8398
7343 0 10040
6929 6 9747
6916 3 9613
8348 5 8395
8056 6 10041
8173 2 8386
7889 0 10042
6050 2 8405
7616 2 8386
7641 0 10043
7226 0 10044
7485 5 8395
6113 2 8398
7599 1 8384
7446 4 8389
8197 0 8963
6192 3 10045
7874 2 8432
7214 6 10046
6907 3 10047
6822 0 10048
7127 0 10049
7991 4 8389
6178 3 9026
8063 2 8446
6472 4 8455
6204 6 10050
7994 4 8414
7678 4 8389
7854 1 8384
7897 5 8395
6780 1 8384
6560 0 10051
6933 4 8389
7731 2 8446
8180 1 8384
6859 1 8384
6702 0 9185
7297 6 10052
8001 2 8398
6587 2 8398
6926 0 9936
7384 2 8386
7015 2 8446
6817 6 10053
6973 4 8389
8294 0 10054
6352 5 8411
7629 6 9808
7942 5 8395
7564 4 8455
8212 1 8384
7676 6 10055
6947 3 10056
6708 1 8658
8290 2 8390
8340 3 10057
6939 2 8398
7066 1 9378
7689 1 8384
8185 6 9446
8185 2 8390
7691 3 10058
6108 6 10059
6542 3 10060
6810 3 9309
7519 0 10061
7251 1 8384
6220 1 8384
8323 1 8384
6418 3 10062
7293 6 10063
6995 4 8455
6986 1 8384
7324 3 9272
8178 1 8658
8199 2 8413
7128 2 8422
7737 1 8384
8494 2 8512
6359 4 8389
7045 2 8512
7949 2 8432
7438 2 8634
7996 1 8510
6283 0 10064
8058 0 9655
6139 1 8384
8359 4 8389
8231 2 8386
7226 1 8979
7765 2 8512
7418 2 8416
6386 1 8384
8197 6 10065
6541 4 8414
7003 1 8384
7322 6 9702
9616 2 8399
7084 1 8384
6478 1 8384
6647 3 10066
7416 0 10067
7353 5 8411
7361 1 8384
6720 2 8446
7303 2 8446
6899 4 8389
7728 2 8405
7678 1 8384
6393 2 8515
6706 6 10068
6539 3 10069
6088 2 8398
9207 1 8384
6370 2 8398
6553 0 10070
7803 3 10071
7757 5 8411
6877 5 8411
7212 0 10072
6733 1 8384
6258 4 8389
6479 2 8428
8555 2 8446
8073 6 10073
7608 0 8982
7688 2 8428
7205 2 8416
6538 4 8389
7387 3 10074
6086 5 8395
7700 5 8411
7694 2 8386
8209 0 10075
6658 2 8413
6930 2 8405
7838 4 8389
6633 1 8384
7564 2 8432
6910 2 8386
7386 0 10076
7588 4 8389
7947 5 8700
8345 0 10077
7724 6 8912
8142 2 8405
6559 6 10078
6909 0 10079
6870 3 9424
8188 4 8389
6605 0 10080
7292 2 8882
7677 1 8828
8154 2 8398
7520 4 8389
6248 5 8459
7671 1 8384
7001 5 8459
6683 1 8384
6256 0 10081
6757 4 8389
6995 0 10082
6656 2 8882
7393 5 8411
7789 2 8409
7636 3 10083
6783 0 10084
6132 2 8409
8311 3 10085
7286 4 8858
6794 3 9560
7928 0 10086
7033 2 8386
7407 5 8459
7753 6 8756
7616 5 8411
6046 4 8389
7179 6 10038
6244 0 10087
6985 5 8395
7206 2 8405
6105 5 8459
7371 1 8384
6278 5 8411
7585 4 8389
7593 0 9071
7865 3 10088
7879 2 8398
8350 2 8386
7718 4 8389
6907 5 8395
6219 6 10089
6602 0 9248
6761 1 8384
7190 2 8409
7377 3 10090
6842 2 8386
8017 4 8389
7849 6 9843
7788 5 8395
6489 0 10091
7381 4 8414
7659 1 8384
7219 4 8389
6977 1 8865
8243 6 10092
6843 4 8389
6377 5 8395
6758 1 8384
7347 6 9853
7082 0 10093
6076 3 9233
8259 2 8409
8020 1 8384
6926 3 10094
8381 5 8395
6879 5 8395
7205 3 10095
6538 6 10096
6919 1 8384
8145 2 8413
8053 0 10097
7420 4 8389
8317 2 8398
6048 2 8398
6048 3 8538
6197 2 8446
6037 1 8510
6346 2 8512
6723 5 8395
7850 0 9357
7901 0 10098
6558 1 8384
7892 4 8389
8077 1 8384
8120 4 8455
7440 1 8384
7841 2 8386
6550 0 10099
6460 2 8405
7156 1 8384
6742 1 9313
6123 2 8446
6911 2 8398
6250 2 8409
6869 3 10100
6863 0 10101
7915 0 10102
6874 3 10103
7087 2 8390
6510 1 8510
6510 5 8395
6349 2 8416
7111 0 10104
7251 2 8507
8091 2 8398
7736 0 10105
6137 3 10106
8195 4 8389
7246 3 8449
7572 2 8413
6630 2 8432
6931 6 9515
6272 2 8398
7534 2 8406
6741 2 8398
8888 0 10107
8359 1 8731
7497 5 8700
6055 6 10108
8100 4 8389
8335 5 8395
7613 6 10109
6303 1 8384
7549 2 8398
8019 1 10110
6462 2 8401
6296 1 8384
6963 3 10111
8144 3 10112
6548 2 8386
8228 6 9055
6989 4 8414
7168 3 10113
6085 6 10114
6372 3 10115
7020 5 8459
7839 2 8413
6828 0 10116
8037 5 8395
7773 0 10117
8324 6 10118
7964 4 8389
7954 4 8389
8261 6 10005
8159 0 8595
6848 1 8384
7411 0 9118
7182 0 10119
7853 3 10004
6912 5 8395
6676 5 8411
8073 1 8384
6896 5 8459
7233 4 8526
7711 1 8384
6823 1 9313
8136 5 8395
8025 2 8405
6398 4 8389
7822 0 10120
6769 1 8608
6130 0 10121
7189 6 9382
7146 2 8398
8016 0 10122
6388 5 8459
7675 1 8510
9941 2 8399
7655 0 9729
8008 2 8446
6956 5 8411
7587 1 8419
6902 0 10123
6576 2 8446
7619 6 10124
6488 0 10125
6160 1 8384
8367 4 8389
6967 5 8395
6639 3 10126
8598 5 8459
7762 1 8384
6777 2 8386
8105 2 8413
7653 3 9122
7007 2 8386
6515 5 8411
6789 3 10127
8342 5 8395
6738 0 9838
7611 3 10128
6672 2 8416
7425 4 8389
6409 6 10129
6561 1 8384
6892 4 8389
7972 2 8386
6965 2 8446
8301 2 8446
7058 0 8543
6408 1 8384
7775 2 8398
8183 3 10130
10131 6 10132
6770 1 8658
6822 6 10048
7183 1 8384
6240 6 10133
6280 0 10134
8157 2 8445
7303 2 8634
7832 1 8384
6539 0 10135
7264 3 10136
7296 5 8459
7465 3 9013
6059 1 8384
10137 6 10138
7257 0 10139
6581 5 8459
6265 6 8754
6734 6 10140
6819 1 8384
7199 1 8384
8071 2 8422
8151 1 8384
6736 3 10141
7869 0 9156
8046 4 8389
7401 3 10142
6482 0 10143
6658 6 10144
7357 3 10145
7253 6 10146
7574 5 8395
8226 1 8384
7394 2 8409
6397 3 10147
6913 2 8409
7887 2 8634
7011 3 10148
6223 0 10149
7171 5 8411
8288 1 8384
7655 2 8416
7693 2 8634
6375 2 8386
6791 1 9060
6470 3 9410
7627 5 8411
7115 6 9246
7590 0 10150
7715 3 9626
6982 2 8398
8225 2 8409
8176 1 8658
7247 6 10151
8163 0 10152
7862 1 8384
6534 1 8510
6488 0 10153
8198 0 10154
6160 1 8658
7403 1 8384
6860 2 8409
6639 0 10155
6757 2 8422
6514 4 8439
6137 2 8398
6184 2 8428
8085 0 10156
8064 0 10157
6036 1 8384
6351 2 8386
7789 6 9382
6272 6 10158
6836 1 8384
8888 2 8446
7349 1 8384
6854 2 8398
7042 2 8406
6990 6 10159
6746 6 8768
6544 3 10160
7285 5 8395
7827 1 8658
7214 0 10161
6754 0 10162
7842 2 8398
7289 1 8419
8291 1 8384
6832 2 8446
7658 1 8384
7583 1 8658
6780 2 8386
7092 1 8384
6171 5 8395
6336 0 10163
7157 5 8395
6067 6 9639
6065 0 10164
6877 0 10165
7346 5 8459
6679 0 10166
8382 4 8389
8339 1 8384
8095 4 8389
7645 0 10167
6049 6 9206
7705 0 10168
6138 2 8409
6051 0 10169
7387 0 10170
6895 2 8428
6817 4 8389
7506 2 8398
7694 2 8446
7934 2 8428
6806 2 8515
7822 2 8405
7538 3 10171
8375 6 10172
6307 4 8389
8200 0 10173
6980 2 8446
6225 6 8704
7066 6 9635
7578 1 8384
8277 2 8398
7630 3 10174
6655 2 8386
7036 2 8386
7780 5 8395
6239 6 10175
6719 4 8455
6696 1 8384
8147 0 10176
8163 2 8507
8117 5 8395
8367 1 8384
6081 4 8389
6344 0 10177
8160 0 10178
6763 2 8452
8267 0 10179
7740 2 8405
8124 5 8395
8373 2 8515
7699 6 10180
8091 4 8389
7501 4 8389
8248 0 9164
6345 1 8384
8022 1 8384
6316 2 8398
6316 0 10181
6068 2 8446
7098 2 8416
7457 3 9604
8311 2 8515
7611 1 8510
7650 5 8459
6809 1 8384
6627 1 8384
8201 2 8416
6244 2 8409
6985 1 9339
6955 0 9871
6955 0 10182
7319 3 10183
7812 3 10184
7599 0 10185
6990 2 8512
6900 6 10186
6320 2 8399
7173 1 8510
7835 2 8512
8316 2 8515
6168 2 8398
7890 2 8386
6862 5 8411
9531 1 9937
7326 5 8395
6336 5 8395
6539 1 8384
6338 1 8510
6087 2 8398
9207 2 8398
6420 2 8446
6452 2 8432
6335 6 9460
7102 4 8389
6535 6 10187
6877 6 10151
6664 2 8398
6053 3 9102
7661 2 8422
6265 2 8386
7966 1 8384
7108 5 8411
7813 1 8384
7471 4 8389
10188 0 10189
7458 1 8384
6881 5 8395
7604 6 9886
6930 5 8411
7527 0 10190
6811 4 8389
8161 4 8389
6164 0 10191
7148 0 9989
7114 0 10192
7980 5 8395
8377 6 9071
6448 2 8428
6593 6 10193
7091 6 10194
7430 2 8398
6680 0 9939
7584 6 10195
7846 6 10196
6116 2 8386
8007 4 8389
6902 1 8384
7904 4 8389
6066 1 8384
6863 1 8384
7680 1 10197
6576 4 8389
8299 3 10198
8247 6 9467
7740 1 8384
7327 6 10199
6209 6 10200
8172 3 10201
7014 4 8389
6417 0 10202
6036 4 8389
7147 1 10203
6498 0 10204
7653 2 8416
8199 3 10205
6948 1 8384
6836 6 10206
9454 2 8386
8360 4 8389
8917 2 8634
7309 1 8384
6738 1 8510
7038 2 8409
6583 4 8389
7033 4 8455
6182 3 10207
6490 2 8398
7559 2 8422
6627 2 8432
6055 3 10208
6102 0 9851
7593 3 10209
6746 4 8389
8213 5 8395
6788 0 8511
6296 2 8386
6712 5 8395
7311 1 8384
7213 2 8405
6767 5 8395
6126 6 9380
8320 0 10210
7899 2 8398
8211 2 8512
7658 0 9154
8295 3 10211
7935 6 10212
7969 4 8389
6217 2 8398
6254 4 8455
8168 2 8405
6828 2 8405
8234 1 8384
8098 1 8384
6421 2 8386
7500 5 8700
8324 4 8389
8324 2 8445
6983 5 8395
7861 2 8398
7451 4 8389
7767 1 8384
6141 2 8409
8041 6 9071
7297 2 8390
7297 1 8384
7541 0 8823
7476 2 8409
8193 4 8389
7918 1 8731
7029 4 8389
8269 6 10213
7576 4 8455
8210 1 8384
7850 5 8395
7394 2 8405
7145 1 8510
7270 0 8383
7481 2 8634
7481 1 8384
7987 6 10214
6223 5 8411
7170 5 8411
8523 0 10215
7957 2 8398
6429 2 8446
6722 5 8395
7342 4 8439
7577 2 8386
6620 2 8416
7159 0 10216
6757 1 8731
9099 1 8658
7572 1 8384
8274 0 10217
6920 2 8398
8115 2 8398
6110 1 10218
6519 2 8398
7985 1 8384
7432 1 8384
6410 3 10219
7188 6 10220
7275 1 8384
7201 2 8386
7593 5 8395
9263 2 8398
9678 6 9950
8179 0 9134
6318 0 10221
7452 2 8515
8361 1 8384
6569 6 9955
8183 0 10222
6082 0 10223
8300 0 10224
8123 4 8389
6361 2 8512
7842 5 8459
10225 6 10226
7004 2 8398
7667 5 8411
7931 3 9309
8086 4 8389
8220 4 8389
6716 1 9339
9531 6 10008
7302 2 8512
6336 4 8389
7953 6 10227
8113 4 8414
8265 1 8384
6923 2 8422
7296 6 10228
7955 2 8398
7992 5 8411
6589 3 10229
10230 3 10231
6577 2 8432
6753 4 8389
6151 6 10232
6673 5 8395
6587 3 8735
6289 2 8445
8259 0 10233
6575 4 8389
8028 3 9037
6094 0 8730
7700 0 10234
7683 5 8700
7304 0 10235
6872 5 8459
7764 2 8409
7409 2 8398
7066 2 8398
7790 5 8411
7846 0 10236
6808 1 8384
6203 3 10237
8358 1 8384
10238 3 10239
7915 0 10240
6341 6 9562
7862 5 8411
6584 1 8384
6510 3 8922
6671 4 8389
6671 1 8419
7699 3 10241
7372 2 8515
8195 3 10242
8274 0 10243
6355 4 8573
8278 4 8389
6918 6 10244
7408 2 8405
6776 0 10245
7457 0 10246
7309 0 10247
7512 2 8399
7948 1 8384
6604 3 10248
7059 5 8700
6046 3 9309
7445 0 9458
8296 6 10249
6802 2 8390
8202 0 9558
8393 3 10250
6231 2 8515
8233 0 9240
9372 4 8455
7163 2 8399
6404 0 9429
8109 0 10251
7500 2 8422
8614 3 9390
6993 0 10252
7954 6 10206
7681 2 8398
8165 0 8897
6520 3 10253
6545 4 8389
8380 3 10254
7684 1 8731
6861 4 8455
6427 3 10255
7726 1 8658
8381 3 10256
8028 2 8405
6626 6 10257
7083 0 10258
6774 1 8384
7458 5 8395
7428 3 8425
7700 0 10259
7792 2 8386
7607 2 8446
6315 6 9675
7646 0 10260
7913 4 8389
7355 0 9418
6884 2 8386
6878 0 8528
6130 6 10261
7308 2 8398
6558 6 10262
7867 2 8512
7799 2 8386
7170 6 10263
6887 1 10264
6564 5 8459
7115 2 8386
6281 6 10265
8023 2 8405
7426 3 10266
6750 0 9903
7723 2 8409
8801 2 8398
8149 0 10267
6810 2 8398
7251 3 10268
7372 0 10269
6381 2 8386
6837 4 8389
6699 1 8384
6830 2 8409
8131 4 8389
8184 6 10270
6656 0 10271
6630 5 8700
7944 6 10272
8135 2 8446
8150 2 8386
6562 2 8512
6964 4 8389
6303 0 10273
6426 6 8685
6426 1 8510
7874 2 8398
6296 3 8410
6712 3 9701
7774 2 8399
8313 0 10274
7213 5 8459
10275 6 10276
6300 5 8395
7738 2 8405
7202 0 10277
7994 0 8517
6665 1 8608
6862 2 8512
6972 3 10278
6975 3 8410
7782 5 8395
7936 1 8731
6221 6 8558
7068 0 10279
7815 1 8384
8324 3 10280
7885 2 8398
8078 6 10281
7659 2 8390
6354 2 8398
8118 2 8386
6150 2 8386
6800 0 10282
8134 4 8389
8048 5 8395
7216 2 8416
6568 1 8419
6557 6 8781
6912 6 10283
7412 0 8848
6138 1 8384
7688 0 10284
7813 1 8516
8060 2 8446
8164 5 8459
7607 2 8386
8279 5 8411
8040 1 8384
6636 6 10285
6797 2 8422
7855 4 8389
7456 4 8389
7386 6 10286
7594 6 9032
7316 2 8386
7316 2 8398
6364 5 8395
6887 2 8398
7291 2 8386
9672 1 8510
6341 4 8389
8005 2 8452
7327 0 10287
7859 1 8384
8012 1 8384
7572 6 8766
8570 5 8395
8599 5 8395
6498 3 10288
7447 4 8455
6724 4 8389
6789 5 8459
6216 5 8395
7400 4 8455
6266 0 9989
7071 4 8392
9520 3 10289
6409 2 8409
6261 0 10290
7206 2 8416
6960 5 8395
7073 6 9587
7922 0 10291
6740 4 8389
6740 3 8408
6746 5 8395
6408 3 8544
8182 2 8413
8182 0 8853
6754 2 8386
7479 5 8411
6257 6 9748
8054 2 8398
6300 4 8389
6548 2 8398
7221 5 8395
6178 6 8558
7180 0 9729
8895 1 8384
6989 4 8455
6204 4 8455
7048 2 8386
6494 2 8386
7326 0 10292
6336 0 10032
7225 5 8411
6461 4 8414
6981 6 10293
6059 0 10294
7656 6 10295
6260 5 8395
6053 4 8389
6848 5 8411
7509 1 8384
8071 1 8384
8289 3 9415
7137 1 8384
7240 4 8389
6506 2 8398
7576 2 8398
6880 2 8398
7807 0 10296
6811 5 8411
7795 3 9415
8226 3 9679
6307 5 8411
8203 2 8446
6448 4 8389
6831 2 8409
7424 2 8405
6229 2 8398
6326 6 8702
6689 6 9274
7550 6 10297
8176 3 8475
7677 6 10298
7883 4 8389
6534 2 8446
7079 1 8384
7702 0 10299
7698 3 9090
6891 3 10300
7018 3 10301
7086 1 8384
7893 2 8386
7463 3 9079
6487 2 8386
7284 0 10302
8355 2 8386
6195 5 8395
6776 0 9044
7551 2 8399
7730 1 8731
6305 2 8386
7989 2 8405
6618 0 10303
8372 2 8515
7425 2 8446
6060 1 8384
6627 2 8428
7275 5 8459
7951 2 8398
7229 2 8386
6908 5 8395
8099 0 10304
6900 2 8512
7922 6 9350
6201 0 8893
7450 2 8432
6149 2 8515
7690 4 8389
6937 1 8384
6927 6 10305
6624 2 8416
8082 0 10306
7414 2 8409
8086 1 8384
8642 6 10307
6842 1 8384
7773 4 8414
6938 4 8389
7437 5 8395
7965 4 8389
7264 2 8405
7047 6 10308
8261 4 8389
8067 6 9379
7837 2 8446
9598 3 9859
6310 1 8384
7925 5 8411
8134 0 10309
10310 3 10311
7216 2 8405
7711 5 8395
6064 2 8405
7267 4 8389
7243 4 8389
8060 3 9791
7222 6 8473
7222 2 8428
8046 5 8395
6824 5 8395
6075 1 8384
7077 4 8389
6973 1 8384
6145 2 8399
6567 3 9532
7538 2 8398
6224 4 8439
6915 0 8744
6661 6 9379
6633 2 8515
6140 3 10312
6978 4 8389
6146 0 8826
7947 2 8399
8309 4 8389
8309 1 8419
8589 4 8526
8002 2 8452
6852 6 9995
7062 2 8512
8186 1 8731
7430 6 10313
7958 2 8405
7184 2 8399
7130 0 10314
7429 1 9313
8177 4 8414
6159 0 10285
10315 1 8510
6229 5 8395
8042 6 9071
7778 0 10316
6399 2 8386
8033 2 8386
8097 3 9006
7018 5 8395
6596 2 8398
6683 2 8386
8091 2 8386
6514 4 8414
6487 2 8446
7379 1 8384
6355 2 8398
6669 2 8446
7783 2 8515
7524 0 10317
7324 1 8384
6641 3 10318
6846 3 8931
8089 6 9055
6918 0 10319
6858 5 8411
7488 4 8389
8344 6 10320
7400 6 10321
8146 0 10322
6276 2 8409
8058 0 10323
8258 0 10324
7951 6 8756
7852 2 8386
6985 0 9715
7223 2 8398
6259 0 10325
7826 0 10326
7504 1 8384
6308 2 8405
7818 2 8398
6322 2 8452
6771 2 8386
7352 2 8386
7637 5 8411
7367 6 8484
6312 5 8411
7099 2 8398
6245 6 10327
6235 5 8411
7521 4 8414
6242 0 10328
7642 4 8526
6085 3 10329
6798 0 8691
6323 2 8386
7302 0 10330
7614 4 8389
6431 6 10331
8072 3 10332
7101 6 10333
7336 2 8386
6843 6 9370
6053 1 8384
6581 4 8389
7346 1 8510
8298 5 8411
7541 3 10334
6151 4 8389
6301 0 10335
6557 1 8384
7476 2 8386
7233 4 8389
7952 1 8384
8020 2 8386
6890 2 8398
9541 6 10336
6632 6 9943
8270 2 8422
6695 2 8398
7959 2 8398
6368 6 8983
7109 3 9698
6405 6 10337
7357 2 8406
7942 4 8389
7443 2 8413
7516 4 8389
6980 4 8389
8186 3 10338
7820 1 9621
8141 2 8515
6735 2 8422
6128 5 8395
6460 2 8428
6290 6 10055
6402 3 10339
7790 2 8386
8185 0 9446
6941 1 8731
7415 1 8384
7215 4 8389
7215 5 8700
7862 2 8446
6621 6 10340
7652 2 8386
8065 6 10341
7609 6 8418
8172 1 8384
10342 1 8384
8131 2 8398
6417 1 8384
7379 6 8885
6796 5 8395
7397 1 8384
7397 3 8488
8599 6 10343
6321 5 8459
8888 2 8398
6366 1 8384
8056 0 10344
7467 3 10345
7488 2 8512
7220 5 8395
8000 1 8384
6815 2 8386
7497 1 8384
7154 2 8515
7188 2 8452
10346 5 8395
8099 0 10347
7070 5 8459
6406 3 8761
6663 1 8384
8121 2 8398
7593 2 8390
6549 0 10348
7733 2 8398
7718 3 10349
6770 0 9528
6300 3 8730
6637 2 8398
7658 2 8416
6293 1 8384
7994 1 8384
7854 2 8634
6393 0 10350
8220 2 8409
7536 5 8395
7489 5 8395
6766 5 8395
6350 5 8459
8078 2 8386
7310 3 10351
8165 5 8395
7182 1 8384
7725 0 9817
7716 5 8395
7384 4 8389
6890 6 10352
8241 2 8398
6070 3 8806
6632 0 8890
6094 2 8386
7028 1 8384
6601 6 9620
8205 6 10353
7646 0 8795
7566 6 10354
6661 0 9379
6397 1 9060
7564 3 10355
6913 4 8389
7308 2 8390
7768 6 10356
7507 2 8446
7203 1 10357
6214 0 10358
7036 1 8384
8988 6 9096
7545 3 10359
6722 2 8398
6298 3 10360
6982 1 8384
6144 0 10361
8158 1 8384
7740 3 10362
6209 4 8389
7224 3 10004
7712 3 8680
6282 6 10363
6184 1 8384
7783 2 8422
7786 3 10364
6272 1 8384
8368 2 8405
7709 3 10365
6816 1 8384
6668 2 8406
8366 1 8384
6762 2 8413
6600 1 8384
7418 6 10366
7206 5 8459
6188 5 8395
6821 0 10215
8038 2 8446
7344 1 8384
6297 1 8384
7093 5 8411
6649 0 10367
7353 3 9174
6280 5 8395
7008 5 8459
7373 6 10368
7499 3 10369
6842 2 8398
6780 2 8413
6952 0 10370
6323 0 9942
7891 6 8481
7092 2 8386
7092 3 10371
8235 2 8398
7964 0 9702
8078 0 10372
7056 2 8386
6377 3 9626
6595 6 10193
7475 2 8386
7870 3 9833
7966 6 10373
7858 0 10374
6045 5 8700
6427 5 8395
7108 6 9886
6084 1 8384
7844 2 8386
7844 2 8416
8107 0 10375
7029 0 10376
7976 6 9693
7976 0 10377
8280 5 8395
7950 4 8414
7392 5 8411
6930 2 8409
7527 6 10378
7140 4 8389
6703 6 8682
7195 4 8389
7146 0 10379
7588 5 8459
6146 6 8826
7947 2 8386
7337 2 8512
6840 2 8386
6191 2 8386
6511 5 8395
7232 0 10380
10381 3 10382
7605 1 8454
6441 3 10383
6657 2 8398
6837 0 8458
10384 3 10385
6992 6 9763
6184 5 8700
8240 3 10386
6103 0 10387
6834 2 8409
6500 2 8398
6502 2 8634
7071 1 8658
6182 4 8389
6139 5 8459
7616 6 9547
6600 0 10388
8121 2 8446
7427 4 8389
7445 1 8384
8103 0 10389
8374 2 8515
8296 3 10390
7084 3 10391
7439 2 8386
8202 2 8416
7127 0 10392
8063 6 10393
8393 5 8459
6040 3 8449
7204 3 10394
8086 6 10395
6706 3 10396
7722 5 8395
6617 4 8389
7921 2 8416
8180 4 8455
7815 0 9385
7531 1 8828
6383 4 8389
6748 4 8455
6642 2 8409
7160 5 8395
7647 4 8389
6577 1 8384
6365 6 10397
8174 0 9134
7541 2 8386
6265 3 10398
7711 2 8515
6449 5 8459
6736 4 8455
6517 6 10399
7108 1 8419
7205 2 8386
8330 6 9071
8330 5 8395
7333 5 8395
6613 0 10400
7238 6 10401
6513 2 8386
6516 2 8512
6826 0 9249
6037 2 8416
7913 6 8758
7516 2 8507
6616 0 10402
8212 0 9232
6769 3 8622
7676 2 8446
7398 4 8389
7259 2 8446
6200 1 8731
6852 2 8398
8203 6 10403
7820 6 9460
7905 0 10404
6680 3 10405
6104 3 10406
6681 2 8398
7630 6 10407
7415 1 8533
7984 0 10408
6967 6 8558
7699 2 8515
7014 2 8386
7556 4 8455
6827 0 10409
6348 4 8389
6451 4 8414
6995 2 8446
7552 6 10410
7237 6 10340
6068 2 8386
6659 2 8390
6342 3 10411
6519 5 8395
7457 2 8515
8150 3 10412
7810 1 8384
6618 0 8655
7641 1 8384
6309 2 8422
6046 2 8644
8293 1 8384
7318 5 8395
6795 1 8731
7172 6 9238
7042 1 8384
7399 3 9122
6663 3 9786
7344 0 10413
7278 6 10414
7334 4 8389
6544 1 8384
7177 0 10415
7322 2 8386
7197 2 8416
6226 6 9906
7183 2 8398
7416 3 10416
6235 2 8405
8114 6 10417
6578 2 8405
7835 5 8395
7190 2 8405
7569 6 10418
7752 2 8432
6173 2 8446
6598 6 10419
8156 2 8405
8024 5 8700
6813 1 8384
7495 1 8384
6545 2 8405
6733 2 8386
6951 2 8405
7297 4 8389
7725 1 10420
8302 2 8422
6922 6 10421
7317 3 10422
6119 3 9174
6928 2 8409
7230 0 9078
6074 1 8384
7638 2 8512
6094 5 8395
7458 2 8512
6969 2 8386
7166 5 8395
6145 2 8512
7392 4 8389
6255 2 8446
6224 5 8395
6850 4 8389
8253 6 10423
8371 1 8384
7398 3 9196
7814 1 8731
6924 0 9602
7171 2 8515
7440 2 8398
6125 4 8389
6125 6 8817
6448 0 9014
7466 2 8386
7026 1 8731
7693 1 8384
6887 0 10424
7816 1 8384
6902 4 8392
6941 0 10152
6793 0 10425
7113 3 10426
6992 2 8386
8331 0 8477
7755 3 9102
7338 6 10427
6355 1 8384
6528 0 10428
7050 0 10429
6277 1 8384
7244 1 8384
7777 0 10430
8062 5 8395
6608 0 10431
7739 4 8392
6741 1 8384
7505 5 8395
7985 4 8389
6500 0 10432
7265 2 8398
6063 1 8384
6762 1 8384
6305 5 8411
8100 2 8398
6090 2 8405
6492 3 10433
9367 0 10434
6970 4 8455
7124 1 8384
7281 0 8498
7110 4 8455
6746 1 8731
7445 2 8512
6473 0 10435
6937 1 8510
6454 3 10436
8202 4 8389
6361 2 8409
7383 2 8409
6649 6 10194
6181 2 8634
8175 0 10437
6899 0 10183
7678 1 8658
7868 2 8386
7435 0 10438
6185 1 8384
6807 0 10439
7536 1 8384
8109 1 8898
6949 4 8389
8238 1 8384
8072 6 9116
8308 2 8398
6853 1 8384
8271 0 10440
8113 1 8510
6993 1 8384
6755 6 9722
8159 6 10257
6721 1 10441
6733 4 8455
6734 1 8384
6819 4 8439
6557 0 10442
7082 2 8398
7412 5 8395
6501 2 8405
8259 5 8395
7235 2 8405
7384 2 8416
6774 3 9082
7044 1 8384
6969 0 10443
6824 1 8384
8164 3 8473
8312 3 10444
6037 0 10445
7942 2 8409
7855 2 8644
7076 3 10128
7887 1 8384
7743 5 8395
8055 1 8384
7768 4 8389
7148 2 8634
7138 3 8662
7331 4 8389
6898 2 8446
8092 2 8398
7409 6 10446
7184 3 10447
6559 2 8398
6294 1 8384
8306 4 8439
7152 4 8389
6605 4 8389
6116 4 8389
8214 0 9154
7330 1 8384
7215 2 8416
6750 3 8622
7652 0 10415
7740 6 9729
7159 1 8384
7956 2 8512
7198 2 8386
6282 6 10448
6992 5 8395
7556 0 9619
7256 6 10449
8278 2 8452
8278 3 10450
7039 0 9902
7284 5 8395
7789 1 8516
8599 0 10451
8599 0 10343
7636 0 10452
6946 6 10453
7794 0 10454
9454 6 10455
8667 4 8389
8222 0 10456
6333 0 10457
6182 2 8416
6139 0 10247
9198 1 8510
6227 6 9906
6892 2 8432
9263 2 8416
7922 4 8389
8103 2 8386
7775 1 8828
7618 6 8793
7618 3 8552
6312 2 8452
7197 0 10458
6319 6 9232
7439 0 10459
7995 1 8384
10275 3 10460
6384 1 8384
6168 5 8395
7008 1 8384
7931 0 9926
6706 1 8384
6404 2 8644
9531 2 8386
7090 6 10461
7940 4 8389
6452 0 9555
6461 0 10462
7522 2 8398
6713 1 8384
6059 4 8389
8090 5 8395
6954 5 8395
7022 4 8455
7022 3 10463
6524 4 8389
7178 3 9882
8181 4 8389
7866 6 10464
6572 2 8446
7706 0 10465
7063 5 8411
7472 3 10466
6455 1 8384
6715 0 10467
7683 2 8405
8218 0 9712
7758 2 8445
7758 1 8384
6069 2 8398
6692 6 10468
6526 6 10469
8002 1 8384
6947 6 10470
7148 1 8384
7091 2 8446
6988 1 8384
6460 1 8384
7708 1 8384
6522 2 8446
7963 2 8446
9448 6 9449
7651 2 8515
8198 2 8515
7332 1 8384
6615 6 10471
7035 1 8384
7198 1 8384
7871 5 8700
7181 2 8452
8135 0 10472
6092 3 10473
7760 2 8445
6556 5 8395
6668 0 8702
6672 0 8660
7873 6 8537
6456 3 10474
6809 4 8526
6820 6 10475
6228 5 8395
6285 2 8409
6278 4 8389
6188 3 10476
6892 2 8386
7312 0 8804
7695 5 8459
6401 1 8384
7518 4 8389
6802 4 8389
6454 2 8398
6767 1 8384
6574 4 8389
6634 4 8389
6245 3 10477
10275 1 8384
7290 2 8446
8054 4 8389
6238 6 10478
6178 2 8446
7417 1 8384
7935 0 10212
7931 1 8384
8223 1 8384
6897 3 10479
7487 2 8386
6385 2 8409
6539 6 10480
7531 2 8405
7803 1 8384
8261 1 8384
6268 4 8389
6141 4 8389
7745 5 8395
8289 0 10481
7726 4 8389
8136 1 8384
6717 0 8418
7029 1 10482
7243 6 10483
7077 6 10480
6691 1 8384
6048 5 8459
6826 2 8422
6255 2 8512
7771 2 8386
7394 0 10484
7386 4 8414
6158 4 8389
7610 2 8512
8029 0 10485
6460 5 8459
7763 2 8405
6343 3 10486
6281 0 10265
6869 6 10487
6425 1 8384
7513 4 8389
6542 0 9578
7332 6 10488
6220 2 8390
7834 2 8398
7712 0 9153
6487 1 8384
6418 2 8507
7930 6 10228
7085 4 8389
7208 0 10489
7556 0 10490
7572 0 10491
7902 0 10492
8278 6 10493
8062 6 10494
6630 6 10340
6304 0 10495
6103 2 8386
6321 2 8405
6741 2 8428
6057 3 9259
7621 1 8384
8173 0 8926
7615 5 8459
6096 2 8634
6400 1 8384
8335 2 8409
7765 4 8455
6391 2 8398
6821 0 10496
6893 1 8384
8019 2 8386
7896 3 10497
7227 0 8528
7078 3 8812
6408 1 10498
7322 4 8389
8129 3 9191
7307 4 8455
7127 6 10049
8162 2 8446
7190 0 8528
7180 1 8731
7752 2 8398
8156 5 8459
7406 4 8389
7406 0 10499
7274 3 10500
6553 2 8386
7491 3 10501
6981 1 8384
6383 6 10502
7992 3 9464
7900 0 10503
6268 1 8384
7837 1 8384
6721 4 8439
7054 2 8386
6581 6 10504
7713 2 8399
6778 2 8398
7233 2 8416
8071 3 8812
7404 3 8806
7404 0 10505
8151 6 10506
6587 0 9595
7903 5 8459
8137 3 10507
6263 4 8455
7886 2 8399
6880 4 8389
8034 5 8395
6543 5 8395
6269 0 10508
6255 1 8384
8210 6 9551
10509 2 8445
8365 4 8389
7325 2 8446
6947 1 8384
8055 2 8789
7768 1 8384
7799 2 8398
8288 5 8700
7203 2 8386
8523 6 10510
7358 6 9182
6550 4 8389
6687 5 8395
6571 2 8413
7470 5 8395
7066 2 8789
8306 2 8515
6481 2 8398
6564 6 9004
6191 1 8384
6123 3 9268
7388 1 8419
7187 2 8386
7856 0 8804
7215 2 8452
8163 6 10511
8005 2 8446
6749 0 10512
7208 2 8405
6588 2 8386
6670 3 8559
8190 1 8384
7653 0 10513
7128 1 8384
7210 2 8416
7329 2 8399
8237 0 10514
8344 2 8512
7540 0 10515
6971 2 8515
7603 2 8446
6727 1 8384
6090 2 8398
6105 2 8445
6785 1 8384
7565 1 8384
7565 3 10516
6771 0 10517
6507 5 8395
7493 2 8398
7110 2 8398
7350 6 10518
7474 2 8386
8112 5 8395
7557 0 8474
7374 6 10519
6300 6 8506
6280 4 8389
6384 4 8389
6270 4 8389
7161 0 10520
7811 0 10521
6330 5 8459
8122 0 10522
6838 6 10366
7568 2 8422
7487 3 10523
8308 2 8405
6853 3 9613
6268 2 8409
8138 5 8395
7665 2 8409
7212 1 8384
7054 1 8384
8192 6 10524
7167 3 10525
6070 4 8389
7191 2 8398
6582 3 9077
6392 2 8386
6774 1 8658
7494 3 9076
6269 6 9282
6996 0 10526
7764 0 10527
6597 3 9883
6692 1 8731
8688 2 8446
8002 3 8568
8319 2 8386
6751 4 8389
7724 0 10528
7184 1 8384
7819 6 10529
7933 6 10335
7152 1 8731
8194 0 10530
6203 0 10531
7780 0 10532
6239 2 8386
7856 6 8935
8284 5 8395
8158 5 8459
6662 4 8389
7915 0 10533
8256 2 8405
8149 4 8389
9389 1 8510
7881 2 8386
8373 1 8384
7993 6 10052
7993 0 10456
6688 3 9734
7461 2 8446
9360 6 10534
8012 4 8389
8248 2 8507
7563 2 8515
8184 0 10535
7777 6 10536
6608 2 8398
8094 0 10537
7260 0 10538
6486 2 8386
6929 1 8658
8252 4 8389
7828 5 8459
7503 3 8622
8093 0 10539
7400 0 9796
6876 0 10540
6604 2 8399
6889 4 8389
7154 0 8616
7188 3 10541
7175 6 8547
7673 6 9083
7223 1 8384
7395 1 8384
7504 0 10542
7360 4 8389
8112 1 8384
7104 4 8389
6149 1 9313
8102 3 10543
6238 0 10478
7025 0 10544
8295 2 8398
6925 1 8384
7373 2 8446
6709 3 10545
8126 4 8389
6591 6 10546
8236 5 8395
6067 1 8731
7271 5 8395
6362 1 8384
7112 6 10547
6912 3 10283
8251 2 8413
6064 3 9094
7458 0 10548
7166 2 8512
8046 3 10549
8250 2 8386
6516 6 10550
6197 0 10551
6145 3 10552
7516 0 10553
7288 3 9976
7314 2 8398
6373 4 8389
8343 2 8428
6299 0 10554
6526 5 8395
7594 2 8398
7840 2 8409
8186 4 8392
10555 6 10556
8310 5 8395
8127 0 10546
7252 1 8384
7026 1 8384
7464 4 8389
6460 2 8386
6460 3 10557
6097 0 10558
7707 1 8384
8306 4 8414
8185 3 9090
6229 2 8446
8596 1 8384
7159 0 10559
7930 3 9224
7246 4 8389
6610 2 8634
7282 2 8428
7282 5 8459
8285 6 10560
8285 2 8452
6321 6 9562
8354 2 8399
6063 2 8398
7889 3 10561
7660 2 8386
6041 1 8384
9520 0 10562
7673 0 9083
7179 2 8386
6839 6 10563
7926 3 10079
7281 2 8398
8129 5 8395
7685 6 10564
6921 0 8848
7939 3 8540
7648 3 8777
7600 2 8398
8266 6 10565
6432 0 8936
7414 2 8405
7299 2 8398
6330 1 8384
6932 6 10566
8166 3 10567
7097 3 10568
6421 1 8658
7406 1 8384
7406 0 10569
7132 3 10570
7264 6 9290
6452 3 10571
7681 4 8389
8067 2 8398
8283 2 8399
6327 2 8409
6653 2 8398
7978 5 8395
7966 3 9814
8303 0 10572
6890 4 8573
8028 2 8409
7844 0 9552
10188 1 8419
10188 0 10573
7626 5 8395
7164 6 9810
6636 0 10285
6996 6 10574
6434 4 8389
8371 4 8389
7032 3 10575
6682 6 10576
6526 1 8384
6154 2 8515
6652 3 10577
7331 2 8446
8142 6 9000
7655 6 10578
6614 1 8384
8032 2 8398
6343 0 10579
7780 3 9175
7691 1 8384
7691 0 10580
7663 2 8515
7778 6 9081
7535 6 10581
6052 3 10386
7712 1 8384
6256 4 8389
6137 5 8395
7609 1 8384
7067 0 9071
6252 6 10582
6995 3 10583
8264 1 8384
7039 1 8384
7324 6 10584
7237 2 8416
8222 1 8384
6555 1 8384
6182 6 10585
7907 0 9747
7686 2 8422
6177 0 10402
6205 1 8384
7490 2 8515
6376 1 8384
8130 5 8411
7756 1 8384
7374 1 8384
6291 1 8384
7492 3 10447
6637 4 8455
8162 0 8606
8063 1 8384
7118 6 8499
7642 3 10586
6288 2 8445
6835 5 8395
6389 1 8658
7897 4 8455
7211 2 8386
8341 3 10587
8024 2 8386
6755 2 8428
6461 5 8459
7554 2 8399
6089 2 8446
6700 0 9178
7356 1 8384
7925 2 8386
6580 0 10588
7581 6 10589
6896 2 8416
8071 0 8793
7362 0 10590
6236 1 8731
8079 6 10591
6928 1 8384
6070 1 8384
6435 5 8411
8009 2 8422
6109 3 10592
6626 6 9266
8025 2 8386
7333 3 8462
7576 6 10593
7623 0 8473
8650 2 8399
8081 2 8428
8081 2 8405
6037 2 8405
6360 5 8411
6130 3 8924
6558 5 8395
7193 0 10594
6852 1 8384
7006 0 8521
7988 4 8389
6693 3 10595
8007 0 10596
7043 0 10597
10381 6 10598
7330 3 9224
7454 5 8395
8367 5 8395
7984 1 8384
6745 6 8506
7956 6 10599
7218 2 8512
7181 5 8411
6906 1 9313
9073 2 8422
7060 2 8422
8278 0 10600
7783 0 10601
7324 0 10602
8216 3 10603
6103 5 8395
7013 1 8510
6916 0 10604
8917 2 8398
7996 2 8386
6283 6 10605
6182 2 8405
8741 2 8398
6450 3 10606
6134 4 8389
7549 1 8658
7812 1 8384
8026 6 10607
6439 0 10608
7344 2 8386
6686 2 8398
7350 0 10609
8357 6 9424
6443 2 8398
7421 0 9676
7177 2 8409
7434 2 8386
6183 4 8389
8313 1 8384
7321 0 10610
6921 2 8386
7479 3 10371
7808 0 10611
7413 2 8398
6989 1 8510
9372 3 10612
6040 4 8389
6189 6 10613
6807 3 10614
6194 6 9374
7489 2 8515
6354 6 8913
6067 2 8399
7255 6 10615
6702 1 10616
6121 5 8459
6264 5 8395
6210 5 8411
6752 5 8459
8380 4 8389
7194 4 8389
8298 2 8446
7684 0 10617
6207 6 10618
7952 6 10619
7268 6 10620
7239 0 10621
7813 5 8700
7228 3 10622
7228 0 10623
6482 5 8411
7365 6 10624
8321 3 10625
7913 1 8384
7601 4 8389
7759 0 10626
7814 6 8946
7186 2 8405
7170 4 8389
6735 2 8416
8194 2 8422
6281 1 8384
7587 0 10627
6869 5 8395
6298 4 8389
6153 3 9787
6696 2 8398
6274 4 8389
6745 0 10516
7520 2 8446
7519 6 10061
6220 4 8389
7672 2 8422
7254 2 8398
7556 2 8422
9649 2 8390
7908 1 8516
6232 0 10628
8494 0 10629
8150 2 8432
8196 0 10630
7906 1 8419
8372 2 8422
8359 5 8395
8167 2 8405
8152 3 10631
6228 1 9339
6259 3 10632
6259 0 9071
7504 2 8409
8287 0 8859
7124 5 8395
7278 1 8510
7874 3 10633
8350 5 8395
7266 5 8459
7040 6 8506
7720 6 8383
6802 0 10634
6602 2 8398
6578 6 9045
6537 1 8384
8157 0 10635
6678 6 10636
7658 6 9154
6842 0 10637
7891 2 8512
7644 3 8808
6173 5 8411
6933 6 9380
7487 4 8389
7998 2 8386
6465 6 10638
6461 2 8386
8118 5 8411
7729 6 10639
6833 6 10640
6894 0 10641
6890 0 10352
7638 1 8384
7044 3 10642
7105 2 8398
6048 0 8538
6334 2 8398
7646 5 8459
7795 0 10643
8110 6 10228
7325 5 8459
7041 1 8384
7316 0 10379
7840 2 8399
7820 3 10184
6898 1 8384
6735 5 8459
6128 4 8389
6460 2 8422
6870 0 9424
6655 0 10644
6722 0 9097
8147 2 8398
6162 1 8384
6534 4 8414
6190 4 8389
8267 3 10645
7142 4 8455
6209 5 8395
7372 1 8384
7501 5 8459
8131 1 8384
7067 3 10646
6345 2 8390
7871 2 8428
6528 4 8389
7423 0 8425
6430 4 8389
6641 2 8386
7938 2 8789
7376 0 9382
7503 2 8386
6063 0 9456
7034 3 8388
6762 6 10140
6971 0 9614
7497 4 8389
7223 1 9621
8356 6 8496
7399 1 8384
6445 0 10647
6892 1 8384
8019 3 10648
7124 3 9679
6212 4 8389
7741 2 8398
8213 0 10649
7445 5 8395
6944 0 10650
8313 0 10651
6937 6 8520
6921 6 8848
7808 3 10652
6475 0 10653
7413 6 9204
6181 4 8389
6267 6 8616
6966 6 10397
7811 0 10654
7642 0 10655
6925 2 8386
6560 6 8481
7436 1 8384
7326 0 10656
6461 4 8439
7296 2 8446
6589 0 10657
6059 2 8405
6260 6 10335
6664 6 8609
6844 4 8389
8073 5 8395
7529 2 8398
6707 2 8398
6289 1 8384
7240 3 10658
7044 4 8389
8250 2 8446
6396 4 8455
7694 6 9640
6176 1 8384
6156 3 10659
7288 2 8386
7308 1 8384
6980 5 8395
7784 6 9675
7186 5 8459
6694 5 8459
6225 0 10660
8421 2 8386
8029 3 10661
6614 0 10662
7790 1 8384
7630 5 8459
6306 4 8389
7749 2 8386
6343 5 8395
6066 6 10663
7780 0 10664
8036 3 8559
7328 0 10665
6298 1 8384
6620 4 8389
6584 0 8418
8160 2 8446
7065 5 8411
6747 4 8389
6747 6 8418
8091 0 9148
10384 2 8446
7246 2 8398
7754 1 8384
6110 0 10666
7343 1 8384
6724 3 10667
8917 6 10668
7503 1 8384
6266 4 8414
7512 2 8398
8196 5 8395
9105 6 10669
6756 6 10670
6903 4 8389
6893 6 10671
7836 2 8399
6845 0 9460
7281 2 8428
7968 2 8512
7896 0 10672
7266 2 8416
7450 2 8416
7774 3 10646
7046 0 10673
7099 0 9786
6361 3 9560
7738 1 8510
6178 2 8386
6957 1 9313
7373 4 8389
6899 2 8386
7236 0 10674
7569 2 8428
7442 4 8389
7020 6 9788
7568 0 10675
7489 3 10676
6335 1 8384
8353 0 10677
6713 4 8389
6698 2 8445
6268 2 8452
6362 5 8395
7298 0 10678
6753 6 9914
6951 0 10679
7182 6 10119
6705 2 8413
7362 3 10680
7129 2 8446
7268 2 8405
7088 3 8441
6969 3 10681
6044 0 10682
6314 2 8445
8049 0 9788
7838 5 8411
6224 4 8858
6152 4 8389
7011 1 8384
6628 0 10683
7997 3 10386
6909 1 8384
7292 3 10684
7605 2 8386
6108 1 8384
7622 2 8515
8378 2 8398
7086 1 8510
7405 0 10505
6677 4 8389
7345 2 8515
7871 6 10685
6796 3 8968
6311 5 8459
8094 4 8389
8360 1 8384
8667 1 8384
8155 0 10686
6958 6 9675
7457 4 8389
7949 5 8700
8148 3 9196
6107 6 8536
6762 2 8398
7989 0 10687
6536 6 8919
6726 2 8446
7800 1 8384
7427 5 8459
7874 4 8455
7733 3 10688
7452 3 10689
7848 3 9632
6569 5 8395
6775 1 8384
8102 1 8384
6475 2 8390
6320 6 10690
8291 4 8573
6178 2 8398
7994 1 8510
7583 5 8395
6987 6 10560
8133 3 10691
7326 2 8398
8156 0 10692
6171 2 8512
6367 1 8384
6949 6 8502
7241 2 8398
7757 6 10693
7946 2 8446
6053 5 8395
6073 2 8416
8380 0 8753
7725 1 8384
6912 2 8398
8272 1 8384
8079 1 8384
6919 6 10694
6919 0 10695
8145 0 9752
6398 0 10696
8650 2 8515
6048 1 8384
6315 2 8446
7546 2 8386
8210 2 8399
6915 1 8419
6913 2 8428
7386 1 8419
8002 1 8731
7186 4 8389
6152 1 8384
6782 2 8428
7148 6 8673
7958 1 8384
8092 4 8389
6870 5 8395
7378 2 8386
6108 5 8459
6773 1 8384
7543 4 8389
8378 6 9607
6688 1 8384
7198 0 9328
7218 3 10697
8274 4 8389
6789 2 8386
7459 5 8395
6241 0 10698
8056 2 8512
6783 5 8395
6092 5 8411
6556 0 10699
6180 3 10700
7928 2 8409
7438 5 8411
8000 5 8459
8000 0 9425
7188 2 8386
8335 0 10701
7727 2 8386
6507 6 9041
7848 2 8386
7367 2 8512
7775 1 8384
6505 1 8384
7774 2 8512
10131 2 8445
6319 2 8399
10225 0 10226
8266 0 10702
8338 5 8411
7658 3 10703
7642 1 8384
6495 1 8384
6389 4 8439
8045 4 8389
7502 2 8445
7632 1 8384
7964 2 8386
7478 1 8419
7478 0 10704
8024 2 8432
6813 5 8459
6461 0 10705
7310 5 8395
6700 2 8386
6141 1 8384
7925 1 8384
7112 4 8455
7978 4 8414
8303 3 8592
7579 2 8398
7064 5 8395
7108 4 8389
8349 2 8398
7866 2 8416
6222 0 10706
6455 0 10707
6368 0 8983
7674 3 10708
6768 2 8405
8650 0 8651
6826 0 10709
6213 2 8446
8343 0 10710
7784 2 8398
8055 2 8409
8141 6 10711
6460 2 8416
8004 2 8398
6198 2 8422
7689 0 10712
6429 1 8384
7561 6 10713
10714 2 8512
7330 6 8844
7830 6 10715
6999 1 8384
7923 2 8398
7403 2 8386
8005 4 8389
7834 4 8389
6329 0 10716
6417 2 8405
8010 6 10717
7379 2 8398
7871 6 10718
6348 5 8395
7060 4 8389
8022 4 8455
7664 6 8743
6918 2 8398
6732 1 8384
6858 6 10719
7996 3 10720
7512 6 10721
6050 2 8386
6072 1 8658
7425 3 8998
7318 0 10722
7144 6 9238
6317 5 8395
8197 5 8395
7968 1 8384
9835 4 8455
6226 5 8395
6921 3 10723
7017 5 8395
7492 6 10724
7939 0 8817
7648 2 8515
6603 0 10725
7738 0 10726
8393 0 10727
6472 4 8414
7431 4 8389
6111 4 8858
7537 6 10728
6489 3 10486
8235 2 8409
6295 4 8389
6539 2 8386
7954 2 8390
6923 5 8411
6383 2 8512
7900 4 8573
7946 2 8398
6065 1 8384
6524 3 9145
7212 5 8700
8370 2 8386
8370 2 8515
7684 4 8389
6705 0 8511
7821 6 9853
7313 5 8395
7705 2 8446
6517 3 10729
6945 1 8384
6455 6 10730
7222 3 9681
6962 2 8446
7804 4 8389
7864 4 8389
8040 1 8731
6352 3 10731
7785 4 8389
7253 2 8409
7189 0 10732
6980 6 10733
6152 6 10734
7062 1 8384
6093 5 8395
6939 2 8399
8127 2 8446
7252 5 8395
7470 0 10735
6622 4 8389
8188 6 8472
7749 4 8455
6941 1 8516
7778 4 8389
7915 3 10736
7898 4 8389
6274 6 9114
6999 4 8389
6867 6 10175
6098 2 8386
6677 0 10737
7572 2 8398
7449 3 10738
6796 0 10739
6195 6 10740
6659 5 8395
8368 1 8384
9454 2 8398
7824 2 8445
6232 2 8386
7496 0 10741
8076 1 8384
6783 0 8844
7828 2 8398
6816 3 9549
6762 1 9834
7139 3 10742
7497 2 8409
9105 2 8445
7275 2 8386
6090 4 8389
6955 2 8386
6188 2 8398
7427 3 8425
8179 3 8475
7421 2 8405
7434 6 8856
7685 0 10743
7285 0 10744
6296 5 8459
6937 4 8439
7808 4 8389
7183 2 8390
6603 2 8399
7080 6 10361
8157 1 8384
7236 3 10745
6372 6 8704
8098 0 9078
6938 0 10746
7375 2 8386
7157 2 8512
7339 2 8386
7102 0 10747
8243 3 10088
8138 4 8414
7606 0 10748
7356 5 8395
7054 4 8389
6258 0 10459
6595 1 8384
6667 0 8834
7978 0 10375
7153 0 8383
8001 0 10749
6049 1 8384
7669 2 8398
8028 1 8384
7688 4 8455
8305 4 8389
6626 2 8507
6094 0 10750
8046 2 8409
8021 5 8459
6315 1 8384
6037 0 10751
7838 2 8634
7771 3 9217
7288 5 8459
7617 2 8386
7145 0 10752
6633 6 9012
6878 5 8395
6769 4 8389
6200 2 8446
7053 4 8455
8561 2 8398
8423 0 10753
6375 2 8398
8177 1 8510
6123 2 8386
7342 4 8455
8299 1 8384
7984 1 9313
6510 4 8414
6344 5 8459
8015 0 10754
8239 0 9738
7463 2 8386
7405 6 10755
7823 1 8631
7379 2 8634
7379 3 10756
7181 4 8389
7396 2 8390
6920 0 10757
6631 1 8384
6704 3 10758
6608 3 9709
6946 1 8384
6366 2 8398
8268 6 10759
6161 1 8384
6107 1 8384
6959 5 8395
6333 2 8398
7407 0 10569
8074 2 8386
7318 3 9259
6551 1 10760
7206 1 8384
6990 5 8395
6439 1 9313
7896 5 8395
7637 6 8469
7093 4 8389
7521 3 9438
7008 0 8383
6054 2 8446
7891 1 8384
8140 6 10073
6591 2 8446
7092 6 10761
8109 6 10762
8116 3 10763
7369 0 10764
6859 2 8405
7900 1 8384
7553 0 10765
7821 4 8389
6587 1 8658
8259 6 10766
6517 2 8398
7477 5 8395
8084 0 10767
6715 3 10768
6547 1 8384
7238 2 8428
6527 3 10769
7924 1 8510
8279 2 8405
6042 0 10770
6694 6 8795
7170 0 10771
8423 2 8446
9062 4 8526
6097 0 9136
6909 4 8389
6286 2 8409
6326 2 8409
7977 0 9223
8176 0 9134
7829 1 8384
7677 0 10298
6425 2 8789
6399 4 8439
7909 1 8384
8154 0 10772
6640 6 9374
7018 1 8384
6837 5 8459
6841 2 8422
6992 0 10773
8096 1 9740
7423 2 8413
7069 4 8389
6275 3 10479
7824 0 10774
8155 6 9235
6395 0 8946
8076 2 8428
6359 1 8510
8125 2 8634
7483 2 8386
6216 0 9779
7154 1 8384
7382 2 8398
6412 0 10775
8889 3 10776
6090 3 9474
7371 6 9522
6561 2 8386
9781 6 10777
8121 2 8399
7380 3 10778
6965 3 10779
6686 1 8384
6443 2 8399
6082 1 8419
7571 2 8398
6775 0 10375
7808 2 8386
7899 5 8395
7004 6 8793
6495 3 10780
6899 0 10781
9372 0 10782
7250 5 8459
7096 1 8384
7437 6 10783
8243 0 10092
6713 2 8398
6645 3 9505
7955 4 8389
7750 6 10784
6888 0 10785
8159 0 10702
6700 2 8416
6833 2 8386
7776 6 10786
8263 1 8384
6155 3 10004
6038 1 8384
6823 1 8510
7929 5 8411
6648 2 8409
7365 3 10787
6513 6 10788
6516 5 8395
7546 4 8389
6037 1 8384
7629 4 8526
6148 4 8389
7140 0 10789
6638 1 8384
6360 2 8386
7845 1 8384
7987 4 8389
6526 0 10790
6782 0 10167
8290 2 8398
7840 5 8395
7820 0 9460
8377 1 8384
6440 3 10791
7957 3 10792
7252 4 8455
6687 2 8409
6460 0 10793
7291 2 8399
8007 1 8384
6127 0 10794
7915 2 8386
6773 0 10795
6378 2 8386
7740 1 8510
6292 1 8384
6701 2 8398
7912 0 10796
6316 6 10797
7209 1 8384
8094 6 8995
7260 6 10538
6232 3 10628
8348 2 8406
8150 6 8689
6858 2 8386
6246 1 8384
7906 4 8455
7559 2 8398
6756 1 8384
7418 4 8389
6095 3 10798
6386 2 8390
6308 6 8464
7446 2 8452
7585 1 8384
6970 0 10799
7922 0 10800
6829 5 8459
7040 2 8409
7827 2 8644
6357 2 8432
8123 6 9460
7084 0 10801
7017 4 8389
6518 0 10802
6235 1 10803
6320 1 8898
7658 0 10804
6111 2 8405
7890 1 8384
7752 0 10805
6619 0 10806
8614 1 8510
7900 3 8462
7273 2 8386
6480 0 10807
8679 5 8395
6721 2 8386
6053 1 9313
6365 0 10397
8380 1 8384
7525 0 10808
6595 0 10809
7716 4 8389
7640 1 8510
7579 6 10293
7268 1 8384
7654 5 8411
7662 1 8384
6632 3 9119
7706 6 8817
7029 5 8395
7982 1 8384
6613 4 8389
7626 0 10810
7804 2 8405
7420 5 8395
7934 6 10811
8218 0 10812
8049 4 8389
6140 1 8658
8309 1 8384
7530 2 8398
8589 1 8384
6711 4 8389
6364 4 8573
6571 1 8384
6742 2 8882
7043 6 10597
7806 2 8507
9672 4 8439
8158 0 10813
6764 1 8384
6274 2 8405
8154 4 8389
7671 4 8389
7671 1 9060
7699 2 8512
7119 5 8395
6329 2 8386
7672 2 8512
7831 3 10814
7755 0 9446
6920 4 8455
8264 5 8700
7282 3 10815
7209 2 8507
7147 2 8634
7880 2 8398
8222 5 8395
7747 5 8411
8325 6 10816
6096 1 8384
7624 5 8459
8231 6 10817
8362 0 10818
7917 3 10819
6328 3 10411
7179 2 8515
8026 6 10620
7110 0 10820
7533 0 9750
7104 6 10821
7104 2 8446
7125 2 8409
7125 0 10372
6319 5 8395
7141 2 8432
7025 2 8405
8266 2 8406
6199 0 10822
7969 4 8858
6339 0 10027
8166 2 8386
6731 1 8384
6442 4 8414
7339 5 8395
7225 1 8384
8326 2 8789
6710 6 9320
6059 5 8700
7589 0 8678
8106 3 10823
8165 1 8384
6642 5 8395
8328 2 8422
6047 2 8386
7798 1 8384
8555 2 8386
7167 0 10824
7918 5 8395
7705 0 10825
6133 3 10386
7235 0 10826
8270 3 10827
6435 4 8389
6648 2 8512
7857 6 8551
7792 6 9418
6516 4 8389
6145 1 8384
7855 5 8459
6769 2 8413
7588 6 10828
7768 3 10183
6340 6 10829
6693 0 9973
7526 5 8411
7997 2 8789
7066 0 10830
6956 4 8389
6563 6 10831
8358 6 10832
7843 2 8515
6218 2 8446
7701 6 8996
6425 6 10833
7651 6 9545
7513 6 9154
7915 2 8452
7520 2 8398
7001 4 8389
6381 0 10834
7511 4 8526
7461 6 9416
6701 0 10835
7859 3 10836
8012 5 8395
7943 6 10837
9099 6 10838
8189 2 8413
9073 1 8384
7805 0 8744
8570 2 8390
8570 3 10839
7039 2 8512
7739 4 8439
8348 0 9370
7016 2 8386
8917 3 10840
7748 1 8384
6180 6 9702
6063 4 8389
8066 6 10841
7033 0 10842
6165 0 10843
6386 2 8398
6561 3 9682
6892 2 8428
6785 2 8398
6771 6 10517
6212 6 10844
6192 1 8419
7695 0 10484
6453 0 10845
7125 0 10846
6357 0 10847
6927 3 10848
6603 6 10849
6603 2 8446
7294 2 8446
6181 0 10850
6288 4 8389
6943 0 10851
7537 2 8386
6404 4 8389
7495 5 8395
8261 0 10852
6589 6 9804
8106 4 8389
8221 6 10853
6753 3 10739
6394 2 8446
8298 6 9219
7679 2 8512
7640 6 8685
7858 3 10854
8302 6 10734
8302 0 10855
6138 0 10856
7276 1 8384
7866 1 8384
6945 5 8459
7143 6 9693
6346 4 8389
7253 4 8389
8688 6 10857
7193 4 8389
6526 2 8405
8077 3 10858
7598 6 8967
6083 2 8512
7203 6 10859
6693 0 10860
6128 6 9708
7763 6 10321
7916 2 8445
7846 3 10861
6737 3 10661
7715 2 8398
6851 4 8858
6662 2 8446
8267 0 8846
7433 0 10531
8015 5 8411
7277 2 8446
6683 3 9421
7279 3 10862
10863 4 8389
7014 6 10864
8012 2 8398
8010 0 10717
9649 6 9860
7754 4 8389
6036 2 8507
6351 6 10865
7761 2 8398
6834 6 10844
7185 1 8384
6916 1 8384
8219 6 10866
7349 2 8398
7467 6 9353
7621 5 8411
6055 0 10108
6090 0 10867
6611 4 8389
8215 1 8384
7878 6 10401
7371 1 8510
7800 5 8395
8130 3 10868
7687 0 10869
6443 5 8395
7450 3 10870
6569 2 8398
7149 0 9878
6825 0 10871
7133 1 8384
6832 0 10872
6206 0 10679
7431 2 8399
7236 6 10873
7994 1 8731
6111 2 8428
6058 0 10874
6718 4 8389
6798 4 8389
7782 0 8859
7435 4 8389
7788 1 8384
6489 1 8384
6135 5 8395
7998 2 8446
6452 2 8507
6452 0 10875
8265 0 10327
6067 1 8510
7767 6 8616
6480 4 8414
7946 3 10876
7000 2 8512
6327 5 8411
7194 1 8384
6667 1 8384
8339 2 8386
6568 2 8398
7476 5 8395
7217 4 8526
8192 2 8515
6587 6 9595
6922 0 8567
7863 3 10877
8232 1 8384
6051 3 8497
7697 3 10836
7688 5 8700
9499 5 8395
6582 2 8882
7802 1 8384
8314 1 10878
7267 2 8386
6396 3 10879
7365 2 8386
6651 0 9938
6880 1 8658
7574 2 8422
6554 3 10880
6148 5 8395
9572 1 8384
7601 2 8515
6360 4 8389
7456 5 8395
7193 2 8515
8013 6 10019
8002 2 8398
6158 5 8395
6125 0 10673
8288 0 10881
8310 2 8512
6593 2 8446
6550 5 8395
6142 3 8425
7920 6 10882
6123 4 8455
6153 0 10883
9672 2 8398
7919 3 8548
8097 6 9624
7113 0 10884
8149 6 10885
7142 6 10886
7932 3 10887
7831 2 8386
7696 4 8389
9099 2 8398
7444 2 8634
8264 6 10888
6277 2 8398
7709 1 8658
6241 2 8386
7748 4 8389
6583 5 8459
7753 1 8516
6041 5 8459
6227 3 8962
8099 2 8446
6892 5 8700
6893 0 10889
6900 1 8384
6439 2 8446
6201 5 8395
6466 2 8446
8361 6 8975
6297 2 8409
8068 2 8386
7413 0 10890
7390 6 9103
7991 2 8398
7190 4 8389
7361 1 9313
7180 1 8384
6080 2 8446
8297 6 10891
8070 4 8389
8220 0 9420
6494 2 8398
7009 2 8386
8119 4 8389
6336 2 8390
7375 0 10892
7157 2 8515
7586 2 8398
7047 1 8384
8261 5 8395
6150 2 8446
8159 1 8724
7837 2 8398
6721 2 8398
7194 0 10893
6428 2 8398
7716 0 10894
8071 1 8731
6736 6 8418
7108 0 10895
9499 2 8398
7239 4 8389
7228 2 8416
7044 2 8386
8060 4 8389
7528 2 8398
7961 2 8386
7546 1 8384
7850 3 10896
6872 6 9346
6638 4 8389
6146 3 10897
7186 6 9657
6099 2 8386
8379 6 10898
7171 4 8389
8051 0 10899
8288 0 10900
8286 1 8384
6742 1 8419
6614 2 8512
6605 0 9966
6250 2 8422
7780 4 8389
6869 1 8384
8176 6 10901
6773 5 8411
7520 5 8411
8065 3 10902
6666 3 10903
8012 2 8386
6875 1 8731
6499 0 10904
6789 4 8389
7249 0 10151
7098 2 8432
6555 2 8386
8254 5 8411
7286 1 8384
8093 2 8398
8366 0 10905
6964 1 8384
6697 0 10906
7540 0 10907
7641 4 8526
6976 6 10375
8170 2 8409
8889 6 10908
7179 5 8411
8050 2 8386
6113 5 8395
7493 4 8389
7968 4 8389
8301 4 8389
7971 3 10909
6082 1 8384
6183 6 8775
7197 2 8507
7046 1 8384
6411 4 8389
6602 6 10910
8211 1 8384
6832 5 8411
6267 2 8512
6167 0 10911
6966 5 8395
6787 0 9904
7499 6 8541
8503 2 8386
8234 4 8389
7704 2 8386
7090 2 8386
7633 3 10912
6088 0 9955
8116 2 8398
8229 6 10913
6114 3 10914
7258 0 10915
6121 2 8398
6121 2 8405
6698 2 8789
7095 4 8389
6053 6 10593
6674 5 8411
6653 3 10787
7745 6 10916
6166 2 8398
6705 3 10917
7272 3 10918
7235 2 8422
7986 2 8413
7143 3 9145
6962 0 10919
7700 3 9174
8209 1 8658
8209 5 8395
7304 2 8512
8226 0 9299
6797 0 10920
7841 0 9991
6622 3 10921
7337 0 10922
6198 4 8389
6459 5 8411
7424 0 10923
7780 2 8422
7680 2 8446
6144 4 8389
8158 2 8432
6081 5 8459
8149 2 8422
6763 2 8398
6891 0 10924
6098 0 10925
7327 2 8512
7563 4 8389
7379 0 10395
7246 1 8384
8096 0 10926
8274 1 8384
6252 1 8384
6321 0 10927
8230 3 9079
7329 2 8512
10928 2 8386
6333 2 8446
7540 1 8384
6644 2 8445
7616 2 8405
8362 2 8512
6046 0 10929
7318 0 10930
6134 6 10931
7852 3 10932
10933 2 8386
7493 1 8979
7474 6 10934
6660 6 8591
6712 0 10935
7368 0 10936
6761 2 8409
6332 1 8384
7136 2 8398
7202 3 9981
7560 4 8389
7811 1 8510
6111 4 8389
7537 0 10937
6798 2 8446
7891 3 9560
7644 0 8804
8133 1 8384
9157 3 9690
9533 6 10938
7489 2 8512
6871 0 10939
6983 2 8399
6748 2 8507
7981 6 10940
7508 4 8389
8159 0 10941
6524 5 8395
6743 2 8386
6844 2 8386
7570 6 8616
7716 0 10942
6705 1 8419
7404 6 10943
6438 5 8395
7697 0 10944
7638 0 10945
7083 2 8512
8205 4 8389
6148 1 8384
6156 4 8389
6868 1 9313
6635 2 8445
6069 3 10946
6130 2 8386
6714 5 8395
6947 2 8512
6694 0 9285
6984 6 8451
7358 2 8386
6340 2 8416
8423 0 10947
6968 1 8384
6191 0 9078
7115 2 8446
6153 2 8446
6662 1 8384
7014 5 8459
6827 0 10116
7037 5 8395
6986 4 8455
6208 6 10924
7185 2 8405
7107 1 8384
8135 4 9485
6858 4 8455
6816 0 10948
6266 1 8384
8335 4 8389
7703 2 8409
6285 1 8516
6795 3 9076
7639 4 8389
6201 0 10949
7926 5 8411
7150 6 8473
6211 0 10950
8130 1 8384
7227 2 8398
6473 1 8510
6219 1 8384
7939 4 8389
6647 0 10951
7738 4 8455
6199 1 8384
7642 5 8395
6759 5 8459
6389 3 10952
7969 4 8455
6856 1 8384
7048 2 8398
7048 3 10136
6323 3 10362
6173 3 8666
7815 3 10953
6358 5 8395
6135 2 8512
6431 0 10954
7998 3 8544
9533 2 8446
6088 1 8384
8139 6 10955
6702 2 8512
7656 0 10956
7729 1 8384
6210 0 10856
6752 2 8446
6073 5 8459
6679 6 10957
8272 5 8395
6049 2 8386
7669 0 10958
6463 1 8384
7869 1 9340
7222 2 8386
6613 6 10400
7959 4 8389
7976 2 8386
7576 0 10593
7528 5 8411
7323 6 10959
7238 3 9037
8027 4 8455
8294 0 10960
6868 1 10961
7850 2 8398
6360 3 10962
6140 1 8384
6786 2 8405
7270 2 8386
6939 1 9726
6448 2 8409
6375 0 10963
6459 4 8389
9448 1 8828
7735 2 8398
7915 6 10964
7898 2 8386
7830 2 8398
6867 0 9015
7055 5 8395
6418 4 8526
7912 2 8512
6351 3 10965
8105 4 8455
6304 1 8384
7260 1 8384
7575 3 10966
6499 1 9313
6232 6 8621
6918 2 8446
7459 6 10967
8348 6 9370
7265 4 8389
7611 1 8419
7455 5 8411
6809 4 8389
6374 2 8398
7670 2 8452
7371 4 8389
6908 6 10797
6163 1 8510
8179 1 8384
6660 1 8627
6825 2 8405
6126 0 10968
6219 4 8389
6478 2 8789
6379 2 8446
7808 5 8395
6361 0 9914
7383 0 10969
7967 0 10970
8162 6 8606
7221 1 8384
6168 0 8569
6772 3 10253
8297 5 8700
7569 3 10971
8017 5 8395
7436 2 8386
7305 2 8446
6617 5 8395
6135 0 10972
6350 2 8409
9207 0 9208
7157 6 10973
8078 2 8405
6873 6 8569
10137 1 8384
8134 6 9871
6258 6 10459
8298 2 8386
7725 5 8395
6166 4 8389
7620 2 8386
6133 5 8395
7813 4 8389
7813 2 8413
6632 1 8658
8305 6 10448
8080 6 10974
7706 1 8384
6392 0 10975
7333 0 10976
7420 1 8384
6868 2 8386
6850 6 10977
6609 2 8409
7855 2 8413
8365 0 10978
8309 2 8413
8077 5 8411
8016 1 8384
7114 2 8445
6154 2 8422
7526 2 8446
7920 3 10979
7364 2 8446
6882 1 8384
6750 5 8395
6621 0 9328
6584 3 10980
6867 1 8731
7831 1 8384
6827 0 8505
7393 6 10981
7794 1 8384
6061 5 8700
8222 0 8487
7045 4 8858
8237 6 9282
7081 2 8398
6063 3 9806
6618 1 8384
7624 4 8389
6202 0 10982
7229 4 8389
6600 1 8419
7023 5 8395
7514 4 8389
6908 3 9548
6445 1 10357
6376 4 8389
8103 1 8384
7367 4 8389
7322 0 9900
7685 2 8386
7791 2 8422
8224 2 8422
7995 4 8389
6361 2 8399
7141 1 8384
6602 2 8386
8114 2 8386
7133 0 10983
6624 4 8389
7562 2 8515
6199 2 8398
8327 2 8386
8098 3 10787
6617 2 8512
7500 6 10984
6385 2 8398
6853 2 8398
6461 0 10985
7002 4 8389
6664 4 8389
7212 0 9278
6147 2 8422
6833 4 8389
8584 6 10986
7525 5 8395
8057 0 9876
8298 2 8422
8555 0 8556
8192 1 8384
6778 1 8384
7064 4 8389
7317 1 8384
7903 4 8455
6449 1 8384
8259 0 10987
6133 2 8413
6625 2 8401
7472 6 9891
6547 0 10988
6691 0 10989
6790 6 10990
6197 3 10991
6197 0 10992
7357 2 8386
6797 2 8398
7692 0 10993
7481 4 8389
8351 4 8392
8031 1 8384
8310 2 8515
6885 0 9330
7464 5 8411
6142 4 8389
6988 6 10994
7130 2 8432
7337 3 8622
8101 2 8398
7904 6 9693
7963 1 8384
6144 6 10361
8299 0 10198
7830 3 10995
6810 2 8515
6810 1 8384
7519 5 8395
6640 4 8389
6841 2 8386
7405 2 8386
6186 5 8411
7582 1 8384
7467 5 8411
7551 2 8428
6556 6 8704
6353 3 8544
7779 1 8384
7753 0 10996
6043 2 8386
6849 0 9763
7281 1 8384
7874 1 8419
7149 3 9145
7104 3 10763
8068 2 8428
7084 2 8422
6767 2 8515
8104 5 8395
6518 2 8428
6361 1 8516
6235 1 8828
6240 1 8384
7562 4 8455
7562 3 10997
7204 2 8405
8346 5 8395
6058 1 8384
8126 2 8398
8140 4 8389
7568 3 10998
6367 4 8389
7090 6 10999
8118 1 8731
6380 1 8384
6310 2 8446
6753 2 8644
8193 2 8515
8363 4 8389
6705 2 8398
7199 6 8580
6587 0 11000
8263 5 8395
6501 2 8416
6501 3 9009
7705 2 8390
7866 2 8428
7166 1 8384
7428 0 8425
6287 3 11001
7700 6 10259
6864 3 9102
6779 2 8398
6768 0 11002
6176 5 8395
6315 1 8419
6363 2 8386
6346 0 8487
6457 1 8384
7564 5 8395
8200 6 9418
6994 2 8386
8561 4 8573
8246 5 8459
7114 6 10192
7905 6 10404
7252 0 9902
7997 0 11003
6887 2 8512
7066 4 8389
7584 2 8406
7094 5 8411
6123 2 8398
6508 4 8389
7151 4 8389
8176 4 8455
7426 5 8459
7677 3 11004
7652 5 8459
8091 1 8384
6757 5 8395
7198 0 10621
7893 0 8804
7055 3 11005
7051 6 8856
6901 4 8455
7751 1 8419
6091 6 9346
7050 0 11006
7777 6 10430
6208 2 8398
7653 5 8459
6834 5 8395
8494 2 8446
6359 4 8455
8237 5 8395
7828 6 9382
6672 2 8422
7734 6 10940
7734 0 11007
6266 6 8673
7382 0 11008
6060 4 8455
7188 0 10806
6202 2 8386
6820 6 11009
7670 2 8405
6903 1 10760
7599 2 8386
6990 0 10159
6322 2 8644
7922 5 8459
7124 2 8409
6746 3 8559
6746 0 8768
7557 1 8510
8068 3 11010
7263 2 8422
7197 1 8384
7027 1 8731
7368 3 11011
7093 0 9287
8224 3 11012
6775 1 8658
7099 6 9786
6634 2 8446
7141 4 8389
7004 1 11013
6325 5 8395
8175 2 8398
6842 3 11014
9533 1 8731
6766 4 8455
6078 6 9609
6354 3 9122
6729 6 10576
7121 5 8459
8159 0 11015
7000 4 8389
7320 3 10237
8134 1 8384
7462 0 11016
6479 0 10375
7475 1 8384
7216 0 11017
6568 1 9621
8787 0 8788
6707 6 9294
6236 5 8459
8039 3 10056
7340 1 8384
6517 2 8446
8349 2 8512
7813 2 8398
6287 6 11018
8027 2 8398
7573 2 8446
7886 5 8411
8034 1 8384
7950 6 11019
6567 0 11020
7031 6 11021
7564 1 8384
7325 3 10183
8002 0 11022
8055 0 11023
8561 3 11024
6154 4 8389
7610 1 8384
6579 2 8432
6863 0 11025
7021 1 8384
7605 2 8409
6662 2 8432
7513 0 11026
8097 2 8422
6344 2 8399
8160 2 8432
6220 0 8609
6062 2 8386
6418 6 11027
7696 2 8398
6345 6 9456
6901 0 10034
6451 1 8510
8264 0 11028
6272 0 10158
7880 3 8443
6918 1 8384
6485 0 9808
8135 2 8398
8917 1 8384
7551 6 11029
7139 6 9915
6697 5 8411
7873 0 11030
6129 4 8389
6450 0 11031
7382 0 8996
8170 1 8384
6374 1 8384
7231 1 8384
8889 5 8395
6309 1 8384
8074 1 8384
6551 5 8395
7549 0 8673
6892 0 11032
6965 6 11033
6746 0 10099
7968 3 9421
7350 1 8384
6247 3 9670
9835 1 8384
7269 2 8446
9616 2 8398
6291 2 8512
6578 4 8389
7190 3 11034
6432 4 8858
7048 4 8526
6404 0 11035
7305 0 11036
8078 2 8507
7101 0 10333
7729 4 8389
8041 3 10646
6653 1 8384
7863 2 8398
8107 1 8658
8009 0 11037
6626 6 11038
8046 1 8384
6715 0 8773
6817 2 8409
8053 0 11039
7420 6 8592
8040 2 8386
7785 0 11040
7942 1 8384
6930 3 10763
6156 2 8512
7814 3 11041
6558 4 8389
7724 6 10528
6306 2 8398
7424 6 10615
7904 3 11042
7328 3 11043
6737 0 8531
7663 0 11044
7330 5 8395
9448 1 8510
7622 3 11045
6657 1 8516
6248 1 8384
6220 2 8398
7159 0 11046
6062 2 8446
7736 1 8384
7912 3 10090
7449 4 8389
8018 0 11047
7376 3 10090
8252 5 8700
6132 1 8384
6854 4 8389
7400 3 8475
7169 3 11048
7948 0 11049
8014 3 9122
6041 2 8416
7226 1 8419
7351 3 11050
7852 4 8389
7023 4 8389
6261 4 8389
7371 2 8406
6413 2 8512
6212 2 8422
7557 4 8389
7421 2 8409
8374 3 11051
6927 5 8411
6603 3 11052
10225 2 8398
6320 5 8459
7004 3 11053
6101 1 8419
7931 2 8446
7163 5 8395
7435 5 8459
6461 1 8384
7296 2 8398
7121 1 8384
7359 2 8390
6310 5 8395
7895 6 9324
6523 2 8398
6151 3 8388
7679 1 8384
7640 5 8395
6778 6 10375
6894 2 8386
6187 2 8398
7801 4 8455
7272 5 8395
6695 3 11054
6768 3 11055
6042 3 9661
6629 5 8700
6629 0 10621
7195 2 8413
7398 2 8398
7441 1 8384
8351 2 8634
7468 2 8789
8246 0 11056
10555 2 8401
7960 0 9798
7464 3 11057
11058 2 8515
8207 1 8384
6390 2 8416
7680 4 8414
7911 6 11059
7898 6 10505
7087 1 8384
7279 2 8515
6036 3 9122
6995 5 8411
7397 2 8428
7244 2 8422
7777 1 8510
6641 6 11060
6781 1 8384
8292 4 8389
8292 5 8459
8354 2 8515
7013 2 8398
6366 1 8731
7162 2 8515
7098 6 11061
6132 3 11062
8917 5 8411
6353 0 11063
7753 3 9833
6139 0 10679
6820 2 8390
8215 5 8395
6188 0 8720
8026 0 11064
6726 0 8946
7926 2 8386
6845 3 8812
7334 2 8409
8103 3 9236
6569 0 9955
6802 6 10634
7416 4 8389
6624 0 11065
6178 0 8558
7236 2 8405
7994 1 8724
6336 2 8512
6675 6 11066
7176 0 10027
7126 6 8753
10230 1 8384
6700 4 8455
6667 3 8998
6568 3 9610
7620 0 8587
7362 2 8446
6922 5 8395
7064 2 8386
8263 2 8386
7669 4 8389
7477 2 8386
6538 0 8477
7106 3 11067
6792 2 8422
7982 2 8398
6895 1 8384
7700 2 8398
7109 6 9472
6636 1 8384
7771 4 8389
6307 6 9401
6069 0 11068
8077 2 8398
6947 4 8455
7468 2 8398
7006 2 8446
7440 3 11069
6652 1 8384
8092 1 8384
8092 5 8411
7184 0 11070
6460 0 11071
7997 1 8384
7763 4 8389
7103 2 8405
7094 2 8422
8194 1 8384
7391 0 11072
7806 2 8416
6390 4 8389
10714 1 8384
7977 2 8422
6953 1 8384
6399 0 11073
6162 2 8386
8117 1 8914
7984 2 8398
6991 0 11074
6606 2 8406
7159 0 11075
7671 0 10013
10342 6 11076
8012 6 11077
7912 2 8398
7912 1 8419
8010 2 8398
6348 1 8384
6610 1 8384
7050 1 8384
8022 2 8386
7524 3 11078
8240 2 8399
6100 4 8389
8354 0 11079
7817 2 8398
8254 2 8398
7265 2 8428
7810 2 8386
8146 2 8398
8058 1 8384
6410 0 9688
6369 1 8533
8215 0 11080
8287 6 8859
6205 0 9209
7836 2 8512
7639 1 8384
6439 2 8386
6917 2 8398
7473 5 8395
8130 2 8409
8130 0 11081
6530 2 8409
7125 6 10038
6712 2 8409
6454 1 8419
7046 4 8439
8224 6 11082
8338 2 8789
6267 5 8395
6812 2 8515
7499 2 8422
8122 1 8384
7486 2 8386
6598 1 8384
7406 2 8386
6949 2 8416
7375 4 8526
7339 1 8384
7101 5 8395
8265 6 10605
8139 3 11083
7757 1 8384
7992 6 11084
6589 0 8769
8679 6 11085
6524 2 8398
7567 2 8515
6365 5 8395
7649 3 11086
6403 4 8389
7555 1 9313
6912 4 8389
6187 0 8764
6690 5 8459
7781 2 8386
6582 0 11087
7401 5 8395
8218 0 9420
7604 1 8384
7392 2 8405
7516 1 8384
6629 2 8386
6629 2 8432
8257 0 10967
7270 3 11088
6682 3 10577
7440 6 8872
7337 4 8389
6306 3 8559
6655 3 9648
7545 0 11089
7292 2 8512
7247 2 8386
8198 2 8422
8367 6 10375
6671 1 9313
6098 5 8411
6837 0 11090
10384 1 10197
7461 2 8398
7696 1 8384
7823 1 8731
7246 2 8428
7762 0 9796
7908 3 11091
6804 0 9305
7552 3 11092
7209 0 9075
7200 4 8389
7737 2 8405
7453 6 8941
6959 6 9336
7889 4 8389
6765 6 11093
6490 6 11094
7673 2 8386
8335 4 8526
7229 6 8470
7703 2 8386
6244 4 8389
6960 2 8398
6227 2 8406
8197 0 10630
7695 3 11095
6685 6 9379
8361 2 8515
6233 1 8384
7285 1 8384
6505 4 8389
7263 2 8446
7690 0 11096
7756 3 11042
7479 2 8398
7995 6 11097
8266 4 8389
6537 4 8389
8291 0 11098
6206 2 8446
9372 2 8398
7854 6 11099
7442 2 8398
8235 5 8395
7643 2 8515
7241 4 8389
8369 0 11100
7160 0 9892
6230 1 8384
6532 3 11101
7966 2 8409
6857 2 8409
6501 6 11102
7705 3 11103
8039 4 8389
7591 2 8512
7272 1 8384
8107 2 8398
7813 6 11104
8270 4 8389
7387 1 8898
7063 2 8428
6601 1 8384
6482 6 8621
7646 6 11105
6352 1 8384
8375 2 8515
7564 0 11106
6994 3 11107
7588 3 11108
7114 4 8389
7970 6 11109
8177 6 11110
7578 1 8731
7919 1 8384
6441 2 8386
6620 2 8452
6542 2 8398
6860 5 8411
8378 1 8384
6688 2 8515
7831 2 8398
7279 6 8852
6699 5 8459
6184 3 11111
6901 2 8390
8274 0 11112
6656 1 8384
8062 1 10616
6172 1 8384
6608 2 8446
7653 2 8428
6169 6 11113
7107 3 8998
8069 3 9076
8150 4 8389
8056 5 8395
6794 4 8455
7033 2 8446
7071 2 8398
8372 1 8384
7670 0 10717
7907 2 8398
7418 5 8459
6105 1 8384
7172 1 10441
8356 1 8384
7818 0 11114
7836 1 8384
6728 4 8389
7968 0 11115
8301 0 11116
8313 5 8395
8111 0 10456
6478 0 11117
7939 1 8384
7899 4 8389
7061 2 8409
7383 3 9716
6384 5 8459
7361 6 8481
7642 2 8512
8228 1 8384
7236 2 8507
6217 6 8498
6862 3 9661
6215 6 11118
7134 0 11119
7885 6 11120
6196 3 9560
7684 2 8398
7178 5 8459
7555 3 10386
6064 2 8409
7471 6 8541
6392 3 11121
7029 0 8851
7222 1 8384
7166 2 8515
6962 5 8395
7164 2 8515
6044 0 11122
6601 4 8389
7238 2 8399
7792 0 9418
6352 4 8455
6703 2 8882
6692 2 8398
7146 3 9794
7193 6 11123
8051 2 8405
6093 2 8398
6646 1 8384
6646 3 11124
8288 2 8405
7203 2 8398
8377 2 8398
7466 1 8384
7708 6 11125
9062 0 11126
6956 2 8405
6579 2 8398
6566 0 11127
8204 3 11128
6605 0 11129
6343 0 11130
7806 2 8422
9672 3 11131
6851 6 10669
6620 6 11132
7433 2 8446
8239 3 11133
6744 3 11134
7256 6 11135
7902 1 8384
7783 6 9953
9225 6 11136
7200 2 8416
6103 2 8409
6659 1 8658
7709 1 8419
6485 0 11137
8307 4 8389
6583 1 8384
6765 2 8446
6072 2 8386
7382 6 8996
7179 1 8384
6536 4 8389
6960 6 11138
6507 1 8384
7493 3 9791
7452 5 8395
7017 2 8515
7791 1 8384
7183 5 8395
6235 2 8409
7967 2 8446
7991 5 8395
6325 0 11139
8393 4 8389
7161 1 8384
7414 6 10053
7250 4 8389
7644 6 11140
7731 3 11141
7731 0 11142
7788 4 8389
7437 4 8455
8171 2 8405
6979 4 8389
8326 3 9410
7974 1 8384
8261 2 8409
6645 0 9505
7310 4 8392
7656 5 8395
6844 2 8390
6271 2 8398
7684 3 8735
7178 2 8386
7199 3 11143
7335 0 9926
6879 2 8409
6468 4 8389
6974 1 8510
6919 2 8405
6287 2 8386
7804 2 8428
7283 1 8384
7864 3 11144
8280 0 8951
6314 4 8389
6422 2 8507
7443 3 11145
7538 2 8386
7601 3 10848
7764 1 8979
6237 3 10045
6471 1 8384
7325 0 11093
8589 0 11146
7887 0 11147
6223 1 8516
8319 2 8446
7062 3 8449
7957 6 11148
7960 0 10843
6340 1 8384
7409 0 11149
6470 1 8384
7627 2 8398
7809 6 9055
6459 0 11150
7388 0 11151
6136 2 8409
6662 2 8409
7702 4 8389
7932 0 11152
7710 2 8399
7511 2 8512
6137 4 8455
6415 4 8389
8064 1 9726
6345 3 11153
9649 1 8510
8006 5 8395
6777 0 9827
6906 3 11154
7158 2 8512
8354 6 11155
8348 1 8384
7309 2 8398
6124 6 10228
6374 5 8395
8187 2 8515
6369 6 8793
6492 0 9153
7852 0 8999
7826 2 8386
6960 3 11156
6188 2 8512
6821 3 10646
6892 3 10552
7593 0 11157
7073 4 8389
7040 2 8386
7685 1 8384
6473 0 11158
6574 0 11159
7631 4 8389
7290 2 8399
7141 6 11160
7361 0 8481
7118 3 9508
6080 2 8398
8082 2 8422
6787 2 8398
6040 2 8446
6983 2 8512
7965 1 8384
7264 4 8455
6179 5 8395
6713 0 10045
7508 5 8395
6230 4 8389
6403 0 11161
8555 5 8395
6857 0 10701
6707 3 11162
7362 6 11163
8028 4 8389
7471 5 8459
6774 1 9313
6648 6 9842
7494 2 8398
6193 6 8807
7924 2 8399
6691 2 8398
6037 5 8459
8343 2 8405
7768 2 8386
7983 2 8644
8310 3 11164
7130 2 8398
7816 0 11064
6742 3 8811
6902 6 11165
7963 4 8389
8036 5 8395
7561 0 11166
8275 4 8389
8275 1 8384
8284 0 11167
7898 2 8390
8256 1 8384
8149 0 11168
6248 2 8398
7543 3 10231
7279 0 8852
7463 6 9864
8971 1 8384
7050 3 10868
7999 0 9044
6935 5 8395
7343 4 8455
6342 0 11169
7260 2 8390
6366 5 8459
7038 2 8390
7438 1 8384
7734 2 8405
6246 4 8389
8359 0 8863
8014 2 8386
6785 4 8389
7874 0 10370
6318 1 8384
7474 1 8731
6443 2 8409
6660 0 10260
7213 0 8823
7797 3 11170
7099 4 8389
8102 2 8386
7648 0 11171
6320 0 11172
7991 1 8384
8211 6 9403
6548 0 11173
8082 3 11174
7657 6 8566
6957 0 10086
7236 0 11175
7049 0 11176
6367 3 8552
7964 6 9702
6684 6 11177
6934 4 8389
7531 6 9500
6710 1 8384
7451 2 8405
6480 2 8398
6888 3 11178
6819 0 11179
8073 3 11180
8381 2 8413
8009 3 11181
6506 5 8395
7243 2 8405
7683 6 11182
8081 2 8386
7253 0 10146
6156 5 8395
7793 4 8414
7822 3 9661
9572 0 8383
8210 0 9838
8246 3 10595
8423 3 11183
6525 6 11184
6116 3 11185
6281 2 8386
6390 3 10362
6882 6 10063
6999 6 11186
6190 6 11187
7671 2 8409
6623 4 8389
9360 1 8384
7762 0 9134
7256 2 8398
6630 4 8389
7739 2 8452
8360 2 8789
7575 0 11188
7408 2 8428
6732 1 8731
7747 2 8409
6500 5 8459
8252 2 8386
7512 1 8384
6409 5 8395
6117 1 8384
6278 2 8452
7599 4 8389
7975 2 8386
7493 5 8459
6401 5 8459
7084 6 10068
7791 3 10447
6245 0 10327
7061 2 8512
7141 3 11189
6624 1 9313
7080 2 8398
6143 2 8386
7168 6 11190
7678 0 11191
6838 2 8512
6185 5 8700
7009 1 8384
7722 0 9089
6194 3 9610
8180 2 8386
6731 3 11192
6431 2 8446
6385 5 8395
8956 0 11193
7176 1 8384
7744 1 8658
7451 0 9425
6480 1 8658
6545 5 8395
6667 4 8414
7745 2 8398
7153 2 8386
7684 2 8405
7182 3 10021
7716 2 8634
6155 2 8398
7477 0 11194
7384 2 8405
7471 2 8386
6648 4 8389
7976 3 8604
7401 0 11195
6044 5 8411
6806 3 11196
7538 6 11197
6868 0 11198
7516 5 8700
6360 6 9864
7287 0 11199
7676 2 8398
6237 4 8389
8110 1 8384
6998 0 11200
7547 6 11201
8310 0 8557
6628 6 10565
6791 2 8398
7424 2 8386
7635 2 8386
8225 4 8573
7079 5 8395
8154 2 8432
8323 3 11042
6837 2 8512
7037 4 8389
6110 3 11202
6444 2 8405
7100 4 8389
6801 6 11203
7200 0 11204
7534 6 9257
8344 3 11205
8093 5 8411
6063 6 9887
8000 6 9746
6060 2 8634
7514 3 11206
7223 3 11207
6942 6 9298
6650 6 8473
7602 0 11208
7926 0 11209
6079 2 8515
6257 3 9626
6805 4 8389
6957 6 9943
6759 6 9652
6040 2 8386
6590 2 8386
7174 1 8384
7163 4 8389
6949 3 11210
6431 1 8384
8116 5 8411
6813 0 11211
7176 0 10415
8139 4 8389
7750 0 11212
7647 3 9077
7548 5 8459
7167 4 8526
7335 4 8389
7235 6 11213
8381 1 8384
6717 0 11214
8314 0 11215
8269 0 11216
6592 3 9033
7700 4 8389
6527 5 8459
7934 2 8386
6251 3 11217
7253 5 8395
6360 2 8398
6884 3 11218
7692 3 11219
7032 4 8455
7597 2 8390
7841 2 8428
6693 2 8386
7464 0 11220
7470 3 8592
7584 1 8658
7843 2 8512
7577 4 8392
7778 2 8398
6671 1 8510
7403 0 11221
6615 4 8389
7159 2 8512
7511 4 8389
10384 2 8512
6514 3 10411
6418 0 9893
8085 0 9826
7208 2 8416
6186 0 11222
7480 0 11223
6496 3 9040
8240 2 8398
7552 1 8384
7200 2 8398
6304 3 8622
7880 5 8395
7544 6 10016
7496 2 8452
8254 6 8498
6556 0 8704
6276 6 9676
7906 1 8384
8231 2 8446
7117 6 11224
6400 4 8389
8074 5 8411
6134 1 8384
7613 1 8384
7395 4 8389
6892 2 8507
6942 2 8409
7593 0 11225
6740 5 8459
8179 2 8405
7207 2 8416
8332 1 8384
7439 0 11226
7600 3 9224
6649 3 11227
8393 2 8398
7030 1 8384
7161 6 11228
6337 6 8793
6040 2 8416
7048 5 8411
7868 3 9174
7782 1 8384
6173 4 8389
6643 4 8389
6585 6 10546
6295 0 11229
7437 2 8446
6431 4 8389
6350 0 11230
6088 0 8750
6465 1 8724
6553 6 11231
7941 4 8389
8336 1 8384
7126 1 8384
8106 2 8386
7271 0 9380
6065 2 8398
7359 4 8389
6380 5 8395
7056 6 10050
6843 2 8789
7647 0 11232
6733 3 11233
8134 3 11234
7725 4 8455
8001 4 8389
7798 6 8645
7362 1 8384
7108 3 9626
6823 1 8384
6945 6 10859
7990 0 11235
8280 6 11138
6790 5 8395
6251 2 8386
7886 1 8516
7771 2 8398
7850 1 8384
6069 0 11236
8200 5 8395
7947 3 9082
7441 6 11237
6223 1 8384
8142 0 10949
6340 3 10253
8029 2 8413
6622 0 11238
6470 4 8389
6742 1 8384
8004 6 11239
8275 2 8386
11240 2 8398
7065 6 10003
6378 0 11241
7956 3 11242
7192 1 8384
7943 3 11243
7871 6 11244
8189 2 8405
7181 2 8409
8006 2 8409
7721 3 11245
8285 4 8389
6946 3 8425
8018 2 8398
8125 1 8384
7483 2 8446
6672 3 11246
7996 1 8384
6283 2 8446
7175 4 8389
8050 0 11247
6426 0 8685
7741 0 9201
6686 5 8411
7334 0 11248
7370 0 8607
7104 5 8411
7421 4 8389
7685 3 8410
6183 1 8384
7214 2 8386
7213 2 8416
7383 5 8395
6325 2 8409
6904 3 11249
6975 4 8389
7766 1 8384
6058 6 8795
9531 2 8398
6477 3 11250
6078 4 8389
8308 3 8592
6383 0 10843
7465 2 8386
6710 2 8515
6065 3 9576
7359 5 8395
7713 2 8512
7153 1 8384
6071 4 8526
8193 5 8395
8363 2 8515
6045 1 8384
6501 2 8398
7863 0 11251
6155 6 11252
7801 6 11253
7801 2 8386
8232 5 8459
7384 6 11254
9541 0 11255
6717 1 8419
7228 2 8405
7143 1 8384
6824 2 8409
8250 6 9242
6314 0 11256
7077 1 8384
6363 4 8389
6269 5 8395
6930 1 8384
7793 2 8398
6811 2 8515
7131 3 11257
6797 1 8384
6609 0 9754
6069 1 10482
6769 0 11258
8347 4 8389
7441 4 8389
6682 0 9463
8203 1 8384
7598 4 8389
6694 1 8384
7547 6 11259
6984 4 8389
7816 2 8386
8227 1 8384
8277 6 9763
6191 4 8389
7248 4 8389
7248 0 11260
7780 1 8384
7605 5 8459
6750 0 11261
7111 5 8395
8267 6 10565
7956 5 8395
7893 6 8734
7055 2 8386
7609 2 8882
8172 4 8389
8189 1 8419
8115 6 11262
7397 2 8409
8062 2 8409
6172 3 11263
6272 2 8512
6515 1 8510
7329 3 11043
8602 6 11264
6333 6 11265
6876 4 8389
8201 5 8700
6134 2 8445
7852 2 8446
7319 2 8446
6685 1 8384
6746 1 11266
7227 3 11267
7847 6 10403
7775 0 9877
8068 1 8384
7093 1 8384
6411 2 8446
7492 0 11268
8104 1 8384
7945 6 11269
6805 6 8506
6199 3 11270
7250 0 9369
6987 0 10560
6972 6 11271
7614 0 9647
7633 6 11272
7134 2 8432
6442 0 11273
7448 4 8389
7219 3 9155
8243 4 8389
9598 5 8395
7567 6 11274
8134 0 11275
7649 6 10967
7509 5 8411
6047 0 9656
6778 5 8395
6673 6 11276
7167 6 10824
7412 1 8384
6138 5 8411
8241 3 9474
6969 0 11277
7143 1 8658
8137 1 11278
6638 6 9122
7988 6 11235
7120 3 11279
8186 2 8515
9941 0 11280
8092 2 8446
6375 5 8459
7094 2 8398
7391 1 8384
7806 6 11281
8163 0 9001
8198 6 8670
8097 4 8389
6540 2 8428
7332 2 8634
6190 2 8634
8364 2 8432
10863 2 8386
6992 1 8384
8189 2 8398
6348 2 8386
6304 2 8398
6741 0 9573
7709 0 11188
7949 2 8416
8088 4 8389
7760 1 8384
7615 2 8405
7650 0 11282
6129 3 9260
8262 2 8409
6055 5 8395
6102 4 8389
7727 0 10639
6756 4 8455
6095 1 8384
6903 4 8573
7172 1 8627
7549 1 10203
6821 2 8428
9781 5 8411
6056 0 11283
8350 3 11284
6569 4 8389
7557 1 8658
8300 4 8389
6473 1 9340
7808 2 8399
10225 4 8389
7173 0 11285
7422 4 8389
7422 0 11286
7969 1 8384
7890 3 9077
6718 0 11287
6054 5 8411
6838 0 11288
8140 5 8395
6253 0 8396
6619 3 11289
6489 2 8398
8156 6 9853
7274 1 11290
8238 2 8398
7633 2 8398
7940 0 11115
6766 3 8935
7965 3 9236
7241 5 8459
6553 1 8731
7176 1 11290
7803 4 8389
7310 4 8389
7681 0 9117
7019 1 11278
6362 2 8386
6230 2 8386
7837 0 11291
6800 4 8389
7257 2 8428
8339 2 8398
6301 3 9610
8193 2 8422
6313 2 8386
7268 2 8452
7662 6 11292
8080 2 8422
6626 2 8386
9959 0 9960
7077 5 8395
7076 0 8834
7146 2 8386
7441 5 8411
7530 6 11293
6708 2 8398
6799 6 11294
8142 3 11295
6225 4 8389
7655 2 8507
8188 0 8472
7517 0 8508
6902 4 8858
6326 2 8398
7701 5 8395
6160 4 8389
7984 6 11296
7622 2 8386
6657 6 11297
6967 1 8384
6773 2 8398
8065 1 8384
7671 1 11278
6586 2 8413
7498 4 8389
7930 4 8389
8189 4 8455
7449 2 8398
6906 6 11298
7293 0 10063
6275 1 8384
6659 2 8386
6948 0 11299
6515 1 8384
6169 0 9759
7459 6 8847
8222 2 8409
7603 5 8395
6060 5 8395
8889 1 9313
6041 2 8386
6985 2 8386
6261 0 9942
7206 0 10751
6739 1 8384
6278 0 8996
6785 5 8411
8197 3 11300
7352 3 11301
7445 2 8398
7533 2 8398
6247 2 8405
7311 5 8459
10275 2 8398
7353 0 8712
6332 0 11302
8393 0 9878
7431 0 9792
8037 0 8621
6949 5 8459
6442 2 8398
6370 6 8872
7176 3 9679
8003 6 9642
6702 2 8882
7306 0 11303
6480 5 8395
7354 1 8384
7056 1 8384
6843 1 8384
6377 0 9659
6271 4 8389
6523 4 8389
6580 4 8389
6760 4 8389
7199 0 11304
8787 1 8384
7579 0 10293
8151 5 8459
7638 3 10021
7387 5 8459
6086 6 11305
6392 6 10975
6463 3 11306
7458 2 8515
6962 4 8389
7857 2 8445
7924 2 8398
7253 2 8386
7838 6 9864
6868 1 11307
8371 6 11308
7732 2 8398
6373 5 8411
7189 0 11309
6099 2 8789
7053 5 8395
7138 6 11310
8186 6 9476
6997 1 8384
7066 3 9148
6402 2 8398
7103 4 8389
7749 0 8795
6066 3 11311
7691 6 11253
6437 1 8384
7635 4 8455
8358 2 8445
7247 5 8395
6662 6 9379
6399 0 11312
6999 4 8858
6248 6 8594
8267 0 8563
6683 5 8395
7712 6 11313
6830 5 8411
8131 5 8395
8189 0 11314
7393 2 8386
7324 2 8386
7459 2 8390
8268 2 8515
7376 2 8405
7265 2 8405
7286 4 8389
6063 5 8395
8325 1 8384
7385 6 9552
6234 0 11315
6102 2 8386
7490 1 8384
7110 5 8395
7352 0 11316
6211 1 8384
8075 0 11317
8374 0 11318
8183 0 11319
6754 2 8446
6963 1 8384
6637 5 8395
6217 5 8395
7897 2 8398
6118 1 8384
6716 2 8428
7644 2 8515
7049 6 11320
8236 6 9456
7273 0 10026
6089 1 8384
8138 0 11321
7837 6 11322
6664 5 8395
7606 2 8512
6743 1 8384
6833 3 9259
6896 4 8389
6575 0 11323
9541 2 8386
7688 2 8416
7638 0 11324
6094 2 8515
7106 1 8384
7015 6 11325
7164 0 11299
7573 5 8411
6176 0 11326
7607 4 8389
8294 1 8731
6513 1 8384
8375 4 8389
8375 0 10172
6616 5 8395
7855 0 11327
8206 4 8389
6471 6 11328
7947 0 11329
7814 5 8395
7592 4 8389
7887 6 10453
7011 0 8383
7316 2 8446
6093 2 8512
7358 5 8459
6142 0 8890
6375 1 8384
7337 2 8409
7103 6 9424
6840 0 9881
6566 3 11127
6655 4 8389
6250 5 8395
6239 2 8398
7247 1 8384
6273 6 11330
6534 6 11331
6584 6 8418
7079 2 8445
7833 5 8395
7001 0 11016
7192 0 8768
7751 0 9324
6528 2 8416
6208 1 8384
6304 6 8622
7505 2 8398
6789 1 8384
6395 4 8392
6305 4 8389
6490 3 11332
7229 2 8405
6985 3 9415
7070 0 11333
7975 2 8399
6740 2 8422
7741 5 8395
8130 0 11334
8103 2 8428
7532 0 11335
11336 6 11337
7025 2 8416
6624 2 8386
7136 6 9484
6899 2 8446
6897 6 11338
7092 2 8446
7788 6 11339
6087 4 8389
6855 5 8411
6855 0 10956
6977 0 9564
6179 2 8398
7946 4 8389
8159 2 8416
7359 6 11340
6147 2 8409
6577 4 8389
6403 2 8398
6760 6 8856
7952 4 8389
7301 3 11341
8136 6 10029
7608 2 8398
6396 6 9961
6193 5 8395
8279 2 8422
8083 6 11342
6915 2 8422
6594 1 8384
7348 1 8384
7566 0 11343
7456 2 8515
7456 0 11344
6146 2 8386
7597 5 8395
7148 4 8455
7062 5 8459
7724 1 8384
8141 0 11345
8029 6 10020
6104 2 8398
7337 0 8851
7625 0 10165
6662 2 8405
7702 6 11346
7622 6 11140
6546 1 8608
7543 0 11347
7159 5 8395
9360 3 11348
6875 6 8592
6656 6 11125
7039 5 8395
7324 2 8446
8062 4 8389
8178 1 8384
8094 2 8789
9308 4 8526
7349 0 11349
8135 0 11350
6359 2 8446
6333 4 8389
6672 5 8459
7432 2 8428
7425 2 8386
6627 2 8386
8187 6 11351
6041 6 11352
6369 2 8398
6413 3 11353
7312 4 8389
8026 2 8428
7975 0 11354
6436 6 9792
7695 1 8384
6847 1 8384
8103 6 11355
7367 2 8515
7285 3 8593
8068 2 8398
7690 1 8384
7756 2 8386
6357 6 9608
7571 6 11356
8191 3 11357
6126 2 8409
6754 1 8384
7995 0 11097
6761 5 8395
6240 3 8444
8211 4 8389
7422 0 8425
6325 4 8389
6270 5 8411
6772 2 8422
7832 4 8389
6204 0 8947
7163 2 8515
6173 2 8398
7009 4 8389
6336 3 9068
6474 5 8395
6078 5 8411
7586 1 8510
7586 5 8395
7296 2 8428
7465 1 8384
6532 6 11358
6403 2 8386
7555 4 8455
6760 2 8398
6557 0 11359
6071 2 8416
6587 4 8389
7872 1 8510
6449 2 8386
6538 3 11360
6572 4 8389
7959 6 11361
8021 3 11362
6176 3 11363
6691 0 11364
7574 6 11365
6255 5 8395
6567 4 8389
6915 0 8656
7314 0 11080
7348 2 8446
6307 2 8386
6616 2 8398
7270 6 10003
8246 0 11366
6646 2 8398
7252 6 9902
7026 1 8533
7707 2 8398
6870 6 9424
6961 3 11367
7691 5 8700
7545 2 8398
6298 2 8446
7415 2 8432
8023 4 8389
6696 5 8395
8033 0 11368
6488 6 10125
7956 0 11369
8248 6 9720
6417 3 10253
6417 0 11370
6331 2 8386
6311 1 8384
7397 2 8405
8285 2 8386
8292 3 11361
6169 3 8607
7544 2 8398
7709 1 9313
6958 4 8389
7016 4 8389
7928 4 8389
7753 2 8398
6512 0 8934
8170 2 8413
7175 1 8384
6202 1 8384
6046 1 9313
6041 0 9514
7234 6 11371
7703 4 8389
7418 2 8405
6386 3 11372
6445 1 8419
7073 2 8446
6212 0 10844
6436 4 8389
7733 4 8414
7733 1 8510
7360 6 11373
6233 6 11374
6408 5 8411
7177 1 8384
6462 6 10125
6552 5 8395
6312 3 10577
9616 0 11375
6126 2 8405
6379 6 8479
6361 6 9914
6257 5 8411
7127 4 8389
7600 4 8389
7118 4 8389
7642 6 11376
6085 1 9726
7787 0 11377
8223 3 11378
7752 5 8395
7704 2 8398
6949 4 8526
6350 4 8389
6350 1 8384
6553 1 8510
7258 3 9854
7927 3 9122
6642 2 8398
8402 2 8446
6580 2 8413
8001 1 8384
7952 5 8395
6592 1 8384
6157 6 11379
8040 1 8658
6513 4 8389
6352 2 8428
6255 2 8398
7566 2 8515
7732 6 9113
8161 6 8851
8110 0 9647
6786 0 10415
7270 2 8398
7947 1 8384
7389 4 8389
7960 4 8389
6225 2 8386
6735 2 8507
6579 2 8446
7232 4 8389
9672 0 11380
6620 0 11381
6874 4 8573
6874 6 11382
6671 2 8446
6860 1 8384
8160 2 8428
8267 6 9266
7740 2 8416
8364 0 10675
6883 3 8540
7751 1 8731
6777 1 8419
6995 2 8398
6935 4 8389
7938 3 8483
8178 6 10901
8368 3 10570
8292 2 8398
8219 2 8386
8268 3 11383
6175 2 8405
7407 3 11384
6182 2 8386
6165 0 11385
6072 4 8439
7385 6 11386
6234 2 8416
8074 0 11387
7852 1 8384
7727 1 8384
7073 5 8395
6829 0 11388
7445 2 8386
7687 3 11389
6297 2 8386
7434 4 8389
7518 0 11390
8300 2 8446
8313 6 10274
7439 0 9461
6291 6 9467
6419 4 8389
7141 6 8766
7835 2 8398
6231 6 11391
8228 4 8389
6759 0 10034
7204 6 10340
8045 0 11392
6372 5 8395
7442 2 8386
6897 2 8409
8168 2 8386
8126 2 8386
7536 2 8515
6358 0 11393
7419 6 11394
7478 3 11395
7241 1 8384
6853 6 11302
7255 4 8389
6859 0 11396
8243 1 8384
7005 5 8411
6888 4 8389
7946 1 8384
6877 4 8389
6377 4 8389
6545 1 8384
7054 2 8398
7661 5 8395
7462 1 8384
7525 3 11397
6151 2 8515
7555 2 8422
6049 0 9848
6313 0 8569
7384 3 11398
6468 2 8386
8241 0 11399
7844 4 8389
8080 4 8389
8046 6 11400
6547 6 9093
7573 1 8731
7934 3 11401
6042 5 8411
6352 6 8747
7732 2 8406
6069 6 11402
7386 2 8398
6782 2 8398
6799 2 8445
7867 0 11403
8203 2 8386
6402 5 8395
6579 3 9540
6566 6 11404
6116 6 11405
8214 4 8526
7780 2 8386
7663 1 8516
7342 3 11406
10381 1 8384
8299 6 10198
8225 6 9299
6218 5 8395
6273 2 8386
7862 4 8389
8117 1 8384
6274 2 8409
8154 1 8384
7113 6 10884
6657 2 8882
6220 3 11069
7543 1 8384
6688 0 11315
7556 2 8386
7871 2 8416
8189 1 8384
6110 6 10666
8184 5 8411
6430 2 8398
7135 3 11407
8667 6 11408
6816 2 8446
7621 2 8446
8344 4 8858
7455 6 11409
6469 2 8398
6041 4 8389
7351 4 8389
6600 2 8405
7514 2 8386
6259 0 11410
7042 5 8411
6942 1 8384
6439 1 8510
6466 6 11411
7612 6 10109
6530 5 8395
7360 3 11412
6825 1 11413
6178 0 11414
7008 3 9174
6720 2 8413
7583 3 11415
6972 2 8386
7499 0 10105
7163 6 11416
6684 2 8445
7885 5 8395
8229 1 8384
7258 5 8411
6977 2 8398
6179 3 11417
6347 1 8516
7606 1 8384
7346 4 8389
6071 3 11418
6705 1 9313
6857 4 8389
8302 5 8395
6894 4 8573
8079 4 8389
7669 6 11419
7272 0 11315
7706 2 8422
7959 3 11361
7109 4 8389
6263 3 9268
7546 0 11420
7629 1 8384
7253 3 9068
8334 6 11421
7530 3 11422
7887 0 11423
7507 4 8414
7507 2 8398
6693 1 8384
6885 2 8446
7252 3 10136
8029 0 11424
6735 2 8409
6128 6 8915
6571 4 8389
7997 6 11425
7066 1 8384
7707 6 11426
8004 3 9077
8185 1 8384
8299 4 8389
7829 4 8389
6546 0 11427
6657 0 11428
8160 3 11429
7159 6 11430
6683 6 11229
8598 6 11431
6677 2 8515
7192 3 8559
7823 2 8398
7345 2 8422
7871 6 11432
6669 5 8395
6528 6 11016
6631 0 8916
7135 2 8398
8216 0 11433
6208 5 8395
8245 3 9814
8368 4 8389
6112 2 8445
6783 4 8389
6618 2 8789
7169 2 8512
7169 1 8384
7624 2 8398
6889 1 8384
7154 3 8641
6202 4 8389
8293 2 8413
6600 0 8485
7765 2 8515
6536 2 8432
7937 0 11434
6599 0 11435
7975 3 10962
9263 1 8384
7972 2 8398
7110 6 10423
8179 1 8914
7452 1 8384
8075 3 11436
7847 0 11437
6712 0 11438
8224 2 8409
6419 2 8422
6361 0 10741
7416 2 8398
6231 3 11439
7583 2 8398
7897 0 11440
7868 2 8422
6253 5 8411
9531 3 11441
7305 1 8384
7633 0 11272
6934 2 8398
7478 2 8634
6766 0 11442
7241 0 11443
7744 2 8386
7554 1 8384
8249 0 11444
7273 4 8389
7271 2 8446
7212 4 8389
7212 6 10220
7895 2 8398
7661 0 11445
6760 2 8386
7553 6 11446
8555 1 8384
6778 0 10375
6119 0 11447
7662 0 11292
7959 1 8384
7420 2 8452
8164 2 8386
6790 0 8877
8081 0 8941
7604 5 8459
7574 0 11365
9572 3 11448
6434 6 11347
7855 6 11239
6373 0 8449
7066 5 8459
6681 3 11449
7749 2 8428
6808 6 11450
6343 4 8526
7590 1 8384
7561 2 8428
6953 0 11451
6851 2 8398
7215 1 8384
6621 1 8384
6991 6 11074
7065 1 8384
6639 5 8411
7993 3 10045
10384 2 8398
7831 2 8446
7469 6 8854
6588 0 10686
8274 6 10265
6630 2 8507
7737 2 8409
8342 2 8386
7621 4 8389
8125 3 10756
8442 6 11452
6266 5 8459
8741 0 11453
8372 0 9391
6165 3 8544
6328 1 8731
6985 0 9893
6795 1 8384
6303 2 8512
6205 2 8515
6829 0 9249
8350 4 8389
7971 6 11454
7125 2 8422
7720 2 8386
7967 2 8386
6548 2 8789
8316 2 8413
6242 4 8389
6242 1 8384
8295 0 9135
6720 6 8611
6337 2 8405
6899 6 11455
6085 0 9628
6111 6 11456
8346 4 8392
7442 3 11457
7766 3 9560
6494 6 11458
7731 1 8384
7614 2 8405
8238 6 9801
8171 6 8926
6338 5 8395
6979 3 11459
7225 1 11278
6380 2 8409
8322 3 11460
8363 0 10818
8303 1 8384
6778 3 9576
7711 3 11461
6497 1 8384
7591 4 8389
6823 6 9756
7230 5 8459
7341 0 8433
6287 1 8384
7772 1 8731
6251 1 8384
6516 0 11462
8132 5 8395
7617 4 8389
7855 2 8409
8206 2 8398
7325 4 8389
8309 1 8510
8340 0 11463
6083 2 8398
10555 2 8398
8523 4 8455
8523 2 8413
7960 1 8384
8127 0 11464
7409 2 8386
9672 0 11131
8284 3 9068
8176 1 8828
7247 0 8458
8163 1 8384
8315 5 8395
6810 5 8459
6209 2 8398
7224 5 8459
6827 2 8422
7762 6 10321
9073 0 11465
7158 0 11046
6781 6 9635
8230 0 10856
6232 5 8411
8155 6 10584
7408 0 11466
7045 0 9667
6762 5 8459
6784 0 11467
7703 3 11468
8329 5 8459
7070 1 8384
8026 1 8384
6771 1 8384
7207 3 11469
8059 0 11470
8213 2 8398
7104 2 8398
6944 3 11471
6660 0 9569
6649 2 8398
7294 1 8384
6578 3 8735
7025 0 8810
8266 0 11472
8895 6 11473
7280 1 8384
7994 2 8512
8324 1 8384
6766 0 8418
7264 2 8507
6979 2 8446
7219 1 8384
8614 6 11474
8326 0 11475
7495 6 10615
6264 2 8446
8382 3 11476
8057 1 8384
6394 1 8384
6265 1 8384
7872 6 11477
7697 0 11478
6895 2 8398
7283 5 8459
6387 2 8446
6570 0 8685
6193 0 11479
7792 2 8422
6197 2 8416
7443 4 8439
6255 4 8455
7355 6 9418
7795 0 8621
7145 4 8455
8347 1 8731
6471 2 8398
7742 0 11016
8561 6 11480
7820 2 8406
6997 2 8398
8092 0 8403
6375 3 9122
6622 1 8384
6791 6 9901
7363 1 8384
6503 2 8409
7561 1 8384
6390 6 11481
7151 2 8512
7977 0 11482
7984 1 8510
7142 1 8384
7511 6 8717
11483 1 8510
6106 1 8384
8304 1 8384
8248 0 11484
6355 1 9793
7158 3 11485
8355 5 8395
7582 0 10079
6169 1 8510
6499 2 8413
7985 3 11486
8494 2 8398
8252 2 8416
6854 3 10587
8167 2 8409
6410 2 8398
8258 1 8384
8258 3 11487
6046 1 8384
6820 4 8389
7703 5 8411
7765 1 8384
7514 1 8384
6739 6 9903
6892 0 11488
9367 6 11489
6466 0 11411
6530 4 8389
7350 5 8459
8030 1 8384
8313 0 11490
8111 6 9943
7690 5 8411
6521 2 8386
6411 2 8386
6907 1 8384
7899 1 8384
6647 2 8398
6320 1 8384
8211 0 9025
7884 1 8384
6818 6 9588
7935 0 11491
6972 1 8384
6215 3 11492
7659 0 11493
7176 0 11494
6067 2 8512
7451 2 8386
6065 5 8411
7359 3 11422
6380 0 9376
7925 0 11209
8001 6 8485
7640 2 8398
7858 1 8384
7654 4 8389
6890 1 8384
6919 2 8416
6613 1 8384
6482 0 9647
6864 4 8389
7238 2 8512
7860 5 8395
7597 2 8398
6947 2 8515
7867 2 8413
7598 2 8515
6984 3 11180
7331 1 8384
7628 2 8398
7130 6 11495
7763 2 8409
7819 1 8627
6681 6 11496
7888 2 8634
7898 0 10505
7723 2 8386
9389 6 11497
6615 0 10471
7563 2 8512
8208 2 8445
7444 6 11498
7902 5 8411
6252 4 8389
6631 5 8700
7938 2 8398
8178 2 8405
7737 0 9134
7457 1 8384
6858 1 8384
7010 0 9421
7734 4 8389
6815 1 8384
7059 0 11499
7515 1 8510
7188 4 8389
6309 0 11500
9198 6 8840
7312 2 8634
7972 2 8446
6829 2 8386
7058 4 8389
6247 6 9219
7149 2 8398
6936 6 11501
7827 5 8411
6473 1 8627
6411 5 8395
6634 5 8395
8114 4 8389
6548 1 8384
6167 2 8390
8175 4 8389
6720 3 10659
7236 0 11502
7766 0 11503
7537 5 8395
7773 6 10117
8235 6 9153
7375 5 8395
8043 0 11504
7803 5 8411
7411 1 8492
6151 2 8428
7870 0 10797
6730 1 8384
6497 4 8455
7243 1 8384
7401 1 8384
6601 0 10408
8132 2 8399
6145 6 8975
6405 2 8446
6346 2 8409
7793 2 8644
7771 1 8384
6850 2 8405
6307 0 9148
6397 6 11505
7764 2 8405
8077 4 8389
7053 2 8446
7466 4 8389
7693 6 10564
6866 1 8384
7094 6 11506
8185 2 8398
7378 0 11507
6511 1 8384
6869 0 10487
8225 5 8395
8176 1 8384
7677 2 8386
7513 2 8416
7723 3 11508
8256 2 8507
6344 3 8473
6640 5 8395
7035 3 11509
6688 4 8389
7279 2 8398
7067 5 8395
6451 3 11510
6331 0 10379
7050 2 8409
7100 3 8666
8105 1 8384
7249 2 8446
7709 4 8439
7408 0 9299
7016 0 11511
6502 1 8724
6423 1 8510
6333 0 11512
6129 1 8384
6072 0 9902
6504 1 8384
7515 6 11513
8014 6 9249
8014 1 8384
6043 0 10579
7023 1 8384
7223 5 8395
8215 0 9154
6261 3 9585
7144 3 10386
7812 0 11514
6188 1 8510
6892 2 8416
7565 6 11515
8130 1 8419
7266 4 8455
7370 2 8789
7450 5 8459
6825 1 8384
7542 2 8515
6325 3 10479
7118 2 8386
6989 2 8406
7832 3 9680
7236 6 11516
7678 1 11517
8327 6 9428
6706 2 8386
6828 6 10709
6591 2 8399
6598 4 8389
8180 2 8398
6087 6 11518
8341 6 11519
7659 4 8455
7744 4 8389
7974 6 11520
6179 6 10296
8169 2 8445
7126 2 8422
6589 2 8446
7273 3 11521
8057 4 8455
7978 1 8384
8272 2 8390
8302 2 8409
8079 0 11522
6084 3 11043
7300 2 8512
7866 2 8405
7986 2 8398
6435 1 8384
6582 4 8389
7458 4 8389
7333 2 8398
8084 2 8405
7164 4 8389
7506 2 8390
7506 3 11523
6422 2 8416
6658 3 9884
7481 5 8459
6099 4 8389
8290 0 10611
6997 5 8459
7655 2 8428
7466 6 8615
6460 6 11524
7816 6 9004
6198 5 8459
6968 3 9421
6902 3 11525
7328 6 11526
7829 2 8398
7677 2 8398
6750 0 11527
8149 3 11069
7111 1 8384
6995 2 8428
7777 4 8414
7376 0 11528
6124 5 8459
7889 5 8459
7906 5 8395
9520 4 8455
7727 4 8389
7937 3 8425
6188 6 8720
6970 2 8398
6845 5 8395
9835 0 11529
7421 1 8384
6936 2 8515
7125 3 10691
6464 2 8398
7600 2 8399
7080 1 8384
8228 0 9055
6720 5 8395
7644 1 8384
7632 6 11530
6477 2 8416
7921 0 11531
7419 1 8384
8043 2 8512
6461 2 8422
8090 2 8512
7451 3 11532
6800 6 10023
6667 6 10734
7182 2 8446
7679 3 8410
7719 5 8395
6730 0 11533
7877 0 8872
6119 1 8384
6792 2 8405
7267 1 8384
8060 5 8411
6895 2 8789
7961 1 8731
8027 0 11534
6315 5 8395
7574 2 8512
7950 6 11474
7355 1 8384
8049 2 8446
7860 2 8386
11535 6 11536
6682 1 8384
7867 0 11537
6652 6 8901
6652 0 11538
6988 2 8512
7184 5 8459
7708 4 8389
6956 2 8428
7248 2 8390
7691 2 8386
7663 2 8512
7513 2 8386
6510 2 8515
6763 4 8389
6640 1 8384
7469 0 11539
7572 4 8389
6608 6 9596
7007 5 8395
7185 6 9657
8348 2 8386
7996 2 8398
6889 5 8411
8152 1 8384
6234 1 8384
6055 0 10467
8014 4 8389
8014 5 8395
8014 0 11540
6903 5 8395
8329 1 8516
6122 3 9797
6454 1 9060
7046 5 8395
8157 4 8389
6143 5 8411
8082 1 8384
7811 1 8419
7299 4 8455
8346 3 11541
6217 2 8512
8500 2 8446
6706 2 8398
7722 6 8592
7132 1 8384
8229 3 11542
6675 2 8386
8353 1 8384
7005 0 10004
7451 2 8422
6150 4 8389
6873 3 11543
8402 3 11544
6377 0 9117
9351 2 8445
7178 1 8384
7725 2 8386
6045 0 11545
6119 4 8389
6133 2 8512
8241 4 8389
8107 1 8384
7706 5 8395
6463 6 11546
8061 2 8398
6601 2 8446
6864 2 8390
7365 0 10624
6037 0 11547
7807 5 8411
7355 1 8627
7538 5 8395
8210 2 8409
7195 1 11307
6978 2 8428
8120 2 8445
7507 5 8395
6083 6 11457
8377 5 8395
6693 6 11548
6104 0 11549
6459 2 8386
7115 3 11550
7391 2 8422
7151 3 8922
6153 5 8395
7577 0 11551
8117 1 8731
7882 1 8384
7825 6 11552
7116 2 8386
7116 0 8860
7423 2 8405
6725 6 11553
8276 4 8389
7185 4 8389
8018 0 11554
6366 0 11003
8219 3 11555
7349 6 11556
8150 1 8384
6562 6 9671
6132 2 8399
7615 4 8389
8442 2 8452
8442 3 11557
6050 1 8384
10346 4 8389
8201 2 8405
6391 6 11558
6391 1 8384
7155 0 11559
6795 4 8389
6386 4 8389
8352 3 9104
7350 2 8416
6462 1 8384
6149 3 11560
7374 3 8462
7720 0 8383
8191 2 8398
6770 3 9415
8320 3 11561
7648 1 8384
7884 6 9055
6832 4 8389
7560 0 11562
8295 1 8454
7373 2 8428
7894 6 10322
7969 0 9232
7236 0 8633
6904 2 8398
6716 2 8398
8098 5 8411
6914 1 8384
6171 1 9060
7643 4 8389
6474 0 8838
7219 0 8477
6039 4 8389
7022 5 8395
6888 1 8384
7000 0 9237
6196 2 8399
7257 3 9632
6612 3 11563
7346 3 8473
7978 3 10821
7684 1 8384
7679 4 8389
6861 2 8398
6236 4 8389
6447 0 11564
6396 2 8386
7109 5 8411
6371 1 8384
6609 1 8384
6069 0 11402
6878 4 8389
6299 0 8474
6786 0 9746
6782 6 10366
6158 2 8390
7062 0 8851
6694 2 8428
7430 1 8384
6470 2 8446
7248 2 8386
6123 0 11565
8101 5 8395
8214 4 8389
8214 1 8384
6390 5 8700
7715 5 8395
6982 3 10697
6218 6 9330
7883 1 8384
6248 2 8446
6052 5 8395
7893 2 8398
6883 2 8512
6777 4 8389
6804 1 8384
7524 2 8422
7999 4 8389
8105 5 8459
6846 1 8384
6068 5 8395
8276 3 11566
6732 1 8828
8494 4 8455
6132 2 8405
8254 4 8389
6283 3 11567
6765 1 8384
6490 5 8395
6324 6 8713
6102 6 9553
6369 3 10039
7229 2 8507
8352 2 8398
8352 0 11568
7312 1 9433
6599 6 11569
6740 0 8996
7124 4 8389
6226 1 8510
6574 2 8446
6126 2 8428
6927 0 10305
7099 1 8384
6761 0 8744
8266 2 8416
7728 4 8389
6932 1 8384
7435 0 11570
8119 3 9076
6474 1 8384
6078 0 11571
6573 0 10686
6383 5 8411
7757 0 11572
6039 1 8384
7271 4 8389
8067 1 8384
6310 4 8389
6734 4 8455
6446 3 11573
7952 2 8386
7333 6 10972
7772 1 8419
6263 2 8446
8218 2 8386
6363 0 9418
6352 0 8747
6156 2 8398
6633 3 11574
7845 3 8730
7006 4 8858
6448 2 8405
6448 5 8411
7960 2 8422
8127 2 8432
6735 2 8405
6866 6 8764
8988 1 8510
11240 1 8384
6249 5 8411
7035 1 8724
6688 5 8395
6256 0 8473
7198 2 8428
7736 3 9560
6415 6 11575
8304 0 11576
7246 2 8386
7100 5 8395
8285 0 10560
8178 4 8414
7534 3 11577
6948 5 8395
8360 5 8459
7575 1 8658
7709 1 9937
6500 3 11578
7045 5 8395
6964 5 8395
6050 5 8411
6072 0 11579
7634 3 11580
6391 2 8386
6391 0 11581
7613 3 9390
7245 1 8384
7395 2 8386
8287 1 8384
9781 2 8398
7207 0 11582
6170 2 8386
7263 0 8383
7827 4 8389
6521 2 8398
6379 4 8389
8297 2 8416
6899 1 8384
6862 6 9411
7936 5 8395
6617 2 8409
7487 2 8446
7157 4 8389
6675 2 8409
7659 0 11583
8024 6 8469
6264 2 8789
6954 0 10801
7336 0 11584
6279 4 8455
6734 5 8459
7798 5 8395
8073 2 8422
6673 3 11585
6928 2 8512
7300 2 8398
7688 2 8405
6774 2 8398
7961 5 8395
8002 2 8405
6388 6 11586
8340 6 11463
6154 6 9411
6340 4 8389
7708 0 11587
7933 2 8789
6503 6 10666
7378 3 11588
8988 3 11589
6229 4 11590
7415 0 9249
6576 1 8384
8176 2 8405
6162 0 9991
6510 6 8534
6081 1 8384
7113 2 8398
8005 1 8731
8267 0 11591
7218 2 8409
6701 0 11592
9360 2 8789
6106 0 9922
7067 2 8398
7754 2 8386
7256 5 8700
7050 4 8389
8184 1 8384
8094 5 8395
6342 2 8398
6562 3 11034
6783 3 8844
8254 1 8384
6469 1 8384
6815 6 9423
7497 2 8422
7515 2 8398
7641 2 8386
6102 3 10355
6285 4 8389
6960 1 8731
7549 2 8446
7312 2 8398
8026 2 8507
7058 2 8386
7847 3 11593
7367 5 8395
8182 6 11594
6505 2 8634
7571 2 8413
7439 4 8389
7492 4 8389
6770 0 8621
6649 1 8627
7967 1 8384
6475 2 8399
6167 3 11595
8082 5 8395
6818 3 9588
7657 2 8398
6253 0 8443
8156 3 11596
7419 4 8389
7437 0 11597
7885 4 8389
7451 2 8409
6362 3 9309
8380 5 8395
6730 2 8405
7776 2 8445
9568 2 8406
6974 2 8446
6717 4 8389
8269 3 11598
7976 4 8389
6075 0 9072
8164 2 8390
8217 0 11599
7573 3 9268
7942 1 8731
7195 1 8419
7987 2 8405
6200 2 8398
7892 0 11600
7742 6 9107
6751 1 8384
6628 2 8398
7763 3 11601
7075 5 8395
8004 2 8413
7630 2 8409
8007 5 8459
6250 3 10646
6066 0 10663
6390 1 8384
6218 2 8386
8147 2 8386
6273 2 8416
6274 2 8512
8367 2 8398
7833 2 8386
6606 5 8700
8128 2 8512
6282 2 8398
10384 5 8395
8239 5 8395
8012 2 8406
8331 0 8810
6444 0 9671
7039 1 8658
6172 0 8826
6304 5 8395
6275 5 8395
6272 0 11602
8276 4 8455
8888 1 11603
6789 6 9856
8150 0 11604
8148 5 8459
7910 6 8536
6583 6 8811
7455 0 9992
7512 2 8515
7796 2 8386
6456 2 8398
7382 3 10351
6627 2 8507
6483 2 8416
6551 2 8390
6611 5 8395
7371 5 8395
6739 0 11605
6113 4 8389
7245 4 8389
6308 0 8425
6561 6 11606
6650 5 8395
6177 2 8398
6663 2 8634
6439 3 11607
7207 0 11608
7450 2 8386
9835 2 8398
7118 5 8395
6080 1 8384
6270 3 9535
7642 4 8858
6337 3 8777
6111 2 8416
7890 2 8413
6372 0 10699
7163 1 8384
7302 0 11609
7381 0 11610
8180 5 8700
6731 2 8428
6684 1 8384
7998 5 8395
6871 1 11611
7241 6 11612
7176 4 8389
8003 1 8384
6729 0 9136
6702 4 8389
7465 2 8405
6645 2 8386
6698 6 11613
6674 2 8789
6612 0 11390
7347 3 8666
7272 2 8428
8241 2 8399
6572 6 9605
8270 6 11614
7191 0 9446
7341 1 8384
6919 4 8389
7472 0 9181
6824 4 8389
8280 4 8389
6768 2 8413
7934 2 8409
6884 2 8398
6609 5 8395
8200 0 9418
8002 6 10715
6998 6 11305
7186 0 8771
6751 2 8634
7983 2 8445
9062 3 9455
6097 4 8389
8177 2 8398
6956 1 8384
7819 1 8384
7809 2 8406
6191 2 8398
7843 1 8384
6621 5 8700
7065 0 9441
6356 4 8389
6256 1 8384
7055 2 8446
6106 5 8395
7751 2 8405
6496 1 8384
6630 0 10621
7069 0 8868
8199 4 8389
6112 6 11615
8273 0 11616
6057 4 8389
8917 0 11617
7059 1 8384
6055 4 8414
8187 1 8384
6309 0 11618
6369 5 8395
6244 0 11619
7504 2 8399
8329 0 11620
8197 0 11621
7533 3 9695
7690 3 8544
7631 2 8398
7127 0 11622
6537 5 8459
7289 0 11623
6759 3 9174
8297 3 10486
8086 5 8395
7897 4 8389
6254 3 11624
7537 3 11625
6421 2 8398
6914 0 9647
6474 2 8446
6414 0 11626
6855 3 10497
7296 2 8409
6268 2 8405
8118 2 8446
6480 3 9317
7121 2 8398
6520 2 8428
6758 1 8898
6674 2 8398
7649 4 8389
7798 0 11130
7404 1 8384
6928 4 8389
7235 2 8428
6974 3 8931
6222 3 10659
6109 0 8535
6945 4 8389
6792 3 10570
7267 6 11135
8060 6 11330
6396 0 11627
7694 4 8389
6651 1 8731
7792 2 8405
7253 1 8384
8371 3 9894
6558 3 11628
6682 5 8395
8077 2 8789
7598 0 8626
6997 3 8443
7252 2 8422
7464 2 8398
8177 3 11629
6961 5 8395
10315 6 9294
7888 5 8459
6437 2 8386
7619 6 11630
7699 4 8389
6514 2 8398
6744 2 8398
7484 4 8858
8248 5 8459
6331 2 8398
6091 2 8416
6796 2 8398
6528 2 8386
6195 0 10740
8292 1 8384
8311 1 8384
6959 3 11631
8087 3 9794
6407 0 10013
7873 3 9610
7154 0 11632
7154 0 9209
6055 1 8510
6739 5 8411
6259 2 8386
6233 2 8432
8030 6 9714
6149 1 8384
6767 4 8389
6424 2 8446
7631 5 8411
7004 1 8724
7202 2 8409
6337 2 8422
8168 1 8731
6560 2 8422
6118 0 11633
8133 2 8409
8234 0 11634
7165 4 8389
7973 1 8384
6949 0 11635
6474 2 8386
6748 2 8386
8369 5 8459
7000 6 8663
6721 1 8492
6147 2 8405
7726 2 8446
6517 4 8414
6928 0 10594
6717 6 8418
8330 0 11636
6824 0 10169
6962 2 8386
7924 5 8411
6658 5 8411
6826 0 11637
6930 4 8389
6224 4 8414
6811 2 8399
7901 6 11638
8051 6 11639
7799 5 8395
6694 0 10260
7466 2 8409
7026 4 8389
6681 1 8384
7584 2 8399
6831 4 8389
7248 0 8449
6286 4 8389
6341 2 8386
6874 2 8446
8801 1 8384
6867 6 9015
6596 1 8384
7001 0 11640
7501 0 11641
7085 0 9126
6355 2 8446
7999 5 8395
6172 4 8389
8052 5 8459
8093 4 8389
6246 2 8446
7455 0 11252
7641 3 11642
6820 2 8445
7234 2 8416
7351 5 8395
7318 6 8913
6600 4 8389
7371 4 8455
7549 1 8384
6308 2 8512
7410 2 8386
7865 0 11643
7380 0 11644
6436 1 8384
7366 2 8386
7058 2 8398
7370 1 8384
7542 2 8386
7583 1 8510
7499 2 8409
6709 2 8398
6477 0 10453
7096 6 11645
6684 4 8389
6354 0 11646
7258 6 11647
6755 1 8627
6480 2 8405
6535 2 8399
6065 6 9337
6758 1 8658
6581 1 8384
6667 2 8512
6151 1 8384
7745 1 8384
7233 0 11648
8263 3 8592
6155 5 8459
6879 6 11649
7239 6 10340
6572 1 8510
6626 2 8432
6881 2 8406
7494 6 11650
6398 3 11651
7864 1 8384
6880 1 8384
7604 3 9415
7795 2 8386
7314 5 8459
6458 3 11652
8334 1 8384
8110 4 8389
8013 4 8455
8016 5 8459
7867 6 11653
7138 0 10389
7424 2 8409
7701 3 11654
7672 5 8395
10384 6 11655
6418 1 8384
7609 4 8389
7943 4 8392
7871 2 8507
6036 5 8700
6906 5 8411
7999 1 8384
8355 2 8446
7447 6 11656
8230 0 11657
7505 3 11658
8155 2 8446
7016 3 11659
8076 2 8405
8148 2 8386
6876 2 8386
8196 0 11621
6055 2 8428
7686 3 11660
6985 4 8389
6308 4 8389
8287 2 8409
7380 2 8386
7450 1 8384
7557 1 9313
7685 5 8395
7046 6 8817
6927 0 11661
11336 2 8386
8320 2 8398
7939 0 11662
8054 3 11663
6761 2 8512
6235 1 8454
7353 2 8446
8266 6 11664
7289 4 8389
7580 2 8386
8157 2 8413
7890 1 8419
6339 6 9943
7502 1 8384
8223 4 8389
7009 3 11665
6477 6 11666
7921 2 8386
6766 6 8418
6871 6 10939
8043 6 11667
8614 4 8389
7491 0 10146
6664 3 8540
7297 2 8398
6730 2 8428
7620 3 9579
8303 6 8592
7167 1 8384
7268 3 9236
7335 0 9374
7903 0 11668
7088 0 11669
7697 2 8386
8381 0 11670
6468 6 10504
7688 0 11671
8241 6 11672
7341 4 8389
7267 0 11673
6779 5 8459
7694 1 8384
8217 0 11674
8132 6 8877
7785 6 9380
6405 3 11675
6930 6 11676
6434 2 8416
6397 5 8395
7588 2 8445
7482 1 8384
6164 5 8411
7867 1 8384
7091 2 8789
8423 1 8384
6887 3 11677
6559 1 8510
8277 3 9743
6459 0 11678
7888 1 8384
7587 2 8512
7919 5 8459
8225 1 8384
7513 1 8384
6160 0 11679
7113 2 8405
7882 6 8611
8065 4 8389
7480 2 8386
7789 0 8989
7505 6 11680
6916 2 8398
7985 6 9103
6738 6 8768
8366 3 11681
6469 3 11682
6971 1 8384
8231 0 9995
7673 4 8389
7907 1 8384
6600 1 10203
7639 2 8386
6686 3 11683
7445 2 8446
6788 5 8395
7532 2 8446
8111 0 8487
7197 2 8405
7492 1 8384
8202 0 11684
7580 6 11685
7521 2 8398
8063 5 8411
7118 2 8446
6270 6 9219
7414 3 11686
7658 4 8389
6293 5 8411
6835 1 8384
8223 6 11315
7868 1 8384
7486 1 8384
8037 0 10143
6404 6 11035
7614 1 8384
6350 2 8398
6853 1 8898
7927 1 8384
7681 3 10067
7589 2 8386
7451 1 8384
7567 1 8384
6833 2 8398
7346 2 8386
8282 3 11687
6673 1 8384
6045 0 11688
6632 0 11689
7929 2 8428
7869 0 11690
7401 2 8515
6075 6 11691
6516 2 8409
7604 2 8386
7527 0 11338
6458 2 8398
7441 2 8398
8309 0 11692
6782 1 8384
8246 2 8398
7693 0 11693
6104 6 11694
7156 2 8515
8277 4 8389
7846 0 10196
7715 1 8384
7702 2 8386
7065 2 8386
8124 2 8386
8239 1 8384
8248 2 8409
8006 4 8389
6935 3 11695
8273 1 8384
7016 5 8395
6124 4 8389
7559 0 11696
8014 0 11697
8293 4 8389
7226 3 11698
7634 0 11699
8074 3 11700
8201 3 11701
6728 2 8445
6549 4 8573
7427 2 8789
7848 2 8398
6825 4 8389
8104 0 11702
6770 2 8428
7995 5 8459
6775 5 8395
7658 0 11703
6989 2 8446
7894 1 8384
7787 2 8452
7782 3 11704
6491 4 8439
8133 4 8389
8180 3 8926
6295 2 8386
6539 4 8389
6675 3 11705
7946 6 11451
7665 1 8384
8260 3 8719
6758 2 8398
7877 4 8389
6449 0 11706
6138 6 10967
8143 6 11707
6392 2 8398
7428 6 8425
7420 0 11708
7785 1 8731
6616 2 8512
8206 0 11709
8257 6 8506
8351 3 11710
8120 6 11711
7598 1 8384
7840 6 10228
7170 2 8515
6364 2 8398
8227 2 8409
6522 1 8384
7115 1 8384
7415 2 8398
7079 2 8406
6773 0 11712
8364 4 8389
7116 5 8395
7746 3 11713
11483 0 11714
6901 1 8731
8190 3 11715
7664 4 8389
6948 0 11716
6120 1 8384
7098 2 8507
8222 6 9841
7309 5 8459
7734 2 8413
6353 2 8398
6618 5 8459
7948 4 8389
8187 0 11351
6046 5 8395
7917 1 8384
6228 3 11717
7686 0 11718
6990 3 11719
6990 0 9316
6740 2 8409
8179 4 8455
8179 0 10527
7896 4 8573
7360 0 11720
8361 4 8455
6233 5 8700
7078 4 8389
6552 0 11721
6357 2 8386
7197 5 8459
7307 3 11722
7797 0 8692
7099 2 8446
6634 4 8414
6565 0 9005
7811 2 8398
7373 1 8384
8820 1 8384
7569 1 8384
6798 3 9148
6323 5 8459
7940 2 8515
6354 5 8411
7744 0 10459
8139 1 8384
6383 1 8384
6077 2 8409
7354 3 11723
6877 1 8384
9598 2 8398
6581 0 11724
8298 0 11221
6428 1 8384
7475 3 8969
7684 6 10193
6912 1 8384
7404 5 8459
7313 1 8419
6155 0 11725
6133 2 8409
7276 5 8700
7063 6 10261
6193 1 8384
7323 0 11726
7012 3 11727
8081 3 9145
6156 1 8384
7822 1 9313
6797 1 8516
7676 3 11728
7041 6 11501
7331 5 8395
7627 6 9446
6614 5 8395
8306 3 11729
7291 6 9045
7584 5 8395
10315 3 10406
7364 3 10763
7024 2 8644
7550 2 8512
7021 4 8389
7605 6 9968
6662 2 8416
6274 5 8411
7714 2 8409
7698 2 8446
7932 2 8399
7461 3 11730
6137 0 11731
9099 2 8413
8006 6 11650
8044 1 8384
8570 2 8409
6886 5 8395
7944 2 8445
6916 5 8395
7810 2 8432
7488 2 8399
6959 1 8384
8196 1 8384
7603 6 9311
7765 0 8975
7144 1 8510
7312 1 8384
7741 1 8384
6829 4 8389
6829 0 10116
7360 1 8384
8202 2 8405
8102 5 8395
7842 3 11732
6647 5 8395
7236 0 11733
7048 1 8384
7704 0 10155
9533 3 11734
7478 2 8398
7369 3 11735
8113 0 11736
6813 2 8515
7057 2 8386
6268 6 8547
7656 3 10659
7273 5 8411
6230 2 8398
8260 1 8608
6607 4 8389
6053 2 8446
8283 1 8384
7595 6 11737
7555 1 8510
8303 2 8409
7268 4 8389
7340 4 8389
7726 0 11738
7801 0 11565
6133 4 8389
6051 1 8384
7688 2 8386
7228 6 11739
6792 0 11740
6547 2 8398
7323 5 8395
8217 3 11683
6251 4 8573
6363 2 8405
6703 3 11741
6213 1 8384
6635 6 11742
8200 3 11743
8365 1 8510
7845 0 11744
8589 0 8590
7840 0 10232
7203 5 8459
7628 4 8455
7091 3 9783
8286 6 11745
6198 0 9746
7363 4 8389
7363 2 8515
7876 4 8389
6689 1 8510
6298 5 8411
7843 4 8389
6534 0 11331
7714 0 11309
8160 6 10178
7881 6 10446
7672 1 8384
7338 3 11746
8044 2 8401
7761 6 8913
7209 2 8405
6342 5 8395
8089 2 8634
6169 1 8731
6061 3 11747
8069 4 8389
8069 6 11322
8268 1 8419
6057 2 8398
6485 1 8510
6175 6 11748
8125 4 8455
8066 1 8384
7139 4 8389
7996 5 8459
6604 4 8389
8262 4 8389
6985 2 8413
6903 1 8384
10933 0 11749
7972 3 11750
6917 0 11751
7926 1 8384
7427 2 8398
8301 2 8398
7421 2 8413
6647 1 8384
6293 2 8386
6989 5 8459
7280 5 8395
7204 1 8898
6204 5 8411
8070 1 8384
7891 2 8399
7305 0 11752
6367 0 11753
7773 2 8386
7489 1 8384
6442 4 8439
6465 2 8398
8308 0 11754
7448 2 8398
8169 2 8406
7981 0 11007
6520 2 8515
7567 4 8389
7356 3 8674
7112 5 8395
6327 3 11755
7346 0 8473
7475 6 11756
7475 0 10906
7404 2 8386
6497 0 11757
7863 6 11719
7654 2 8416
8020 6 10981
7341 6 8433
7758 6 11758
6609 6 10378
8365 6 11759
7308 6 10158
7358 1 8384
6866 2 8789
6902 4 8455
7963 2 8386
8036 1 8384
6621 0 11760
8097 0 11761
6349 2 8398
8256 2 8416
8256 0 11762
7671 0 11763
6749 0 11022
8378 5 8395
8598 3 8544
6744 0 11309
7498 5 8700
7498 0 10105
7469 4 8389
9225 0 11136
7938 0 10402
7636 1 8384
7013 0 11063
8219 4 8389
6485 2 8515
6776 1 8384
8135 6 11340
8056 2 8399
6107 3 11764
6416 5 8395
7071 5 8395
7796 6 11765
7906 6 9747
8359 1 8384
7059 2 8405
8100 0 11766
7234 2 8428
6244 1 8384
8287 2 8398
6942 3 11767
6318 2 8398
8129 0 8621
7125 2 8416
6775 6 10375
6634 6 8529
7899 3 11457
6361 2 8398
6963 5 8395
7133 4 8389
7738 1 8384
6167 2 8386
7657 5 8411
6288 0 9008
8297 0 10891
6590 1 8384
7766 0 11768
7839 2 8446
6560 0 11769
8037 3 11770
7704 4 8389
7788 2 8515
7381 1 8658
7090 2 8398
6467 2 8413
7965 0 11771
6335 3 8674
8353 5 8395
7296 1 8384
7310 2 8398
7057 3 11772
6039 3 11773
7900 4 8389
8165 2 8386
6196 0 11689
6524 1 8384
8260 6 11430
6833 1 8384
6833 0 11282
7661 0 11774
8328 4 8389
6760 1 8384
6071 4 8389
6912 2 8512
8349 5 8395
9541 3 11775
7276 2 8386
6632 1 8384
10188 6 10573
6044 3 9535
6447 6 11776
7314 2 8386
8343 5 8395
6769 1 8384
7947 6 11777
7675 5 8395
7358 2 8398
6628 2 8416
8421 2 8515
6680 6 9939
7816 2 8398
7630 0 9874
7103 1 8384
7517 2 8386
6116 0 9083
6522 4 8389
7036 2 8416
8358 4 8526
7151 0 11778
7577 2 8446
7919 4 8389
8005 0 11779
7277 5 8395
6586 0 11780
7831 4 8389
9360 5 8395
9099 0 10838
6875 4 8389
8264 0 10900
7147 4 8389
6670 0 8851
6946 5 8395
7162 4 8389
7544 2 8446
8254 2 8405
7906 0 9747
7497 0 10105
6060 2 8398
7727 2 8446
8099 4 8389
6561 5 8459
8121 0 11781
6322 4 8389
6122 2 8634
7352 0 11782
7474 3 11783
8112 0 11784
7040 2 8432
7197 2 8428
6379 0 11785
6548 5 8395
6231 2 8512
6389 6 11786
7994 6 9822
6058 2 8422
6828 2 8422
6171 1 8384
6385 1 8627
6934 2 8446
6871 2 8398
6088 5 8395
6573 2 8432
6573 1 8384
7681 5 8395
7095 5 8395
6210 2 8398
6577 2 8386
10310 1 8384
7411 1 8658
7347 0 8736
7178 2 8428
6557 4 8389
7821 5 8395
6463 5 8395
8317 4 8389
7950 5 8395
7592 0 11787
7892 2 8398
6694 6 8591
6751 2 8789
10555 0 10556
8288 2 8428
8310 2 8409
7816 3 11788
8306 6 8651
6968 5 8395
6191 5 8459
6116 0 11789
6326 1 8608
7923 5 8395
6349 5 8411
8323 0 8433
7736 4 8455
6701 0 8511
7930 1 8384
7754 6 8473
6451 1 8658
6110 1 8384
6444 2 8409
6351 5 8395
7100 1 8384
6801 1 8384
8276 6 11179
7107 1 8828
6776 6 9011
7551 3 11790
7748 2 8634
6556 2 8406
6063 0 9887
8325 0 10816
7318 2 8446
9367 3 11791
6663 2 8398
9678 1 8384
6917 6 11751
8059 2 8413
6170 5 8395
6401 3 11792
6788 2 8446
7177 6 8547
7322 5 8395
7434 0 8691
6453 6 9047
8111 2 8422
7061 6 11793
7289 3 9076
7991 3 10862
8316 0 11794
6495 2 8507
6720 1 8384
6217 0 11795
7936 2 8390
7788 3 11796
6489 4 8389
6171 2 8398
7419 0 10445
9533 0 10938
7448 2 8386
7219 5 8395
7851 6 8473
6258 1 8384
7476 0 11797
6207 2 8386
7167 6 11798
6517 1 8384
7230 2 8386
6084 6 10263
7083 0 11799
7869 1 8384
6895 6 10613
6715 1 8510
6157 2 8446
6768 4 8389
7443 4 8455
7538 2 8446
6868 3 11198
8161 3 10266
6158 0 11800
7594 0 11801
7062 2 8399
6125 1 8384
6559 0 10078
7337 1 9313
7578 4 8858
6286 0 11802
7963 3 8926
6689 2 8398
7680 4 8858
7513 3 11057
8801 3 11053
7519 3 9410
7932 0 8528
6052 2 8386
7671 1 11803
7859 4 8389
7208 6 10340
7246 5 8411
6036 0 9552
7783 0 11804
6311 4 8389
6986 2 8386
6115 6 11805
8245 0 11806
7376 0 11807
7467 4 8389
6180 5 8395
6876 5 8459
7996 6 11546
7996 2 8789
6305 6 11808
7889 6 11809
6202 6 8941
8362 2 8515
6413 6 8774
7380 2 8398
6317 6 10327
7800 0 8710
7150 1 8384
7003 2 8422
7149 5 8395
8182 2 8398
8104 2 8398
6219 2 8386
8320 4 8389
7600 6 8418
7289 1 9060
7289 1 8384
6987 1 8384
6254 0 11810
8122 2 8398
6706 0 11811
7936 6 9206
6194 5 8411
6938 6 8575
6474 2 8406
7489 0 10146
6350 3 11812
6338 3 9508
7448 0 11813
7586 3 11719
8043 4 8389
7451 5 8459
6271 5 8411
7082 0 11814
6823 2 8512
7688 2 8432
9499 1 8384
6945 2 8409
8025 6 9346
7959 0 8691
6368 4 8414
7109 1 8384
6157 4 8414
7443 1 8658
7564 2 8386
7845 6 9792
7676 0 11815
7146 4 8389
6799 2 8406
8290 5 8395
8340 4 8389
6593 2 8386
7075 1 8384
6961 2 8398
6239 1 8510
6239 3 11816
8147 0 11817
6127 1 8384
6891 2 8398
6596 6 11818
7372 3 9698
6062 0 8805
8331 0 10967
7085 3 10552
7999 3 8559
6486 2 8789
8354 2 8512
6519 2 8446
6485 1 8384
7286 5 8411
7928 5 8395
7033 5 8459
7033 0 9927
6469 2 8512
6407 6 9676
6139 1 10760
6285 3 10479
7172 0 11819
6785 6 10003
7380 1 8384
6401 2 8398
8374 5 8395
8296 1 8516
7269 3 11088
6453 0 11820
6464 1 8510
7084 4 8389
6219 3 9275
6602 3 9479
6537 6 9083
7390 2 8398
7884 5 8395
7811 0 11821
6899 3 10183
7236 6 10674
8327 5 8395
6323 1 8384
7092 5 8411
9531 0 9469
7068 5 8395
7643 1 8384
7940 6 8616
7196 1 8384
6813 2 8399
7491 1 8384
6493 2 8386
8249 4 8389
8118 1 8384
7022 2 8398
6089 5 8395
6721 2 8413
7112 3 11822
7462 5 8395
6394 0 8961
7194 3 11823
6047 4 8414
6734 3 10396
6760 5 8459
7858 1 8516
8314 2 8386
6506 0 11824
7961 4 8389
7573 2 8398
7807 6 10296
6884 1 8384
7764 4 8455
7962 6 11825
6682 4 8389
7026 5 8395
7026 3 9474
7242 2 8432
7707 5 8700
6198 6 9746
6529 4 8389
7152 2 8386
6566 0 11826
8204 2 8515
7364 0 8929
7876 0 11827
6941 5 8411
6863 6 11828
6999 4 8414
8267 6 8470
7327 5 8395
6292 0 11829
7498 1 8384
7556 2 8409
7246 2 8446
6355 0 9843
6796 1 8384
7100 2 8386
6986 5 8411
7282 0 11830
6801 3 10731
7534 2 8398
6499 4 8455
6499 6 8418
7376 5 8395
8342 6 11113
6241 4 8573
7817 4 8389
8088 0 9441
6794 6 8485
7650 1 8384
7175 0 10027
8187 3 11831
6369 1 9339
8293 5 8459
6492 5 8395
6839 3 9006
6259 4 8389
8121 5 8411
6740 2 8428
6233 2 8507
7618 0 10696
6453 1 8384
6937 2 8398
7321 2 8398
7072 0 8837
6379 2 8386
8144 5 8395
7991 6 11832
8157 6 10635
6432 1 8384
6143 6 9003
6270 0 8810
7008 2 8416
7373 0 10847
8045 3 10549
6862 0 9761
6173 6 9732
6619 1 8384
6421 0 9345
6617 3 11833
6420 0 11834
7861 1 8510
7531 1 8384
6264 0 11649
7271 6 9380
6888 2 8386
6535 0 10187
8221 5 8395
7509 4 8389
8035 4 8389
6428 6 10638
8272 2 8409
7705 4 8389
7688 6 11835
8107 2 8386
7239 2 8386
6482 0 8508
8280 2 8386
7807 2 8398
7807 2 8512
7348 2 8386
6633 5 8395
6299 5 8459
7845 5 8395
8379 4 8389
8379 2 8405
6939 3 11836
7960 0 9857
7526 0 11837
7130 2 8634
6831 6 9742
7517 6 10228
7689 6 8913
7123 1 8510
9448 3 11838
7247 0 8449
6953 5 8395
6108 3 11839
6540 5 8395
6745 2 8386
6220 1 8510
8598 2 8398
6699 6 11840
6677 6 9694
8304 2 8386
7501 1 8384
6631 2 8405
7282 6 9685
6195 0 11841
6498 6 11495
6929 3 11842
7162 3 11843
6500 4 8389
7989 1 10264
6182 0 11844
7660 4 8389
6627 0 10683
7234 6 11432
6839 0 8458
7549 5 8395
6227 1 9378
6177 3 11845
6322 0 9838
7836 3 9474
7493 2 8409
7879 3 8559
6170 3 9079
7269 1 8384
6453 5 8395
8123 2 8398
6770 1 8384
7542 0 9696
8266 0 11846
7236 0 11847
6339 0 11848
6560 1 8384
6054 2 8398
6118 6 11633
7815 6 9076
8242 6 10052
7964 5 8411
6452 2 8405
8078 3 9800
7219 0 11849
7258 2 8446
6461 2 8428
6713 3 10045
7465 0 9013
7837 3 8922
6843 2 8398
6951 4 8389
7570 2 8515
6271 3 9576
7875 6 11850
7978 1 8510
7645 2 8515
8181 6 8926
7591 2 8515
7230 4 8389
7267 2 8432
6570 0 9181
8217 2 8386
8081 1 8384
8083 0 11342
8210 4 8389
8226 0 11851
6884 0 11852
7145 6 9000
7325 6 11093
7530 2 8446
6782 4 8389
8340 2 8446
7970 2 8512
7120 2 8398
6290 2 8398
7590 6 11458
6239 2 8446
6719 5 8395
6399 0 11853
6671 1 9339
6344 4 8389
6220 5 8395
6052 2 8390
7956 4 8389
6586 2 8512
7736 6 8623
6292 2 8789
7405 1 8384
8064 2 8398
6796 6 9573
7100 2 8398
6886 1 8384
6935 2 8634
6498 4 8389
7343 2 8398
6948 6 11716
8273 3 11854
6918 2 8386
6485 2 8428
7748 2 8398
7748 5 8700
7650 3 11086
6423 2 8398
6964 0 10956
6407 4 8389
6512 3 11855
6324 2 8386
6309 0 11209
7917 2 8386
6228 2 8386
7727 6 10639
6955 5 8459
6908 0 11856
6849 4 8389
7533 1 8384
8296 2 8386
7775 1 8516
7197 6 11374
6238 6 9318
7004 2 8644
8266 0 11857
6787 2 8634
7250 2 8409
7678 0 11858
7787 3 11859
6619 5 8700
7849 5 8395
6295 1 8384
6338 4 8389
8265 2 8386
8169 4 8389
8118 3 11860
6743 2 8515
7895 3 11861
8584 5 8395
7194 6 8847
8073 4 8389
6207 4 8389
6438 2 8386
7384 0 11862
7267 2 8398
8061 2 8386
7804 2 8386
6547 3 11863
6157 1 8510
7607 1 8384
6973 6 11864
7913 2 8386
7031 4 8389
6638 2 8386
6769 6 8901
7887 4 8389
7743 2 8398
6708 6 8520
6225 1 8384
8306 0 11865
6840 1 8384
6840 0 11866
7517 5 8411
7364 4 8389
8214 3 10603
6429 2 8386
7151 5 8395
7215 2 8386
7923 2 8512
8596 3 11867
6640 2 8446
6749 1 8384
7086 4 8389
7198 3 11868
6666 4 8389
7484 2 8399
7484 5 8395
7060 2 8409
7282 2 8398
7575 6 9581
6654 2 8416
7349 0 11556
7817 3 9680
6783 1 8384
8093 6 10539
8196 0 8963
6182 2 8432
6139 3 9404
7432 4 8389
7231 0 9650
6369 1 8384
8201 0 9558
7319 0 9370
8026 2 8405
6990 2 8398
7532 1 8510
6453 0 11869
7125 2 8386
6082 2 8634
6183 2 8428
6149 0 9545
7173 4 8389
7190 1 8384
6495 4 8455
7020 3 11870
7402 3 8806
7921 1 8384
6489 2 8512
8116 2 8386
6465 1 8384
8614 5 8395
7258 1 8384
8265 5 8395
7974 4 8389
7803 0 9385
6710 5 8395
7019 5 8411
8260 2 8405
7647 6 10984
6073 2 8428
7112 0 10547
7595 2 8446
6265 2 8398
6760 0 11871
7821 0 11872
7167 5 8395
8232 6 8791
7608 3 8982
8305 0 11873
6086 3 11874
7626 2 8515
8217 6 11875
8209 3 8592
7573 1 8384
7607 5 8459
8321 2 8398
6880 6 10581
7793 5 8395
7814 0 8946
6200 3 11876
7840 1 8384
6646 4 8389
8288 2 8409
6402 0 11877
7584 0 10195
7689 2 8445
7036 5 8459
6066 4 8526
7391 3 11878
6722 3 8891
6719 2 8386
10714 5 8395
6144 1 8384
8225 3 9679
8117 3 8732
7277 0 11879
6666 1 8384
6484 6 11880
11483 3 11881
8184 4 8389
6631 6 11882
7209 6 10458
6886 2 8398
6704 6 9595
8273 2 8398
6107 4 8389
8146 4 8389
7989 0 11883
7873 4 8389
8359 3 11884
6046 2 8398
6228 1 8510
7673 3 10371
6090 5 8411
6903 6 8713
7812 2 8398
6893 4 8389
7865 6 11643
8059 2 8386
7896 1 8384
7370 4 8389
8075 6 11317
8281 0 11885
8111 2 8409
7017 0 9614
7945 4 8414
6761 4 8439
7422 0 11886
6472 6 11887
7303 3 11888
6337 0 10741
6899 5 8395
8327 2 8446
7722 2 8452
7849 1 8384
6385 3 9536
6452 2 8416
8265 6 11889
10137 2 8398
6758 0 9403
7895 0 9324
7411 0 11890
7620 1 8510
6857 2 8398
6038 6 10003
8381 4 8389
7608 0 11891
6070 2 8789
6109 0 11892
7802 2 8398
7044 5 8395
6613 3 11893
8021 0 9892
7304 2 8390
8081 4 8389
6255 0 11114
7793 6 9912
6594 2 8386
6457 1 9823
6616 6 10529
6609 4 8389
8343 0 11894
7270 4 8389
7482 5 8395
7089 2 8398
8377 0 9071
7655 5 8700
6550 1 8658
6571 2 8446
6742 2 8399
7523 6 11895
8188 2 8445
6191 3 11896
6116 5 8411
6808 0 11416
7691 4 8455
6793 6 10425
7454 1 8384
6999 2 8398
6160 6 11897
7714 0 9382
6546 3 11898
8267 0 10214
7740 2 8386
8373 6 8949
7993 5 8459
7001 2 8386
8128 3 9145
6062 3 11899
7055 1 8384
7254 4 8389
7181 0 11900
7393 4 8389
7158 2 8399
7914 1 8384
7786 5 8395
7534 4 8389
7185 5 8459
7985 2 8515
7457 6 10599
6359 2 8398
8307 6 8703
7928 2 8512
6971 4 8389
7497 0 11901
8170 2 8398
6903 2 8413
6406 6 11902
6406 1 8384
7278 2 8398
7350 2 8507
6357 3 11903
7025 3 9535
7136 0 11904
7202 6 11905
7161 5 8395
7414 1 8384
6389 0 11786
7854 6 8704
6372 0 8704
8223 2 8386
6897 0 11906
6731 2 8405
6923 3 11907
8003 0 11908
6702 0 11909
6710 4 8389
8333 1 8510
6210 6 10529
6800 0 11910
7870 6 10797
6166 0 11911
6045 0 11912
8263 4 8389
7705 0 11913
7688 2 8507
8080 6 11914
6919 3 11915
7029 1 8384
7083 1 8454
7869 2 8405
7428 4 8389
7283 3 11916
8280 2 8398
6263 2 8386
7077 0 11917
8218 3 11918
7355 4 8389
7838 0 8872
7601 5 8395
8226 2 8422
6307 1 8384
6397 0 11505
8257 0 8847
6299 1 8384
7845 2 8386
7171 3 11919
6550 3 10742
8029 2 8409
6571 2 8398
7066 2 8386
6866 2 8398
7846 1 8731
6203 5 8395
7963 6 8926
7426 4 8389
7426 6 11920
6584 5 8700
8256 0 10702
7881 0 11921
7825 0 11552
8128 0 9141
6381 1 8384
7119 0 11922
7672 0 9333
6184 2 8416
7192 0 10099
8331 0 8847
7751 2 8398
7393 2 8398
7209 6 9751
7200 1 8384
7069 1 8384
7459 6 8477
7249 0 11260
6668 2 8432
6583 2 8398
7071 4 8414
7616 2 8428
8231 0 8606
6131 6 9071
7226 1 8384
6134 2 8634
6105 6 9315
7613 2 8398
6303 2 8446
7201 2 8422
6549 6 10352
7366 1 8384
6462 2 8398
8054 6 8464
6624 1 8384
6384 6 8822
7991 2 8512
6966 3 11923
7728 0 10639
8642 4 8455
8327 1 8384
8133 5 8395
7402 0 10499
7722 4 8389
8119 0 9667
6442 6 11924
7478 5 8395
6089 0 8905
7271 3 11043
6230 2 8416
6612 2 8398
7240 0 11925
7401 2 8409
6042 4 8389
6554 0 11926
6811 0 11927
6868 6 11928
6373 6 9500
7195 1 8510
7308 5 8395
7170 3 11929
6214 5 8395
7470 1 8384
6988 3 11069
7075 3 9870
7094 0 10539
7388 1 8384
7846 1 8384
6508 1 8384
6282 4 8389
6514 1 8658
6514 1 8731
8085 2 8512
9360 2 8398
7859 2 8386
7256 3 11930
6110 1 8914
6100 6 8592
6659 1 9313
8230 1 8384
7737 2 8512
8135 1 8384
8344 2 8515
6423 0 8946
8000 2 8398
8066 0 11931
7666 1 8384
7616 0 8728
6072 0 11932
7624 1 8384
9105 4 8414
7188 5 8700
7231 2 8428
6400 6 9780
8335 2 8405
6955 1 8384
7319 6 9370
6308 3 8425
7639 6 11933
7473 1 8384
6847 0 11934
8112 3 9423
8103 2 8446
7421 6 9842
7099 0 11935
6835 3 11936
6330 4 8455
7728 1 8384
7092 4 8389
7326 1 8384
7788 0 11339
6431 2 8416
7659 2 8446
6993 6 9708
10230 6 11937
8159 2 8507
6520 1 8384
6302 3 11938
6752 0 10177
6073 4 8389
7525 2 8399
7541 2 8422
7233 0 11939
6049 0 10993
6879 3 10090
6792 0 11940
7990 1 8384
7961 0 11941
6193 1 8510
6768 2 8398
8040 6 9071
7886 0 11942
7546 2 8398
6405 2 8398
7604 2 8428
6930 0 11943
7807 1 8510
6307 0 8508
6140 1 8516
6629 1 8384
8257 5 8395
7441 3 10632
7482 2 8386
6924 1 8510
6448 3 9006
7091 4 8455
7466 4 8573
6123 6 10581
8194 2 8515
6737 4 8389
7292 0 11944
7577 5 8395
8023 4 8455
6273 1 8384
6540 2 8512
7833 2 8398
8267 0 11945
7035 2 8409
6209 1 8384
7712 4 8389
7710 6 8859
6514 1 8510
8085 2 8399
7014 3 11946
8331 6 8477
7338 1 8384
8278 1 8384
6277 6 11947
6115 2 8445
6103 1 8914
6486 0 11948
8354 4 8389
6918 3 11949
7107 5 8395
7265 3 11950
6180 2 8386
6416 6 10764
7071 3 11951
6784 2 8445
7432 2 8399
7425 1 8384
6374 6 10503
7926 6 11952
7474 1 8658
6297 3 8812
8296 0 10249
6944 5 8395
8030 4 8389
9616 6 11953
6219 2 8446
11336 6 11954
6603 1 8384
7811 4 8389
6780 5 8700
6943 6 9547
6253 4 8389
7704 5 8395
8238 0 11955
6087 1 8384
7554 3 11092
7102 1 8384
6713 6 10045
6713 2 8386
7019 0 10770
6520 6 8720
7347 2 8428
6676 6 11956
8080 0 11957
6463 4 8389
7386 1 8724
6146 5 8395
6947 2 8422
6158 6 11958
8246 1 8384
6154 1 8384
6125 3 11959
7156 5 8395
6968 4 8389
8988 0 11960
6510 6 10705
6745 4 8389
7403 4 8389
7332 3 11860
7932 2 8515
8664 6 11961
7372 4 8389
6381 6 11962
6381 2 8405
6586 1 8384
7511 5 8395
7498 2 8409
7014 1 8384
7501 2 8405
7396 1 8384
7902 4 8389
6486 1 8384
7376 6 11963
7376 2 8398
6246 5 8411
7666 6 10321
6407 0 9676
6697 3 10691
6050 0 11964
6815 2 8398
6072 5 8459
7603 3 10587
6055 2 8422
8889 2 8512
8100 5 8395
8047 2 8398
6328 5 8395
7229 6 10565
7229 2 8398
7319 2 8386
6445 2 8399
7446 6 8875
6507 3 11959
7078 1 8384
6944 2 8446
7269 0 8383
7213 1 8384
6921 1 8384
6475 2 8398
6475 3 9610
7030 3 10642
7642 4 8389
6772 5 8459
6337 5 8411
7048 6 9137
6323 0 10290
8119 1 8384
6731 2 8416
6983 0 11689
7861 4 8389
6067 3 8444
6067 0 11965
7491 0 11966
7554 0 11967
7955 2 8422
6039 5 8395
7647 1 8384
7411 2 8398
6819 1 8658
7548 3 11855
7858 0 11968
9568 1 8384
6497 3 11969
7726 5 8459
6736 2 8398
6138 2 8446
7240 6 11970
6064 0 11971
7477 3 11194
6538 0 11972
8314 0 11900
6945 1 8731
6945 3 10371
7982 3 8990
7166 0 10824
8053 6 8675
7857 1 8384
7574 0 11973
6850 6 11974
8110 2 8386
7398 0 9647
8055 4 8389
7610 4 8389
7409 5 8411
8286 0 11975
7242 2 8386
6481 1 8384
6503 5 8395
7561 3 11092
7342 1 8828
8284 2 8409
6584 4 8389
7433 6 11976
8664 0 11977
6837 3 9840
9099 4 8439
9099 2 8399
6883 2 8398
7449 5 8395
7739 5 8395
7664 4 8526
7505 1 8510
8018 4 8455
6654 4 8389
7828 0 9382
8442 4 8389
7139 1 8384
7139 0 10454
6353 4 8389
6697 1 8384
8741 1 8384
6072 6 9902
8152 6 10220
8152 0 10806
6410 2 8512
7485 3 9119
6903 1 8516
6650 2 8386
7818 2 8512
7818 0 9822
7474 4 8392
7263 6 8383
7774 2 8398
8030 3 9787
6802 2 8398
6475 0 8897
6624 0 11978
8063 3 11979
6267 2 8399
7811 2 8413
6330 0 9204
7994 5 8395
6904 0 11980
6975 5 8411
6716 0 9906
6194 4 8389
7375 6 11981
6088 2 8386
7491 2 8515
6748 1 8384
7729 2 8446
6196 6 11982
6327 2 8386
6819 1 8510
7555 0 10099
7719 1 8384
8787 3 11983
6896 0 11984
7313 1 8731
7362 4 8389
7705 5 8411
8259 2 8512
6133 6 8899
7813 0 8989
7471 0 11985
7472 1 8384
6601 0 11986
7607 3 9787
8294 3 11987
7785 4 8414
6200 6 11988
8016 3 11989
6093 4 8389
7252 2 8398
8029 4 8389
6306 1 8731
6863 3 11025
7577 6 11990
8284 0 11991
8147 4 8389
6662 2 8789
6356 2 8446
7111 6 10104
8128 6 9693
6184 4 8389
7556 6 11253
6100 1 8384
6834 0 10844
7013 3 10183
8667 2 8445
8342 3 9854
6092 0 11992
7748 4 8414
6794 0 8485
6809 5 8395
7117 5 8395
6374 2 8399
6244 2 8405
10933 1 8384
6445 1 8384
6201 6 8955
6201 2 8413
6549 3 11993
7366 0 9155
7612 2 8398
8075 4 8389
8075 1 8384
6247 5 8411
8191 2 8399
6574 1 8419
7842 6 11994
7025 4 8389
8266 0 11995
8266 0 11591
8045 1 8384
6194 0 9926
7068 4 8389
7437 3 10406
6474 4 8573
7101 2 8386
7531 2 8398
8169 6 11996
6545 6 9467
8221 2 8422
6674 2 8409
6848 6 8844
6848 2 8398
8328 3 10300
8134 0 9472
7178 4 8389
6705 1 9339
7918 2 8398
6236 0 11071
7240 0 11997
6064 4 8389
7272 6 11998
6435 3 10004
6222 1 8384
6824 1 8731
8250 3 11999
6387 0 8609
6176 2 8428
8081 5 8459
8132 3 10523
8083 2 8386
8253 2 8416
6910 2 8398
6978 2 8398
8013 0 12000
8351 2 8413
6223 0 12001
8319 6 8987
7655 3 12002
6214 6 8702
7464 0 12003
6159 6 11120
6459 2 8422
7378 6 9011
7151 1 8384
6764 2 8515
8163 4 8389
6750 1 8384
7909 4 8389
6106 2 8398
6444 6 10052
7636 4 8389
7534 2 8386
6321 0 12004
8219 0 12005
8268 0 10759
7376 0 12006
6175 2 8512
6668 6 8702
7438 2 8398
6697 2 8386
6096 6 12007
6456 6 8518
7425 0 12008
8262 0 8719
6324 3 11993
6234 3 12009
8889 2 8409
7179 2 8428
8050 3 12010
8287 4 8389
6205 2 8422
7227 1 8384
8112 2 8398
6297 5 8411
7125 1 8384
6464 0 8520
6907 0 12011
7791 4 8389
7141 2 8446
6235 3 9536
6181 5 8395
6832 6 12012
8316 5 8395
7417 4 8389
7417 2 8398
12013 2 8432
8082 4 8392
7250 3 9626
7502 4 8389
6491 4 8414
6185 0 12014
7402 4 8389
6194 1 8510
6135 3 10646
7134 1 8384
8072 2 8398
6553 0 11231
8271 5 8395
8271 3 9322
8024 0 9016
6645 6 9505
7310 1 8384
6520 2 8386
6073 1 8384
8041 5 8395
7645 6 11140
7858 2 8413
7858 0 12015
6517 1 8510
6690 3 8565
7230 2 8416
8028 2 8398
7781 5 8395
8314 3 9679
6463 2 8398
7029 2 8398
6625 2 8386
6895 2 8386
8053 3 10025
7674 0 12016
6176 4 8389
8279 3 11686
8132 2 8390
7913 0 12017
7793 4 8526
7516 2 8416
7288 2 8512
8343 2 8422
8200 2 8386
7011 4 8389
7988 2 8515
7970 5 8395
6711 5 8411
7526 4 8389
9062 2 8398
6470 0 9187
6306 6 10052
8007 3 12018
6437 4 8414
7513 0 9154
6399 1 8658
6657 1 8384
6615 1 8384
7932 6 8528
7461 2 8644
6514 1 8384
6865 1 8384
7484 0 12019
7912 6 12020
8022 0 12021
7777 3 12022
6498 2 8398
7747 2 8512
8173 2 8398
6738 1 8608
6469 2 8386
6412 0 12023
6400 2 8386
7613 4 8414
7826 2 8428
8329 3 12024
7446 3 9969
9367 2 8386
7848 2 8446
6233 2 8386
7971 0 11454
7532 6 9202
7775 4 8389
7040 0 8506
6319 1 8384
6649 2 8446
8114 0 10417
7180 1 8658
6270 1 8384
7174 2 8515
7436 0 12025
7731 1 8731
6914 4 8389
6067 1 8384
7900 2 8398
7056 5 8395
6377 6 9107
6758 4 8389
8382 5 8395
6568 6 12026
7553 3 12027
6207 0 10618
7233 0 9984
8071 1 10218
7877 3 12028
6138 3 9560
7088 5 8459
7802 4 8389
7458 6 10065
7238 1 8384
6527 2 8428
6651 2 8398
6371 3 11057
6251 2 8446
6148 2 8446
6567 2 8515
7031 5 8459
10509 6 8852
6373 2 8386
8334 3 11174
6200 1 8384
6128 1 8384
6988 2 8398
7024 1 8384
7587 5 8395
8023 5 8700
6425 3 12029
8033 6 12030
7087 0 12031
8596 2 8398
7893 3 8935
7563 0 12032
7379 2 8446
7379 5 8395
7256 2 8507
7293 2 8398
8022 2 8432
6311 6 9547
7653 1 8384
8094 1 8384
6321 4 8389
7794 3 12033
6916 6 8410
7737 1 9313
8135 5 8395
7483 5 8395
8087 2 8398
7796 4 8389
7948 2 8405
8167 0 12034
8099 5 8459
7565 2 8445
6541 3 12035
7125 0 9267
7027 3 12036
6424 6 8923
7718 0 12037
6770 5 8459
7383 1 8384
7361 3 9840
7994 1 8627
8820 2 8386
6393 1 8731
7049 0 12038
7068 6 8704
7998 1 8384
6442 1 8510
8956 4 8389
7448 6 11813
8337 1 8384
6264 4 8389
10230 2 8398
6873 0 12039
7767 0 12040
6877 3 12041
7298 1 8384
6053 2 8398
7257 1 8384
6679 4 8389
8382 1 8384
7137 3 10661
8349 0 12042
9541 4 8414
6879 1 8384
7844 0 12043
7063 3 9102
7982 0 9620
6482 1 8384
6193 4 8389
8027 1 8384
7792 5 8459
6723 0 9714
8049 3 9787
7901 2 8507
6594 0 12044
7564 6 11106
6769 1 9313
8257 4 8389
8077 6 12045
8120 1 8384
7840 2 8512
6593 3 8735
6988 5 8411
6290 1 8384
6814 0 12046
6961 6 12047
8101 3 10301
6250 1 8384
7391 2 8409
6390 6 10046
7680 1 9937
6153 2 8398
7577 2 8398
6696 0 9017
7932 4 8389
7932 1 8384
7327 3 11043
7372 6 12048
6586 1 12049
7198 2 8416
6666 6 8995
10384 1 8384
7469 3 9840
6901 4 8389
6348 0 9453
7805 2 8634
8105 2 8398
6741 1 8510
7824 1 8384
6533 2 8398
7917 6 9488
10346 6 12050
7318 4 8389
6795 2 8452
7319 2 8398
6278 6 8996
6821 0 11904
8099 2 8386
8099 1 8658
7975 1 8384
7593 2 8398
6900 0 10091
8213 4 8389
8361 3 12051
6443 3 10646
6552 1 8384
6754 4 8389
8338 1 8384
6805 2 8515
6678 2 8445
7994 0 9822
6718 2 8398
6643 0 9141
6171 1 8658
7489 4 8389
6855 1 8384
7219 2 8386
6710 3 12052
7002 2 8515
8249 0 12053
6362 6 9055
8138 1 8384
6196 0 12054
6664 0 8609
7320 2 8398
6403 6 11161
6760 3 9145
7548 2 8428
7217 1 8384
6705 6 9364
8181 3 12055
7082 1 9340
8143 2 8446
10188 2 8398
6094 0 12056
7315 4 8389
7109 0 10309
6263 0 12057
6516 1 8384
6880 2 8634
6363 3 11192
6037 6 10046
7574 2 8399
7601 2 8409
7759 1 10482
7120 5 8395
7547 2 8398
8092 2 8386
6375 6 8691
7630 2 8405
7094 0 10865
6522 3 11069
6437 2 8398
7415 6 10620
7292 5 8459
7919 6 12058
7911 4 8455
7911 0 12059
6341 0 9013
6349 0 12060
6747 4 8455
6249 1 8384
7159 0 12061
8378 4 8573
7956 2 8515
6415 2 8406
7480 2 8422
7871 3 12062
6804 2 8386
6875 2 8398
7135 2 8882
7777 2 8398
7324 0 12063
6641 5 8395
7505 0 11680
7575 0 12064
8069 0 11291
7737 3 9560
8155 4 8389
8148 4 8389
7081 0 9628
8311 0 8557
7810 2 8446
6502 0 9653
7650 2 8422
7034 2 8515
7734 0 12065
6124 2 8405
8325 4 8455
8167 4 8389
7382 5 8395
6627 3 12066
7175 5 8395
7371 3 11855
6227 5 8395
6849 1 8384
8026 2 8416
7879 1 8384
6436 5 8459
7334 3 12067
10131 1 8384
7667 3 8705
6293 6 9691
6040 6 9973
6189 5 8459
6058 4 8389
7274 1 8384
6871 1 9313
6675 4 8389
6758 3 11824
8283 4 8389
6581 2 8386
6071 1 8384
6736 0 8418
7844 5 8700
6717 0 11871
7083 2 8386
7243 2 8452
6648 0 12068
6715 6 10108
7401 2 8422
7494 1 8384
7420 0 12069
6197 2 8386
8034 6 9107
7838 2 8398
7189 3 12070
7386 0 12071
7146 1 8384
7743 1 8384
7980 2 8386
6448 1 8384
6997 0 9564
7091 1 8384
6687 0 9467
7627 4 8389
7630 2 8422
6508 2 8386
10381 0 10598
8158 4 8389
7778 3 8922
6162 2 8398
6162 5 8459
7984 1 8419
6745 0 8506
6671 0 8566
7833 1 8384
6249 4 8389
6666 0 12072
7805 4 8414
8115 0 12073
8244 0 9983
7824 0 12074
7828 1 8516
8366 2 8422
8325 2 8446
7873 2 8386
6815 4 8389
7234 2 8398
8050 5 8459
7490 6 12075
7490 0 12076
8197 0 12077
7281 2 8405
7612 1 8384
6170 6 9491
7104 1 8384
7532 1 8384
8313 0 12078
8123 1 8384
7439 1 8384
6767 6 9204
7967 4 8455
6206 4 8389
6267 2 8515
7204 2 8428
7839 5 8395
6943 2 8428
6716 1 8510
7049 4 8389
7568 1 8384
7375 2 8398
6993 1 8914
7531 0 11926
6059 4 8414
6089 0 11707
7946 2 8386
8333 2 8386
7508 6 12079
6524 0 8851
6310 3 9119
6800 3 12080
7054 0 9847
6258 2 8398
7649 6 8847
6479 2 8398
7153 6 8383
8071 2 8398
7082 1 8384
7340 6 8582
6438 4 8389
7301 0 12081
9499 2 8512
6626 6 12082
6613 5 8395
8312 0 8557
7443 0 12083
6616 4 8389
8523 1 8384
8127 1 8384
6628 6 12084
7997 4 8389
6402 4 8414
7584 2 8398
6564 3 9079
7749 2 8422
8007 2 8405
7123 3 11675
7021 6 9680
7619 1 8384
6488 2 8398
8154 5 8459
7018 4 8526
7461 5 8459
7181 6 8984
6348 3 9453
6656 4 8389
7777 5 8395
6659 0 8796
6836 2 8452
8089 1 12085
6741 0 12086
6515 6 11860
7185 2 8422
6654 6 10674
9308 3 12087
6395 3 12088
7016 6 9392
6180 4 8389
7730 0 12089
6246 2 8398
7873 2 8398
6165 1 8384
8231 1 8384
6412 2 8398
8362 4 8455
6611 0 9265
8215 2 8386
6795 6 12090
7937 6 8471
6445 2 8386
6317 4 8389
6317 3 12091
6466 3 8777
8059 1 8384
6233 3 12092
7532 2 8398
7269 4 8389
6453 0 12093
8030 5 8395
6802 1 8384
7027 6 12094
7718 1 8384
7072 4 8389
7479 1 8384
8266 0 12095
8162 4 8389
6231 1 8384
7894 5 8395
8820 5 8395
6856 2 8445
6932 4 8389
8122 4 8389
7868 2 8398
7435 2 8446
7436 3 9122
6358 3 9870
6645 5 8395
8106 1 8384
7750 2 8398
6721 0 12096
8339 6 12097
6819 6 11179
7579 1 8384
6922 2 8398
7064 3 12098
7317 2 8446
7903 2 8398
7341 2 8386
7472 1 8510
8153 5 8395
6648 0 12099
7401 4 8455
7990 4 8389
7772 2 8634
7283 6 12100
7674 0 12101
8081 2 8416
6554 2 8398
6850 5 8411
6797 1 8510
7041 2 8398
7006 4 8414
7628 3 8462
8092 0 11291
11058 1 8384
7888 2 8445
7806 6 12102
8042 2 8446
8275 0 12103
7415 4 8389
7021 2 8398
6399 0 11261
7883 3 12104
7652 2 8398
7923 4 8389
6378 0 12105
7520 3 12106
7018 2 8398
6329 5 8395
8085 5 8395
6865 2 8398
6827 3 8505
7039 3 12107
7777 0 10536
7999 2 8398
6931 3 9515
7447 5 8395
6112 1 8384
6499 5 8459
7098 1 8384
6359 1 8419
8307 2 8422
8148 1 8384
6858 6 10503
6556 1 8384
8125 6 8875
8125 2 8398
6182 0 12108
6490 2 8409
10346 0 12109
8050 4 8389
7281 3 12110
6318 2 8386
8213 0 12111
7434 1 8384
7040 5 8411
8300 6 12112
7797 5 8395
7631 3 9119
6257 1 8384
6475 6 11118
7390 0 9103
7173 3 12113
6832 2 8432
6565 2 8446
6678 5 8700
6168 1 8510
7280 0 9822
6812 4 8389
6842 4 8389
6054 0 10328
7163 0 11416
6477 2 8405
6871 0 12114
6370 2 8634
8078 6 12115
8336 2 8445
7531 3 12116
6121 4 8389
7767 4 8389
7508 0 12079
8159 6 9266
8221 1 8384
7240 0 12117
6074 2 8398
8270 1 8384
7387 1 8384
6626 4 8389
6648 3 11755
8084 4 8389
7626 1 8384
6817 2 8405
7164 1 8384
7772 2 8445
7323 1 8384
7924 6 9004
6042 1 8384
6334 1 8384
7538 1 8384
7758 4 8455
6594 2 8398
8110 3 8449
6388 4 8389
7799 3 12118
7052 2 8398
7066 0 9148
6840 0 12119
8185 5 8395
7036 6 12120
7426 1 8384
8315 1 8384
8801 5 8395
6378 5 8411
6747 2 8413
7881 3 11665
8255 0 9926
6666 5 8411
7746 5 8395
8012 2 8446
7501 6 8701
6417 4 8389
6496 6 12121
6382 5 8395
7158 6 9353
7789 2 8398
6935 0 9231
7739 0 12122
8354 0 12123
7747 2 8405
6500 4 8455
7045 1 8384
6854 5 8459
6416 0 8975
6905 3 12124
7071 0 8946
6644 2 8398
6165 6 12125
7603 4 8389
8258 0 8897
8187 1 8658
7634 5 8395
7351 1 8384
7765 6 12126
7155 4 8389
6536 1 8384
7070 0 12127
6990 1 8384
6845 6 9460
7334 5 8411
7266 6 8469
6847 6 12128
7421 1 8608
6357 2 8399
7368 4 8389
7995 2 8386
7414 0 12129
7787 0 12130
7979 2 8446
7510 4 8389
6323 6 10003
7953 4 8389
7744 1 8384
6573 2 8446
7495 2 8515
6268 5 8459
6260 2 8398
7022 1 8384
6150 5 8411
8402 0 12131
6141 2 8422
6545 2 8422
6800 0 12132
9351 6 12133
6327 0 8847
8035 2 8398
8001 3 8942
8020 5 8411
7697 2 8432
7929 0 9671
6222 2 8398
8053 4 8389
6037 2 8409
7629 3 10691
6145 4 8389
7392 6 11650
7860 1 8384
6224 2 8398
6850 2 8507
7901 4 8389
7394 2 8398
8347 1 8384
6237 6 9209
6200 0 12134
7597 6 12135
7468 5 8395
8055 3 10479
6083 4 8389
7799 4 8455
6939 4 8414
6646 0 12136
7460 2 8512
8092 3 11732
6104 1 12137
7123 6 12138
7391 1 8516
6174 1 8384
6750 0 11853
6891 6 10924
6891 1 8731
6186 4 8389
6345 6 9887
7449 1 8384
7805 2 8413
6641 1 8384
8190 4 8389
7128 4 8389
7249 5 8395
8494 6 12139
6738 5 8395
7779 4 8389
7425 6 9657
7117 2 8398
6374 2 8386
8187 0 12140
6041 2 8405
7418 1 8384
10933 2 8398
7395 3 9191
7937 0 12141
6829 0 12142
6544 5 8411
6357 1 8384
7197 0 12143
8332 2 8386
7093 3 11217
7479 2 8386
7967 3 8886
6537 2 8386
7303 1 8384
7211 6 10220
8126 1 8384
7644 2 8398
6185 2 8405
6643 2 8398
7633 5 8395
7369 2 8398
7851 2 8406
7002 5 8395
7271 2 8398
6700 2 8401
6365 3 11124
6753 2 8405
8134 2 8416
7462 0 10294
6653 2 8446
7216 3 12144
7347 2 8398
6166 3 11069
7853 0 12145
7645 4 8389
6076 2 8386
8039 6 9071
6774 2 8634
7959 2 8386
7109 2 8446
6779 3 9833
6651 2 8446
6878 4 8414
6980 3 12146
6471 3 12147
8110 0 8508
7053 0 9335
7089 2 8416
7724 0 12148
7957 4 8455
7655 6 12149
6885 1 8384
8286 2 8386
6375 0 11405
6791 0 9901
8004 2 8409
8227 2 8422
6481 3 12150
7424 1 8828
8207 2 8406
6621 4 8389
7702 1 8384
6190 3 10756
6763 1 8384
6615 3 12151
7159 3 12152
6586 6 9045
6827 2 8409
6827 5 8459
7293 5 8395
6110 2 8398
7447 2 8398
8368 0 8701
8276 1 8384
7013 1 8384
8348 2 8398
8076 6 8547
7045 4 8389
7038 1 8384
8602 1 8384
6276 1 8510
6815 2 8446
6102 5 8700
6369 4 8389
7234 2 8405
8293 6 8473
6955 2 8416
6303 2 8398
7602 6 12153
8197 2 8515
7207 2 8405
6541 2 8398
6211 3 12154
7445 4 8389
6936 0 11501
6712 1 8384
8281 6 12155
7774 6 9748
6079 1 8731
6927 0 12156
7127 6 11815
7648 6 11082
7945 0 12157
6624 3 9260
8266 0 12158
8266 0 10179
8162 2 8386
8162 3 11012
8082 6 12159
7161 2 8515
8086 3 12160
8070 6 9400
7510 6 12161
6943 2 8416
7132 6 10715
7998 0 10335
6420 0 9419
6553 3 12162
7941 0 10333
7495 0 11315
6981 2 8398
7019 2 8409
8679 2 8446
7529 0 12163
7233 6 11648
6049 6 10993
6922 1 8384
7317 0 12164
7591 6 12165
7235 5 8700
6392 1 8384
7802 0 11726
6774 1 8828
6715 0 10108
7164 5 8395
7283 4 8389
7623 1 8384
8027 6 10690
6042 2 8409
6042 2 8405
6723 2 8398
7443 6 12166
10509 1 8384
8365 3 8808
7768 2 8428
8379 2 8409
6225 1 8510
8141 4 8389
7460 0 10539
6885 0 12167
7424 3 8998
6239 5 8395
6239 0 12168
7856 4 8389
8023 0 12169
6273 5 8459
7619 5 8395
8117 0 9041
7923 6 9114
7433 2 8398
6865 0 12170
8355 6 11231
6641 2 8446
6704 2 8386
7534 1 8384
7534 5 8395
8089 1 8510
8360 0 12171
6061 4 8389
8219 5 8395
7098 0 12172
8342 2 8446
7408 0 12173
7262 6 8856
7265 6 11135
6175 3 8497
8087 5 8411
7455 2 8390
6072 2 8446
6809 2 8515
6234 6 11315
7485 6 9282
6244 6 12174
7023 3 12175
7826 6 8547
7144 4 8389
6308 5 8395
6188 1 8384
7201 4 8389
7593 1 8658
7380 6 11644
7124 6 8547
7687 4 8389
7474 5 8395
7374 2 8398
6825 6 8766
6226 2 8399
6518 6 12176
7967 2 8432
6432 1 8631
6167 0 11978
6372 4 8389
7174 6 11819
6560 0 12177
7486 5 8395
6253 0 12178
8098 6 8435
7849 2 8398
9157 1 8384
6385 2 8446
6493 0 12179
6260 2 8634
6089 4 8389
6873 1 8384
8067 0 9379
8159 0 12180
7359 1 8384
6141 6 12181
6752 6 8473
7649 2 8386
7217 0 8957
6857 2 8512
6045 2 8405
6632 4 8389
7638 6 12182
6222 5 8411
7315 6 12012
6774 4 8389
8145 6 12183
6962 6 10919
7576 1 8384
7528 2 8386
7674 5 8395
6371 4 8389
6567 6 12184
6692 3 12185
7041 0 11501
8141 5 8395
6628 4 8389
8008 0 12186
7819 2 8445
6159 4 8414
6429 6 8564
7043 2 8634
10238 1 8384
8256 0 12187
7520 0 12188
6749 2 8386
8091 6 9148
7769 2 8446
7085 1 8384
7343 5 8395
7459 4 8389
7249 0 8449
7682 2 8398
6732 5 8459
6562 4 8389
6794 2 8405
8100 1 8384
6369 1 8419
6600 2 8398
6259 5 8411
7042 2 8386
8026 5 8700
6322 5 8411
7073 3 12189
7639 2 8406
8361 5 8395
7848 5 8395
8102 0 12190
6238 3 12191
7668 0 12192
7289 6 9045
8162 5 8411
7118 1 8384
6565 1 8384
6472 4 8389
7030 2 8446
6966 2 8398
7787 4 8389
7510 1 8384
6952 2 8398
8166 5 8395
6295 3 10371
6088 4 8389
8229 0 10146
6354 4 8389
8265 4 8389
9565 1 8384
6260 1 8384
8118 2 8398
6888 2 8398
7000 5 8395
8322 6 12193
7640 4 8414
7217 2 8405
8303 5 8411
6207 3 11764
6313 1 8384
7726 6 11738
7240 1 8384
6051 2 8409
6974 4 8389
6717 2 8398
7802 6 11726
7083 6 11799
7528 3 8637
7494 0 10440
6554 4 8455
9572 2 8386
7031 0 11021
6140 5 8411
7588 1 8384
7947 4 8389
6682 2 8398
7041 2 8409
7887 2 8398
7742 2 8446
7598 3 12194
7053 2 8398
7053 3 9739
6531 6 12195
6402 1 8384
7689 4 8389
7364 0 12196
6298 6 8661
7605 1 8384
7829 3 9786
6620 3 9638
6284 3 12197
8005 3 10661
6991 5 8395
8247 2 8405
6190 2 8398
7956 0 12198
6282 6 12199
6184 2 8386
7930 0 9349
7100 0 12200
6100 2 8398
7209 6 12201
6836 4 8389
7794 6 9915
8244 0 12202
7185 2 8386
8018 1 8384
8155 0 12203
7045 3 10577
7074 2 8398
7169 2 8515
8196 6 10065
6182 2 8446
6492 2 8515
7229 1 8384
7023 2 8398
7613 1 8510
7826 0 12204
7599 2 8398
6942 4 8389
6970 6 12205
8121 6 12206
7865 0 12207
8350 6 12208
7452 4 8526
7687 2 8398
7685 0 12209
8068 2 8446
8111 1 8384
6937 1 8658
6079 6 9206
7571 1 8384
8054 2 8409
6761 1 8658
6637 0 10370
7521 1 8510
6472 1 8384
6590 4 8389
6372 2 8386
6185 2 8428
6185 0 8676
7500 0 10105
7132 1 11603
6420 3 9325
6813 2 8512
6923 1 8731
7296 3 10127
7126 1 8533
7656 2 8398
6954 3 10056
6480 0 12210
6888 6 10785
8159 0 11472
6377 1 8979
6310 2 8399
6302 2 8422
7661 2 8409
6047 4 8858
7347 5 8411
7553 2 8515
6730 5 8459
7821 1 8384
6049 6 8609
7705 2 8386
7268 5 8700
6463 2 8446
6945 2 8416
7106 5 8395
7267 0 9818
7626 4 8389
8021 1 8384
6148 2 8386
7527 6 11338
7901 5 8459
7314 4 8389
8161 2 8390
6978 6 12211
7287 4 8389
7062 4 8389
7799 6 8645
6225 1 8658
7628 0 10421
8008 6 12186
7625 3 8761
7856 2 8399
7605 0 12212
6662 2 8386
8117 4 8389
7714 2 8398
7923 3 12213
7332 0 10488
6967 2 8398
8015 4 8389
6249 6 9901
7671 5 8395
6757 1 8384
8131 3 10691
8115 1 8516
6528 3 9415
6110 1 8516
6444 1 11307
7100 6 8795
8355 1 8384
8355 3 12214
6498 0 12215
6725 1 8731
6834 2 8422
8245 4 8389
8368 2 8422
6918 4 8389
6485 4 8389
6359 0 9926
8307 2 8515
8056 3 9710
7928 6 9748
7074 1 8384
6333 2 8386
7385 2 8386
8335 2 8512
6551 6 9036
6551 2 8409
6985 1 9313
7023 6 8609
6908 2 8446
7395 5 8459
6821 2 8398
6650 0 8473
7602 1 8384
9781 0 12216
6740 0 9746
6317 1 8384
7281 2 8416
8179 5 8459
7352 0 11301
6829 1 9433
7177 4 8389
8111 5 8395
6937 4 8414
6802 5 8395
8123 3 8806
6226 0 9906
6775 3 12217
7127 0 11815
7004 4 8389
7136 3 12218
6565 4 8389
6080 6 8499
7894 3 8935
6254 6 9758
7766 2 8409
6058 3 9119
6838 5 8459
8133 2 8399
7435 6 9702
8238 2 8507
7478 4 8858
7258 4 8389
7102 3 12163
7019 6 8471
7981 2 8398
7946 0 11451
6230 6 12219
7298 2 8445
9351 6 12220
6301 2 8398
8193 0 9978
6894 3 12221
7662 5 8395
8314 2 8409
7976 2 8446
8034 2 8405
7942 2 8390
7807 3 10778
7538 0 12222
6224 1 8658
6996 1 8384
6594 3 9236
6434 2 8409
6682 0 10850
6652 4 8389
9941 6 12223
8310 1 8384
7526 3 9854
7464 6 8768
7464 2 8446
6814 1 8384
7809 0 8835
7584 1 8510
6968 0 8826
7904 2 8512
6508 2 8398
6326 2 8634
7330 0 10579
7701 1 8384
6750 2 8398
7883 0 12104
6249 2 8398
7956 0 12224
7710 2 8515
7871 6 12225
8096 0 9914
6252 3 12226
7284 2 8515
7636 6 10452
7013 6 8592
6732 6 8793
7817 2 8452
6783 0 9424
7438 4 8389
6333 1 8384
7512 3 12227
7071 0 12228
7515 3 12229
6409 3 12230
7155 5 8395
6839 4 8389
7172 1 8419
7937 5 8411
6413 1 8384
7602 2 8446
6233 2 8416
8129 0 12231
6419 6 11872
7416 5 8395
7667 4 8526
7373 5 8411
6330 6 9403
8820 2 8398
8500 4 8389
8166 0 12232
8238 1 9313
7241 2 8416
7953 3 12233
8265 3 12234
7002 6 10108
6748 6 9178
6196 2 8398
6951 2 8416
7462 4 8414
7875 2 8398
7555 6 11253
6896 6 11984
7313 6 12235
7317 6 10028
7108 2 8386
6038 0 9167
6926 2 8416
7781 0 12236
6572 3 8735
7472 1 9313
6895 0 12237
6287 4 8389
8061 6 12238
6636 4 8455
6255 1 8510
7140 2 8398
7860 0 12239
6224 3 12240
7601 2 8386
6213 6 8933
6597 4 8389
8334 0 10167
6158 1 8384
6093 3 9787
6939 6 10033
6997 4 8389
7958 4 8389
8004 4 8389
7363 6 12241
7717 1 8384
7424 2 8446
7292 1 8384
7577 3 12242
8023 0 9650
7735 5 8395
6162 6 11361
7909 6 9799
6378 6 10564
7698 5 8411
7511 0 8717
7461 4 8389
6677 2 8512
6865 6 10483
7345 0 12243
7556 5 8459
6331 6 10379
7237 3 9537
7739 0 12244
7343 3 10141
6654 3 12245
7737 1 8492
6958 1 8384
8252 6 12246
8146 3 8935
6246 3 9326
6266 4 8455
6765 5 8459
6102 2 8416
6483 1 8384
6043 6 8844
7226 0 12247
7673 1 8384
6492 0 12248
7418 4 8455
7504 2 8390
7144 2 8409
9367 0 12249
7639 3 9163
7368 5 8395
8054 1 8384
10225 5 8395
7133 2 8446
6384 2 8507
6432 1 8731
6940 3 12250
6957 1 8384
6989 1 8384
7969 2 8398
6330 0 9403
8346 1 8731
7442 0 12251
8156 2 8386
6585 2 8398
6979 2 8398
7196 3 12252
7219 2 8789
7465 5 8411
7900 6 10503
6077 1 8384
7022 6 12253
6674 4 8389
6800 5 8459
7925 6 9018
7462 0 11114
8095 2 8386
8060 2 8398
7012 2 8512
8321 6 9216
8049 2 8398
7516 2 8386
6797 0 9573
6661 6 12254
7193 2 8422
6152 2 8398
7867 4 8389
7820 2 8446
6214 0 10488
8277 0 12255
6870 2 8386
6831 3 9068
6459 0 10036
7587 2 8390
7043 4 8389
8147 6 12256
7142 5 8700
8373 4 8389
8189 1 10441
7444 0 12257
8044 2 8416
8178 0 12258
7653 2 8446
8155 3 9235
7817 0 12259
7949 2 8507
6132 0 11064
7286 2 8409
7650 2 8386
7038 3 12260
7034 6 9694
8362 4 8389
7172 3 10254
7312 6 8804
7410 5 8395
7695 2 8405
6685 4 8455
8357 2 8386
7214 2 8405
6291 0 12261
6257 2 8398
7161 4 8389
7894 0 12262
6339 5 8411
7122 1 8384
8070 3 9076
8168 5 8411
8126 0 12203
8109 2 8512
7633 2 8386
7964 1 8384
8271 2 8405
7955 3 10731
6664 1 8384
7462 2 8399
7153 5 8395
7178 2 8515
7725 1 8658
7853 5 8459
6730 6 10041
7579 4 8389
7872 1 8384
6076 0 12263
7591 1 8384
7300 6 9045
6074 3 8812
6626 1 8384
7228 5 8459
8269 4 8389
7267 3 11930
7694 0 9441
8205 2 8445
7793 2 8405
6224 2 8634
6661 1 8384
8351 5 8395
6708 1 8510
7148 0 12264
7675 3 12265
6646 5 8395
7655 0 12076
6622 0 12266
6681 4 8389
6508 0 10440
7342 5 8395
7454 0 10913
7830 0 12065
7923 1 8384
8015 2 8386
7671 2 8405
7001 6 12267
8364 3 12268
6699 4 8389
7823 4 8392
8131 0 8489
7181 1 8384
7338 2 8515
8022 4 8389
7524 1 8384
7324 5 8395
7147 5 8459
6929 0 9747
7210 1 8384
7817 6 9081
7438 0 11964
7059 6 12269
6889 0 12270
6627 4 8389
6309 6 12271
7179 4 8389
7318 2 8390
7223 1 8419
6942 5 8459
7585 5 8395
7585 3 9079
7865 4 8389
6740 1 8384
7775 2 8634
6660 0 8796
7416 0 9527
7294 4 8455
7884 0 10956
6199 5 8395
12013 5 8700
7431 5 8459
7377 6 8938
7890 0 12272
7510 5 8395
8166 4 8389
7435 2 8386
6617 1 8384
8235 0 10376
6452 0 12273
6813 0 9597
7491 4 8389
6493 0 12274
7354 6 12275
6147 5 8459
6733 2 8398
7054 3 11010
8382 2 8398
7216 4 8389
6736 1 8384
6690 2 8398
7276 0 11635
6974 0 12276
6717 1 8384
8025 5 8700
7333 1 8384
7990 3 12277
7238 4 8389
6197 1 8384
6363 6 9418
6373 3 8449
6978 1 8384
7270 1 8384
7592 2 8409
7742 3 10351
7120 6 12278
7358 4 8389
6225 3 12279
8127 6 10546
6559 4 8414
7627 3 10253
6579 2 8416
7749 0 9569
7876 6 8856
7883 5 8395
6284 2 8507
7327 2 8398
7218 5 8395
6292 6 12280
7463 1 8384
6418 2 8405
7480 5 8459
6804 3 8903
6656 2 8399
6169 0 8607
7824 4 8389
8018 6 12281
6161 3 11833
10928 1 8384
7650 6 11282
6416 1 8384
7730 3 12282
8058 6 12283
8058 0 12284
7154 5 8395
6046 2 8634
7634 0 12285
6771 4 8526
8179 6 8623
7612 1 8510
7733 2 8446
6357 5 8459
7718 6 9714
11336 3 12286
7221 2 8445
6972 4 8389
6975 0 8834
6560 2 8399
6643 3 8998
6431 2 8428
6934 3 12287
7448 1 8419
6977 2 8422
6493 4 8389
8679 1 8731
7729 3 12288
7160 1 8384
6377 2 8422
8260 2 8409
7606 2 8409
7462 4 8439
8263 6 8901
7137 2 8446
6575 1 8384
8143 3 10729
6572 2 8386
8009 0 12289
6658 2 8398
7357 6 8704
6723 1 8384
7793 3 12290
7394 1 8384
6360 1 8384
7855 4 8455
6878 2 8512
6458 0 8518
7592 0 12291
7594 1 8384
7138 2 8413
6593 2 8398
6988 0 12292
8227 4 8573
6831 0 12293
6750 0 12294
7543 2 8405
7834 3 12295
6683 0 11229
7218 0 12296
7893 1 8384
7254 1 8384
6487 3 11200
6777 5 8459
7060 2 8405
8264 2 8409
6272 5 8395
6321 1 8384
6057 1 8384
6485 2 8398
6395 2 8386
7621 2 8422
8052 2 8386
6502 1 8384
6283 5 8395
6407 3 8488
7425 2 8409
6055 1 8914
6309 0 10516
6903 0 8713
7826 3 9415
6386 5 8395
7818 2 8515
9781 0 10777
7281 5 8459
7207 1 8384
6746 1 8658
8213 3 8935
6082 6 10223
7479 6 9083
7080 0 10361
7658 2 8386
6337 1 8384
6904 5 8395
6932 3 12297
6590 6 8610
7839 2 8398
7868 4 8389
6838 3 9840
7097 6 9519
6173 2 8386
6295 5 8411
6087 5 8459
7954 2 8882
6923 2 8405
7851 0 8473
7019 4 8389
6545 0 12298
6607 6 10993
7716 3 12299
7858 6 8925
6045 6 10620
8241 5 8395
7844 6 12300
7205 6 12301
7982 2 8882
6527 4 8389
7950 0 12302
8049 5 8395
7032 2 8409
7481 6 10046
7186 2 8452
7526 2 8398
7430 2 8789
7470 2 8409
6198 2 8409
6343 1 8384
6511 2 8386
6863 2 8386
7829 0 8704
6662 3 12303
11240 2 8409
6488 5 8395
6745 3 11770
8256 2 8428
8149 2 8409
8160 2 8416
6747 1 8608
6640 0 9926
7825 1 8384
8664 1 8384
11483 6 11714
8195 0 12304
10342 2 8445
7783 3 9175
6704 0 12305
6670 1 8384
6724 2 8398
8245 2 8452
7260 5 8395
7249 3 8449
6057 5 8395
7496 3 12306
8237 3 9549
6180 1 8384
7400 2 8409
6765 0 11093
8372 4 8389
6139 0 10927
6369 2 8634
7558 3 12307
8215 4 8389
6795 0 9141
6117 2 8634
7399 5 8459
6726 1 8731
6965 0 11033
7278 0 10414
6746 1 8384
8313 3 12308
7197 2 8409
7072 2 8398
7648 4 8455
7413 1 8384
7353 2 8428
6178 1 8510
7136 4 8389
6818 0 9588
6989 3 8747
6254 1 8384
8168 1 8384
8017 2 8409
7326 4 8389
6489 5 8395
8119 2 8390
6431 3 11755
7225 6 8471
7659 6 9047
8106 6 12309
8118 6 11011
7750 3 12310
8333 1 8384
6141 5 8395
9598 1 8384
6310 6 11215
7661 6 12311
7462 2 8398
6047 2 8409
7581 3 12312
7798 2 8399
7640 0 12313
6676 2 8398
7952 3 12314
6074 6 9182
7387 4 8455
7706 3 8388
8269 1 8384
8084 0 12315
6075 0 10243
6768 1 8419
6314 6 8472
8312 4 8389
7934 4 8389
6658 2 8446
7604 2 8422
7140 2 8446
6850 0 8415
8257 1 8384
7146 6 10379
8016 4 8389
7707 4 8389
6159 2 8446
7103 2 8452
7933 1 8384
6737 6 8456
8023 2 8416
8176 0 12258
7778 1 8384
7735 3 11406
6349 6 9729
6606 2 8634
7277 4 8389
6514 1 8419
8239 4 8389
6484 2 8445
7192 1 8419
6906 2 8386
7256 2 8428
6875 1 8384
8240 0 8768
8062 0 12316
6630 2 8416
8244 1 8731
7408 2 8416
7817 0 9838
7329 1 8384
8252 0 9555
7603 2 8386
8262 5 8395
7226 6 12247
7229 2 8446
7514 5 8395
6970 2 8386
6771 4 8389
7879 6 8702
7518 5 8395
7827 6 11315
7827 3 11557
6473 2 8398
6291 2 8515
6634 2 8398
8054 0 12317
6300 0 8890
7668 2 8399
7202 2 8405
6080 5 8395
8295 2 8386
6772 2 8386
7935 6 8818
6337 1 8731
7752 6 12318
6477 5 8700
6194 4 8414
8119 2 8398
6171 2 8399
6336 2 8409
8003 2 8409
6729 4 8389
8108 2 8445
6700 0 12319
7298 6 11742
6612 1 8384
7182 4 8389
7217 2 8416
6262 3 9122
6236 2 8416
7335 3 12320
6449 2 8398
6736 5 8395
7844 6 12321
6538 0 8810
6506 1 8384
7243 2 8428
6368 2 8398
6422 3 12322
6973 2 8445
7838 3 8622
6594 6 10910
6872 2 8446
7314 6 12323
8212 6 9232
7692 1 8384
6878 3 8924
6130 2 8428
7287 0 12248
6711 1 8384
9941 1 8384
8288 3 12324
7156 2 8512
6887 6 12325
6742 6 10886
7809 1 8384
8227 5 8411
8032 2 8634
6840 4 8389
6655 6 11818
7328 1 8384
6576 3 12326
6867 2 8398
6356 5 8395
7433 3 12327
6052 1 8384
6586 4 8389
6610 6 8807
6995 4 8389
6875 2 8512
6430 5 8395
7244 2 8405
6304 1 8658
6724 6 11315
6834 4 8389
8244 3 8559
8089 2 8390
6958 3 12328
8376 4 8389
7503 0 8621
6175 0 12329
6180 0 12330
7220 1 8384
7034 1 8384
8066 2 8422
6276 3 8488
6697 2 8446
7382 1 8384
6976 1 8384
6412 0 12331
6391 3 12332
6445 1 8516
6685 0 12333
8130 4 8414
7618 4 8389
7374 5 8459
7093 0 12334
8320 6 10831
6245 1 8384
7416 1 8731
7600 0 8418
7294 2 8386
8063 2 8398
12013 6 12335
8228 2 8512
6293 3 9632
7890 1 9313
6421 1 8384
7090 1 9313
7241 2 8405
6114 6 9563
8113 2 8386
6264 1 8384
7757 2 8386
7057 5 8459
7121 4 8573
7713 5 8395
7570 4 8389
8380 2 8398
6271 2 8386
8057 5 8395
7595 4 8414
8192 0 12336
6707 4 8414
6894 0 12337
6501 5 8459
7268 0 12338
7596 1 8510
8083 4 8389
8083 1 8384
7860 3 12339
6884 5 8395
7692 6 10993
6299 6 9018
7193 2 8512
8002 1 9740
6152 3 12340
6550 6 8768
8008 4 8389
6605 1 8384
6911 6 12341
6326 1 8384
7123 2 8398
7625 1 8384
7151 0 12342
10381 0 12343
6764 0 8720
6639 1 8384
6606 4 8389
7116 6 8860
7192 2 8398
7469 1 8384
6451 2 8398
7158 5 8395
6100 2 8446
6630 1 8384
6068 0 8473
7739 6 9903
9454 0 10455
6169 2 8386
7985 2 8422
8222 2 8515
8342 2 8398
7074 2 8386
7169 5 8395
6815 0 9991
7385 1 8384
8258 1 8828
6202 5 8411
6131 1 8384
10346 3 10587
7599 3 10339
6821 2 8446
8099 6 10304
6243 5 8395
6177 2 8399
6177 1 8384
6426 3 10688
6530 1 8384
7370 6 12344
6408 2 8452
6082 2 8445
6825 5 8700
7797 2 8386
6257 0 10086
7542 3 12345
7417 5 8395
7299 1 8384
7839 3 9006
8503 3 12346
7163 2 8422
8133 6 12347
7436 2 8398
8180 0 8926
6585 3 9414
6338 4 8414
7744 5 8395
7126 0 9686
7057 6 12348
8249 5 8395
8090 2 8398
6260 2 8789
6089 6 11707
7665 0 8743
6271 6 11860
8298 0 9785
6428 4 8389
8193 2 8512
7199 2 8416
7313 3 12349
6133 1 8384
7240 2 8507
6438 3 12350
7477 6 11194
7471 0 12351
6435 2 8398
6222 4 8389
7267 5 8700
7222 0 8473
7143 2 8398
7506 0 12352
8137 5 8395
8027 5 8459
7573 4 8455
7886 1 8384
7646 0 9285
7617 1 8384
7732 0 12353
6069 4 8439
6130 0 11223
6558 0 10262
7892 1 8384
6152 4 8414
6093 6 8875
6093 0 10285
7331 2 8398
7628 6 10503
6622 2 8405
7578 5 8700
7689 2 8406
6429 0 8564
6941 1 8384
7550 5 8395
7292 1 8510
7898 0 12354
8097 2 8398
6671 3 8462
8160 5 8700
6220 6 8609
7740 0 8383
8378 0 12355
7825 1 8510
8364 2 8386
6701 2 8446
8274 0 12274
6451 5 8411
7751 1 8658
6777 6 9418
6252 2 8386
6704 0 12356
6476 3 12357
6502 4 9485
6216 3 12358
7455 2 8386
7455 0 12359
6139 2 8416
7059 3 12360
6784 4 8389
6976 2 8406
7558 4 8389
6244 3 11686
6839 0 10167
6795 2 8634
6650 2 8432
6177 4 8389
6845 4 8389
7040 4 8389
6552 3 12361
6183 5 8459
6937 1 8419
6424 1 8384
8224 1 8384
8338 2 8386
8291 3 12362
6966 0 10397
7832 6 9460
6972 5 8395
6943 3 12363
7537 2 8515
9533 0 12364
8271 6 11650
6121 6 8781
6493 6 12179
7306 0 11036
6524 6 10055
7647 5 8395
6951 2 8398
7705 6 11913
7726 2 8398
6690 1 8510
8143 2 8398
7239 0 9328
8025 4 8389
7166 3 12365
8164 1 8384
6197 5 8459
6554 5 8395
8049 6 9380
6597 6 12366
7259 1 8384
6099 3 8607
7114 1 8384
7547 3 12367
6711 2 8445
7960 6 10843
7430 4 8389
6559 3 12368
6402 4 8455
7584 2 8446
6123 1 8384
6911 5 8395
6508 6 12369
8154 6 10403
6546 6 11427
8801 6 8802
6860 2 8386
6248 2 8386
7035 0 12370
7993 2 8422
6381 5 8459
6256 2 8390
6837 2 8398
6329 3 12234
7192 1 8658
8006 2 8398
6351 2 8398
6608 2 8406
7737 4 8455
7544 1 8384
7010 0 8695
7760 4 8389
8052 6 9492
7483 6 12371
8442 0 11452
6283 2 8398
7948 5 8459
6971 2 8512
6060 6 10285
6985 1 8384
6821 1 8384
9781 4 8389
6201 4 8389
6201 1 8384
6541 4 8439
7149 1 8658
8332 4 8389
6518 3 12372
7808 6 10611
6257 2 8512
6761 1 8510
6235 2 8422
6432 2 8398
6330 2 8398
6914 2 8386
6358 0 9991
8235 4 8389
7274 1 12373
6766 1 8384
6983 1 8384
6461 6 10705
6347 2 8446
7927 0 8508
7927 0 9647
6954 4 8389
7336 5 8395
8333 5 8395
8067 2 8386
7462 6 9912
6523 2 8446
6595 3 12374
7645 2 8512
7335 6 9374
6926 2 8398
6926 1 8384
6468 1 8384
9499 6 12375
7191 4 8389
8025 1 8384
7015 2 8398
7869 2 8386
8084 2 8398
7596 2 8398
7573 0 12057
6371 6 8433
6197 2 8405
8132 0 8877
7838 1 8384
7314 1 8384
6597 2 8399
6471 0 12376
7032 2 8390
8379 2 8507
6158 2 8512
7841 1 8384
7707 2 8405
7707 0 12377
7094 2 8409
8101 0 12378
7587 1 8516
6437 0 12379
8023 1 8384
7605 0 10925
6284 1 8384
6540 4 8389
6860 4 8389
8247 1 8914
11483 2 8398
7823 5 8395
7181 0 10372
6355 5 8395
7309 3 12380
6794 4 8389
6738 4 8389
8066 3 12381
6246 6 11498
7540 5 8411
8152 2 8416
6202 0 12382
8100 6 9238
7275 1 11290
7634 2 8398
6328 6 12325
6303 4 8389
7504 3 12260
8329 2 8422
7070 4 8389
6406 0 12383
6663 0 11994
7637 1 8384
7637 3 8449
7971 4 8389
7421 5 8395
8129 0 12384
7690 2 8446
9616 0 11953
8054 5 8395
8316 6 12385
7136 2 8413
6472 4 8858
7811 6 12386
7658 5 8459
7935 0 8818
7373 2 8398
6932 5 8395
7854 2 8445
6828 5 8459
6185 4 8389
7302 3 12387
7491 6 12388
8333 6 12389
6721 1 8658
7606 3 11695
8001 1 8419
6557 3 8674
8181 1 8384
7776 4 8389
6045 4 8389
8232 0 12390
7272 2 8398
7844 2 8428
8107 3 9022
7976 5 8411
7288 0 9934
8226 2 8405
8371 2 8386
6884 0 12391
6213 3 12392
7743 0 12393
7594 3 9832
8203 2 8432
6142 6 12048
8188 2 8789
7749 2 8405
7856 3 8935
6144 2 8398
7454 2 8422
6696 4 8389
8198 5 8395
6657 4 8389
6344 2 8386
7882 2 8398
7882 2 8512
6615 2 8386
6418 0 9715
8248 6 12394
7762 2 8405
6331 3 9610
7721 2 8446
7050 2 8644
6430 2 8399
6950 6 9444
7100 0 8885
7761 2 8386
6886 2 8446
6342 6 8717
7162 5 8395
7249 6 10151
7496 2 8422
6854 0 12395
6124 1 8384
6129 2 8386
8167 0 8804
7660 2 8512
6727 5 8395
6839 2 8515
6960 1 8384
6413 4 8389
7800 2 8446
6056 2 8398
7926 0 11500
6466 5 8411
7352 1 8384
7150 2 8386
8350 0 12396
7197 6 8916
6634 1 8384
6257 2 8409
8144 6 9288
7008 6 12058
7569 2 8422
6718 5 8395
6619 4 8389
6431 2 8507
6465 0 10638
8229 2 8515
6452 2 8428
6089 2 8398
8159 4 8389
6758 5 8395
7570 1 8384
6394 2 8386
6279 6 12397
6151 0 10232
6730 0 8996
6896 0 12398
6587 1 8510
8289 0 9385
6051 5 8395
6575 2 8446
6890 5 8459
6613 2 8386
7959 5 8411
6592 4 8389
7596 4 8414
6527 1 8384
7546 6 12399
6996 4 8389
7314 3 12400
7988 2 8386
7675 0 9274
7841 3 9474
8141 3 9819
7460 4 8389
7466 2 8405
8194 6 12401
6719 6 9876
7843 1 8627
7702 2 8432
7251 4 8389
6415 2 8445
8006 0 12402
6451 6 12403
8278 2 8446
8230 6 12404
8368 0 11780
7880 2 8386
6061 6 12405
8069 0 8403
7329 6 9282
7483 2 8398
6124 3 9122
6450 4 8573
6043 2 8446
6820 1 8384
6369 0 8872
7351 2 8386
6105 2 8413
6243 4 8389
7612 4 8414
7334 0 12067
7687 1 8384
8281 2 8399
6411 3 9090
7479 4 8389
6634 3 10876
6235 4 8389
7668 1 8384
6787 1 8384
7431 2 8386
7890 6 8620
6339 2 8409
7211 5 8700
8168 6 12406
6798 1 8384
7782 2 8515
6491 2 8386
6494 3 12407
7406 3 11384
6039 0 11879
7767 5 8459
8221 0 10853
6607 0 10993
7853 2 8398
7404 4 8389
7268 2 8507
7235 4 8389
7235 3 9414
7044 2 8446
6387 4 8389
6868 5 8411
6638 5 8459
8365 2 8422
6924 4 8414
7006 3 12408
6093 2 8515
7052 1 8384
6460 2 8507
7763 0 9134
6097 2 8398
7778 0 12409
7651 0 12410
7882 3 8695
6190 0 11187
6967 0 12411
6378 1 8384
6606 6 12412
7881 1 8384
8015 3 9260
7279 1 8384
6137 1 8384
8248 2 8422
6588 6 8610
7908 0 12413
6875 5 8395
6382 4 8389
8599 2 8398
7938 5 8459
7664 0 8743
8230 2 8398
6515 0 12414
8018 3 11457
6519 6 9611
6519 3 12415
6555 0 12416
8056 0 9467
7760 5 8700
7488 3 10095
6063 0 12417
7734 1 8419
6276 1 8828
7996 4 8389
6353 6 8592
6407 5 8395
7540 6 10515
6182 0 9802
8359 2 8789
7425 1 8731
6041 3 11767
6113 6 12050
7201 3 12418
8059 3 9174
7533 5 8411
8357 5 8411
7685 2 8398
6521 2 8416
7072 2 8390
6478 3 9245
6634 0 8529
7668 1 8510
7884 0 9055
6330 3 10045
7250 2 8405
8070 2 8398
7536 2 8422
6221 0 12411
6871 0 12419
6855 1 8658
6370 1 8384
6755 2 8398
7927 4 8389
6698 6 12420
6362 4 8389
6743 6 9204
6302 2 8515
6951 1 8384
10310 6 12421
8339 0 12097
7877 1 8384
6187 0 12422
6038 5 8411
7697 4 8389
6084 2 8512
7384 5 8700
7300 0 10600
7044 6 12423
6792 2 8409
6044 6 9418
6547 0 12424
7623 5 8459
7238 5 8459
7365 4 8389
8650 3 12425
6543 6 12426
6269 2 8634
7394 4 8455
7325 2 8386
6984 0 8451
6997 2 8386
7026 1 8419
7242 2 8401
6159 5 8395
7103 0 12427
6429 0 12428
8799 2 8445
7187 0 9328
9672 1 8658
7909 2 8446
6546 2 8398
7698 1 8384
7699 5 8395
7327 0 12429
6381 3 10778
6586 0 10330
7755 1 8384
6331 1 8384
6528 0 12430
8216 4 8526
7185 0 9657
7210 6 9050
8135 1 8724
8252 2 8507
7734 3 10854
6618 6 12431
6072 0 12432
7515 4 8414
8100 3 12433
7234 5 8700
8293 3 8473
6985 0 8621
8099 1 8384
6726 2 8386
7110 4 8389
7269 5 8459
6361 0 12434
6603 2 8398
10225 1 8384
7025 6 9036
7004 0 12435
8266 2 8507
7361 2 8422
7422 3 8425
7030 2 8398
7236 4 8389
6339 1 8384
7510 0 9354
6780 6 8926
7632 3 12436
6467 2 8405
7478 2 8406
6465 1 12437
8024 2 8405
8353 2 8386
6981 0 10293
6383 2 8409
7126 0 8753
7851 3 11457
6059 6 9912
8108 1 8384
6141 3 9410
6752 2 8386
7661 3 10479
7347 1 8384
6760 0 12438
7853 4 8389
7191 1 8384
7063 2 8398
8025 0 11673
7083 3 12439
7982 4 8389
8209 0 9903
7105 1 8384
6636 5 8395
7357 2 8398
6996 5 8411
6458 6 8518
7386 4 9485
7032 4 8389
7987 1 8384
7041 1 8516
8051 1 8384
8186 5 8395
6694 0 9569
7170 0 12440
6340 2 8386
6997 6 9652
6898 2 8398
8092 6 11322
7763 4 8455
6655 2 8432
7036 4 8455
6941 3 9791
6437 5 8459
7415 2 8507
10381 2 8398
9672 6 11131
7977 5 8395
7454 0 9209
6953 2 8398
6860 0 12441
6867 3 12442
6747 0 8418
8124 3 9646
6381 2 8428
6666 2 8386
7480 6 11330
6901 3 8674
6331 4 8389
6724 5 8395
7210 3 8430
7709 5 8459
7349 3 10250
8252 1 8384
7467 2 8386
7010 4 8389
7748 4 8455
6046 6 8702
8074 2 8398
8335 6 12443
6756 3 8662
8215 0 12444
7878 0 12445
6960 0 11138
8352 6 11568
6893 5 8411
6893 3 11839
6990 4 8389
7278 4 8392
7334 2 8422
7532 3 10405
7322 0 12446
6149 6 9545
7017 2 8399
6478 0 8427
8320 1 8384
6565 2 8398
7811 6 12447
8228 5 8395
8045 2 8409
7122 4 8389
6943 4 8389
6491 5 8395
7773 2 8398
7437 1 8384
7998 2 8789
6078 3 8559
10137 5 8395
6877 2 8446
7525 1 8384
7978 2 8390
6734 2 8413
6819 2 8446
7581 1 8384
7178 6 10038
6575 1 8724
7384 0 12448
7638 5 8411
7267 2 8405
7401 6 10599
6768 1 8384
6314 1 8384
6527 6 8675
8294 6 10960
7392 0 11991
7822 0 10770
8226 0 10672
8206 1 8384
8347 5 8395
6786 5 8411
7970 3 12449
6593 1 8510
6898 3 12450
9062 6 11126
6531 2 8386
7717 6 12451
7024 2 8634
7330 2 8398
7977 3 9506
6750 2 8390
8367 1 8979
7882 5 8395
6763 2 8405
6639 6 11639
7111 2 8446
6209 3 9437
6282 1 8384
6744 0 9382
8172 2 8386
7067 1 8384
6091 1 8384
6528 1 8384
6995 1 8384
7783 4 8389
7423 6 11456
7761 5 8395
7552 4 8389
6172 2 8386
8199 1 8384
6486 0 10335
7575 1 8384
7496 6 10741
7496 1 8384
7457 2 8386
7828 0 8665
6092 4 8389
6512 4 8455
7616 3 8730
8258 0 12452
8100 2 8413
6328 4 8858
6611 1 8384
7826 4 8389
6188 2 8634
6849 3 10523
7070 3 12453
7874 1 8384
8130 2 8413
6401 2 8416
7756 0 12454
6240 2 8386
7668 5 8395
6280 2 8386
8233 2 8398
7236 5 8700
7787 6 12455
6393 1 8384
6215 5 8395
6560 2 8512
7097 0 12456
7731 1 8510
7096 0 11645
7861 1 8384
6923 1 8384
6362 2 8398
8283 6 8624
6848 3 10486
6532 2 8405
7240 2 8416
6974 6 11120
7471 3 8719
7015 0 11325
9959 1 8384
7626 6 10810
6263 6 10581
7304 1 8384
7105 5 8395
6658 4 8526
6346 0 10456
7604 4 8389
6213 5 8395
6146 2 8446
8589 3 12457
7892 2 8446
6947 1 8627
8203 0 12458
6440 6 12459
6225 0 8704
8008 2 8398
7517 4 8389
6286 5 8395
7605 2 8416
6341 3 9013
8255 2 8446
6487 5 8459
8304 4 8389
8248 6 11135
7572 3 12326
6656 2 8512
6430 3 9090
6846 5 8395
8089 4 8455
6499 0 8418
6061 2 8405
8222 2 8512
7038 0 12460
6905 6 12461
6165 2 8422
8047 3 10549
8074 4 8389
7558 6 9398
7485 4 8389
8329 6 12462
7599 4 8455
6561 4 8389
8019 0 12463
7493 0 12464
6192 2 8386
6466 4 8573
6357 4 8389
7099 5 8395
7127 5 8395
6647 4 8389
7562 6 11421
8266 0 12465
6720 1 8658
7168 2 8515
7894 0 10322
7204 4 8389
7236 2 8428
6619 2 8416
6467 2 8416
8078 5 8459
6702 1 8384
6039 6 10821
6642 2 8399
8159 6 11970
8221 2 8515
7541 1 8384
7548 2 8422
7821 1 8627
6896 6 12466
7233 5 8700
7872 4 8389
7240 6 12467
6051 6 12468
7106 2 8515
7869 2 8416
7028 2 8445
6044 4 8389
6398 5 8395
7323 2 8446
7629 5 8411
8034 0 10883
7793 0 11114
7860 0 12339
7031 2 8416
6797 1 8658
6635 1 8384
7597 2 8512
6125 2 8515
7655 2 8405
6735 0 12469
6909 5 8411
7809 5 8395
6459 1 8384
8158 6 12470
6273 4 8389
6356 2 8398
7018 6 10296
7224 1 8384
7805 2 8398
7100 0 8795
7664 0 9677
6741 6 9573
6499 2 8386
8342 0 12471
7730 2 8398
8741 3 12472
7660 6 9614
8258 6 9395
6374 4 8389
6756 2 8398
7514 2 8398
7826 5 8411
7366 4 8389
8300 5 8411
7311 0 9167
7290 2 8398
6206 5 8411
6940 2 8398
6167 0 8894
7030 0 12473
7414 4 8389
6330 4 8389
7435 3 9122
8234 4 8526
7134 2 8406
7019 1 8914
6150 6 9729
6545 2 8409
7606 5 8395
7567 3 12474
6844 3 9102
6577 6 9809
6752 0 8473
6479 6 10375
8095 5 8700
7217 6 12475
7529 1 8384
7362 5 8395
8251 2 8446
6187 2 8789
6928 6 12476
7697 1 8384
6086 0 11305
8132 2 8512
7950 1 8384
7901 0 12477
6616 1 8384
7076 6 12478
7592 0 12479
6200 5 8395
6526 2 8409
7597 1 8384
7597 3 9474
7742 2 8512
8051 3 12480
6693 4 8389
7460 2 8422
7052 0 12481
6286 6 11802
7388 5 8395
7545 2 8428
7187 1 8384
6108 2 8386
7915 0 12482
6584 2 8422
6657 0 12483
8065 2 8386
6606 2 8445
7993 2 8405
7218 2 8398
6062 4 8389
7254 2 8515
8971 4 8389
6901 1 8384
6631 6 11374
8062 0 11941
6630 2 8428
6781 3 9576
6732 3 9626
6858 3 8796
7503 4 8389
6063 2 8413
6124 2 8398
7889 1 8419
6410 5 8395
7673 5 8459
7514 6 12484
7878 4 8455
6308 0 12485
8356 2 8432
7818 1 8384
7879 0 8702
6163 2 8445
7078 0 12063
7214 0 10034
7899 6 8805
6240 0 10133
6320 3 12486
6637 1 8384
6332 3 8891
7521 0 12487
6040 0 8722
6189 4 8389
7499 1 8384
8234 2 8386
7941 2 8512
7851 2 8398
7356 4 8389
6365 2 8446
7112 1 8384
7541 5 8411
8282 1 8510
7711 4 8389
6894 6 12488
8079 3 12489
7384 2 8398
7276 2 8416
7813 6 12490
6632 5 8395
8270 0 11614
7387 4 8414
8009 6 12491
7596 2 8446
7857 2 8406
6422 5 8700
8217 5 8395
6352 1 8510
6346 2 8405
8212 4 8389
8343 0 8572
6130 1 8384
7259 2 8398
8013 2 8398
8345 1 8384
6526 3 10056
8379 6 12492
6158 3 10918
7988 0 11235
6885 3 12493
6550 1 8627
6898 5 8395
6791 0 12494
9692 1 8384
6508 3 12495
7806 2 8405
7342 1 8384
8147 3 8425
6273 3 10362
6344 1 8384
6487 0 12496
8012 0 12497
7754 5 8411
8044 2 8507
6091 5 8459
7761 4 8389
7761 3 12498
9225 2 8446
8244 6 9763
6654 1 8384
7220 6 12499
7400 2 8405
6266 3 9410
6139 4 8389
6756 0 10670
6955 4 8389
7812 0 12500
6205 4 8389
7836 5 8395
8130 6 11081
7474 2 8409
7557 5 8459
6297 6 11748
6944 2 8398
7827 1 8384
8111 1 8731
6649 1 8384
7884 4 8389
6325 1 8384
8295 5 8411
7728 2 8398
6812 1 8384
7122 0 12501
6952 4 8455
8220 6 10866
7849 4 8573
7965 2 8452
7126 4 8389
8090 3 11012
6260 4 8389
8159 0 9776
7000 3 9090
6377 1 8516
7647 2 8515
6844 6 9403
8174 2 8405
7462 0 11171
7525 2 8512
8322 5 8395
7706 0 8817
7222 2 8446
7959 0 12025
7283 0 12100
8317 3 8812
6197 2 8428
7860 4 8389
6140 2 8398
7171 1 8384
7988 3 12502
7675 2 8413
6198 2 8405
7291 1 8384
6066 5 8395
10714 6 12503
7232 6 12504
7454 4 8389
6425 5 8459
8117 0 12505
6867 0 12506
6810 2 8512
8065 2 8432
7159 2 8515
6749 6 10715
6623 2 8416
7055 0 9490
6418 2 8422
6670 5 8395
6515 2 8386
6120 6 9490
7453 2 8398
6816 2 8398
6794 5 8459
7169 6 12507
6644 4 8389
7385 2 8416
7175 3 9679
7275 0 8742
7399 6 10504
8026 4 8389
7585 6 12508
6233 2 8446
7827 2 8398
6312 1 8384
10131 2 8406
6226 2 8398
6518 1 8979
6624 1 8419
6384 0 8736
6637 6 10370
7190 2 8422
6080 3 12509
8297 2 8428
7969 5 8395
7204 2 8416
6204 1 8384
8346 0 12510
6904 6 12511
6393 6 10350
7211 4 8389
6716 2 8446
6709 1 8384
7536 4 8455
7096 3 12512
7134 3 9795
6539 0 10480
8261 0 12513
10230 0 11937
6612 2 8409
6279 2 8386
7216 6 10340
7781 6 12514
7781 0 8790
9499 3 12515
8330 0 12516
7472 2 8386
8153 6 12517
8084 1 8384
8250 4 8455
7990 2 8515
6864 1 8731
6864 0 9667
7596 6 12313
6422 4 8389
8650 4 8439
8132 4 8389
7646 1 8384
8210 3 8592
7601 0 10155
7617 5 8411
6434 2 8386
6786 1 10441
7032 1 8384
7398 6 10228
7389 5 8876
6799 1 8384
7742 4 8389
7547 5 8700
7820 5 8395
6104 0 12518
6290 0 10055
8008 1 8384
6198 1 8384
6564 2 8416
7587 3 11205
7806 1 8516
7977 2 8386
7735 6 10092
8267 6 11970
7956 1 8384
6883 1 8384
7060 6 9841
6920 0 9488
6277 4 8389
7244 4 8389
6781 2 8386
6485 5 8395
6241 5 8395
6107 0 10743
7621 2 8432
8196 2 8515
7906 2 8398
7223 6 9722
6829 2 8405
7473 6 10263
8059 2 8398
7266 2 8405
8129 2 8386
8123 0 9460
7383 4 8389
6624 6 9482
8291 0 10698
6432 4 8455
6206 6 10504
6940 1 8510
8233 3 9079
7832 2 8398
8168 0 12519
7225 1 8510
7659 5 8411
7491 0 12520
6264 2 8398
7851 4 8389
6039 2 8386
9565 5 8395
7656 1 8510
7160 2 8515
7095 3 11563
8260 4 8389
6848 0 10032
6819 2 8398
7725 2 8398
6857 0 12521
7952 0 10619
6427 2 8398
6084 5 8395
6895 4 8389
6817 2 8422
7164 3 9532
8137 0 8496
7807 4 8455
7131 0 9248
7692 0 8911
7784 0 12522
6998 2 8446
7148 0 8673
6652 2 8398
8377 2 8406
7424 5 8459
7590 5 8395
6863 4 8389
7151 6 8566
8275 3 12523
6867 0 10175
8267 0 10702
6098 4 8389
7755 6 8928
6883 6 10690
8274 2 8386
7754 0 8473
8006 2 8413
6036 6 12321
6036 0 9164
7060 1 8384
7783 1 8384
7393 0 12524
6704 4 8389
8368 2 8409
8354 3 12525
7249 1 8384
6161 0 12526
7376 2 8409
6776 2 8398
6783 0 12527
7081 3 12528
7503 5 8395
6556 3 8931
6180 0 12529
6407 1 8384
7559 3 10239
6228 6 9906
7023 0 8609
6105 2 8634
6908 0 10797
6892 0 12530
6406 0 11500
6726 6 8946
6201 2 8452
7213 6 12012
6454 2 8446
6475 1 8384
7133 0 12531
7562 0 12532
6472 2 8386
6665 1 8384
6932 2 8386
8070 0 12533
7020 1 8384
8133 2 8512
6194 2 8398
8156 0 12534
6585 0 10546
7132 2 8416
6347 3 12535
8369 3 12536
7022 0 12537
6642 1 8384
6700 3 10780
6743 5 8395
7570 5 8459
7570 3 12538
6679 5 8395
6403 5 8459
7529 3 12539
7711 0 8859
7240 2 8432
6438 0 12540
6626 2 8416
7109 2 8386
7924 3 8922
8312 2 8422
7607 6 9702
6315 3 12357
7355 5 8395
6996 0 12541
6868 2 8398
7481 3 12542
8142 4 8389
7526 6 10270
6687 6 9467
6531 1 8384
10315 2 8386
8204 1 8384
6174 5 8395
6982 0 9066
7915 1 8384
6256 3 10183
6514 2 8446
6677 5 8395
7912 5 8459
6588 4 8389
8096 2 8452
7739 1 8658
8178 3 8475
6275 2 8422
8244 2 8398
8360 2 8634
6929 1 8384
7453 2 8428
6057 0 8712
6732 1 8419
6500 6 10690
7611 1 8384
7603 2 8398
6303 3 12543
6303 0 9929
7395 6 9547
7818 6 9822
6439 4 8414
6965 5 8395
6211 0 8868
7532 6 11335
8123 2 8386
7368 6 12544
7797 6 8692
7141 2 8398
6235 1 8384
6300 2 8386
6537 3 10595
7417 6 12545
7560 2 8515
8233 4 8389
8045 6 11400
6987 3 12358
6336 6 9841
7643 3 8808
6335 0 9460
7586 2 8446
8614 1 8384
7927 5 8459
6713 4 8455
8106 0 12309
7451 6 9369
6150 1 8384
7729 2 8386
7649 0 10967
6523 2 8386
6523 5 8395
7548 1 8384
7233 1 8384
7412 4 8455
6236 2 8428
7108 2 8405
8349 6 12546
7477 1 8384
6890 3 12547
7106 0 12548
7982 1 8658
7323 4 8389
8164 6 8473
7365 1 8384
6422 6 8864
7792 4 8389
7646 0 8796
7355 2 8386
8226 6 9299
8226 2 8409
7764 1 8384
6994 6 12549
6223 2 8446
6924 3 12550
6083 0 11457
7466 0 12551
6142 1 8384
7429 4 8389
7429 2 8789
6402 2 8399
6343 2 8512
7024 3 12552
6229 6 12553
7187 4 8389
8275 2 8398
10238 6 12554
7977 4 8389
6662 0 12555
7535 5 8395
8033 4 8389
8117 2 8398
7898 5 8411
6999 3 9390
7403 3 8806
6356 3 12556
6747 5 8395
7018 0 10296
7198 4 8389
6329 6 12557
7051 0 11447
7480 4 8389
7871 4 8389
8096 1 8384
6631 4 8389
6659 4 8389
8276 0 11188
7985 0 12558
7376 4 8389
8135 1 8731
8237 2 8399
6858 4 8389
7081 1 9726
8311 4 8389
7748 0 12559
8000 4 8389
6765 4 8389
6765 3 10183
7188 1 8384
6386 6 11440
6278 2 8634
8287 5 8395
7312 0 12560
7201 5 8700
7972 5 8395
6122 5 8395
6170 0 10333
6660 0 8795
7492 2 8409
7416 1 8384
7133 6 9484
7361 2 8405
6805 1 8384
6206 1 8384
7008 4 8389
6720 4 8389
6932 2 8446
8500 3 12561
6467 3 8552
8171 2 8398
6766 4 8389
6871 1 8832
7448 3 12562
7255 2 8515
7554 4 8389
6702 1 8731
7803 2 8386
7851 2 8386
6520 0 9170
6721 5 8395
7356 2 8390
8174 3 12563
6271 1 8384
6568 4 8389
7716 2 8446
7872 2 8398
8039 2 8386
6449 3 8824
7228 4 8389
6792 1 8384
7869 6 12564
7869 5 8459
6176 0 12565
6371 0 8433
6826 2 8405
6352 2 8398
6543 3 12566
7942 6 9121
7771 0 9217
6140 4 8389
6910 4 8389
8351 6 9895
8029 4 8455
6961 4 8389
8188 1 8384
7152 2 8422
6250 6 9012
10714 3 12567
6745 2 8406
7519 4 8389
8267 4 8389
8373 3 12568
7993 0 12569
7511 0 12570
6841 0 12571
7769 3 12572
7696 2 8399
8010 1 8384
8096 6 8592
7338 5 8395
7805 2 8405
6444 1 8384
6195 2 8386
7200 2 8386
7069 6 8868
6834 1 8384
6486 5 8395
6519 1 8384
6241 6 12573
6333 5 8395
7730 6 12089
7407 6 12574
6129 0 8714
6374 0 12575
6244 0 8684
7319 5 8411
7602 4 8389
6406 0 11209
9367 2 8446
7865 1 8384
6900 3 9508
6466 1 8384
7207 2 8422
7266 6 12576
7557 2 8405
7149 4 8389
7149 1 8384
8183 0 12577
6296 0 12578
6183 2 8398
8111 3 8488
6226 2 8446
8191 0 9837
7439 2 8398
7439 5 8411
7027 2 8398
6574 2 8432
6424 5 8411
7017 3 9977
6822 2 8398
6379 1 9313
7542 6 9696
6678 0 9173
6940 6 8520
6242 2 8386
7008 2 8386
7994 2 8399
8086 2 8386
6897 1 8384
6591 2 8398
6194 2 8446
7704 1 8384
8180 6 8926
6467 5 8459
8238 1 9621
8242 2 8515
7196 6 9909
8043 2 8409
7941 3 10848
6729 0 12579
7729 0 10639
6310 0 12580
8370 3 12581
6833 2 8432
6595 0 8525
7194 0 8847
7553 4 8389
8555 3 12582
7548 4 8389
6857 2 8399
6673 4 8389
8349 3 9504
6051 0 10409
6468 3 9794
6632 2 8512
6094 6 8616
7869 2 8428
7077 0 10480
6691 6 10989
7886 6 11942
6880 2 8390
6723 3 9745
6913 2 8405
6978 5 8459
8347 3 9149
8110 5 8411
7742 5 8395
7120 0 12583
7983 1 8384
7091 0 12584
6104 0 11694
6956 2 8409
7523 4 8455
7424 1 8384
7749 6 8795
6203 1 8384
6390 0 12338
8267 2 8406
7881 0 12585
8091 0 8508
6137 2 8399
7484 6 9380
7563 6 11758
7805 1 8384
6252 2 8416
6311 2 8386
6496 2 8390
7636 1 8731
8222 2 8422
8148 6 12586
8173 1 8384
6416 4 8389
6450 2 8432
6815 5 8411
8152 2 8452
7425 1 8510
6412 1 8510
6117 0 12587
8019 6 12588
7922 1 8384
6280 3 11624
8211 2 8398
7414 2 8422
6495 0 12319
6718 2 8390
6897 5 8395
8168 3 11508
6716 1 8658
7486 0 12589
7436 6 8691
8119 0 12590
7940 1 8384
8116 0 8871
6067 4 8389
7000 1 8384
6743 0 9204
7346 1 9726
7462 1 8627
6523 6 8407
6479 3 8666
6428 5 8395
7555 1 8384
6497 6 8506
6427 2 8446
7662 2 8386
6601 3 9518
6255 0 9822
7807 1 8898
7287 3 10486
7676 1 8384
6998 2 8398
7120 1 8384
7089 6 9874
7464 2 8386
6481 5 8395
7123 1 8724
6719 0 12591
6127 3 9399
7535 2 8446
7830 1 8384
6160 2 8386
6671 2 8398
8005 0 12592
6991 4 8389
7881 2 8405
6062 1 8731
6186 0 12593
7051 3 11069
6345 4 8389
7256 2 8386
6091 4 8389
6803 1 8384
7282 4 8389
7938 4 8389
6321 2 8398
7260 3 10568
6486 3 10697
8360 3 10646
8155 2 8432
8268 0 12594
6161 0 9419
7611 6 8418
8366 2 8386
7034 4 8389
7889 2 8416
7948 2 8386
6815 0 12595
6072 6 9928
7385 4 8389
7878 1 8384
7042 6 12344
7042 0 9759
8352 4 8389
7800 3 12596
7879 2 8789
7344 6 12597
6541 6 12598
6541 2 8515
7847 4 8389
7125 4 8389
6927 1 8384
6754 6 8734
6235 6 8873
6300 2 8409
6624 5 8459
6181 2 8398
7521 5 8395
6288 1 8384
7373 0 8711
7377 2 8398
6217 1 8930
6856 2 8644
8168 4 8389
7849 0 9843
6938 5 8395
6135 2 8398
7643 0 12599
8341 2 8634
6553 1 8658
7339 6 12600
8614 4 8414
8024 4 8389
8326 5 8411
6077 6 12601
7212 1 8510
7567 2 8422
6365 1 8384
7297 5 8395
7581 2 8446
9568 5 8411
7313 0 12235
6045 2 8416
7929 1 8384
6582 1 8384
7683 2 8416
8294 2 8398
6554 1 8384
6526 2 8390
7768 5 8395
7203 3 9068
6448 6 10591
7156 3 8542
6402 6 11877
7790 3 9535
7888 2 8789
7904 5 8395
8367 0 10375
7113 5 8411
6763 1 8731
8267 0 12602
6220 1 8731
8255 2 8398
7736 1 10616
6415 0 11575
8195 2 8512
8971 0 9103
6186 0 8434
8022 6 12603
7393 3 12604
7552 2 8515
7200 2 8405
6103 1 8384
8178 2 8422
6732 2 8409
6175 0 12605
8066 5 8411
7139 2 8398
7989 5 8459
8196 0 12077
6050 6 11964
7906 2 8399
6908 0 12606
6177 5 8395
6663 4 8389
7975 5 8411
7896 2 8512
6788 6 9914
7847 2 8398
7775 0 9557
8182 4 8389
8224 0 12607
6775 2 8398
7127 2 8446
6602 4 8389
7657 2 8512
7236 0 12608
7250 6 8793
7890 0 8620
7839 1 8516
6560 0 9265
8140 1 8384
6938 2 8390
6474 2 8398
7940 2 8399
8116 4 8389
8614 0 12609
6977 5 8411
8003 5 8459
7554 2 8515
6121 1 8384
6268 3 9679
6480 6 12210
7095 1 8384
6210 3 10219
6743 0 12610
7194 2 8390
6667 2 8398
8095 6 9640
7217 3 12611
6207 1 8384
8302 2 8512
6076 1 8384
7088 2 8405
7301 6 9045
6879 4 8389
7688 0 12612
8107 1 8516
8061 3 12613
7355 1 8510
8375 5 8395
8253 0 8495
7195 2 8398
8688 1 8384
6782 2 8446
7120 2 8386
7820 2 8398
6214 0 8702
9062 5 8395
6791 3 12614
7248 6 10151
6286 1 8384
6808 4 8389
7587 1 8384
7635 6 12615
7342 2 8405
6576 2 8386
6982 4 8389
8023 6 12576
6218 1 8384
6425 2 8386
8154 3 9098
7698 6 12267
6747 0 12616
7159 4 8389
8255 3 12357
6906 2 8446
8044 6 9178
6110 5 8411
6950 4 8526
6886 0 8699
6659 4 8455
7162 2 8512
8348 3 9969
7408 2 8386
6958 5 8395
6668 2 8634
6905 5 8395
7400 0 9134
7996 1 8658
7540 3 12617
7948 3 9191
6450 1 8384
7385 6 12321
8170 0 12618
6055 4 8858
7231 3 9272
6309 5 8459
6820 2 8399
6278 1 8384
7144 1 8384
6376 6 9748
8130 4 8389
6530 2 8512
8129 6 8621
6505 6 8912
6079 3 8540
7416 1 8627
6475 5 8395
7353 2 8398
6325 6 8575
12013 2 8386
7979 2 8398
6798 5 8395
6573 6 10584
6573 6 9235
7491 5 8395
8369 2 8416
7273 1 8384
7121 1 8510
7056 3 12619
6581 3 10396
7649 5 8459
6151 2 8399
7581 0 10589
7918 2 8386
6449 6 11706
8080 3 10974
7864 2 8399
6263 1 8384
8218 2 8515
9572 6 12620
6884 6 11113
8212 5 8395
6609 2 8390
6597 1 8384
7195 0 9215
7032 0 12569
8589 1 8510
7809 0 12621
7578 2 8445
6159 2 8634
7790 2 8515
7115 2 8398
8036 6 9004
7635 0 12615
8042 3 8497
6750 6 9903
6534 3 12622
7702 2 8416
7519 0 12623
7277 2 8386
6688 0 12624
7218 4 8389
7085 2 8789
7469 5 8395
7871 6 11481
6704 0 12625
6946 0 10453
8276 2 8399
8018 2 8405
8069 2 8398
8155 1 8384
7453 5 8459
7400 5 8459
6762 0 11314
8196 4 8389
7558 0 12626
6611 6 9265
8215 4 8526
6243 3 12627
6122 0 12628
8197 4 8389
6917 3 12629
7473 0 8937
6544 6 12630
6544 0 12630
7971 2 8398
6660 1 8384
6183 0 12631
6574 1 8384
7791 2 8409
6578 2 8399
7190 6 8528
6495 2 8386
8122 6 10522
7537 0 12632
7782 4 8389
6933 2 8409
7536 0 8717
7849 2 8386
7731 6 12633
7921 2 8390
7047 2 8445
7992 2 8386
7837 4 8389
6674 1 8510
6833 2 8446
6271 2 8446
6047 4 8439
6047 4 8389
6653 6 9180
6568 0 12634
7858 5 8700
8011 2 8882
7301 1 8419
6575 2 8386
7239 1 8384
7866 0 12635
6881 4 8389
6157 3 10688
7304 6 9045
6042 1 9313
6037 4 8389
6405 1 8731
6148 2 8398
6255 4 8389
6811 6 9045
7193 5 8395
6164 1 8384
6525 1 8419
7584 3 12636
6870 1 8384
6511 3 8750
8988 2 8386
6941 2 8386
6437 3 11233
7625 6 12478
7550 4 8389
6108 2 8398
7215 0 10072
6162 3 10115
8315 0 12637
7714 6 9382
9389 2 8386
6837 6 8793
7912 0 12638
6355 6 9843
7050 2 8398
6875 3 8592
7158 1 8384
7147 6 9081
7938 6 8675
7636 5 8395
6304 4 8389
6948 4 8389
7007 3 8473
7944 1 8384
8222 4 8389
7408 5 8700
6092 1 8384
6816 5 8395
7779 2 8386
6309 4 8389
6400 2 8398
6551 0 12639
6903 1 9340
7549 3 12640
7399 0 12641
8019 1 12642
7058 0 9730
7350 4 8389
7350 6 12643
7557 1 8384
7285 2 8386
7690 6 9204
8102 6 12190
6238 2 8512
8162 1 8384
7521 0 12644
6432 6 11148
6337 4 8389
7894 4 8389
8500 0 9126
8017 0 12645
6643 5 8395
7134 2 8386
6442 4 8858
7965 0 12646
6979 6 11897
6573 0 12203
7491 2 8512
7927 6 9864
8159 6 10565
6520 5 8395
7359 2 8409
9598 0 12647
8095 3 9791
8282 2 8398
6857 5 8395
8151 2 8432
6119 0 12648
7591 0 11958
6538 2 8390
6632 1 8419
6222 6 9680
8025 2 8416
6455 5 8395
6715 4 8414
6547 1 8731
6387 1 8658
6037 3 9174
8210 5 8395
8212 2 8446
6910 5 8395
8290 3 9326
7840 4 8389
7089 1 8384
6364 6 12649
6142 2 8422
6104 4 8455
6470 2 8398
6831 1 8384
11058 6 12650
7517 1 8384
6902 2 8398
7701 4 8389
6273 0 10290
11240 3 12651
7723 0 12652
8256 0 8846
8247 4 8389
7833 3 9786
6747 0 12653
7543 2 8422
7712 5 8395
7119 1 8384
7672 3 12654
6514 0 12655
10863 6 12656
7563 5 8395
6417 5 8700
8010 0 12657
6631 3 12658
6630 3 12659
7653 0 12660
6741 3 10966
6515 2 8398
7128 6 9103
7817 1 8384
6562 1 8384
8307 3 12661
6132 2 8422
7611 5 8459
6216 6 12662
7455 0 8621
6889 2 8386
7425 2 8405
7599 2 8634
9263 3 12663
7214 3 8694
6411 0 12664
7967 0 12059
6231 4 8526
6472 0 12665
12013 2 8428
6040 0 9323
7499 5 8459
7979 1 8384
8037 0 12384
7849 3 12116
6938 2 8409
7134 4 8389
8337 2 8445
6748 0 9178
7589 5 8411
7273 2 8515
8138 6 12666
8402 6 12131
8221 2 8386
8041 0 9071
7411 2 8446
6071 0 12667
6912 2 8409
7529 6 12668
6446 2 8386
8302 3 8410
6262 6 9657
7064 0 8661
6575 2 8398
8028 0 12669
7844 6 12670
7844 1 8384
6582 0 8769
6824 0 8890
8061 0 12671
6075 0 10217
8040 4 8389
6148 3 12672
6703 0 12673
7394 3 12674
8206 3 10412
7814 4 8392
7482 3 12675
6152 0 8834
8031 0 9824
7610 2 8398
6885 2 8398
6898 4 8389
6294 2 8386
7933 0 10335
7248 1 8384
7691 2 8432
7328 2 8428
7545 6 11089
7680 6 9817
7843 3 8488
6218 3 12676
7605 1 8510
6127 2 8409
6657 0 12677
7224 2 8398
8364 6 12309
6841 6 9853
7484 2 8512
6451 4 8439
7908 2 8398
7147 2 8398
6741 0 12678
8273 6 12679
8219 1 8384
6161 2 8409
8150 2 8446
10928 6 12680
6959 4 8389
7989 0 9114
7889 1 8384
6971 6 12681
6512 6 10733
8167 5 8411
6072 2 8398
6309 2 8386
7446 5 8395
7836 6 9130
7800 4 8389
7266 1 8384
6297 4 8389
6937 3 12682
7084 5 8395
7290 1 8384
10225 3 12683
8114 2 8446
7811 0 12684
7657 4 8389
7168 4 8389
7236 0 12685
7728 3 9034
7165 1 8384
7773 2 8413
8308 2 8452
8341 0 12686
6335 4 8389
7744 6 8844
8249 2 8398
6039 0 8712
7606 0 12687
6301 4 8389
7199 5 8459
6857 6 9810
8251 6 9860
8039 1 8384
6187 5 8411
7300 3 10661
7662 3 12688
7471 1 8384
7638 2 8398
6086 2 8386
6287 2 8398
6592 6 12689
6396 2 8398
7012 6 12690
7012 1 8384
6352 2 8446
6543 2 8398
6872 4 8389
6797 1 8419
6629 4 8389
6998 5 8411
7892 3 11141
6852 4 8389
7148 1 9313
10555 1 8384
6214 3 10577
6128 6 12691
7261 6 9447
6563 2 8398
7363 0 9312
6902 0 12692
6773 3 11845
6052 0 11130
7671 2 8644
6256 5 8395
8255 5 8395
6701 6 11592
7085 5 8411
7067 4 8389
7721 2 8398
6316 2 8446
6608 5 8395
6275 6 8481
8089 2 8398
6732 4 8389
8088 2 8398
7928 0 8697
7034 5 8395
6618 2 8386
7889 2 8398
6976 5 8395
6234 2 8428
7634 6 12285
7558 1 8384
6611 3 11839
7155 1 8384
6960 4 8389
7172 4 8389
6599 1 8384
9367 0 11489
7110 2 8446
7533 4 8389
6505 2 8445
6126 0 8929
7884 3 9549
6966 1 8384
7560 1 8384
7935 6 9494
6389 2 8398
7510 3 12693
6643 2 8512
7381 3 12694
7815 5 8459
7954 2 8398
6179 0 10296
7005 2 8398
8402 1 8384
8221 3 12695
7257 6 9691
7153 2 8398
6819 0 11114
7182 2 8398
6262 0 9877
7064 1 8384
7872 3 10659
8250 1 8384
6422 2 8405
8321 1 8419
8081 6 8793
7443 1 8384
7140 3 12696
6913 6 12241
8290 4 8389
7799 0 12697
7331 3 9680
7430 5 8411
6097 6 9855
6579 0 11159
7651 0 12698
6671 1 8384
7403 6 10943
7035 6 11340
6381 0 12699
8248 0 12700
8064 6 10157
6588 0 12203
7246 0 8449
7444 5 8395
7397 5 8411
6916 4 8389
7459 3 12041
7459 0 12701
7162 1 8384
7453 0 8941
6359 1 8384
7265 2 8416
6216 1 8384
6762 4 8389
6182 1 8384
6889 2 8428
6456 0 8518
7385 5 8700
7385 0 12702
10346 1 8384
7245 3 12703
7937 0 12704
7042 4 8389
8026 6 9601
7836 4 8389
6740 2 8405
6317 0 10327
6436 2 8386
7695 6 8925
7827 0 11315
6521 0 12705
7311 4 8389
7562 2 8512
7991 0 11832
7422 2 8405
7080 2 8446
7080 3 9711
7221 4 8389
7180 5 8459
6242 0 11680
6772 0 8771
6491 1 8658
7402 0 9083
6421 3 12706
7614 0 8508
7500 3 10369
8242 1 8384
6114 1 8731
8078 2 8416
7522 2 8386
6573 2 8386
8353 2 8422
7296 2 8405
7005 1 8384
7750 4 8414
6535 2 8398
7160 6 9892
6053 0 10593
6674 3 9224
8057 3 12707
8057 0 12708
6580 2 8398
6568 5 8395
8181 2 8398
6049 5 8395
7654 3 12709
6133 0 12710
6774 1 8419
7576 3 12543
6547 4 8389
7494 5 8459
7785 2 8398
7131 6 10910
7348 5 8411
7530 2 8386
8290 1 8384
6751 0 9446
7841 6 8795
7610 2 8882
7980 4 8389
6340 0 12711
6460 4 8389
8286 4 8389
6159 4 8455
6250 0 8572
7680 3 12712
7883 6 12713
7332 5 8395
8015 1 8384
6757 6 9676
7511 2 8398
7192 5 8395
7563 0 12714
7783 0 9953
7423 1 8384
8184 0 12715
8062 1 8384
6103 0 12639
6724 0 11315
6120 2 8446
6132 6 12165
7074 4 8389
8146 5 8395
8066 6 9132
7673 2 8416
7937 1 8384
6308 4 8439
8038 3 12716
6663 0 9619
7741 3 12717
8130 0 12718
7618 2 8398
7518 6 9180
8313 2 8515
7099 2 8386
7294 3 11233
7835 0 12719
6548 0 10335
6206 2 8386
8233 1 8384
7236 0 12720
6665 0 8702
6812 6 12721
6904 1 8384
6856 0 9705
6975 1 8384
6253 3 8443
9531 5 8395
7815 4 8389
7489 6 12075
7369 6 10764
6370 0 8872
7586 2 8406
6260 3 12433
7767 2 8398
6196 1 8384
6758 6 9403
7356 6 9792
6653 4 8389
6301 2 8789
6861 0 11171
7872 0 12722
6086 1 9340
7106 6 12548
6792 0 12723
6895 5 8411
6715 2 8386
6817 0 11619
7506 2 8386
6251 5 8395
6880 5 8395
6156 0 9676
7795 6 9886
11535 2 8398
7692 5 8395
8161 0 8851
7597 4 8389
8031 5 8395
6652 5 8395
6364 0 12649
6628 0 12724
6885 5 8395
6622 2 8398
6290 5 8395
7075 6 12725
6866 4 8389
7806 2 8409
7843 0 10855
6576 6 10910
7577 2 8428
8299 2 8398
7605 1 8731
6953 3 11457
8163 6 12726
7714 1 8516
7652 6 12090
7622 1 8384
6349 1 8384
7224 4 8389
7463 0 9718
8248 4 8389
7556 1 8658
8274 5 8395
7751 5 8459
7805 0 11171
6496 0 12727
6208 0 10924
6724 1 8384
8276 0 11179
8354 1 8384
7262 0 9934
6668 3 10127
8087 6 9693
6876 6 12728
7559 2 8515
8258 1 8731
6400 3 12729
6600 5 8459
7686 4 8455
6117 6 12587
6445 6 9724
7490 5 8395
7493 2 8512
6212 3 12730
6192 6 10503
6192 2 8446
6318 6 12731
6847 2 8398
7227 6 8528
8357 4 8389
8313 4 8389
8191 1 8731
6647 6 9071
7161 3 12732
7377 5 8459
6972 2 8398
6491 3 12733
6591 1 8384
7302 0 12734
8109 3 9661
7264 5 8459
6335 5 8395
6755 1 9060
7744 3 9119
7656 4 8389
7306 4 8455
10137 3 12735
6147 0 12736
7257 4 8389
7257 0 8736
6073 0 8660
6612 5 8395
6679 1 8384
7182 2 8386
7870 0 12737
7858 4 8389
7776 5 8395
6587 1 8384
7706 4 8389
7063 4 8389
7143 4 8389
6387 5 8395
6315 0 9675
6806 6 8825
7646 0 8591
6567 2 8512
6850 6 12738
7901 0 12739
7131 2 8446
6616 2 8399
7799 0 12740
6694 2 8386
7980 6 12741
7026 6 9403
7130 4 8389
7261 2 8445
6563 3 11225
7523 0 12742
8032 2 8446
8204 6 8528
8007 6 12018
7590 3 12407
6174 6 12743
7843 2 8409
7021 3 9680
7520 1 8384
6891 4 8389
7433 1 8384
8124 1 8384
10863 1 8384
6883 4 8389
6725 2 8386
7069 5 8395
7709 2 8406
6562 0 9671
8167 3 9224
7432 2 8405
7231 5 8700
6328 2 8446
7765 5 8395
6985 6 9886
7172 5 8395
6970 5 8395
6317 2 8386
7926 4 8389
7427 0 8425
6247 2 8386
6464 2 8399
7311 6 9167
7311 2 8386
7213 2 8386
8191 1 8384
6126 1 8384
7061 3 9884
7353 6 12744
6332 5 8395
6242 3 12745
6270 0 11972
6204 2 8386
7936 3 12746
6421 1 8419
7974 2 8386
6702 6 12747
7002 1 8384
7354 5 8395
7354 0 12748
7895 1 8419
6258 2 8386
8041 2 8398
7745 0 10916
7966 4 8389
7548 0 9746
6730 4 8389
8011 4 8389
7872 2 8446
7903 1 8384
6064 6 10470
7276 4 8389
7267 2 8416
8153 3 12749
8060 2 8386
6895 0 12750
7109 6 10309
7573 6 12751
6790 2 8413
7527 2 8386
6434 1 8384
6629 2 8416
7456 1 8384
7676 5 8395
7316 3 10680
6622 2 8416
7816 4 8389
7790 4 8389
7152 2 8390
6203 2 8398
8799 0 8800
10238 0 12752
6399 6 12235
6657 3 12753
8065 2 8515
7251 0 12754
6640 3 9309
6623 2 8386
6744 1 8516
7192 1 8627
7480 0 10121
6669 6 8807
6252 5 8459
6444 1 8510
7582 2 8409
6476 1 8384
6741 1 8731
6120 5 8395
8273 4 8455
7262 2 8398
8076 3 9970
6738 3 10250
8058 2 8398
8325 5 8395
7154 0 10550
6324 5 8395
7175 2 8409
8362 1 8384
6600 3 8990
6551 1 8914
8215 3 10603
6259 2 8398
8356 5 8395
8038 1 8384
7639 5 8395
6408 0 12755
6712 4 8389
7842 4 8389
8114 2 8398
7668 2 8512
6624 2 8789
6167 6 12756
12013 1 8384
7811 1 8384
6054 4 8389
6933 0 8929
7165 2 8512
7921 6 12757
6731 2 8446
7964 3 8726
6385 2 8452
7941 5 8395
6121 2 8416
7465 4 8573
7310 4 9146
7981 3 12758
7112 2 8446
8328 5 8395
8071 6 8793
7362 2 8398
6070 2 8416
8330 1 8384
7044 0 12423
8145 2 8416
7576 4 8389
8021 2 8386
7365 5 8395
6826 6 9249
7140 1 8384
7758 5 8459
7031 1 8384
7901 2 8409
7398 0 8508
7259 4 8389
7507 1 8510
7841 5 8395
7331 0 9265
7960 3 8765
6885 2 8644
7466 5 8459
8423 4 8389
7378 5 8395
6869 2 8386
6437 6 12379
8036 4 8389
7391 6 12759
7806 5 8700
6722 1 8384
7232 0 12760
8023 2 8399
7701 2 8398
6851 2 8390
7651 1 8384
7862 2 8398
6584 1 9313
7079 6 12007
8315 6 12637
6356 6 11649
8267 0 8595
8128 4 8389
7769 0 12761
6528 0 12762
6801 5 8395
6931 1 8384
7496 2 8512
8056 1 8384
6502 2 8406
6423 3 12763
6182 5 8700
6060 0 10285
6391 4 8526
6278 2 8405
6227 2 8399
7593 4 8389
6439 6 9343
6845 1 8384
6686 2 8428
7848 4 8389
6921 2 8398
6767 0 12764
7492 5 8459
7072 2 8399
7004 5 8395
7811 5 8700
6339 2 8405
6339 3 8488
6189 2 8386
7211 2 8416
7839 6 9055
6798 6 8844
7788 2 8386
6474 6 12765
8308 6 8592
6264 6 11649
8369 4 8389
7306 6 12766
6147 1 8384
7509 0 12767
7645 1 8384
6236 2 8386
7866 4 8389
8330 0 12768
6817 3 11686
7961 1 8384
6307 3 9148
6633 4 8455
6714 4 8439
8347 0 11965
7592 2 8422
7592 1 8384
7468 0 9229
6099 0 8607
7547 1 8384
7983 4 8389
6364 3 9884
7460 6 8616
6885 1 8658
7466 0 9013
7337 1 8384
6870 4 8389
11058 5 8395
7363 5 8395
6719 2 8398
7919 0 12769
9448 1 12770
6540 0 12771
6810 0 12772
7519 2 8422
8331 2 8386
7582 1 8419
6725 0 11553
8089 5 8395
6741 5 8411
7682 3 12773
6854 2 8446
8311 5 8395
6762 2 8405
6407 2 8422
6182 2 8507
7385 0 12774
6328 0 12325
8050 1 8384
7418 2 8428
7223 1 9060
7504 1 8914
7812 6 12500
6308 4 8414
8352 5 8395
7602 0 12153
6726 3 11734
8300 1 8384
7027 0 12775
6574 3 9235
6126 0 12776
7136 1 8384
6231 5 8395
7642 0 12777
8223 2 8422
8223 0 11315
6943 1 8384
7165 2 8515
7326 2 8386
7973 5 8395
7773 1 8419
6731 4 8389
6731 5 8459
7998 6 10335
8116 1 8384
6855 4 8455
6923 0 9671
7102 2 8386
7508 2 8386
6380 4 8389
6912 0 12778
6894 0 12488
7129 4 8389
7268 0 12779
7781 1 8384
6792 4 8389
8021 2 8428
8217 1 8384
7105 6 12780
8321 2 8413
6636 3 10778
6880 0 10706
6255 4 8414
6769 1 8510
6947 4 8389
8051 2 8386
6093 1 8384
8377 4 8389
6225 1 9313
6628 1 8384
6459 0 12781
6564 2 8428
6655 0 12782
7024 4 8389
7904 0 10611
8275 6 12783
6793 2 8398
6510 1 8658
8247 0 12784
7277 0 8712
6256 2 8386
7710 5 8395
6841 1 8510
8239 0 9320
8971 1 8731
6186 1 8384
8010 4 8389
8096 4 8389
8274 3 12785
7789 0 9382
8355 1 8724
7582 5 8411
7128 2 8515
7162 0 9020
7249 4 8389
6562 5 8395
8146 6 10322
8258 4 8389
6412 6 10775
7231 4 8389
6483 6 9178
7673 2 8446
6244 2 8422
7206 0 9051
6785 3 9508
6650 1 8384
6205 6 8645
8197 1 8384
7427 1 8658
7207 6 12012
7968 6 8854
8075 5 8411
7450 0 12786
7774 0 10324
6473 6 11158
6770 1 8510
7835 3 8998
6206 3 11042
6957 2 8409
8297 4 8389
8500 2 8398
7486 6 12589
7092 0 10761
6494 0 12787
7722 3 8592
7921 3 9079
8341 4 8389
7554 6 12082
7955 1 8384
7271 0 12788
7056 0 12789
7713 0 9014
8328 6 12790
8380 0 12791
7581 0 12792
8151 2 8386
6497 4 8389
7230 3 9068
7638 1 9834
7802 3 12793
7063 0 11096
6455 2 8409
7804 1 8384
6387 2 8398
7694 3 9680
8317 5 8395
8040 2 8398
6346 5 8395
7288 1 8384
6616 3 9268
7887 0 10453
8016 0 12794
6152 5 8876
7742 1 8384
7006 1 8510
7724 2 8445
6898 6 10519
6531 5 8411
6503 0 10666
7846 4 8389
7780 0 12795
6136 5 8395
6174 0 12796
6249 3 8666
7825 3 12797
7086 1 8658
6292 4 8389
6514 5 8395
8598 0 12755
7930 2 8398
6186 3 12798
6417 2 8386
6901 6 10034
6995 6 10082
7244 0 9778
7786 6 10599
6946 4 8389
8245 1 8384
7794 2 8398
7007 1 8384
8089 3 12799
7944 4 8389
7880 6 10576
7810 0 12800
6964 2 8398
6305 1 8384
7540 1 8608
8196 2 8428
7154 6 10550
6060 2 8446
6234 2 8398
6134 5 8395
7686 6 10584
7686 1 8384
7155 6 8464
7070 2 8416
7334 6 11248
7637 2 8386
7367 1 8384
6660 0 8591
6312 2 8409
6424 3 9859
8320 5 8395
6419 5 8395
7842 1 8384
7294 6 12801
7353 1 8384
6384 2 8428
7390 1 8384
7560 0 12802
7168 1 8384
7728 6 10639
7678 1 8724
7174 0 11819
7979 4 8573
6058 5 8395
6718 3 9632
6780 4 8389
7644 4 8455
6591 4 8389
7305 3 12803
6194 2 8634
6221 1 8384
7568 2 8515
6731 0 9141
8238 4 8389
8171 4 8389
6871 1 8492
6370 5 8459
8271 2 8409
7310 0 12804
7019 2 8405
7306 1 8384
6843 3 9224
6753 1 9313
6595 4 8389
8057 6 9876
7978 6 10375
7233 3 12805
8071 4 8389
7801 1 8384
6138 4 8389
6468 0 12806
7986 5 8395
7028 6 8514
7528 1 8384
7864 2 8386
7357 5 8395
7443 2 8386
6156 2 8409
6910 6 12807
6223 6 10149
6687 1 8384
6286 2 8386
6286 3 10832
6281 3 10265
7780 2 8512
6229 3 12808
6298 2 8386
7342 6 8673
6750 1 8658
7883 2 8386
6874 2 8386
8267 0 12809
6606 1 8384
7543 6 11347
6701 1 8510
7823 0 8946
7563 1 8384
7871 1 8384
7762 1 10441
7284 6 12810
7824 6 10774
6854 2 8634
7071 0 9459
7234 0 12811
6090 1 8384
6492 4 8389
7418 0 10490
6839 5 8459
6243 6 10973
7818 3 10688
7874 6 10370
6170 2 8398
7322 3 10084
7434 2 8398
7434 5 8395
8182 3 8568
6944 2 8386
7311 2 8398
6825 3 8505
7061 4 8573
6238 4 8389
7173 5 8395
6548 2 8446
7180 2 8386
6495 6 9178
7236 1 8384
7583 2 8386
7728 2 8446
7122 6 12812
7211 0 11760
6404 0 12813
7436 4 8389
7302 1 8384
7973 3 12814
8156 1 8384
6431 6 12815
6983 6 11689
6420 5 8411
7586 0 8964
7554 2 8512
8369 0 12816
7525 4 8455
6271 0 12817
6301 5 8411
8011 3 12818
7088 1 8384
7697 6 10584
8080 2 8515
6626 1 8724
8153 4 8389
7626 2 8386
7283 2 8386
6447 2 8512
8081 0 12819
7131 1 8384
6872 0 12820
6140 1 9313
6998 3 11578
7547 2 8789
7460 5 8395
6622 6 10340
8227 0 10672
7523 1 8384
7152 6 8885
7635 1 8384
7856 1 8384
8158 0 12821
6851 4 8414
6341 1 8384
6160 1 8510
6356 0 11649
7251 5 8459
6052 4 8389
6749 2 8446
7372 5 8395
8598 4 8389
7755 4 8389
6036 2 8405
8184 2 8409
7039 2 8398
7393 1 8384
8105 2 8409
8216 2 8386
8244 1 8658
7007 6 8473
7575 1 10441
6241 2 8398
6395 1 8731
8135 2 8386
8135 3 12822
8237 4 8389
7748 0 12823
6556 2 8398
7650 4 8389
8000 2 8386
8087 1 8384
6697 6 9909
6512 2 8398
8167 2 8512
6324 1 8384
7234 2 8507
8293 0 8473
6243 2 8386
6376 2 8512
7847 2 8452
8103 1 8510
6552 2 8386
7263 1 8384
7311 2 8416
7294 2 8398
8211 0 9403
7884 2 8398
6548 6 10335
6101 3 10625
6231 0 12824
7280 2 8515
6590 0 10408
7897 6 9057
6054 6 12825
7891 4 8389
7097 2 8398
7419 3 12826
6467 2 8386
7274 2 8386
7964 2 8446
8956 3 12827
7681 1 8384
7589 4 8414
7356 0 12701
6800 1 8384
7595 0 11737
6497 5 8459
7315 2 8398
7990 6 11235
8053 2 8409
6398 1 8384
6447 2 8399
6768 1 9313
7770 6 9407
6197 6 12828
8083 5 8395
7822 1 8384
7516 0 12829
8226 5 8395
6434 5 8459
7855 1 8384
7962 2 8445
8589 2 8398
7011 6 10270
7089 4 8389
7089 2 8386
7820 1 8384
7203 2 8416
7957 1 8384
6735 1 8384
6460 2 8789
7584 0 12830
6481 2 8409
7933 3 8497
6529 2 8398
7388 3 12831
7587 6 10627
7151 2 8399
7680 5 8395
6620 2 8405
7915 0 12832
6356 1 8384
7327 4 8389
8239 2 8515
7746 1 8384
6830 0 9924
6677 1 8384
8208 5 8395
8096 5 8459
6920 2 8386
6803 2 8445
8216 1 8384
6498 1 8384
8089 1 8384
7880 2 8634
8125 5 8395
6668 0 12833
6216 2 8512
6266 0 12834
6139 2 8398
7624 0 9154
7144 5 8395
7812 5 8395
6821 4 8389
8026 6 12726
6122 2 8789
7334 1 8384
6247 0 11500
7214 2 8416
6521 4 8389
6454 6 8545
6927 2 8428
6907 2 8386
7939 1 8731
6634 0 12835
7025 1 8384
6565 3 12836
6167 5 8411
7431 1 8384
6772 1 8384
6720 2 8398
8297 2 8405
7894 2 8398
7122 2 8398
7211 2 8405
7211 1 8384
7849 0 12837
7704 0 12838
7302 6 9045
9157 2 8445
8072 1 8510
6766 2 8515
9207 3 12839
6461 0 9226
7954 1 8384
6888 5 8395
7665 3 8705
8048 3 10549
7649 0 8847
7525 6 10808
6705 0 9364
8192 4 8455
7591 1 8731
8084 2 8446
8321 2 8446
7546 2 8446
6363 0 10267
6826 1 8384
7392 1 8384
6930 2 8390
6156 2 8390
7288 6 9045
6994 1 8384
7325 1 8384
7186 2 8422
7316 4 8389
6751 5 8395
6711 6 12840
8142 2 8398
8127 3 10742
6550 0 8768
6459 0 12841
6961 2 8386
7517 0 9647
6136 3 12842
7605 2 8405
6425 0 11606
6341 4 8573
6292 2 8398
6137 2 8446
7696 2 8446
7914 0 12843
6630 0 9328
6068 1 8384
6659 6 12844
6515 4 8389
8888 6 12845
6366 3 8548
8222 3 8552
6359 6 9374
7611 2 8413
7034 0 12846
6512 1 8384
6490 4 8389
6328 2 8398
6261 6 9871
6261 2 8386
6849 2 8398
6177 2 8512
7975 4 8389
7865 2 8398
6900 5 8395
7110 0 11065
6829 6 10709
6829 1 8384
7452 0 12847
7791 6 12848
7808 0 12849
6332 0 9097
6940 2 8386
6759 1 8384
6706 5 8395
8168 2 8452
6591 3 12850
7381 6 8534
8171 1 8384
6335 2 8398
7219 0 11972
8139 5 8395
6196 2 8409
6147 2 8416
6758 0 9025
8370 0 12851
7925 0 10079
8174 6 12852
8001 2 8882
6166 6 11911
6705 5 8395
6501 0 12853
7726 1 8384
6974 1 8384
6945 2 8446
6969 6 12854
8280 3 8951
7604 0 10516
6703 1 8384
6633 0 12855
8016 2 8428
6099 6 9388
7006 0 12856
7594 4 8389
7148 2 8644
8142 0 12692
7052 5 8395
7997 2 8398
6909 2 8386
7024 6 8928
6863 5 8395
7829 5 8395
6764 2 8422
6399 5 8395
7833 0 9786
6418 5 8395
7912 4 8455
7469 2 8512
6631 2 8398
7914 6 12857
6946 2 8398
8199 0 12858
6120 2 8386
6061 1 9313
6061 0 12859
7107 4 8389
6107 2 8386
6175 2 8409
6668 4 8389
6583 0 12860
6618 3 9068
7385 2 8405
6627 5 8700
7275 3 10500
6533 1 8384
6043 5 8411
6328 1 8384
8335 1 8384
6739 3 10995
6903 2 8398
6821 5 8459
6205 2 8398
7800 2 8386
6965 2 8386
7874 5 8395
7847 1 8384
6936 1 8516
7367 0 12248
7618 1 8384
6552 6 11721
7307 2 8512
6257 4 8389
6143 1 8384
6957 3 9560
7435 1 8384
6171 4 8389
6539 5 8395
6853 0 9097
7219 0 12861
7255 0 12862
6493 0 8436
6873 4 8389
6141 4 8526
6607 2 8398
8370 6 12863
8298 0 12864
7716 6 10894
8303 2 8405
8079 5 8411
6155 4 8389
7781 2 8398
7638 2 8399
8009 2 8405
8330 2 8445
7472 2 8398
7674 6 10008
7850 6 12865
7901 3 12866
7131 2 8386
8345 0 12867
7203 2 8789
6225 2 8398
6294 4 8389
7819 2 8634
6191 6 9078
6191 2 8416
8185 1 9060
6605 5 8395
8101 1 8384
6136 1 8384
6793 4 8389
10381 6 12343
8176 5 8459
6218 2 8398
7735 0 10092
7535 3 10183
7993 1 8384
7254 2 8512
6830 1 8384
6355 3 12868
7037 2 8409
7060 0 8929
7200 5 8700
6208 0 12869
8094 0 12870
8244 2 8634
6929 1 8510
8219 0 9420
7376 1 8384
7329 5 8395
7621 2 8386
6794 0 12871
7989 4 8389
7873 4 8455
7624 0 10155
7231 2 8432
6202 3 9245
6483 2 8507
7485 1 8384
6261 0 8890
6308 1 8384
6227 1 9339
6650 2 8446
6205 5 8395
7490 4 8389
6685 3 12872
7874 2 8386
7352 4 8389
8213 1 8384
8332 2 8452
7718 5 8395
8104 4 8389
7422 6 8995
7414 5 8459
6835 2 8398
7280 4 8389
6975 6 12873
7979 0 9519
7211 0 10806
6215 2 8398
6323 2 8416
7009 6 8463
6979 0 12874
7659 4 8389
7095 6 12875
7095 2 8386
7925 3 10079
6951 6 12876
7679 2 8515
7199 0 11434
6896 1 8384
7579 5 8395
6707 1 8510
7313 4 8439
6076 4 8389
6823 3 12877
7471 2 8409
7063 1 8384
7528 4 8389
6570 4 8414
7683 1 8516
6176 6 10097
7886 4 8389
6042 4 8455
6363 5 8411
6405 0 10337
8034 3 10071
7822 6 10529
6996 2 8428
7784 1 8384
7468 6 8928
8120 5 8395
8319 1 8384
7316 6 10379
7970 4 8389
6364 1 8384
7026 2 8386
6214 1 8384
6961 1 8384
6961 0 12047
7248 0 10151
6511 6 9955
6429 2 8398
6941 2 8446
7391 2 8428
7021 0 9991
8225 2 8405
8147 6 11817
6584 2 8405
7087 3 10083
6349 0 10165
6891 2 8406
7277 2 8398
7086 6 9897
7736 0 9134
6415 1 8384
6865 4 8389
7762 1 8658
7037 1 8384
7444 1 8384
7783 1 8419
6496 2 8398
6950 0 9444
6986 0 12057
7147 3 8462
9225 2 8386
7786 2 8515
6476 2 8446
7453 1 8384
8076 4 8389
7309 6 12028
7515 0 11513
7382 4 8389
7234 1 8384
8201 6 9558
7395 2 8399
7073 2 8386
6728 1 8384
6728 5 8395
8350 1 8384
7450 6 12786
7450 2 8405
7040 0 10516
7269 6 8383
7995 3 11097
7967 6 12878
6565 5 8411
7811 0 12879
8895 4 8414
6957 0 9754
6254 0 9758
7174 4 8389
7174 5 8395
7442 6 12880
6539 0 12881
8265 0 12882
7589 3 11607
7022 0 12253
6210 0 12883
6843 2 8446
8057 2 8398
7194 2 8386
8035 3 12659
7475 4 8389
7555 0 10490
7821 0 12019
8073 2 8512
6778 4 8389
8136 3 12884
7283 0 12885
8279 2 8409
6346 3 9536
7901 0 12886
7784 0 9675
6782 5 8459
7148 3 12887
6628 3 12888
6571 6 12889
8423 6 12890
6814 2 8398
7328 4 8389
8225 0 9299
7520 2 8386
6640 2 8398
8323 5 8395
8195 5 8395
8971 2 8512
8064 5 8459
7256 0 11862
6068 4 8389
6725 4 8573
6486 6 12891
6929 0 12892
7262 1 8731
7496 5 8459
7817 2 8405
6697 4 8389
7779 6 8758
6102 2 8432
7917 0 10819
7670 6 10717
8201 4 8389
7229 2 8416
7312 2 8789
6322 3 10473
6436 3 8449
7344 5 8459
7344 0 12893
8103 4 8389
6569 3 12894
7367 0 8859
7321 6 10610
7439 6 9729
6637 3 12895
8318 2 8386
8393 6 12896
6204 2 8634
7787 1 8384
7839 1 8384
6952 6 10370
6185 2 8386
6807 2 8515
6914 5 8411
7406 5 8459
7274 6 8742
8236 4 8389
7953 2 8446
7255 0 12897
8249 3 9969
6210 4 8389
7509 3 9259
8035 6 12898
6861 6 11171
6071 2 8386
6676 1 8384
7821 2 8399
8289 5 8459
6187 2 8445
7108 2 8446
7844 0 12899
7986 4 8389
7341 5 8395
7596 3 12900
8312 2 8515
6148 6 11425
7443 2 8398
6237 0 9209
7032 6 12901
6682 2 8634
8055 2 8634
7316 5 8395
7120 2 8390
8310 4 8389
6887 1 8384
7763 5 8411
6614 6 10035
8277 1 8384
6911 1 8384
7364 6 12902
7876 2 8398
7232 3 8732
7715 6 9081
6274 0 12903
7065 3 9791
7224 6 8713
6514 4 8455
6699 2 8445
7498 2 8422
6345 2 8398
7345 6 12904
7902 6 11748
7209 2 8399
7653 4 8389
7747 6 12905
7496 2 8409
6905 2 8398
7074 3 12906
7559 0 12907
8047 2 8409
6492 1 8384
8356 3 12908
7312 1 8419
6466 2 8398
6788 2 8398
7848 1 8384
8112 6 9423
6936 2 8422
7618 5 8411
7571 2 8409
11336 4 8389
7668 4 8389
7236 0 12909
6254 0 8437
7502 6 12254
7442 5 8395
6838 4 8389
8119 5 8411
7096 2 8398
8242 5 8395
7369 5 8395
8341 1 8384
8003 1 8419
7757 2 8446
7057 1 8384
8106 2 8432
7750 2 8446
8283 0 12910
8370 2 8422
8584 1 8384
6568 2 8413
8555 6 12911
8272 4 8389
6690 4 8439
7088 0 10030
8028 4 8455
8241 2 8512
6074 0 9043
8009 1 8384
8330 2 8386
6969 5 8395
6044 2 8515
8027 2 8446
8034 4 8389
6597 2 8386
6980 2 8386
8347 6 11965
6237 1 8384
7440 0 8872
8127 4 8389
7242 1 8384
6814 3 8726
6968 2 8446
7248 2 8399
7378 2 8409
8042 1 8384
7292 0 12912
6153 2 8386
7577 1 8384
7735 1 8384
6399 0 12235
11240 6 12913
6615 2 8446
7463 5 8395
6528 5 8459
6351 0 10865
8022 5 8700
7453 3 12914
6500 1 8384
7551 0 12915
7010 6 9675
6583 2 8399
6276 5 8395
6246 4 8455
8262 3 8719
7558 2 8515
7318 2 8386
6551 3 11508
6739 0 9903
8329 2 8398
8352 0 12916
7201 6 9050
6686 0 12917
6686 0 12918
7278 1 8384
8213 2 8446
10131 1 9621
6291 2 8399
6963 2 8515
6238 2 8398
7542 1 8384
8338 0 12919
7180 2 8416
7280 6 9822
6337 0 9671
6040 0 9718
6085 2 8416
6330 2 8386
6665 6 8702
6812 3 12920
6975 2 8398
7381 4 8439
6934 5 8411
6420 6 9419
7448 5 8395
7522 3 8786
7495 3 9749
7057 4 8389
6589 1 9313
8260 5 8395
6258 3 12921
6479 1 12922
6734 2 8634
7870 5 8395
8363 5 8395
7167 2 8515
8251 3 10688
6879 2 8398
6717 3 9814
7929 6 9657
8080 1 8384
7387 6 10170
8009 0 12923
6962 0 9918
6768 1 8510
6352 4 8439
6878 1 8384
8206 0 9493
7287 1 8384
7259 5 8395
7707 3 8998
6968 6 8826
7036 2 8406
7625 5 8395
6390 2 8507
6425 2 8416
8163 2 8416
7111 4 8389
7519 6 12623
7519 2 8409
6623 5 8700
8128 5 8395
7696 3 8540
7014 0 11933
6110 2 8446
7050 2 8452
6950 4 8389
7135 1 8384
7786 1 8384
8199 0 12924
6789 0 8810
6854 1 8384
7810 3 9795
7512 2 8422
8325 4 8389
7873 1 8384
7234 2 8399
8074 6 10517
6739 1 8658
6785 2 8446
7410 6 9366
6406 2 8386
6507 2 8634
6685 0 9379
7207 4 8389
7756 6 9859
7197 0 12925
6235 0 12926
7600 0 12927
8114 3 12928
7133 2 8413
6181 2 8386
7738 6 8840
7835 4 8389
7521 6 8745
6678 0 10636
6168 3 9431
7295 1 8510
7431 3 12929
6217 4 8389
7979 5 8411
8070 2 8789
6780 1 8865
6897 0 8878
7486 2 8446
6171 0 9953
8139 0 10955
8336 6 12930
7126 2 8512
6589 2 8386
7539 2 8398
10310 2 8512
7853 6 12145
7548 6 9746
8787 2 8398
8151 3 9098
7340 0 12931
6690 6 9274
7813 0 11309
7029 2 8386
8269 6 10493
6658 0 10144
6334 2 8445
6037 2 8428
6352 4 8414
8334 5 8700
7287 5 8459
7193 1 8384
8016 2 8416
6164 2 8446
7693 3 12932
7156 0 12933
6503 2 8398
6655 1 8384
7364 5 8411
6326 2 8413
6689 5 8459
6390 2 8405
7856 2 8398
7862 0 12934
7251 0 12935
7198 6 10340
8085 1 8658
8304 6 9946
8331 3 9535
6277 0 10628
8199 6 12366
6555 6 9880
6738 2 8413
7611 4 8455
6959 2 8386
7071 6 8946
6407 2 8409
7407 2 8386
8325 2 8398
7917 0 12936
6244 5 8459
9781 1 8384
7922 0 12937
7741 4 8389
7278 2 8446
6530 6 12938
6462 0 9588
6660 5 8395
8332 6 12939
7368 1 8384
7945 5 8395
6181 3 8666
7390 4 8389
6085 2 8398
8220 2 8515
6709 6 12940
7632 2 8398
7436 5 8459
7704 6 8798
8156 0 11596
8238 3 12941
7437 2 8398
6431 5 8700
6871 2 8413
7157 1 8384
6981 4 8389
7900 5 8411
6059 3 12295
7019 4 8455
8159 0 11846
6380 3 9119
6577 2 8446
6848 4 8389
8584 2 8398
6394 0 9126
7595 5 8395
6580 1 8384
8095 0 9441
7553 1 8384
8302 1 8384
7412 3 12942
7335 1 8510
8349 1 8384
7191 3 9326
6582 0 8620
8153 2 8386
6570 0 12943
7683 0 11182
6790 4 8455
8321 0 10822
7785 3 8998
6930 1 8724
7527 0 12944
8375 1 8384
6457 2 8398
7764 5 8459
7759 6 8743
6878 6 8528
7011 5 8459
6984 2 8409
6142 5 8395
6097 0 9446
7630 1 8384
6866 3 11746
6437 2 8446
7635 0 12945
7232 1 8384
7651 1 8510
6621 2 8416
6891 1 8384
6329 4 8389
10342 5 8700
7449 2 8386
6036 2 8386
8264 2 8405
8216 5 8395
8089 1 8492
7944 6 12946
8494 4 8414
8254 3 12947
8254 0 8893
7760 6 8472
7615 3 9626
6469 6 10194
8196 3 11300
8325 2 8386
6450 6 12948
9105 0 12949
8201 1 8384
7485 2 8386
6227 2 8398
7865 5 8395
6530 3 11588
7474 0 10934
7078 6 12950
6453 0 12951
6183 2 8416
7439 3 9787
6754 3 12952
6822 0 12953
7542 5 8395
7422 5 8395
6168 2 8446
8175 3 8662
6288 5 8459
7303 6 9045
7236 0 12954
7897 2 8512
6254 4 8858
6118 3 12955
7305 2 8386
8119 0 12956
7068 2 8512
8116 6 11902
6370 4 8389
6755 0 9722
6977 2 8512
6383 3 11755
7681 2 8399
6589 0 12957
7160 4 8389
6607 2 8386
6479 5 8395
6653 5 8395
6403 2 8399
8001 0 8485
8303 4 8389
6049 4 8389
8136 2 8386
7844 3 9122
6396 1 12958
7323 3 10080
6315 4 8389
7357 0 12959
6307 2 8452
6661 6 12960
6373 1 8384
7189 2 8398
6164 6 11988
8203 0 12961
7610 2 8390
7610 0 8418
7470 4 8389
7052 6 12962
7242 6 12963
7933 2 8398
6605 3 11133
7691 1 8510
6793 1 8384
8284 0 9570
6341 2 8452
7403 0 12864
6991 2 8398
7698 2 8399
6623 1 8384
8091 5 8395
7914 4 8455
6103 3 11508
6515 3 8443
6789 0 10499
8494 0 12964
8252 6 9178
7828 2 8413
7910 1 8384
6876 1 8384
7455 4 8389
7169 4 8389
7407 1 8384
7948 2 8416
8372 0 8949
7660 1 8384
7497 3 12965
6727 6 12731
10346 2 8398
7229 6 11970
7703 1 8384
7155 2 8512
10933 6 12966
8099 3 12967
7070 2 8386
7972 1 11278
6746 1 8627
7040 3 10516
7571 3 10661
7127 1 8384
7842 0 11994
7141 1 8731
6899 0 12968
8086 2 8398
6987 2 8386
8642 0 10307
8500 5 8395
6560 3 12969
6404 2 8445
6194 1 8384
6938 1 8384
7885 1 8384
8308 2 8446
7369 2 8634
6452 1 8384
8271 2 8390
7258 0 11647
7057 0 12970
8249 6 12971
8174 4 8455
8134 0 12972
7347 2 8446
7640 1 8731
6857 3 8497
6038 2 8386
7387 1 8627
7982 2 8512
6613 1 8608
7976 1 8510
7596 0 12313
7546 3 12973
7785 5 8395
6915 5 8411
6638 0 9122
7348 3 12974
7564 0 12975
7032 2 8398
7146 5 8459
7041 0 12976
6852 0 9995
7006 0 12977
7867 2 8398
6154 3 10391
7675 2 8398
6984 2 8398
7628 1 8384
9692 6 12978
7916 6 12979
6203 4 8389
7024 5 8411
7663 2 8399
7415 5 8459
7977 0 9881
6763 0 8485
8128 1 8384
8364 1 8384
7051 5 8395
6920 1 8384
8184 2 8386
6277 0 8712
6430 0 10424
6382 2 8405
7582 2 8386
7200 6 9050
7447 2 8634
8244 4 8389
6918 5 8395
7408 1 8384
8376 2 8515
6858 0 12980
7796 1 8384
6604 1 8384
6410 4 8389
8362 5 8395
7549 0 10305
6849 5 8395
8059 4 8389
6788 0 9914
6569 1 8384
7557 0 10923
6453 2 8386
8030 2 8398
8300 3 9090
7214 4 8389
6518 0 12176
7648 4 8389
8063 4 8389
7979 3 12981
7766 5 8459
6943 2 8386
8126 0 10686
7326 3 9348
7731 2 8398
6474 3 12982
7861 3 9122
6347 0 9845
6589 4 8389
6141 0 12983
7925 0 11500
7713 6 8680
8041 2 8446
6279 3 11306
6479 2 8452
6819 3 12984
8193 3 12498
7233 2 8428
7082 6 11814
8289 2 8386
8289 0 10034
8232 3 12327
6538 5 8411
6463 0 9899
6193 3 8965
6790 1 8384
7304 3 12985
7860 6 12986
6224 6 11110
6915 3 9119
6594 4 8389
7566 2 8422
7145 1 8384
6629 6 10340
8345 2 8398
7597 0 11115
6782 3 8836
6924 2 8398
7440 5 8411
7148 2 8398
7840 2 8398
7960 5 8395
8277 0 12987
7152 5 8395
10315 2 8446
7829 2 8452
6127 2 8398
7830 4 8389
6999 2 8446
7484 4 8389
8131 2 8446
8208 4 8389
8096 1 8731
6277 5 8395
7284 2 8386
7636 2 8512
7653 6 9864
6659 3 8796
6836 3 8942
6169 1 8384
8344 5 8395
7034 0 9694
7996 0 10492
6139 2 8405
6131 5 8395
7110 3 10237
7874 2 8634
7733 6 12988
6788 1 8384
6544 4 8389
8357 0 9276
7532 2 8432
6660 4 8455
7774 5 8395
7690 2 8398
6464 2 8422
7183 3 12989
6245 5 8395
7133 1 8419
7025 5 8459
6280 6 10134
7580 2 8398
7008 2 8422
6899 0 12990
7728 2 8386
6135 6 10972
7132 0 9706
7241 3 8954
8078 2 8446
7310 2 8409
7656 2 8446
7121 6 9652
6196 4 8389
6674 1 8384
6302 0 9953
7257 2 8386
8298 0 9284
6403 1 8384
7966 0 12991
7679 6 9671
7679 0 9671
8251 1 8510
7697 6 11478
7301 2 8413
8381 2 8398
7688 0 12992
7239 2 8416
7961 1 8510
7924 0 12993
6651 3 12994
6554 0 9500
9572 4 8389
7195 6 8793
8365 0 11759
8051 2 8422
7460 2 8515
7026 0 9403
7958 2 8445
7920 1 8731
6198 3 8408
7584 1 8384
8194 2 8512
6281 2 8409
7780 6 10664
6153 6 9901
6488 3 12995
7119 2 8398
6757 0 9676
6329 1 8384
6091 3 11949
6656 3 12996
6950 3 12997
7282 1 8384
7552 2 8512
7237 4 8389
6608 1 8419
6834 2 8512
7128 3 12998
7551 2 8405
7286 6 8810
8344 1 8419
7616 4 8389
6055 6 8773
6131 0 9071
7418 0 9619
6409 1 8384
6795 5 8459
7504 6 9609
6386 0 11440
7593 6 9071
7380 5 8395
7344 4 8389
6530 2 8399
7370 2 8386
8075 2 8398
6408 2 8398
6936 5 8395
7756 2 8398
7027 4 9146
7492 2 8398
7072 2 8386
6245 4 8389
6761 4 8414
8266 0 12999
7657 2 8399
8346 6 12510
8820 2 8445
7897 3 10661
7048 4 8455
8220 6 9420
8166 6 12232
8140 2 8515
8017 1 8384
6619 2 8386
6358 4 8389
7419 5 8700
7500 1 8384
6871 3 13000
6853 0 11302
6993 3 13001
8003 2 8405
7745 3 13002
6734 2 8398
7716 2 8398
8555 0 12911
7476 6 11797
6673 2 8386
6313 4 8389
6236 1 8384
7064 2 8398
7669 3 13003
7315 0 10012
7869 3 10253
6613 2 8512
7164 2 8512
7864 2 8515
6779 0 13004
7506 1 8384
6422 2 8386
8217 4 8389
6790 3 13005
6826 0 10923
6145 5 8395
7195 5 8395
6714 0 13006
6299 0 10923
6786 2 8409
8055 5 8395
8031 4 8573
8290 2 8512
7867 1 8516
7331 6 9113
6214 1 8516
7130 1 8384
6097 3 8559
8185 1 8419
6239 1 8384
7680 2 8386
7701 0 8996
7535 0 13007
6534 2 8398
6874 1 8384
6967 4 8389
7543 2 8386
7159 0 13008
6052 6 9691
7116 4 8389
10863 3 8603
6744 4 8414
6830 6 9853
6418 2 8428
7696 5 8411
6106 0 13009
6417 2 8416
7181 2 8386
7293 1 8384
6509 2 8398
6496 0 12121
6195 0 11229
7200 3 10219
7343 6 13010
8094 2 8398
9454 4 8526
6741 1 8516
6061 2 8416
6366 6 11425
8376 0 13011
7551 1 9339
7488 0 11533
7928 3 9626
7873 5 8395
6512 5 8395
6784 0 10353
6456 1 9823
6976 2 8445
7351 0 9741
7951 0 13012
7206 6 12901
7937 4 8389
8038 0 9071
6201 3 8965
6771 3 9437
6247 0 11209
6944 6 10650
7125 0 11933
8281 2 8512
8123 5 8395
6578 0 9934
6432 4 8439
6772 2 8405
6759 4 8389
8297 4 8455
8126 6 13013
6221 0 8558
6643 1 10218
7381 0 13014
6078 1 8384
8229 5 8395
7339 4 8389
8043 1 8384
7465 6 13015
7002 3 10896
7567 0 12243
8370 1 8384
6752 1 8419
8328 2 8512
8328 0 13016
7297 3 8544
7194 0 13017
7475 2 8446
7153 3 9068
7553 0 13018
6071 0 9890
7199 4 8389
8192 2 8422
6922 3 8856
7801 2 8413
6538 1 8384
6086 2 8398
6109 6 8535
6625 1 8384
8053 2 8398
8280 1 8384
6768 0 13019
6996 3 13020
6638 2 8398
7348 6 9958
7855 3 10661
7530 1 8384
8379 5 8459
6214 2 8390
8004 0 13021
7584 4 8439
7630 4 8389
6563 4 8389
7036 3 13022
6174 3 13023
7856 5 8395
7215 6 13024
7622 0 9195
6081 2 8386
6451 1 8384
6906 1 8510
6496 2 8882
7282 4 8858
8089 4 8389
6654 2 8405
7210 4 8389
7098 2 8405
7483 1 8384
8058 3 13025
6072 3 9928
7624 6 9154
7154 4 8389
6113 0 13026
8356 0 8496
6726 2 8398
6426 2 8398
6771 5 8395
7926 0 10079
8075 2 8634
7350 2 8405
6401 4 8389
7474 2 8515
7421 3 8425
6936 3 13027
7285 0 13028
7774 1 8384
6126 4 8389
6361 1 8384
7127 3 12146
7416 2 8386
6649 5 8395
7133 2 8398
6178 0 12411
6143 4 8389
6565 0 13029
7303 4 8455
7839 0 9055
7752 0 12318
8140 2 8422
7704 3 9884
8119 6 13030
6442 0 11924
8326 2 8386
7102 0 12163
8169 1 8384
7955 0 9140
7002 0 9164
6642 4 8389
6380 0 11744
6877 2 8386
7837 5 8411
7056 2 8446
6843 0 9370
6844 5 8411
6753 2 8398
7509 6 13031
6045 2 8507
6109 1 8384
8330 4 8389
7222 5 8459
7166 6 13032
6895 3 10243
7700 2 8413
8053 5 8395
7772 1 8384
8209 2 8452
6048 1 8510
6806 1 8384
7527 5 8411
7758 0 11758
6994 4 8389
6978 2 8416
6388 1 8384
8379 0 13033
6694 4 8455
7460 1 8384
8029 1 8384
7578 6 9573
7584 1 8419
6564 1 8384
6968 2 8386
7388 1 11278
7378 1 8384
7625 4 8389
7187 6 10340
7342 2 8398
7862 3 13034
8117 6 9041
8267 2 8507
8255 4 8389
7218 6 9179
6865 2 8446
8012 3 13035
8331 5 8411
6804 4 8389
6444 0 8804
7524 6 10317
6935 6 9231
6670 4 8389
6115 1 8384
7664 5 8411
6836 0 11806
7128 0 9103
6366 4 8389
6161 5 8395
6644 1 8384
6784 0 13036
7504 2 8398
8356 2 8398
7493 0 13037
6686 4 8455
6163 1 8384
7518 0 9180
6473 2 8644
8579 2 8446
6832 3 11069
7667 6 8743
6199 6 11148
6989 0 8747
6718 1 8384
6560 2 8515
7891 2 8409
6489 0 11130
7568 6 11140
7633 4 8389
6338 0 9495
6465 2 8445
7258 2 8386
6923 4 8389
8003 3 12113
6645 1 8384
8159 2 8428
6679 2 8390
8041 4 8389
7555 2 8409
7137 4 8389
7235 1 8384
8107 6 10375
8143 5 8411
6570 1 8510
7506 6 12352
6768 6 13038
8218 5 8395
6433 3 13039
7913 0 13040
7795 4 8526
7617 3 8585
6638 2 8406
7564 4 8389
7189 2 8405
7032 5 8395
7481 2 8398
8345 5 8395
8377 2 8386
8127 2 8386
7052 2 8446
7156 6 9841
6791 0 13041
7523 5 8395
6566 1 9340
6306 5 8395
7715 2 8399
6153 4 8389
8147 1 8384
6510 2 8399
7833 4 8389
6292 0 12280
6666 2 8405
7563 3 11174
6345 5 8395
7762 3 8475
7397 0 13042
6741 2 8446
6120 2 8398
6958 2 8398
7949 1 8384
6175 0 13043
8344 0 10320
6905 1 8384
7989 2 8398
8741 6 11453
8187 4 8439
