3958 1 3846
3473 2 3847
5227 3 3848
5670 1 3849
2299 1 3850
5049 4 3851
1951 3 3852
2587 3 3853
3712 2 3854
3605 1 3849
3148 5 3855
2356 3 3856
5610 6 3857
5610 7 3858
2485 1 3859
3737 1 3860
2304 2 3861
4113 8 3862
4113 9 3863
2556 1 3864
2515 2 3865
3485 5 3866
4613 2 3867
3347 2 3868
2931 3 3869
3310 1 3870
3452 3 3871
2410 5 3872
2024 2 3873
3315 1 3874
2288 3 3875
5262 2 3876
5151 2 3877
3351 3 3878
1940 2 3879
1940 2 3880
2255 3 3881
4507 2 3882
5703 1 3883
5256 2 3884
3035 1 3885
5533 2 3886
2413 1 3887
2701 1 3888
5699 3 3889
3025 2 3890
5316 1 3891
5297 1 3892
5189 3 3893
4013 2 3894
3196 5 3895
4658 3 3896
5411 1 3897
4231 3 3898
4242 5 3899
3997 3 3900
5664 3 3901
3345 3 3902
5401 10 3903
5656 11 3904
2621 1 3864
4762 3 3905
2661 2 3906
4598 3 3907
4981 2 3908
5370 2 3909
4785 3 3910
5601 3 3911
4494 3 3912
2500 3 3913
2344 5 3914
1942 3 3915
2319 1 3916
2240 12 368
4508 2 3917
2019 2 3918
3339 2 3919
5038 2 3920
4332 2 3921
1951 2 3922
3712 3 3923
4389 1 3897
2356 2 3924
5610 7 3925
5313 1 3926
1991 13 3927
5120 14 3928
4113 8 3929
4113 8 3930
2667 3 3931
3546 1 3932
2463 3 3933
3528 2 3934
4903 3 3935
4752 2 3936
4147 3 3937
2515 2 3938
4579 3 3939
4365 2 3940
2410 2 3941
4419 5 3916
3880 1 3942
4715 3 3943
2316 1 3944
3923 5 3945
4470 1 3946
2048 1 3947
5416 2 3948
2929 2 3949
5694 2 3950
2869 2 3951
3014 1 3952
5646 15 3953
3029 3 3954
4493 2 3955
5595 1 3956
2412 3 3957
3591 3 3958
4597 4 3959
5454 3 3960
5631 1 3961
4825 3 3962
5517 5 3963
3197 16 3964
5664 3 3965
3401 5 3966
2008 3 3967
4196 17 3968
4796 2 3969
4609 2 3970
4436 5 3971
5561 1 3972
2411 3 3973
2411 3 3974
3952 3 3975
4086 3 3886
2380 3 3976
5370 2 3977
4785 2 3978
2330 10 3979
2500 2 3980
5567 12 3695
2191 17 3981
2954 1 3982
4508 2 3983
4560 5 3984
2356 3 3985
4510 1 3986
2773 3 3987
4232 3 3988
4113 8 3989
4113 9 3990
2406 2 3991
4613 1 3992
2306 5 3993
3536 5 3994
4742 3 3995
4921 2 3996
5025 1 3997
4950 1 3897
5305 2 3998
3923 2 3999
3706 1 4000
5560 2 4001
2929 3 4002
3779 1 4003
4094 4 3851
2251 2 4004
3505 3 4005
2495 3 4006
3861 3 4007
2523 1 4008
5704 5 4009
2696 1 4010
2364 2 4011
2882 10 4012
4231 5 4013
3345 3 4014
3284 2 4015
3497 3 4016
4981 2 4017
1952 18 4018
3616 3 4019
2319 10 4020
3473 3 4021
3473 2 4022
3718 2 3923
4508 2 4023
5057 1 4024
1951 2 4025
4080 3 4026
5610 6 4027
5610 6 4028
2821 19 4029
4113 8 4030
4113 9 4031
4113 9 4032
4406 2 4033
3634 3 4034
4604 20 4035
3766 10 4036
3528 2 4037
1995 1 4038
3678 3 4039
3878 5 4040
1908 13 4041
2277 1 3864
4760 1 3992
3195 3 4042
3658 2 4043
4879 1 4044
5635 3 4045
3610 1 4046
2235 3 4047
5071 3 4048
4705 2 4049
3441 5 4050
4507 3 4051
3029 11 4052
4755 1 4053
3758 3 4054
2657 3 4055
3051 21 4056
2246 5 4057
5239 1 4058
3025 5 4059
3544 10 4036
3763 2 4060
2021 3 4061
5284 17 4062
2055 5 4063
3345 2 4064
2053 3 4065
2767 2 4066
3832 2 4067
3855 3 4068
5497 1 4013
4609 2 4069
1938 3 4070
3110 1 4071
2848 3 4072
2820 2 4073
5601 2 3911
2518 3 4074
3645 2 3886
4992 2 4075
2191 15 4076
3993 1 4077
3942 3 4078
3225 3 4079
3180 3 4080
4554 5 4081
2662 3 4082
5610 6 4083
5610 7 4084
2308 3 4085
3026 2 4086
2938 5 4087
2668 3 3977
2272 1 3972
4739 2 4088
4113 8 4089
4113 9 4090
4113 9 4091
2554 2 4092
3219 5 3947
4948 1 4093
4675 1 4094
3910 2 4095
5358 3 4096
2515 3 4097
3398 2 3937
4674 1 4098
4778 20 4099
4083 3 4100
5262 2 4101
3195 2 4102
5151 1 4103
4167 1 4094
5004 10 4104
2076 3 4105
2078 3 4106
5253 3 4107
4895 1 4108
4507 2 4109
2058 2 4110
1987 3 4111
2486 10 4112
2282 3 4113
3051 22 4114
3861 3 4115
3620 3 4116
3922 2 4117
1939 3 4118
3997 3 4119
3345 2 4120
4339 5 4121
4940 10 4122
1999 23 127
1911 5 4123
2151 3 4124
2151 2 4125
3717 3 4126
5154 3 4127
5370 3 4128
2280 3 4129
2846 3 4130
4508 2 4131
4469 3 4132
5693 5 4133
2653 5 4134
4332 2 4135
2356 2 4136
5610 6 4137
5610 6 4138
5610 7 4139
2773 2 4140
4113 8 4141
4113 8 4142
4113 8 4143
4113 8 4144
4113 9 4145
4651 10 4146
3336 2 4147
5312 1 4148
3496 3 4149
3506 1 4150
4603 2 4151
3347 3 4152
4766 4 3851
3113 22 4153
3209 5 4154
5614 2 4155
5451 3 4156
4470 5 4157
5391 5 4158
4530 3 4159
3609 2 4160
2078 2 4106
2869 2 4161
3648 3 4162
5197 3 4163
2058 2 4164
3592 11 4165
3550 1 4166
3118 5 4167
4596 3 4168
3025 2 4169
5618 1 4170
3911 1 4171
1939 3 4172
4676 5 4094
4605 3 4173
4959 5 4174
2053 5 4175
2767 2 4176
3224 2 4177
2380 19 4178
3261 10 4179
1947 2 4180
2309 2 4181
4508 3 4182
5612 1 4183
2166 2 4184
2474 18 4185
5610 6 4186
5610 6 4187
5610 7 4188
2308 3 4189
5324 2 4190
3693 5 4191
4113 8 4192
4113 8 4193
4113 9 4194
2388 1 4195
3336 2 4196
2649 2 4197
4386 1 3864
2515 3 4198
5063 1 4199
2737 2 4200
2737 2 4201
3678 2 4202
3644 2 4203
5537 5 4204
2306 2 4205
5246 2 4206
3368 3 4207
5193 3 4208
5330 2 4209
3182 2 4210
3055 1 4211
2869 3 4212
5674 1 4174
3100 3 4213
3976 5 3859
4387 1 4214
4366 3 4215
4022 1 4216
4658 1 4191
2021 24 4217
5660 3 4218
1939 2 4219
4606 2 4220
3951 25 4221
5276 5 4222
3782 26 4223
4137 1 4224
4142 2 4225
5470 3 4226
1902 2 4227
3757 2 4228
4210 3 4229
5370 2 4230
2609 27 4231
3846 1 4232
5548 2 4233
3645 3 4234
1942 3 4235
4508 2 4236
2019 2 4237
3942 3 4238
3942 2 4239
2401 2 4240
1951 3 4241
2356 3 4242
5610 7 4243
3026 3 4244
4113 8 4245
4113 9 4246
4113 9 4247
4113 9 4248
4113 9 4249
4113 9 4250
1926 20 4251
2649 3 4252
5012 3 4253
2370 2 4254
2409 28 4255
3024 10 4256
2737 3 4201
2501 19 4257
2410 2 4258
2549 10 4259
4921 3 4260
1900 1 4261
3837 1 4262
4587 3 4263
4898 2 4264
3204 11 4265
5520 3 4266
4583 3 4267
4791 3 4268
5437 1 4269
2473 3 4270
2255 3 4271
2925 1 4272
4532 1 4013
4630 1 4058
3592 3 4273
2495 3 4274
2916 23 1044
4088 13 4275
3345 3 4276
4337 1 4277
2849 3 4278
3081 2 4279
3719 27 4280
2476 2 4281
2429 2 4282
2258 3 4283
2681 3 4284
4509 17 4285
5152 3 4286
4786 2 4287
2518 3 4288
3372 2 4289
2500 3 4290
2280 2 4129
2019 2 4291
3275 2 4292
3942 3 4239
3994 29 4293
3079 5 3984
3703 5 4294
3374 1 4217
5610 7 4295
4302 3 4296
2771 2 4297
2987 1 3899
4113 9 4298
4113 9 4299
4113 9 4300
2007 2 4301
3634 2 4302
4359 3 4303
2463 2 4304
3639 3 4305
3640 3 4306
2923 2 4307
3347 2 4308
3567 3 4309
2156 1 3849
4798 1 3961
2709 5 4310
4093 1 3864
2869 2 4311
4274 3 4312
4507 3 4313
2412 3 3974
1987 3 4314
4366 2 4315
2282 3 4316
2246 2 4317
1930 2 4318
3377 2 4319
3025 3 4320
3885 1 4217
2107 1 4321
3782 30 4322
4491 2 4323
3832 3 4324
4196 30 4325
4870 3 4326
4870 2 4327
2849 2 4278
3369 2 4328
2550 1 3916
2249 16 4329
2279 3 4330
4089 3 4331
3847 1 4332
4598 3 4333
4210 2 4334
2258 2 4335
2681 3 4336
1952 13 4018
4785 3 4337
3718 2 4168
2180 10 4338
4508 3 4339
2032 3 4340
2474 20 4251
3853 2 4341
5610 6 4342
5610 6 4343
5610 7 4344
5610 7 4345
3906 2 4346
4578 1 4347
4113 8 4348
3496 3 3886
2374 1 3860
4147 4 4349
5358 2 4350
3232 3 4351
3425 1 3961
2660 1 3866
2066 3 4352
4790 1 3916
2125 2 4353
4921 3 4354
5614 3 4355
5520 3 4356
2252 5 4357
4583 2 4358
3688 11 4359
4321 2 4360
2929 3 4361
3596 1 4362
3152 3 4363
2869 3 4364
4776 3 4365
4274 2 4366
2607 10 4367
4507 3 4368
4836 1 4369
4379 13 4370
3505 2 4371
4833 1 4362
2307 2 4372
5660 2 4373
1989 2 4374
4231 2 4375
2759 1 4376
2759 1 4377
2725 1 4094
3832 3 4378
1963 2 4379
2600 1 4380
1902 3 4227
4981 3 4381
5370 3 4382
5370 3 4383
2491 2 4384
5384 3 4385
1952 13 4386
4032 5 4175
1893 20 4387
2000 2 4388
4327 1 3864
5693 3 4389
4560 2 4390
3242 15 4076
3382 1 4391
4554 3 3854
4554 2 3854
5610 6 4392
5610 6 4393
5610 6 4394
2773 3 4395
5120 2 4396
4739 2 4397
4113 8 4398
4113 8 4399
4113 8 4400
4113 8 4401
4113 8 4402
4113 8 4403
4113 9 4404
2028 1 4405
3490 3 4406
3490 2 4407
2463 2 4408
2463 2 4409
2409 28 4410
4604 3 4411
2133 3 4412
2259 2 4413
1935 1 4191
2341 2 4414
5651 3 4415
2570 5 4416
3929 1 4013
3785 27 4417
2568 3 4418
5094 5 4419
5193 3 4420
5451 2 4421
3658 5 4422
4583 2 4423
5004 3 4424
4115 5 4094
1940 2 4425
3857 4 4426
4507 3 4427
4507 3 4428
4507 2 4429
4661 4 4430
2251 3 4431
2690 2 4432
5533 5 3874
2413 11 4433
5454 2 4434
3025 2 4435
4013 3 3894
2777 1 3872
2141 5 4436
4209 2 4437
2767 3 4438
2422 1 4133
3578 3 4439
2064 18 4440
2517 2 4441
4099 1 4362
4334 1 4442
3721 1 4443
4106 2 4444
5712 5 4445
2969 1 4445
5235 2 4446
4210 2 4447
5259 3 4448
1990 27 4449
2547 2 4450
5548 2 4451
2280 2 4452
2601 1 4453
4229 1 4454
3211 1 4454
2296 1 4455
2204 1 4456
2238 3 4457
4332 2 4458
2356 3 4459
5065 1 4057
2056 3 4460
2308 2 4461
4165 3 4462
3026 3 4463
3121 3 4464
3121 2 4465
4031 2 4466
4113 8 4467
4602 1 4046
4104 1 3846
2007 3 4468
2323 31 4469
2649 3 4470
4478 1 4471
5419 28 4472
2931 3 4473
2931 2 4474
5203 2 4475
3408 3 4476
5614 2 4477
4583 2 4478
4281 5 4479
3882 3 4480
3230 2 4481
2294 24 4057
2439 3 4482
2495 2 4483
3025 2 4484
3025 2 4485
3763 18 4486
3922 2 4487
2904 2 4488
4019 3 4489
4019 2 4490
3997 3 4491
4209 3 4492
3583 2 4493
1943 2 4494
2476 10 4495
3955 5 4496
2859 3 4497
1902 3 4498
2907 5 4499
2765 3 4500
5154 2 4501
3510 1 4502
4369 2 4503
2547 3 4504
4434 3 4505
3227 2 4506
4332 2 4507
3179 2 4508
5610 7 4509
3514 1 4454
3744 2 4510
4113 8 4511
4113 8 4512
4113 9 4513
4113 9 4514
3745 3 4515
2766 3 4516
5070 5 4517
2515 3 4518
3678 2 4519
4938 5 4013
3972 24 4057
3229 2 4520
5689 1 4521
4732 3 4522
2466 10 4523
2170 2 3991
3430 3 4524
3195 2 4525
3002 1 4526
2262 1 4527
3882 2 4528
5004 2 4073
3155 1 3916
3230 2 4529
2014 3 4530
3151 3 4531
1974 32 4532
2439 2 4533
2982 1 4534
3029 2 4535
5117 1 4150
5277 1 4536
4366 5 4537
2657 3 4538
5326 1 3846
2013 3 4539
4907 2 4540
2267 3 4541
2021 2 4061
2505 2 4542
4073 2 4543
3345 3 4544
2767 2 4545
4599 1 4057
4912 2 4546
2022 3 4547
4270 20 4548
4609 2 4549
3952 3 4550
4598 2 4551
3193 1 4454
5407 1 4552
3616 2 4019
2330 2 4553
3985 5 4232
3718 3 4168
2000 14 4554
4508 2 4555
5227 2 4556
5227 2 4557
3078 3 4558
4332 2 4559
1951 3 4560
5221 2 4561
5610 6 4562
3026 2 4244
3699 1 3966
5434 1 3864
3865 1 4563
4739 3 4564
3335 29 4565
4113 8 4566
4113 8 4567
4113 8 4568
4113 8 4569
4113 8 4570
4113 9 4571
4113 9 4572
4113 9 4573
3336 3 4196
3305 1 4024
3496 2 4574
2649 3 4575
4132 3 4576
4132 10 4577
5070 3 4578
5015 28 4579
5358 2 4580
3678 3 4581
4613 3 3867
4613 2 4582
3018 1 3916
4617 1 4583
5203 2 4584
2501 19 4585
5193 3 4586
5193 3 3978
5626 1 4587
5262 3 4588
5262 10 4589
3157 24 3945
4168 3 4590
5549 1 4058
4169 3 4591
3029 2 4592
3285 3 4593
2657 2 4594
2185 3 4595
2774 1 4008
5456 1 4596
5297 5 4175
4825 3 4597
5395 1 4057
2505 2 4598
4231 3 4599
3832 3 4600
5656 19 4601
4946 3 4602
4912 20 4603
2249 3 4604
2862 10 4605
4762 1 4606
3533 2 4607
2330 3 4608
1942 2 4609
3967 2 4610
3967 2 4611
4353 2 4612
2317 3 4613
1951 3 4614
2356 3 4615
5666 1 4616
4080 10 4617
5610 6 4618
4746 2 4619
2806 1 4057
4914 1 4003
5659 2 4620
2540 2 4621
4503 3 4622
4113 8 4623
4113 8 4624
4113 8 4625
4113 9 4626
4113 9 4627
4113 9 4628
2860 2 4629
3640 3 4630
2508 3 4631
3644 1 3846
3601 2 4632
2306 2 4633
4874 3 4634
4528 5 4635
4872 3 4636
5103 2 4637
2770 3 4638
5589 5 4639
4445 1 4391
4898 3 4640
4502 2 4641
4583 3 4642
3688 3 4643
5004 2 4644
4321 2 4645
1928 3 4646
2078 3 4647
2078 2 4648
3230 2 4649
2255 3 4650
4507 3 4651
4014 1 3942
4366 3 4652
3104 2 4653
2657 3 4654
5699 2 4655
1930 3 4656
2364 2 4657
4773 1 4010
2534 5 4658
3025 2 4659
5660 2 4660
2171 1 4057
3345 3 4661
2594 1 3859
4209 2 4662
3638 2 4663
1999 3 4664
3664 1 4665
5470 3 4666
5470 2 4667
4958 3 4668
3207 1 4362
2380 3 4669
4131 2 4670
4785 2 4671
4786 3 4672
3965 1 4673
3473 3 4674
4508 2 4339
4943 1 4057
1951 3 3922
2245 2 3880
2142 3 4675
4039 1 4676
2474 13 4677
2399 5 3859
5610 7 4678
5610 7 4679
5610 7 4680
2308 2 4681
2773 3 4682
2497 2 4683
4739 2 4684
4113 8 4685
4113 9 4686
4113 9 4687
4113 9 4688
4113 9 4689
4113 9 4684
4113 9 4690
4113 9 4691
2617 1 4003
3548 2 4692
2087 1 4693
3640 2 4694
3439 2 4695
2205 1 4376
2346 1 3864
2689 2 4696
4365 2 4697
2629 2 4360
5193 3 4698
4583 2 4699
5500 33 4700
3448 1 4701
4878 1 4183
2869 3 4311
1955 5 4702
3534 3 4703
2283 1 4057
3165 1 3897
5256 2 4704
3553 1 3849
3119 3 4705
1987 2 4706
4366 3 3868
2590 1 4707
2916 29 4708
5699 3 4709
2364 2 4710
2364 24 4711
4243 2 4712
2719 2 4713
3062 1 4714
2008 5 4077
3832 3 4715
5656 34 4716
1999 3 4717
2476 10 4718
2859 3 4719
3313 3 4720
3952 3 4721
5470 3 4722
5268 24 4347
2248 1 4723
5216 3 4724
4585 2 4725
2194 1 4391
5370 3 4726
4785 2 4337
4786 3 4287
2613 10 4256
3210 1 4174
5550 33 4727
3708 1 4224
3942 2 3957
5051 3 4728
4561 20 4729
4332 3 4730
5315 3 4731
3235 1 4732
4113 8 4733
4113 8 4734
4113 8 4735
4113 8 4736
4113 8 4737
2553 2 4738
4325 1 3899
2672 1 4739
4147 2 4646
4072 3 4740
4550 3 4741
5028 1 3916
4078 11 4742
4603 2 4743
3972 2 4744
4733 3 4745
2312 1 4746
5381 3 4747
5193 2 4748
1953 2 4749
4467 2 4750
1987 3 4751
3311 3 4752
2657 3 4753
3592 19 4754
3592 2 4755
5699 3 4756
2687 2 4757
4886 1 3859
2154 2 4758
2505 3 4759
2646 2 4760
4987 1 4272
3345 2 4761
4695 1 4174
2279 3 4762
3952 3 4763
4958 2 4668
1902 5 4764
3488 4 3851
2820 3 4765
5370 3 4766
2544 3 4767
3307 5 4768
3665 1 3897
4786 2 4769
3574 2 4067
2879 20 4770
2518 2 4771
5567 23 3695
2309 3 4772
4508 2 4773
2557 3 4774
4546 24 4775
4469 2 4776
2727 5 4094
5051 2 4682
5038 2 4777
3225 2 4778
3045 2 4779
5460 3 4780
5610 7 4781
2308 19 4782
2773 16 4783
5078 1 4784
2668 3 4230
2668 5 4785
4739 2 4564
4113 8 4786
4113 8 4787
4113 9 4788
4113 9 4789
5169 2 4281
3496 2 4790
3971 3 4791
2254 2 4792
3749 2 4793
3528 3 3934
4823 2 4794
4515 3 4795
3919 1 3944
5184 1 3874
3732 1 4796
3150 29 4797
4056 2 4798
4842 2 4799
3398 3 4710
2173 1 4800
5305 2 4801
3826 3 4802
4583 2 4803
3675 1 4038
2065 2 4804
3234 1 4453
4002 5 4077
3653 2 4805
1940 3 4806
4712 1 4195
2329 1 4807
4814 5 4808
3029 2 4809
5066 2 4810
2916 3 4811
3956 2 4812
4907 24 4813
3763 2 4814
3966 1 4057
4629 1 4815
4492 5 4816
1939 3 4817
4088 18 4818
3345 3 4819
3459 3 4820
5341 1 4046
3065 3 4821
5656 11 4716
3059 3 4822
5311 1 4199
2417 1 4010
4089 3 4823
5370 3 4824
2188 1 4058
4051 1 4825
5051 3 4826
4332 3 4827
4332 2 4828
2245 3 4829
4330 2 4830
2474 18 4677
3853 3 4831
5610 6 4832
5610 7 4833
2056 2 4834
5269 1 3966
2497 2 4835
5708 10 4836
2314 3 4837
4232 3 4838
4113 8 4839
4113 9 4840
3808 3 4841
4651 2 4842
3789 2 4843
5516 1 4369
3490 10 4844
5358 2 4845
3439 2 4846
2515 3 4847
4569 27 4848
2501 11 4849
3250 2 4850
4157 1 4851
5118 1 4852
4967 3 4853
4920 3 4854
3688 2 4855
2929 3 4856
5345 3 4857
3230 3 4858
4474 1 4211
4507 3 3882
3505 2 4859
3592 19 4860
3981 5 4861
2904 2 4862
4606 2 4863
3345 2 4864
2109 1 3864
5005 2 4865
5005 2 4866
3832 3 4867
4293 5 4868
4106 1 3961
5273 24 4869
1949 3 4870
3616 3 4871
4508 3 4872
4508 3 4873
4469 2 4874
3942 3 4875
4223 5 4876
2032 5 4877
3227 16 4878
3225 2 4879
2356 3 4880
5610 6 4881
5610 6 4882
5610 6 4883
5610 7 4884
3983 2 4885
3026 3 4886
4113 8 4887
4113 8 4888
4113 8 4889
4113 8 4890
4113 9 4891
4113 9 4892
2860 10 4893
3808 2 4894
2302 3 4895
5518 35 4896
2079 1 4583
4061 2 4897
2851 1 4552
2463 2 4281
5106 20 4898
2341 5 4479
3752 1 3961
4874 5 4013
5262 2 4899
5262 2 4900
4401 1 4901
3622 3 4902
5414 3 4822
4274 19 4366
4274 2 4903
3978 1 4380
4507 3 4904
4507 2 4905
3029 3 4906
4716 5 4094
2146 25 4221
2657 2 4907
5699 3 4908
3541 1 4909
5147 3 4910
3272 3 4911
3620 2 4912
3922 2 4913
1939 2 4914
1939 2 4915
3951 3 4916
4242 3 4917
4185 3 4918
5236 1 4919
1911 3 4920
4609 3 4921
5254 24 3846
2896 2 4922
3279 2 4923
2121 5 4191
3999 1 4183
2155 1 4924
2551 3 4092
4653 3 4753
2005 29 4925
4332 2 4926
3571 1 4927
2356 2 4928
5610 7 4929
2773 2 4930
5389 1 4931
4031 2 4932
4739 3 4933
4113 8 4934
4113 8 4935
4113 8 4936
4113 9 4937
4113 9 4938
2860 3 4939
4001 2 4940
5222 1 4191
5302 3 4941
3496 2 4942
2649 2 4943
2494 2 4944
2143 1 4454
5541 2 4945
2515 3 3865
4603 3 4946
2410 2 4947
5193 2 4948
2679 1 3866
4778 20 4949
4587 2 4950
2193 1 4454
4593 35 4380
5416 3 4951
5137 1 4952
2869 3 4953
2598 1 3849
1974 36 3509
3029 3 4954
5256 3 4955
4505 2 4956
3883 1 4957
2657 2 4922
5214 1 4058
4926 4 4349
5480 35 4454
4266 5 4496
2546 3 4958
4555 3 4959
4082 5 4960
1910 18 4961
5367 1 4150
3345 2 4569
4209 3 4962
2061 5 4963
2767 3 4964
2767 2 4965
5236 2 4966
5076 3 4967
1938 3 4968
5470 2 4969
4981 2 4970
5152 2 4286
2839 10 4971
4434 2 4972
4508 2 4973
4309 3 4974
4980 24 4975
3994 2 4976
4888 1 4977
2142 3 4978
2781 1 4977
4355 2 4979
2771 3 4980
5545 18 4981
4739 2 4982
4113 8 4983
4113 8 4984
4113 8 4985
4113 9 4986
4113 9 4987
4113 9 4988
2402 1 4347
2553 3 4989
4564 25 4990
2453 1 4991
4117 3 4992
5107 2 4993
4874 3 4994
2410 2 4995
5246 2 4996
4079 2 4997
5193 3 4998
3204 5 4999
4168 2 5000
2226 1 5001
5437 1 4013
5318 3 5002
4002 3 5003
1940 2 5004
2103 1 3864
2808 1 4380
2869 2 5005
3625 1 4232
3591 2 3958
2690 2 5006
5699 3 5007
2364 3 5008
2743 1 4057
4683 1 5009
3922 2 5010
5611 1 3866
2077 3 5011
2898 2 5012
2711 2 5013
2767 2 4438
4475 2 5014
4354 3 5015
3578 2 5016
4609 3 5017
4995 27 5018
2197 1 5019
5216 3 5020
4131 25 5021
4785 3 5022
2023 2 5023
3092 11 5024
2518 3 5025
2500 2 5026
4508 3 5027
4522 17 4062
5535 2 4407
3225 3 4879
4332 3 5028
1951 3 5029
3579 2 4846
2587 1 4310
5610 6 5030
3026 3 5031
2497 2 5032
4449 5 5033
4113 8 5034
4113 8 5035
4113 8 4840
4113 8 5036
4113 9 5037
4113 9 5038
4113 9 5039
5468 10 5040
3472 1 4057
2766 3 5041
3639 2 5042
3232 3 5043
3232 3 5044
3347 3 5045
5184 2 4385
4733 2 5046
2125 3 5047
4116 37 5048
2977 2 5049
5614 19 5050
4530 2 4706
2789 1 5019
2255 3 5051
2424 2 5052
4507 3 5053
3029 2 5054
3505 2 5055
3870 2 5056
3705 2 5057
4580 3 5058
5660 2 5059
1939 2 5060
4201 35 5061
4209 2 4492
2053 2 4065
3952 3 5062
4585 3 4725
2544 2 5063
4966 24 5064
4786 3 5065
4702 3 4168
2500 2 5066
4434 3 5067
1942 3 5068
3325 3 5069
2240 5 5070
3967 2 5071
4508 2 5072
2317 3 5073
3225 3 4778
1951 2 4614
4554 10 5074
5610 6 5075
5610 6 5076
2497 2 5077
3320 1 4294
2874 3 5078
3121 3 5079
2314 10 5080
5373 2 5081
4113 8 5082
4113 8 5083
4113 9 4685
3814 2 5084
2323 25 4221
4359 3 5085
4183 3 5086
1886 1 4133
3439 3 5087
2232 1 4232
2278 2 5088
3678 3 5089
2243 3 5090
3347 2 4652
2501 11 4585
5330 2 5091
1929 2 4476
4898 2 5092
5522 3 5093
5151 2 5094
5004 2 5095
2745 3 5096
3961 20 5097
2869 2 5098
1974 32 5099
2853 1 5100
3625 20 5101
5256 2 5102
2917 3 5103
5699 2 4908
2513 2 5104
5189 1 5105
3172 1 5106
2983 1 4419
4609 2 5107
5629 2 5108
5268 2 5109
2848 2 5110
4993 2 5111
5039 3 5112
4210 2 5113
1946 2 5114
2309 2 5115
4508 2 5116
2032 3 5117
5051 3 5118
4332 2 5119
2474 3 5120
4749 3 5121
5610 6 5122
5610 6 5123
5610 7 4342
2871 2 5124
2850 5 5125
4449 3 5126
2875 1 5127
4113 8 5128
4113 8 5129
4113 8 5130
4113 9 5131
4113 9 5132
4113 9 5133
4113 9 5134
4113 9 5135
4113 9 4737
4113 9 5136
4252 5 4050
2667 2 5137
3808 2 5138
2323 5 5139
4579 2 5140
3229 2 5141
4403 1 4057
4742 2 5142
5193 2 4998
4715 2 5143
4445 1 5061
1994 1 3963
4244 2 5144
4465 1 4157
2076 2 5145
2078 2 5146
5136 1 4416
5247 1 4077
5512 1 4362
2251 3 5147
1987 2 5148
2413 3 5149
2469 3 5150
2175 1 5151
3126 1 4191
3620 2 5152
3360 31 5153
2505 2 5154
4584 3 5155
2646 2 5156
1910 1 4058
3345 3 5157
4862 3 5158
3501 1 4057
1996 2 5159
4571 1 5160
2915 4 4349
2017 5 5161
4326 3 5162
2476 2 4382
3952 3 5163
5470 2 5164
4952 1 3864
2681 2 5165
4785 3 5166
4785 2 5167
5702 1 5168
4644 1 4957
2382 18 5169
1942 3 5170
4508 3 5171
4382 1 4057
4332 3 5172
1951 3 5173
2596 38 4815
3712 4 5174
2474 3 5175
4355 2 5176
4749 3 4072
5610 6 5177
5610 7 5178
5610 7 5179
2773 31 5180
4736 5 5181
3308 27 5018
4113 8 5182
4113 9 5183
4113 9 4567
4113 9 5184
2860 2 5185
2569 1 3864
3998 2 5186
3439 2 5087
2515 2 5187
3150 16 5188
5114 3 5189
2306 2 5190
3398 3 5191
2472 10 4495
5193 3 5192
4065 1 4232
3495 3 5193
3021 1 4456
2040 1 5194
2116 5 3972
4168 5 4094
5241 24 4496
5392 1 3946
4321 3 4645
1940 3 3879
4660 3 5195
2078 3 5196
2078 2 5197
2001 2 5198
4274 3 5199
5485 3 5200
2964 20 4251
4477 27 5201
2251 2 5202
4366 2 3868
2413 3 5203
4596 3 4136
3377 3 4319
5189 3 5204
2371 1 3864
1988 3 5205
2904 3 5206
1939 2 5207
2176 1 5208
4622 22 5209
4816 3 5210
2675 1 5211
4137 2 5212
4480 1 5213
3099 1 4456
4509 39 5214
2233 13 5215
2518 2 5216
3276 3 5217
3942 2 5218
3227 3 5219
2560 1 4121
3127 4 4349
3225 2 5220
3225 2 5221
5610 6 5222
4409 1 4442
3121 2 3935
3744 3 4510
4113 8 5223
4113 8 4938
4113 9 5224
4113 9 5225
5044 1 4108
4016 24 3942
2516 1 5226
2688 5 5227
3749 5 5228
3998 3 5229
5647 5 5230
3732 5 4796
2501 19 4849
3606 1 4024
4464 5 5231
5052 5 5232
3495 2 5233
5624 4 5174
5232 25 4990
2788 3 5234
3882 3 5235
5532 1 4454
3152 5 5236
5646 17 4285
4507 3 5237
3765 5 5238
4983 24 4455
3025 2 5239
2230 23 358
4209 3 5240
2733 2 5241
3832 3 5242
2186 5 4422
5634 1 5243
3497 2 5244
5105 20 5097
4964 1 4852
3576 2 5245
5563 1 5246
5031 5 5247
3330 2 5248
5535 5 4013
5038 3 4777
3225 2 5249
4332 3 5250
3180 13 5251
5610 6 5252
2308 3 5253
4302 2 5254
4113 8 5255
5072 1 5256
4359 3 5257
5015 38 3961
5271 1 3916
3090 5 5258
3031 1 5259
5114 34 4379
3408 3 4418
3398 2 5260
4301 3 5261
4719 1 4957
2612 1 5262
5059 1 4732
4583 3 5263
4583 3 5264
2458 1 4199
1901 1 5265
4168 3 4209
2678 1 5266
1940 3 5267
1940 2 5268
4556 3 5269
2255 5 5270
5253 2 4107
2439 3 5271
3505 2 4005
4664 1 5272
2364 3 4657
4313 3 5273
1925 20 4251
4658 3 5274
4825 5 5275
2230 3 5276
3397 3 5277
1939 3 5278
1939 2 5279
1939 2 4802
4231 3 5280
3345 3 5281
3345 2 5282
2665 2 4802
5000 1 4800
4912 19 5283
4609 2 5284
2279 2 5285
2567 3 4413
4210 2 5286
4590 1 3961
4332 34 4559
3720 1 5287
5610 7 5288
3149 3 5289
2773 19 5290
3385 10 5291
3121 2 5292
4739 3 5293
4113 8 4751
4113 8 5294
4113 8 5295
4113 8 5296
4113 8 5297
4113 9 5298
2667 3 5299
3696 5 4784
5062 4 3959
1905 31 5300
4359 2 5301
4564 4 3959
3569 3 4772
4144 2 5302
4752 3 5303
3523 5 4362
4078 5 4262
5419 28 4285
2931 3 5304
4056 2 5305
2446 1 3855
4742 2 3995
5193 3 5306
4506 2 5307
2257 3 5308
4381 2 5309
4324 3 5310
4456 2 5311
3834 3 5312
5145 5 4010
4366 3 4581
2307 3 4372
4892 2 5313
1939 3 5314
4676 3 5315
3345 3 5316
1950 1 4362
4424 1 3859
5656 11 4601
5605 3 5317
4213 2 5318
3952 3 5319
4785 3 5320
4844 2 5321
4582 10 5322
3925 2 5323
3967 2 5324
1893 2 4646
5227 5 4977
4469 3 5325
3942 3 5218
2142 3 5326
5610 6 5327
5610 6 5328
2308 3 4782
2308 2 5329
2308 2 5330
2773 3 4140
3566 3 5331
3121 2 5332
3121 2 5333
4031 2 5334
4113 8 3990
4113 8 5335
4113 8 5336
4113 9 5337
4113 9 5338
5169 3 5339
2553 5 4057
3496 3 5340
2463 3 4409
2766 2 5341
2133 2 4412
2290 2 5342
3972 3 5343
4398 1 5344
5193 3 5345
2167 1 3864
2770 2 5346
4750 1 4277
2686 2 5347
5250 5 4479
3195 5 5348
3346 3 5349
5400 1 4195
2509 3 5350
2593 3 5351
5347 3 5352
2222 1 3961
4274 3 4903
1987 3 5353
3956 2 5354
2687 2 5355
4926 3 5356
2276 1 5357
4231 2 5280
3564 3 5358
5236 3 5359
5104 5 4616
4765 2 5360
2517 2 5361
3781 1 5362
2661 3 3906
2547 3 4267
1918 3 5363
2500 2 5364
3967 2 5365
3718 2 5366
4460 4 5367
5051 2 5368
5695 1 4445
4284 25 4221
2356 3 5369
2356 2 5370
5610 6 5371
5610 6 4243
5610 7 5372
5610 7 5373
2308 2 5374
2308 2 5375
3983 3 5376
2773 3 5377
2497 3 4483
2423 5 4158
2663 2 5378
3121 3 3901
2304 2 5379
2304 2 5380
4739 2 5381
5708 1 4174
4113 8 5382
4388 1 4851
4641 1 4174
2124 1 5383
3232 2 5384
4308 1 4174
4262 2 5385
2406 5 3932
3439 3 4915
4568 5 5386
2737 3 4200
5479 3 5387
2213 30 5388
3347 3 4308
3452 25 4221
2410 3 5389
4924 5 3916
3682 1 5390
4151 2 5391
5520 3 5392
2425 27 4848
5004 2 5393
4321 3 5394
4215 10 5395
4178 3 5396
5318 1 5270
3827 2 5397
3230 3 4649
4705 2 5398
4507 3 5399
4507 2 5400
4998 1 5401
3861 3 5402
4046 1 5403
3377 3 5404
2376 1 5405
3454 5 5236
4658 3 5406
4580 3 5407
5660 3 5408
1939 3 5409
5284 15 4076
3345 3 5410
5183 1 5411
4209 3 5412
5439 1 5413
1963 2 5414
2017 2 4237
4326 4 4349
3952 3 5415
4966 3 5416
3616 2 5417
2518 2 5418
4992 24 4057
2319 2 5419
2084 1 5420
2475 1 5421
3718 20 4099
4508 3 5422
4469 3 4776
3942 2 5423
3242 17 4285
5289 1 4963
2356 3 5424
2356 2 5425
4355 5 3984
5610 6 5426
5610 6 5427
5610 7 5428
2773 2 5429
5132 1 5430
5120 16 5431
4739 3 5432
4113 8 5433
4113 8 5434
4113 8 5435
4113 8 5436
4113 9 5437
1926 1 3859
4359 2 5438
2406 4 4349
2031 1 4157
4613 5 4171
1897 3 5439
4403 2 5440
2961 3 5441
2067 1 4087
5262 3 5442
4791 5 4977
3504 3 5443
3882 3 5444
2321 4 3959
5471 3 5445
4277 5 4108
3592 19 5446
3861 2 5447
2785 1 4013
2274 1 5106
4242 2 5448
3345 2 5449
2767 2 5450
4261 2 5451
1963 2 5452
2249 23 377
3064 1 4013
4932 1 5453
3101 3 5454
3767 3 5455
4332 2 5456
4332 34 5457
4008 24 4496
4284 3 5458
2356 3 5459
4080 10 5460
5610 7 5461
5610 7 5462
5610 7 5463
5610 7 5464
2308 2 5465
3149 25 4221
5390 1 3864
2771 2 5466
4113 8 5467
4113 8 5468
4113 9 4935
4113 9 5469
2667 2 5470
3808 3 5138
2007 3 5471
3490 2 4406
2370 13 5472
2463 2 5473
3528 3 5474
5358 12 3486
3232 2 5475
2066 2 5476
2306 3 5477
4874 2 5478
3556 1 3849
2568 3 5479
3182 5 3864
4527 1 3859
3803 1 4057
5520 2 5480
5380 3 4846
2593 5 5481
2320 3 5482
4077 2 5483
2869 3 5484
2869 2 5484
2906 2 5485
4705 3 4740
2268 3 5486
2941 1 5403
4250 29 5487
2412 3 5488
4366 3 5489
3397 3 5490
3890 31 5491
4609 3 5492
4765 3 5360
2848 3 5493
2907 2 5494
4210 2 5495
5384 1 4362
3574 3 4846
3916 1 4701
5055 5 4768
2180 10 5496
4508 3 5116
4433 1 5497
4691 25 4221
2641 1 4057
2317 3 5498
2005 31 5499
3517 1 4087
3202 2 5500
5610 6 5501
5610 6 5502
3983 3 4885
2211 5 5503
2769 1 5236
4113 8 5504
4113 8 5505
4359 2 5506
4359 2 5507
3950 2 5508
4132 5 5509
5226 31 5510
5541 3 5511
3970 5 5512
3678 3 5513
4832 1 4071
2306 2 5514
5542 3 5515
3142 1 4057
4149 1 5151
3248 1 4362
5193 3 5516
4924 3 5517
3469 2 5518
4583 2 5519
5635 2 5520
2999 1 5521
4095 3 5522
3857 5 5523
3230 3 5524
2255 2 4271
2352 1 3961
5256 3 3884
4234 3 5525
2657 2 5526
2364 5 3984
3951 2 5527
4584 3 5528
2646 3 5156
1910 13 5529
2322 1 3945
2767 3 4545
5236 3 5530
4354 2 5531
3081 3 5532
1981 3 5533
4981 2 4381
1924 3 5534
2544 3 5535
2963 1 3946
4508 3 5536
4508 3 5537
4508 2 5538
2122 1 3885
2032 2 5117
2299 3 5539
3227 2 5219
3565 5 3864
2710 5 4148
3712 3 3854
5610 6 5540
5610 6 5541
2308 3 5375
3026 2 5542
4272 3 5543
2095 2 5544
4739 3 5545
2314 29 5546
4113 8 5547
4113 8 4573
4113 9 4798
3808 3 5548
5578 3 5549
2828 3 5550
3528 3 5551
3492 1 3971
4078 2 5552
2591 2 5553
4437 1 4362
4921 3 5554
2149 3 5555
4708 5 5556
4392 1 5557
4135 4 5558
3526 5 5559
5151 3 5560
4642 3 5561
4168 3 5562
5380 3 3931
5635 3 5520
5071 2 4048
2607 1 5563
5253 2 5564
2439 2 5271
2247 2 4001
3029 3 5565
2495 3 5566
4983 3 5567
3025 2 5568
4850 5 5569
2043 1 4133
5189 3 5570
3705 2 5571
2179 2 5572
3255 3 5573
4196 22 5574
2610 3 5575
2610 2 5575
4855 2 5576
5470 3 5577
5370 2 4382
2491 3 5578
2681 2 4336
2544 3 5579
5251 1 3945
4702 2 5580
2846 3 5581
2846 2 5581
3942 3 5582
3942 2 5583
2050 3 5584
3330 3 5585
5038 3 3920
3225 2 5586
3045 3 4779
3451 2 5587
3451 2 5588
3026 2 5589
5324 2 5590
2497 3 5077
5272 3 5591
4113 8 5592
4113 8 5593
4113 8 5594
4113 8 5595
4113 8 5596
4113 9 5597
4113 9 5598
4113 9 5599
3548 3 4692
2292 3 5600
2428 3 5601
2649 3 5602
3998 2 5603
2228 13 5604
1985 1 5605
5226 3 4792
4147 3 5606
4078 3 5607
5615 1 4456
4639 3 5608
4921 3 5609
5193 3 5610
5429 40 5611
4583 3 5612
3688 2 5613
3220 11 5614
2946 18 5615
4507 3 5616
2058 5 5617
2282 3 5618
2657 2 4619
2027 4 5619
3763 2 4976
2719 1 4094
4918 2 5620
3239 1 4010
3997 2 5621
5664 2 5622
4216 1 5623
4930 1 5453
2422 5 4133
1938 3 5624
2661 2 5625
2457 1 4167
2681 2 5626
5291 1 5627
3533 2 5628
3341 2 4637
3473 3 5629
3276 2 5217
4508 3 5630
4508 2 5631
3445 2 5632
2401 3 4240
4332 2 5633
5610 6 5634
5610 7 5635
5610 7 5636
3026 2 5543
3335 31 5637
2875 3 5638
4113 8 4514
4104 4 3959
5012 2 4253
2374 1 5639
3333 3 4710
3639 3 5640
2133 18 5641
5358 3 5642
5358 3 5643
2515 5 3942
4230 1 3947
2914 1 3946
3271 3 5644
3218 2 4021
5450 1 4362
4423 1 3916
4079 3 4846
5381 3 5645
2918 3 5646
2029 18 5647
2977 2 5648
5560 3 5649
4321 3 5650
4291 2 5651
2869 3 5652
4507 2 5653
2336 19 5654
3029 3 4535
1987 2 5655
4540 5 3945
5454 3 4434
5402 1 5656
5189 3 5657
5660 2 4218
5288 1 4134
3348 10 5658
3345 2 5659
3027 3 4613
2137 1 5660
4209 3 5661
4912 2 4355
3294 1 4057
4656 4 5174
2330 5 5662
2229 2 5663
2006 5 5664
1893 3 4646
4508 3 5665
2888 1 5666
5227 3 5667
5321 1 4693
3225 3 5668
2710 1 4471
5610 7 5669
2308 3 5465
4113 8 5670
4113 8 5597
4113 9 5671
3814 3 5084
3364 1 3961
3219 24 3947
3749 2 5672
3998 3 5673
5436 1 3946
4351 1 4003
4982 24 4134
2029 20 4770
5103 2 5674
5429 41 1044
2666 2 5675
2715 5 4098
5520 2 5676
4530 3 5677
5639 1 3864
2559 2 5678
5694 3 5679
3230 3 5680
4643 3 5681
4705 3 4494
4776 2 5682
5471 2 5683
3221 3 5684
5204 5 5685
2412 2 5686
1987 2 5687
3505 2 5688
2584 2 5689
2495 3 5690
5699 3 5691
4892 3 5692
3915 1 4232
3922 2 5693
2904 3 4029
2784 3 5694
5593 5 4183
3065 2 4821
2465 1 4391
3952 2 5695
3224 3 4177
2820 2 5696
2681 5 4232
3636 3 5042
4785 3 3978
4786 2 5065
2839 10 5697
2903 1 5698
4309 2 4974
4615 2 5699
2223 1 4852
5693 2 5700
3994 3 4976
4691 2 5701
4808 5 5702
4332 2 4730
4284 29 5703
4749 3 5493
4411 1 4454
5564 1 3859
4113 8 5704
4113 8 5705
4113 8 4645
4113 8 5706
4113 9 5707
4113 9 5708
2667 2 3931
2392 2 5709
2553 3 5710
2649 2 5711
2649 2 5712
2386 1 4044
2133 18 5713
2301 1 4150
4147 2 5714
2737 2 5715
4613 24 3992
3887 2 5716
1876 1 4195
2931 2 4473
3150 14 5717
4056 2 5718
5542 2 5719
4259 2 5720
5305 3 3998
2666 3 4493
3299 1 4454
4898 3 5721
5262 3 5722
5262 2 5723
5520 2 5724
2795 3 5725
5004 3 4073
1940 3 5004
3534 4 4349
4507 5 5726
3505 2 5727
3051 17 4062
4013 3 5728
2307 3 4363
3705 18 5729
4835 2 4823
1939 2 5409
2646 2 4538
3997 3 5730
3345 3 5731
2107 20 5732
3832 2 4600
1956 2 5733
4614 10 5734
4951 2 4048
5370 3 5735
1949 2 5736
2518 2 5737
2602 1 5639
2309 2 4772
5034 1 4332
4469 3 4874
4865 10 5738
5051 2 5739
4332 2 5740
2474 1 4148
2356 3 4840
2356 2 3856
2308 3 5741
2497 3 5742
4429 4 3851
2540 2 5743
4113 8 5598
4113 9 5744
4113 9 5745
2667 10 5746
4359 2 5747
3691 3 4330
2409 28 4472
4435 1 4050
3434 1 4362
3829 2 4240
5418 2 5748
5193 2 3975
3113 39 4153
1894 1 3864
4181 3 5749
4083 2 4100
4184 2 5750
4215 2 5751
3834 3 5752
5345 2 5753
2713 1 4057
3534 2 5310
4680 3 5754
3029 3 5755
2251 5 5756
5525 5 4013
3489 1 3986
2200 1 4454
3951 3 5527
4231 3 5757
2665 2 5758
4209 3 5759
4209 2 5760
4912 2 5761
5629 2 5762
5298 2 4385
2765 3 5763
4551 3 5764
4585 3 5765
2380 3 5766
2967 1 4148
5083 2 5767
4508 3 5768
4469 2 5325
2231 5 3846
2653 20 4035
2271 2 5769
4332 2 5770
5221 2 5771
2474 2 5175
5610 6 5772
2196 1 4013
3228 3 5642
2821 1 5773
4031 2 5774
4739 3 5775
4113 8 5776
4113 9 5777
4113 9 5778
4113 9 5779
4359 3 5506
4183 1 4195
4061 2 5780
2259 3 5479
2259 2 4073
4903 3 5781
5479 2 5782
5359 4 3851
1986 2 5783
2861 2 5784
5685 1 5238
4259 2 5785
2823 12 951
3209 1 4232
1953 2 4870
4004 1 4057
4215 4 3851
3131 3 5786
2578 1 4294
4633 1 4133
2001 3 5787
2255 3 5788
3093 5 4008
5256 2 5789
1987 3 5790
4540 3 5791
2495 2 5792
4208 1 5793
2687 3 5794
3507 1 4852
3025 2 5795
4658 2 5274
1939 3 5182
4081 5 4013
3832 2 5242
4322 10 5796
2111 2 5797
3952 2 5798
5470 3 5799
5470 3 5483
5667 2 5800
4965 5 4191
4993 3 5801
4086 4 5802
3576 3 5803
4785 3 5804
4785 3 5805
2768 5 3846
3080 3 5806
1942 2 4600
3660 5 5807
4469 3 5808
3242 17 5809
2317 2 5498
3579 2 5810
3474 27 5811
3149 2 5812
2497 2 5813
3701 5 5814
2938 1 4087
3205 3 5815
2651 3 5816
3335 31 4565
4113 8 5817
4113 9 5818
4113 9 5819
4113 9 5820
3789 3 4843
3486 3 5821
2553 2 4250
3496 2 5822
2649 2 5823
4359 3 5824
2463 3 5825
3020 1 3860
4752 5 3947
1993 1 5826
4613 3 5827
2776 1 4013
3408 3 4132
3212 5 5828
5381 13 5829
4924 2 5830
5056 3 5831
4487 24 4057
5262 2 5832
2038 4 4430
3688 3 4359
2510 2 5833
4646 1 3942
4776 3 5834
4274 2 5835
3623 24 4496
4505 5 4272
4366 3 5836
4542 2 5837
3861 3 5447
5699 2 5838
5138 1 4616
3025 3 5839
2477 1 4057
4580 2 5407
3397 2 5840
4676 2 5841
5005 1 3846
1884 3 5842
4622 17 4062
5009 1 5161
2008 3 5843
3832 2 5068
3059 3 5844
4821 1 5845
4589 1 4057
2064 18 5846
2411 2 3974
5100 3 5847
1918 1 5265
3325 3 5848
3718 3 5849
2309 3 5850
2000 3 5851
3431 3 4494
4508 2 5852
5051 2 4826
2238 3 5853
5049 4 5802
2356 3 5854
2356 2 5855
4080 5 3866
5610 7 5856
5324 3 4190
2773 3 5857
2497 3 5858
2314 10 5859
4113 8 5860
4113 9 5861
4113 9 5862
4113 9 5863
4113 9 4968
4113 9 5864
4359 3 5865
2894 3 4385
2747 1 4171
4733 3 5866
2545 2 5867
4079 2 4846
2024 3 3873
2977 3 5648
3145 1 5061
4898 3 5868
3658 2 5869
4642 3 5870
4583 3 5871
2833 1 5872
4667 1 4174
2841 1 5873
2543 3 5874
3029 3 5875
5256 2 5876
1987 2 4751
2470 21 5877
3592 11 5878
2027 3 5879
5699 2 5880
5660 3 5881
3753 2 5882
4231 24 4057
5540 2 5883
4595 4 4349
3564 2 5884
2492 5 3971
2792 1 4057
2151 2 5885
2517 2 5886
2765 3 5887
5458 1 4380
2330 2 5888
3337 3 5889
4434 2 5890
2846 3 5891
3076 3 5892
4508 2 5422
4560 3 4411
4881 3 5893
5049 4 4349
1951 2 5894
1933 5 5064
3736 3 5895
5610 7 5896
5610 7 5897
5610 7 5898
2308 2 5899
4739 3 4684
2114 1 5900
4232 2 5901
4113 8 5902
4113 8 5903
4113 9 5904
4388 1 4362
2979 1 4217
3528 2 5551
2259 2 5905
5358 3 5906
3678 2 5907
4579 3 5908
4613 3 4582
2501 11 5909
5193 3 4748
5193 2 4586
2755 1 5910
4020 3 5911
4391 3 5912
3293 1 4714
4274 3 5913
2074 5 4133
5485 2 5200
5332 2 5042
2251 3 5593
3505 3 5914
2916 31 4708
5368 15 4076
3393 1 4087
5650 4 3851
4737 1 4232
4605 3 5915
5263 1 5916
2619 3 5917
2456 3 5918
4785 2 5919
2069 1 5265
2330 3 4553
2582 1 4800
2071 1 5920
3076 3 5921
3967 3 5922
1893 1 5213
4508 3 5072
1921 2 5923
2396 1 5924
3853 5 3946
5610 6 5925
5610 7 5926
5610 7 5927
5610 7 5076
4302 2 5928
2773 2 5929
3121 3 5930
5033 1 4057
4113 8 4687
4113 9 5931
4113 9 5932
4113 9 5933
3582 1 5934
2302 3 5935
2007 3 5936
1905 16 5937
2649 2 5938
4359 2 5939
4359 2 5257
4823 3 3991
2591 5 4587
2066 4 4349
3347 3 4652
2931 2 5940
3302 5 3945
3007 10 5941
5056 2 5831
3478 1 3864
5262 3 5942
3195 3 5943
1928 2 5944
2716 5 5662
3948 5 5945
2251 2 5147
5699 2 5946
2718 3 5947
4185 2 4918
3564 3 5948
4261 19 5949
2411 3 5950
3957 5 4496
5470 3 5951
5470 2 5951
4902 3 5952
1936 3 5953
4785 2 5804
3967 3 5365
1967 1 5845
3816 24 4357
3994 2 5447
3579 3 5810
2587 2 4720
2532 2 5052
5610 6 5954
5610 7 3857
2056 2 5955
2308 3 5956
2773 3 5957
2497 2 5958
3120 3 5959
2651 20 4035
4739 2 5960
5033 3 5961
4113 8 5861
4113 8 5962
4113 8 5963
4113 8 5964
4113 9 5083
4113 9 5965
3808 3 5966
3808 2 5967
3336 3 5968
2553 2 5969
2649 3 5970
2886 4 3851
3613 1 4211
2515 2 4097
4549 3 5971
5398 3 5972
2306 3 5190
2410 2 5973
3250 2 5974
4558 2 5975
4851 3 5976
5162 1 5977
3200 1 3916
1940 3 3880
5471 3 5683
4507 3 5978
4033 3 3957
3592 11 5446
5283 1 4121
3620 3 5979
5488 1 4471
5135 35 5980
1939 3 4219
4584 2 5155
4019 2 5981
3345 2 5982
2335 1 5001
3832 2 5983
5457 2 5984
1999 3 5985
5597 2 4802
2064 13 4440
2517 3 5986
3952 2 5987
5370 3 5988
2233 29 5989
3800 1 4183
4764 2 5990
2180 10 4259
4508 3 5991
4508 2 5992
2245 3 5993
2356 3 5994
2356 4 3959
2056 2 5918
3085 1 4183
2773 2 5995
3385 10 5996
4787 5 3972
5272 2 5997
4113 8 5998
4113 8 5999
4113 8 6000
4113 9 6001
4113 9 6002
4113 9 6003
2388 10 6004
3496 3 4802
2957 1 4502
2688 2 5801
2515 2 6005
2660 3 6006
5418 3 6007
5418 2 6008
3972 31 6009
3229 3 6010
2125 3 6011
5410 1 3864
3432 1 6012
3495 2 6013
5262 2 6014
5520 3 6015
3688 2 6016
4530 2 6017
5004 3 6018
4321 3 6006
5345 5 4919
4124 5 4707
5351 5 6019
2160 1 4008
4717 1 4094
4422 2 5882
5474 1 5061
5256 3 6020
1987 2 5790
2470 17 4410
5464 3 6021
2123 1 3849
4892 2 5692
4058 1 4852
5475 2 6022
5343 1 5213
3345 2 5596
4209 2 6023
3941 2 6024
2951 42 4669
5370 2 6025
4434 3 6026
1942 3 6027
2974 1 4852
4508 3 5143
4522 30 6028
5535 3 4407
5051 3 6029
5610 6 5373
4286 31 6030
3120 3 4328
4113 8 5762
4113 8 4031
4113 8 6031
4113 9 6032
4113 9 6033
2323 29 6034
3490 10 6035
3112 1 6036
2463 2 6037
2766 3 5341
2259 2 6038
5418 2 6007
2410 3 6039
5103 3 6040
3012 1 3864
5624 3 6041
4583 2 6042
4920 3 6043
3834 2 6044
1928 3 5944
5574 5 4077
3622 3 6045
3894 1 4148
5694 3 6046
5471 2 6047
2439 3 6048
4507 2 6049
5588 3 6050
4986 5 4214
5179 3 6051
2003 2 6052
4049 27 5811
4836 4 4349
2878 29 6053
3505 3 6054
2495 2 6055
3303 5 6056
4013 3 6057
5571 1 3864
3348 10 5734
2403 5 6058
3321 1 4454
4862 2 6059
5009 10 6060
4855 2 6061
4912 2 6062
5470 2 6063
2258 2 6064
4720 21 6065
3473 3 6066
3776 1 4454
4508 3 3917
5357 1 6067
3451 3 5587
5610 6 6068
5610 7 5426
2308 3 5313
2308 3 4461
3026 3 6069
5035 5 4232
2773 2 6070
4578 5 4347
5092 5 3966
5120 10 4146
4739 3 4088
3335 14 6071
4113 8 5224
4113 8 4249
2553 3 4738
1905 14 5937
2766 2 6072
2444 20 4898
5358 3 4845
3106 1 4391
5203 3 6073
4874 3 6074
4874 3 6075
3408 5 4204
2855 4 3959
4744 5 6076
4915 1 4391
4240 1 6077
4428 2 4323
4083 25 4221
3204 3 6078
4418 5 4496
2289 1 5421
3688 3 6016
3882 3 6079
2178 10 4104
5294 1 4174
1928 3 6080
2078 2 6081
5217 1 3961
2607 3 5532
4507 2 6082
3456 24 4711
2470 39 6083
3592 2 6084
2198 1 4454
5482 1 3947
2751 2 6085
4018 24 3942
4294 2 6086
2784 2 6087
4676 2 6088
3951 2 5764
5540 3 5883
3677 3 6062
4019 2 6089
3997 2 6090
3345 3 6091
3345 3 4250
3345 2 6092
2816 1 4008
4261 2 6093
4870 3 6094
3198 1 4046
3578 3 5803
3557 1 6095
2249 14 4329
5167 3 6096
3952 3 6097
5470 2 6098
3845 2 6099
2765 2 6100
4598 3 4551
4785 3 6101
3898 1 4008
3297 1 4362
2699 1 6067
2309 3 6102
5693 3 6103
3942 2 6104
3225 3 4692
5610 6 6105
5610 7 6068
3693 3 6106
3288 2 3905
3954 1 4053
2912 23 1040
4739 2 6107
4113 9 6108
2986 1 4183
4849 5 3945
2516 2 6109
3998 2 6110
2313 1 6111
5644 22 6112
5193 3 6113
5503 4 6114
4084 1 4217
3430 2 4524
4859 1 4380
3257 1 4046
3577 2 4846
5635 2 6115
3622 2 6116
2869 3 6117
5471 2 6118
2439 2 6119
4507 3 6120
3029 2 6121
3029 2 6122
4288 24 4057
3361 1 4391
3311 2 4752
4596 5 4357
3025 3 6123
3025 3 6124
3792 1 4852
4892 2 6125
5366 10 6126
1939 2 5378
3795 1 5139
3345 2 6127
1934 1 6128
4609 2 6129
2517 3 6130
3952 2 6131
5470 3 6132
5470 2 6133
4902 5 4057
2765 2 4500
2544 3 6134
1927 20 4035
4786 3 6135
2500 2 6136
2659 5 6137
3668 2 6138
2724 3 6139
3473 3 3847
4508 3 6140
4522 21 6028
4332 2 6141
4284 29 6142
4533 3 6143
2356 2 6144
3026 2 6145
2773 3 6146
4010 1 5246
1991 18 3927
3109 1 5181
4113 8 6001
4113 9 6147
4651 10 6148
3789 3 6149
3233 3 5642
4610 5 4471
3749 3 4793
4549 2 5971
3678 2 4025
3972 2 5343
5019 1 5161
2568 2 5479
1973 5 4442
3637 3 6150
2347 1 4093
3495 3 6151
3923 25 4221
2257 2 6152
4587 5 6153
5262 2 5942
4583 2 4267
4791 3 6154
2788 5 4357
5380 2 6155
2473 2 5694
1928 3 6156
2078 5 4057
4274 2 5913
4692 2 6157
2853 2 4234
2853 5 5100
3029 2 6158
5256 3 6159
2126 1 3963
5441 3 6160
3796 1 4453
2546 3 6161
5664 2 6162
4491 2 6163
5236 3 4966
3831 2 6164
4870 2 6165
4855 3 5576
3941 2 6166
4609 3 6167
3845 10 6168
5385 1 4024
5319 2 5786
2343 24 4191
2951 19 6169
2206 1 4454
2507 5 3942
4785 2 6170
2382 20 4603
2000 3 4388
4508 3 6171
4508 3 6172
4508 2 6173
4469 2 6174
3942 3 6175
4919 4 3959
3083 2 6176
5038 3 6177
5610 6 6178
5610 7 6179
2056 3 4834
2773 2 6180
5334 2 5010
4113 8 6181
4875 3 4168
2323 16 6182
2556 10 6183
2649 2 6184
3189 1 6185
3232 3 6186
3439 4 5619
2515 2 6187
4957 5 4272
4603 2 4966
5651 2 6022
3644 3 6188
5419 28 6189
5520 2 6015
4834 5 6190
4530 3 6191
3105 3 6192
2509 2 6193
5380 2 4846
5416 3 6194
3132 5 6195
2326 1 3946
4178 24 4496
3834 2 4802
4843 5 5226
2831 10 6196
4776 2 6197
3029 2 6198
5507 1 4108
4490 1 4059
4366 3 6199
2498 1 6200
3592 5 6201
5699 3 6202
2364 3 6203
3662 1 5639
3025 2 6204
5189 2 6205
1988 5 3926
3000 1 3946
4580 2 6206
1939 2 6207
1939 2 6208
3027 2 4613
4491 5 6209
4209 2 6210
2722 10 6211
4047 1 4376
3023 27 6212
1946 3 5114
1952 18 4386
3533 1 4133
2839 29 6213
1942 3 6214
4452 5 6215
2000 2 6216
4353 1 4050
4546 3 6217
2391 2 4328
1921 19 6218
3225 3 6219
4332 2 6220
3579 1 4362
2407 1 3864
4650 2 6221
2356 2 6222
5610 7 6223
3026 3 6224
2805 1 3864
2497 2 6225
4010 3 6226
4113 8 4404
4113 8 6227
4113 8 4194
4113 8 4090
4113 8 6228
4113 9 6229
4113 9 6230
2554 2 6231
3634 3 6232
1905 5 4977
4359 2 6233
5299 1 4369
2494 2 6234
3998 2 6235
3639 2 6236
3639 2 6237
5541 3 6238
5541 3 6239
3232 2 6240
2515 3 6241
3016 1 4013
4187 1 6242
4874 3 6243
4874 3 6244
5602 1 4232
3250 2 6245
5193 3 6246
5193 2 6247
3113 43 6248
4271 1 6249
4506 3 5307
5484 1 3946
1953 3 6250
5380 2 6251
5380 2 6087
1928 20 4898
5345 2 6252
2294 5 4347
5596 5 3944
2607 10 4844
4507 2 6253
2857 2 6254
3765 2 6255
5256 2 6256
3223 3 6257
2657 2 4538
4448 1 4217
5585 1 4957
4231 2 6258
5664 2 3901
4491 3 6163
3890 29 5491
5166 3 5608
4210 2 6259
1912 1 3864
2434 1 5662
4657 4 6260
3341 2 4281
2518 2 4288
2782 1 4217
3881 5 6261
4045 35 6262
5554 1 6263
5433 5 4455
4615 3 5699
2557 2 4774
4353 2 6264
3942 2 6265
5051 2 6029
4332 3 4135
3187 2 6266
5610 6 6267
2056 2 6268
4272 3 6269
2773 2 6270
2668 2 5587
4232 5 6271
4113 8 4246
4113 8 6272
4113 9 6273
4113 9 5964
5302 2 6274
3336 3 6275
4138 1 6276
3496 3 6277
4061 3 5780
3333 3 6278
2259 2 6279
3569 5 4044
2827 5 6280
3678 2 6281
3678 2 6282
5537 3 6283
4613 2 5827
2306 3 6284
4365 5 4057
5246 2 6285
3032 1 3849
4587 3 6286
4583 2 5871
3504 3 6287
2763 1 4701
5004 2 6288
4810 2 4421
2439 2 6289
4180 1 6290
4858 2 5191
3591 3 6291
4366 3 6292
2657 2 4753
2469 2 5150
2420 3 6293
2916 29 6294
3870 3 6295
5441 3 6296
5267 2 6297
3922 2 6298
4294 2 5312
2784 3 5470
4514 1 4380
1939 2 6299
4059 2 6300
1910 18 5529
3996 1 4502
4209 3 6301
4209 3 6302
3890 2 4792
1999 2 4073
3685 2 6303
3905 1 4499
4611 1 5265
5461 1 3897
1918 31 6304
3967 3 6305
4508 3 5538
3942 2 6306
3942 2 6307
3264 5 5019
2245 3 3880
4273 1 4960
2101 1 4214
2712 4 6308
4080 2 5821
2773 2 3987
4232 3 6309
4113 8 6310
4113 8 4987
4113 8 6311
4113 9 6312
4113 9 6313
4113 9 6314
4113 9 4512
4557 4 4349
4651 2 6315
4769 1 5161
3838 1 3945
3998 5 5916
2133 13 6316
4262 3 6317
4282 24 4768
5203 3 6318
4708 3 6319
2679 10 5460
5451 2 6320
5262 2 5722
4583 2 5264
2603 10 6321
4541 3 6322
3657 5 6076
4274 2 4312
2822 5 6323
2439 3 6324
2495 3 6325
5580 1 4057
5386 1 3926
4592 1 4077
5420 2 6326
3997 3 6327
1999 12 127
2022 24 3997
3952 2 6328
5370 3 6329
5370 3 3909
3924 5 6067
5548 2 3962
4494 2 3912
3178 5 4496
1942 3 4609
1942 2 5170
1942 2 6330
1942 24 6331
3900 1 4077
4764 3 6332
3942 3 6333
2662 3 4802
5610 6 6334
3235 3 6335
5663 5 3846
3120 2 4328
4739 2 6336
1937 5 5569
4232 2 6337
4113 8 6338
4113 8 6339
4113 8 6340
4113 8 6341
4113 9 6031
5222 5 4191
5302 2 4352
1905 1 4057
2649 3 6342
2933 5 6343
2494 2 6344
2766 2 6345
4103 1 6346
2259 2 6347
3232 2 6348
5175 1 3972
2754 1 6349
3229 2 6350
4872 3 6351
5193 3 6352
4105 1 4195
5305 3 4801
5305 2 6353
4037 1 4380
1953 2 6250
4583 2 6354
2078 2 6355
5646 17 4062
4507 3 6356
4507 3 6357
3029 3 4809
3700 1 4405
3223 24 3947
2571 1 6358
5699 3 6359
4596 2 4136
4450 1 4195
2534 3 6360
3137 1 6361
2158 1 4057
4432 1 4013
3360 20 4099
2646 2 6362
3854 2 6363
1999 3 6364
4912 3 6365
2064 13 6366
5122 3 6367
4369 3 4503
2286 2 4846
4434 2 5067
2280 3 6368
1919 3 6369
5617 3 6370
2142 3 6371
3451 3 6372
5610 6 4139
5610 7 6373
4302 3 5928
5144 5 6374
4839 2 6375
4207 5 5662
2461 1 4977
2887 2 6376
4113 8 6377
4113 8 5134
4113 8 6378
4113 8 6379
4113 8 6380
4113 9 6381
4686 5 4094
2353 2 6382
1979 1 3864
4358 1 3916
4397 1 3849
1986 3 5783
3972 29 6009
5644 21 6383
3841 1 4419
5077 1 4150
3039 1 3849
2574 27 6384
3826 2 4802
4391 2 6385
2170 2 4794
4971 2 6386
5151 3 6387
2795 3 6388
5560 2 6389
4220 1 4852
3882 2 6390
5416 2 6194
5635 2 4045
2078 2 6391
2869 2 6392
5492 1 4583
2074 2 5052
4507 3 6393
5256 5 6185
2412 2 3957
1987 2 6394
2657 3 6395
3592 34 6396
5368 30 6397
2013 2 4539
3025 3 6398
1939 3 6399
2885 1 6361
5686 1 4010
2480 1 6400
3886 17 6401
3952 3 6402
2456 2 6403
5039 2 5112
2544 3 6404
4204 1 6405
2500 3 5026
3337 2 4283
3295 2 6406
3968 3 6407
4615 5 6408
4469 2 4132
2537 5 4232
2338 2 6409
4355 10 6410
4080 2 4026
2308 2 5313
4286 3 6411
2773 3 6412
3121 2 6413
4113 8 6414
4113 8 6415
4113 8 5338
4113 9 6416
2428 1 6417
5169 2 6418
5006 1 5161
3490 3 4671
4867 1 5208
2031 1 4347
3428 3 6419
3150 29 6420
2306 3 6421
4921 3 6422
4921 3 6423
5429 39 5611
3283 1 5125
4020 1 6242
2577 1 4204
2466 2 6424
4967 2 4853
2405 5 4868
2473 1 6425
3244 2 6426
2020 2 6427
4507 3 4333
3591 2 6428
4366 2 6292
2657 3 4619
3025 3 6429
3025 2 6430
4835 5 6431
2867 2 6432
1939 3 6433
2505 1 5569
2680 2 6160
3345 3 6127
3345 2 5281
4209 3 6434
3284 5 6435
3578 2 5758
3369 5 3895
4912 3 5283
4818 1 4391
5667 3 5800
5440 1 3961
3053 2 4874
4434 3 4283
3967 3 6436
4508 3 6437
2551 2 4092
3942 3 6307
3083 3 6438
4332 2 6439
3853 3 6440
4411 1 3855
4739 3 6441
4113 8 6442
4113 8 4032
4113 8 6443
4113 9 6442
4113 9 4733
4113 9 6444
4113 9 6445
4113 9 6446
2362 2 6447
3336 5 6448
4496 1 3897
3950 2 6449
2870 2 6450
2766 2 6451
3333 2 6278
1891 1 4003
2527 1 4272
3383 1 4077
3452 31 6452
3689 2 6453
2978 1 4199
5624 29 6454
5151 3 6455
5151 2 5560
5004 3 6456
3530 5 6457
4810 3 5069
3230 2 4858
2869 3 3951
3591 3 6458
5159 3 6459
2495 2 5690
3870 3 5056
4892 3 6460
2230 2 5276
1939 3 4914
3345 3 4549
2517 3 6461
2476 1 4816
2249 2 6462
2249 5 5617
5244 1 6463
2258 3 6064
5240 1 4058
2852 5 6463
4785 3 6464
3616 3 6465
3825 1 4496
2846 3 6466
2000 3 6467
4508 3 4555
4508 3 6468
5051 2 6469
5038 2 6177
3225 2 4692
2338 2 6470
3853 2 6471
2215 1 4768
5610 7 5925
5610 7 4393
5610 7 6472
5065 4 4349
4286 25 4221
5181 10 6473
2327 1 3859
4113 8 6474
4113 9 4566
4113 9 6475
4113 9 6476
5592 1 3963
4651 10 6477
4331 1 4133
3496 3 6478
2463 10 6479
2515 3 6480
5418 12 3546
3790 5 6019
2931 3 5940
4255 1 5845
4921 3 6481
5193 3 6482
3113 15 4076
2686 5 4362
5624 2 6041
2257 3 6483
5340 10 6484
4083 2 5990
3504 3 3937
3686 44 4380
5347 2 5352
2658 5 4357
4274 19 5835
3505 2 6485
3505 2 6486
2450 1 6487
4366 2 6199
5699 3 6488
5699 2 6489
5699 2 6490
3763 3 6038
3713 20 4898
3661 1 3895
2904 3 6491
3345 3 4064
3345 2 6492
2008 3 6493
4261 1 3891
5476 5 6494
5640 1 4536
2765 2 5763
5717 5 4471
5370 2 6495
4363 13 6496
4785 2 5670
2608 2 5847
3645 2 6497
3473 2 4021
2280 2 6498
3076 2 6499
5693 2 6103
4919 2 6500
3330 2 6501
3570 1 4380
2231 1 6502
5038 3 6503
3767 5 6504
4889 1 4471
5110 1 6505
5245 1 4087
3712 25 4221
2356 3 6506
3202 1 4057
5610 6 6507
5610 7 4562
5610 7 5177
5610 7 6508
2706 1 6509
5324 3 6510
2773 2 6511
2773 2 6512
4069 1 4583
4113 8 6513
4113 8 5333
4113 9 6227
4134 1 3864
3652 2 6514
4359 3 6515
4183 2 5086
2254 3 4792
2766 2 6516
3970 1 5512
2580 1 4204
4566 1 3897
2629 3 4645
4921 3 6517
4719 1 6518
4506 3 6519
3063 2 6520
3195 2 4042
2289 1 3961
3686 17 6401
3230 3 4481
2268 3 6521
3237 2 6335
4507 3 6522
4507 2 6523
4507 2 6524
3505 3 6525
4033 14 6526
5080 1 5070
3025 2 6527
3763 3 4814
3352 10 4012
3013 3 6528
4648 35 4380
1963 2 6529
3023 27 6530
3928 1 3916
5470 2 6531
5667 2 6532
1984 1 3864
5216 3 6533
2380 29 6534
5669 3 6535
4720 45 2241
2286 3 6536
4582 2 6537
2000 2 6538
2000 2 6467
1945 5 4369
4615 3 6539
4469 3 6540
3942 3 6541
3171 3 6542
3225 2 6543
5573 3 6544
3554 1 6545
5610 6 6546
2773 3 6547
4113 8 6548
4113 8 6549
4113 8 6550
4113 9 6551
4113 9 4511
3808 3 6552
2033 1 6553
4955 1 6554
3467 1 6555
5358 2 6556
3679 1 6557
2923 3 4307
5193 2 6482
2615 1 4063
3471 1 4232
4899 4 3959
2761 1 3864
4898 2 6558
5262 3 6559
5262 5 5270
5380 3 6155
5509 3 6560
4698 1 4471
4776 3 6561
4776 2 5834
2439 2 6562
4507 3 6563
3802 1 6564
1916 1 4362
1987 3 5148
4366 2 5836
2495 2 6565
5189 3 6566
2628 2 6567
4006 20 4770
1939 3 6329
3345 2 6568
4862 2 5158
3564 2 6569
3284 2 6570
1911 3 6571
4270 20 4099
3952 2 5319
5470 2 6132
5470 2 6572
5342 5 5662
4280 24 6242
5671 3 6573
3668 2 6574
2280 3 6575
2846 2 6576
3942 2 6577
3888 1 4852
3225 3 5221
4332 3 4828
2399 2 6197
5472 1 3992
2356 2 6578
4355 3 6579
5610 6 6580
5610 6 6581
5610 6 4345
2308 2 6582
4113 9 6583
1905 29 5300
3219 4 5619
2766 3 6584
4078 3 4742
2923 5 3888
2168 1 5662
2934 1 6585
5260 4 3959
2410 3 4947
2410 2 6350
5193 2 6352
5604 5 4332
2977 3 6586
5004 3 6587
4384 3 6588
4184 3 5750
2897 3 5979
4002 3 4823
2555 3 6589
5379 3 6590
4997 10 6591
2893 1 6555
3581 1 6564
3176 1 4058
4776 2 6561
2221 1 3850
5253 2 6592
4507 2 4647
4507 2 5053
2944 1 4454
4094 4 5802
3221 2 6593
2530 1 3986
5027 5 6594
2412 2 6595
2690 2 6596
4366 2 6597
3503 1 4191
1930 5 4455
2534 2 6598
5234 1 4294
5189 2 6599
1988 2 5205
5431 3 6600
4019 3 6601
4475 5 3895
2008 2 3967
4354 2 6602
2644 1 4521
4912 3 4355
2151 29 6603
4993 3 5111
2951 11 6169
2491 3 4384
1952 13 6604
4785 3 4845
2229 3 5663
3083 12 1211
4691 10 5859
4525 1 6012
3101 1 3956
1951 2 6605
5573 2 6544
2356 3 6606
5610 6 6607
5610 6 6608
2606 5 6425
2773 5 5421
3701 1 5814
4739 2 4132
2314 2 6609
4113 9 6610
4721 1 4957
3971 2 4791
3891 1 3916
4147 2 5606
4453 1 4380
3678 2 6611
3678 2 6612
5450 1 3961
5203 2 6613
4056 2 6614
4732 5 5033
1908 18 4041
4618 1 4013
4921 2 6615
2599 5 4191
2611 1 5814
5584 3 6616
5451 2 6617
3882 2 5235
5701 1 6618
4659 1 6619
2235 2 4047
4002 2 5003
4291 5 4347
2424 3 5052
3711 2 6620
4101 1 4362
2878 31 6621
3505 2 6622
2420 2 6623
2495 3 6624
4570 1 4701
4850 2 6625
2179 2 4595
4580 3 6626
1939 3 6627
4242 2 4917
3997 3 6628
5528 24 4357
2783 1 5662
2186 10 6321
5613 3 6629
2476 3 6630
3952 3 6328
3952 2 6631
4089 2 6632
2229 13 6633
2518 3 6634
2518 2 6635
2349 1 6636
5227 3 6637
3502 2 6231
5038 2 6638
4332 3 5770
4338 1 4583
2338 2 6639
3853 2 4831
5610 7 6640
5610 7 6641
3231 3 5642
3335 16 6071
4113 8 4627
4113 8 6642
4113 8 6643
2704 2 6644
4956 1 4217
5225 1 4167
2649 2 4470
3232 3 6645
5479 2 5447
5652 2 6646
4117 2 4992
2031 5 4347
2118 1 5064
3347 2 6647
5103 2 6040
5520 3 6648
4583 3 4699
2966 1 4174
5143 1 6649
4467 3 4750
4110 2 6650
4507 3 5400
4094 5 4013
1987 2 6651
3269 5 5605
5377 1 4057
4658 2 3896
2276 5 5357
3705 2 4623
2546 3 6652
2025 1 4199
5236 3 6653
4946 5 4673
1963 3 6529
2703 4 4349
2429 3 6654
4797 1 4362
2734 2 6655
2627 2 6656
5031 3 6657
4508 3 5631
4508 2 6658
2361 1 4454
2551 10 6659
3942 3 3957
3445 3 5632
3225 3 5220
5238 3 4774
3148 10 6660
2474 3 6661
3853 4 5174
5610 6 6662
5610 7 6663
5610 7 6664
4839 5 5569
2773 3 6665
4113 8 6666
4113 8 6667
4113 8 4789
2388 2 6668
5148 2 6669
2553 3 6670
4359 2 4303
4359 2 5865
4191 1 4963
3639 2 6671
3628 1 5411
3766 10 6672
4227 10 6673
3868 4 5558
5358 3 6674
3232 3 6675
4133 5 4975
4078 2 4742
5398 2 5972
5246 3 6285
5246 5 4583
2125 2 6676
3250 3 6677
3250 2 6678
2472 1 4816
4921 2 5554
4715 2 6679
2244 3 6680
5451 3 6681
4146 4 6682
5004 2 6335
3738 3 6683
2112 1 4521
4321 2 6684
5300 2 6685
2065 3 6686
4541 2 6322
2555 2 6589
4556 2 5269
2831 10 6687
3648 3 4494
4507 2 6688
4366 2 4152
1959 1 4057
1966 3 6689
3620 3 6690
2505 2 6691
3345 3 4569
3345 3 6692
1872 1 4454
2467 3 6693
1888 1 6694
4609 2 6695
1902 2 6696
4847 1 4471
2380 2 5766
4363 18 6496
4786 3 6697
2330 10 6698
2070 1 4454
3942 2 6175
4561 16 6699
5610 7 4137
5610 7 6700
4165 3 5366
2538 4 4349
4010 2 6226
2668 3 5587
4113 8 6701
4113 8 6702
4113 8 5062
4113 9 4934
4113 9 4936
4651 10 6703
2933 2 6704
4061 3 6705
3691 2 6706
2463 2 3933
2766 3 6451
3998 3 5186
3232 2 6707
2342 4 3959
2830 5 4927
2508 3 6708
3678 3 4025
3106 5 4391
4820 1 4732
3347 2 6709
3250 3 5974
2170 3 4794
4495 1 4232
4530 2 6710
3882 2 6711
3834 2 6712
3834 2 5752
2559 3 5678
1970 1 4443
2078 3 6713
3230 2 5642
3230 2 5680
5646 21 6714
1987 3 6715
2835 1 5265
2420 3 6716
3870 2 6295
4006 20 4898
3345 2 6717
2767 3 4066
5236 2 5530
1999 3 4073
4385 1 3897
2366 1 4057
1938 2 5624
1902 25 4221
2429 3 4282
4784 2 6718
4981 24 6502
5370 2 6719
4989 1 4701
4935 1 6720
4786 3 4769
4702 5 4217
3337 3 6721
2275 1 6722
3942 2 4078
3083 3 6037
4332 2 5250
2166 5 6723
5610 7 6724
5210 1 6725
4350 1 4150
2773 3 6511
5120 16 3928
4113 8 6726
4975 5 3942
2649 3 6727
5578 2 5549
2494 3 6344
3458 1 3850
2259 3 6347
3640 3 6728
4550 2 5764
4056 3 6729
4733 2 6730
3689 3 6453
3518 1 4768
4742 3 6731
5193 3 6732
3340 2 6733
3195 3 4102
4035 1 5213
4530 2 6734
5625 5 6735
3834 2 4653
5345 3 6252
4688 1 6736
3230 3 6737
4705 5 5213
3029 2 6738
4027 1 3947
3025 2 6739
2307 2 6740
3922 3 6298
4606 3 6741
4231 2 6742
3345 3 6743
3892 1 4362
1957 1 4454
3081 3 6433
3081 3 6744
2765 2 6745
3533 5 4133
4702 3 6746
2518 2 6634
1942 3 6330
3992 1 4347
5314 1 4053
5433 1 4455
2990 1 4454
4508 3 4054
4469 3 6347
3942 2 6747
3712 2 6748
5610 7 6749
2654 3 6750
4272 2 5543
2773 2 5857
4113 8 6751
4113 8 6752
4113 8 6753
4113 8 4299
4113 8 6754
4113 9 6755
4340 1 6343
3950 3 4476
4320 1 4174
3910 2 6756
2515 3 3938
3678 3 5918
3678 2 6757
3644 3 6758
3347 3 6709
5114 2 6759
4874 2 4634
3909 1 6760
3113 40 6248
2270 1 4057
4763 1 4057
3622 3 6116
2078 3 5146
4507 3 6761
3029 3 6762
5256 3 6256
4486 1 3942
3104 2 6763
4983 3 6764
3377 2 6765
2021 3 6766
4972 1 4199
1939 3 6208
1939 3 6767
4242 2 6768
4019 2 6601
3345 3 4761
3345 3 6769
3345 2 5731
2898 2 6770
4209 11 6771
2767 3 4176
3065 2 4385
3081 3 5398
2517 3 6772
4436 1 3971
5470 3 6773
3306 2 6774
1946 3 6775
4509 46 6776
4434 2 4335
4508 3 6777
4508 3 6173
3083 2 6778
5038 3 5079
5038 2 6413
2317 2 6779
1951 3 4025
1951 2 4241
5610 6 6780
5610 7 6781
5610 7 6782
2308 3 5374
4272 2 6783
2773 29 5180
2773 3 5929
3228 3 6784
2883 2 6785
4113 8 6786
4113 8 6787
4113 9 6788
3496 3 6789
3496 2 5340
4359 2 6790
2254 3 6791
2133 3 6792
5541 3 6793
4569 27 6794
3347 2 5045
2568 2 4418
3420 1 4108
4020 3 6795
3495 3 6796
3615 1 3849
3375 1 6797
5262 2 6798
3175 1 3897
3882 2 4480
5379 3 6799
2972 1 3946
3534 2 6800
3285 5 4167
1987 2 6801
3592 19 6396
3592 11 4273
3592 11 4754
2495 3 6802
5699 2 6803
3377 2 6804
3025 3 6805
3620 2 5979
5660 2 6806
4019 3 6807
2722 5 5664
2008 3 6808
2859 3 6809
5167 1 4471
3952 3 5987
2848 2 5493
2023 25 4221
4844 2 6810
2330 10 4971
2991 1 4195
2309 2 6811
3477 1 4583
3442 5 4013
5227 3 4556
4522 22 6812
3942 2 6813
4332 2 6814
3736 2 5895
2308 3 6815
3709 1 4362
3335 3 6816
4232 2 4838
4113 8 6817
4113 9 6818
4113 9 6819
4458 1 5125
3496 3 6820
3998 3 5603
3639 2 5640
5541 2 6793
5358 3 6821
2410 3 6822
3637 2 6150
3826 2 6823
2682 2 6824
5151 2 4682
2510 2 6825
4184 2 6826
5256 2 6020
2495 5 6827
2916 31 6828
3069 1 6829
3753 3 5882
2108 5 3916
3997 2 3900
4060 1 6830
5452 1 6831
5081 1 6832
3626 2 4314
2623 1 6830
2544 3 6833
2544 2 6834
3307 3 6835
3760 3 6836
1947 2 6837
3325 2 6617
4893 3 6838
5691 1 6839
2253 3 6840
3171 2 6841
5481 1 5106
5610 6 5926
5610 6 6842
3026 3 6843
2773 19 5429
3659 3 6844
3335 14 6845
4113 8 6846
5169 2 4846
3496 2 6277
2766 2 6847
3998 2 6848
3434 2 4915
4520 1 4362
3005 2 3934
2243 2 6849
4741 1 3855
2213 21 5388
3289 2 6850
3408 4 3851
3368 2 4207
2961 2 5441
2666 3 5675
5520 3 5480
2260 1 4174
2252 2 6851
4920 2 5774
2076 3 6852
2078 3 5197
3598 29 6853
3029 2 6854
5066 1 6855
5673 1 6343
3119 24 4362
3427 1 3864
5699 3 6856
4606 2 6857
4231 3 6858
3013 16 6859
2673 1 4087
3460 1 6860
4628 1 5287
3279 3 4923
4720 41 1044
1942 3 4715
1942 3 6861
1942 2 4324
2846 3 6862
4877 1 4057
3942 3 6863
3942 2 6864
4332 2 5028
2474 3 6865
5610 6 6373
2884 1 3932
2871 3 5124
2497 3 5032
2663 3 5378
4739 3 6866
4232 3 6337
4113 8 6867
4113 9 6311
4113 9 5062
2291 3 4915
2553 2 4549
4198 5 6868
4147 2 6869
4613 2 4546
2648 1 4521
3150 16 5717
5710 1 5127
3250 3 4850
3250 3 6870
3250 2 6870
5193 2 6871
2666 2 6872
4428 2 5694
4583 3 6354
3688 3 6873
3882 3 6874
4763 5 5557
5635 3 6115
2521 1 3849
2447 1 3864
3010 1 3963
3827 3 6875
4960 5 4919
3237 1 4174
4507 3 6876
4507 3 6877
3181 1 6878
1987 3 4706
3591 2 4907
2282 3 6879
2495 2 6880
2495 2 6881
3935 20 4603
4709 1 6504
4019 2 6882
2363 5 4057
3345 2 6414
2061 2 6883
4261 2 5949
1996 3 5159
2279 2 6884
3952 2 6402
5470 2 6885
3943 14 6886
3636 3 6887
3636 2 5042
4785 3 6888
5649 3 6889
2518 3 6890
3482 1 4583
2954 5 3982
4508 2 6891
2005 20 4251
4554 2 6892
5610 6 4188
4272 3 6893
2871 2 6894
5373 5 4057
4113 8 6895
4113 8 5818
4113 8 5671
4113 9 6896
5302 2 4941
5169 3 6858
4359 3 5438
4183 2 4230
4061 2 6705
5578 34 6897
2370 18 5472
5209 1 5421
3714 4 4349
5358 2 5906
3644 5 6898
5542 3 5719
1908 18 6899
5193 2 6900
1929 2 6901
5305 3 6902
3826 2 6897
5624 3 6903
4898 2 4640
2682 5 6343
4583 2 6904
3686 21 6905
5347 3 6906
4705 2 6907
2268 3 4802
5485 1 6908
4664 3 6909
4366 2 6160
3619 2 6539
4581 2 6910
3620 1 6911
1939 2 6912
1939 2 6872
4584 2 5528
2632 5 6913
4912 3 4546
2279 2 4762
2859 2 6914
2674 1 4977
5216 2 6915
1936 2 5953
4108 1 6694
2500 3 5364
5448 1 3895
3760 2 6836
4309 2 6916
5057 2 6917
3767 2 5455
3225 3 5249
2166 1 6723
4355 2 6918
2497 2 6919
2668 3 4323
3120 2 5959
5120 2 6920
3121 3 4465
4113 8 6921
4113 8 4300
4113 9 6922
2383 1 6923
5169 2 5193
4359 3 5747
4359 2 6924
2463 3 5473
3020 3 5842
4830 10 5941
5358 2 6925
5358 2 5642
4520 2 6926
2697 1 4739
5651 3 6022
3644 2 6927
2648 3 6928
3347 2 6929
3229 2 6930
2125 3 4353
3627 1 4453
4715 5 5227
5589 24 4639
3324 1 3864
3063 2 6931
3346 3 6932
5151 34 4682
4583 2 5263
2199 1 4635
2113 3 6933
2795 2 6388
3105 2 6934
4053 1 3864
4556 2 6935
2772 3 6936
4507 3 6937
4507 2 6938
4507 34 6939
5179 3 6940
3029 3 6941
3029 2 3954
4094 4 6942
2413 19 4433
2176 3 6943
2505 3 4542
3424 1 4057
5276 1 4222
5356 18 6944
3345 2 6945
5609 1 3866
3854 3 6363
5236 2 6653
5428 10 6946
4148 5 6947
2971 1 6948
2064 18 6949
2517 2 6950
5629 3 5762
5298 3 4385
3590 1 3942
2500 3 6951
4662 1 3916
3473 3 6952
2026 5 5411
4452 1 3961
3942 3 6953
1951 3 6954
5376 3 6955
2356 2 6956
5610 6 6957
5610 7 6958
2668 3 6959
4021 5 5662
4113 8 6476
4113 8 4684
4113 9 6960
2353 2 6961
3971 1 6962
2259 3 4413
2992 1 4391
2660 3 6963
4921 3 6964
1929 4 3851
4428 2 6087
2078 3 4648
3581 2 5323
2869 2 6965
4705 2 4740
3151 2 6966
4692 2 6967
5253 3 6968
4507 3 6969
4661 5 5208
3918 1 6137
5215 1 3846
2364 3 4710
3966 2 4346
5189 3 6970
3537 1 3864
2505 3 6971
3997 3 6972
5356 13 6944
2898 5 4158
4209 3 4662
3578 2 6872
2017 3 6973
2017 3 4237
4326 2 6974
2517 2 6975
5470 3 6976
5001 1 4046
2681 3 6977
2544 3 6978
3684 3 6979
4508 2 5143
2317 3 6980
2317 2 5073
3130 5 4673
4355 3 4979
2497 3 6981
4113 8 6982
4113 9 6983
4113 9 6753
4113 9 6984
4113 9 3989
4113 9 5776
3336 2 6985
1885 1 4454
4359 3 6986
4359 3 5595
2228 18 6987
3640 2 4630
5358 2 6988
3678 3 6989
3678 3 6145
5133 1 6990
5193 3 6247
3063 1 4552
5451 2 6991
4880 27 6992
4083 2 4102
3658 3 6993
5151 3 5094
5086 1 3864
3609 3 4160
4321 2 5650
3230 3 6994
4333 1 4057
2268 3 6995
1974 32 6996
3598 3 5162
3979 3 6997
2351 1 4108
3029 47 6998
2690 2 6999
2916 31 7000
5189 5 5105
4811 3 7001
4425 1 4103
4584 23 2712
4231 2 7002
3997 3 7003
5430 13 7004
3564 2 7005
3065 2 7006
4870 3 6165
4354 3 5531
3717 2 7007
2476 10 7008
3409 1 3864
3952 5 6012
3003 1 3971
2951 47 4669
4363 1 4216
4421 1 5497
3372 3 4289
2817 1 4261
4145 5 4174
3684 2 7009
3473 2 4674
2846 3 7010
3967 2 5922
3276 3 7011
3934 1 5401
3247 20 4387
3242 22 7012
1921 2 6218
4284 31 6142
3140 1 4454
5610 6 6223
5610 6 7013
5610 7 6780
2056 2 7014
2308 3 7015
3026 3 5589
3921 1 5231
4739 2 7016
4113 8 7017
4113 9 5035
4113 9 5182
4113 9 7018
4113 9 7019
3496 2 4149
2649 2 5970
2949 1 4391
3749 3 5672
3998 3 7020
2660 2 6006
3678 2 4039
4226 1 4635
3229 3 7021
3689 3 6999
2823 2 5267
3365 1 4527
3471 5 3846
4245 2 7022
5520 2 7023
4583 3 5185
3529 15 4076
2946 2 7024
3577 5 4658
2320 5 4369
5300 3 6685
3834 2 7025
5505 2 7026
4776 3 7027
4507 2 5237
3029 2 5875
2690 3 5006
3505 3 7028
4366 3 4315
2420 2 7029
5699 3 7030
3544 10 6672
4231 3 7031
4019 2 7032
3027 1 4927
5528 5 4057
2008 2 7033
2139 1 3864
5656 34 4601
3494 27 5811
1934 5 6425
1938 2 7034
4634 24 4013
2279 3 7035
2859 2 7036
5470 2 7037
2197 2 7038
4551 2 5764
5370 2 7039
4131 2 7040
3650 1 5125
3076 3 7041
3083 3 6778
3451 3 7042
4913 5 7043
2356 3 5370
4346 1 4376
5610 7 7044
5610 7 7013
5658 1 4057
2487 20 5732
4113 9 7045
4113 9 6378
4113 9 7046
3808 2 6611
4651 2 7047
5493 1 4174
2471 2 7048
3998 2 7049
3639 3 6236
5099 1 3932
5358 3 7050
3347 2 4152
3150 31 4797
4056 2 6729
5114 11 7051
2306 3 4633
4742 3 7052
5193 3 7053
5638 1 4376
4730 1 5061
1906 2 7054
4834 1 4362
5560 3 6389
5560 5 5664
3105 3 6934
3824 2 7055
3152 23 1280
2869 2 7056
2579 1 7057
4033 31 7058
3595 1 6555
4811 24 3944
1939 3 7059
1939 5 4050
4082 2 6734
4543 24 5270
2437 1 5845
1909 3 7060
5656 11 7061
3626 3 4314
5717 2 7062
2258 3 7063
2258 5 3997
5370 2 6251
3907 2 7064
1952 3 7065
5146 5 4058
4434 2 7066
4764 2 6503
4508 2 5027
4484 1 5845
3330 3 7067
3339 24 5161
5038 2 5079
3052 1 6618
2356 3 7068
2356 2 7069
4080 3 7070
5610 7 7071
2308 2 7072
4113 9 7073
4113 9 7017
4113 9 4570
4113 9 7074
5212 4 3851
2192 10 7075
4359 3 6924
2494 2 7076
5069 5 4455
4550 2 4741
3229 3 7077
3229 3 7078
5017 5 7079
4303 1 3992
3267 1 4013
3450 1 3997
3220 3 7080
3433 1 6425
2593 2 5351
4471 3 7081
2994 3 7082
3151 2 7083
2714 5 3864
5080 5 4050
1954 3 7084
2158 3 7085
3922 3 4487
4294 1 4362
2490 1 4108
2203 1 4852
1944 3 4980
4082 2 7086
4209 2 5661
3754 5 5664
2661 2 7087
5319 2 7088
2829 20 4898
2220 1 4057
4656 2 7089
5627 1 3932
3684 3 7009
3076 2 5921
2935 1 4380
2732 1 4852
4508 3 7090
3241 1 4232
2909 5 7091
2238 3 6719
1921 3 7092
2317 2 7093
2356 3 7094
2356 2 4778
4749 5 5168
3384 1 4183
4113 8 5437
4113 8 4798
4113 9 6443
2052 5 7095
3233 2 5642
3496 3 7096
2731 1 4175
2766 3 6072
2515 2 4198
5418 2 7097
3150 3 7098
3167 5 4702
5193 3 7099
5052 1 5232
2770 3 7100
2104 2 7101
2257 3 7102
4146 5 7103
5262 3 5832
3351 2 7104
3622 3 7105
2078 3 6081
2255 2 4650
2255 2 7106
3391 5 4010
2959 3 7107
3534 5 6425
2780 1 4999
4507 2 7108
3285 2 4593
2058 3 4110
2373 1 4108
5282 1 3864
2687 3 5355
3316 1 3961
5189 3 6205
4811 5 7109
5156 1 4046
3587 5 4419
4231 3 7110
3677 25 4221
3355 1 4057
4142 2 7111
3081 2 5532
4439 1 4362
3886 21 7112
5167 2 6096
5216 3 7113
3488 4 5802
5370 2 4824
3576 3 5245
4785 2 7114
2330 3 7115
5405 1 4357
4239 5 4057
2652 5 5348
2309 2 6102
4508 2 6172
2019 3 3918
3044 1 6153
4808 1 5702
2150 2 5721
2327 2 7116
3524 1 4272
4113 8 4891
3808 2 5548
3639 3 7117
4903 2 7118
2031 2 7119
2213 26 4223
5644 15 4076
5381 23 3509
4921 2 6481
3495 3 7120
2104 2 7121
4428 2 3931
5262 3 7122
4920 3 7123
4759 1 7124
5560 3 4001
5453 24 5181
1928 3 7125
2235 2 7126
3131 2 6024
3230 2 6994
3094 1 4013
4705 2 4494
1904 1 4453
5471 2 7127
4507 3 7128
2857 3 6254
2892 1 4057
5256 3 7129
2657 20 4035
2012 1 3864
4658 3 7130
3922 2 4976
3997 2 6628
3013 2 6539
3564 2 5358
2642 1 6797
4818 1 5061
4838 5 3942
3952 3 7131
5470 2 7132
4295 3 7133
5370 2 7134
3048 5 4150
1952 18 7135
4785 3 7136
2547 2 7137
1942 2 7138
2019 3 4291
3942 3 5423
1921 3 7139
2271 2 7140
2356 3 7141
2356 2 7068
5610 7 4028
2308 3 7142
4302 3 7143
2497 2 7144
4739 3 7145
4739 3 4982
4113 8 5633
4113 8 7146
4113 8 7147
4113 9 6310
4113 9 7148
2007 2 5471
2649 2 5602
3971 5 6962
4183 3 4230
2766 2 7149
4539 1 7150
2827 1 6280
5008 1 4739
3334 5 7151
5668 4 3851
3804 1 5756
3229 3 5141
4921 3 7152
5193 3 3975
3926 5 4232
5645 1 3864
5451 3 6320
2730 1 4807
4202 1 3849
4583 2 7153
1896 20 4898
2078 3 6391
3930 2 5310
3979 3 7154
4507 2 6877
4552 5 3972
5054 11 7155
2307 3 6740
2718 2 7156
5517 3 7157
3345 3 7158
3378 2 7159
4609 3 7160
2517 2 7161
2249 16 7162
3735 3 7163
3626 2 7164
3952 2 7165
3747 1 7166
4812 1 4150
2280 2 6368
2963 2 7167
3718 3 5366
4353 3 7168
4863 1 4262
3275 3 7169
3442 2 7170
3083 2 5822
4560 3 4637
4561 2 5821
3597 1 4010
5610 7 7171
5545 18 7172
3121 2 3901
4113 8 6032
4113 8 6416
4113 8 6003
4113 9 4030
2192 1 4058
2894 2 4385
5358 2 6821
3678 2 6145
3358 33 7173
5107 1 5231
2213 30 7174
4766 1 3961
2764 2 7175
2614 3 7176
4621 1 6725
5262 2 4384
4583 3 5519
4583 3 7177
5279 1 4391
2869 2 7178
4643 2 5681
2294 2 5766
5223 3 7179
1974 27 7180
2242 1 4224
3979 3 7181
4507 3 7182
3029 3 7183
2514 1 4957
2251 2 4431
2412 3 5686
2015 1 4347
2300 2 7184
5242 20 4387
1939 2 6399
3793 2 7185
4605 2 7186
3345 3 6378
3345 3 4684
3284 3 4015
2082 1 4013
4695 5 7187
2279 2 7188
3952 2 5163
2980 1 4775
2800 10 7189
4785 2 4142
3574 3 4067
1942 2 7190
3473 3 7191
4508 2 7192
2016 3 7193
4919 3 6500
5207 1 3859
3683 1 7194
2356 3 4928
2314 16 7195
5373 3 7196
4113 8 7197
4113 8 7198
4113 8 7199
4113 8 7200
4113 9 5706
4061 2 7201
2479 1 4391
2463 1 4455
2828 3 7202
3829 3 4240
3715 1 7203
2042 5 6425
3552 1 4815
2306 2 6421
4874 2 6243
4921 2 7204
5275 2 7205
5684 27 7206
4700 1 4058
5587 27 6794
4583 2 4642
4530 2 7207
4471 2 7081
3230 3 7208
3260 1 4050
2831 2 7209
1904 2 4774
2074 3 5052
4507 3 7210
4507 3 7211
4858 24 4191
4366 2 4215
5680 5 7212
3377 2 7213
4606 2 7214
4584 2 7215
5656 34 7061
5605 3 7216
2517 3 7161
5470 2 7217
2845 1 7218
5259 2 4448
4786 3 7219
3341 3 7220
3341 2 7221
3473 2 7222
2846 3 7223
3967 2 6305
3295 3 6406
2271 3 7224
2166 3 7225
5610 7 7226
5610 7 7227
4725 1 5127
4113 8 4688
4113 8 7228
4113 8 5708
4113 9 7229
4113 9 7230
4113 9 7231
4236 1 5213
2649 2 7232
2494 3 4944
2516 5 5226
2766 3 7233
4147 3 7234
3532 3 7235
4921 3 3996
5193 2 7236
5305 2 7237
2592 3 7238
4462 1 4963
4321 3 7239
4215 3 7240
4098 1 3864
3152 2 4363
5351 24 4616
2020 24 5227
2035 1 3992
4690 1 4024
3029 3 6121
5256 2 7241
1987 3 7242
1987 3 7243
4567 4 3959
3592 19 7244
2691 5 4517
5699 3 6489
2534 3 4467
2234 3 7245
4866 1 4707
3620 2 7246
4326 11 6974
2517 3 7247
3952 2 7248
4451 1 4010
1949 3 5736
2233 18 7249
2330 31 7250
4494 5 4050
3337 2 6915
4434 2 7251
1982 1 3946
3325 2 7252
2475 2 7253
3083 23 1211
4561 14 6699
3171 5 4445
2238 3 7254
5610 6 6664
5610 7 7255
3026 2 7256
3026 2 4614
5120 3 6920
4031 3 4466
4739 3 4397
4232 2 7257
4113 8 4686
4113 8 5931
4113 9 7258
4113 9 7259
4113 9 7260
4113 9 7261
4651 3 4842
2554 3 4092
4710 1 4217
4562 5 7262
2133 13 5713
4072 4 5367
2515 2 6480
5479 3 5782
4734 5 3947
3347 2 7263
2410 3 7264
3689 2 6999
3074 3 7265
4455 1 4183
2770 2 7266
3030 1 5873
4587 2 6286
4583 2 7267
3688 3 7268
5004 3 7269
5599 1 4195
2078 2 7270
3857 2 7271
3930 3 5310
4507 3 7272
4507 3 5505
4680 5 4094
3029 2 5755
2251 2 7273
4505 1 4272
2364 2 7274
3870 5 4150
3620 3 7275
4011 1 4183
5660 2 7276
1939 3 5485
1939 2 5068
4783 25 4221
5005 3 7277
3013 14 6859
5236 3 7278
2008 2 6160
5087 45 2241
1999 3 7279
2022 3 7193
2681 3 5626
2369 1 3916
2330 25 4221
2518 2 5025
1942 2 4235
2309 2 7280
3942 2 7281
3994 3 7282
3767 2 7283
4052 1 3864
2356 2 3988
5610 6 7284
2091 1 7285
4048 1 4635
3231 2 7286
2799 5 3859
4113 8 4248
4113 8 7287
4113 9 7288
3808 2 7289
2353 3 7290
3336 3 7291
3490 3 5532
2766 3 6847
5404 1 3864
3516 1 3864
5070 2 7292
4397 5 4272
5264 1 3945
3601 3 4632
4733 2 7293
4079 2 5483
5381 13 6996
4921 2 7294
1900 5 4416
5614 2 7295
5301 1 3961
4244 2 7296
4587 2 4263
5262 2 7297
3658 2 6993
3418 5 5945
4583 2 7298
3688 3 7299
3504 3 5928
3194 5 4191
2473 3 7300
2235 5 4133
2020 1 5227
2607 4 3851
4507 2 6120
4507 2 7301
3505 3 5688
4055 1 6832
5349 5 6056
3619 3 6539
5355 1 4058
2506 1 3942
3489 5 7302
2505 2 7303
2646 2 7304
4231 2 7305
4209 2 7306
2767 3 7307
3831 3 7308
3890 3 4792
5231 1 7309
3952 2 4672
4086 18 7310
2265 2 7311
2544 3 7312
2544 2 4767
2229 2 7313
2500 2 6951
4992 2 7314
1942 3 7315
3967 3 7316
2317 2 6980
2166 3 7317
2356 2 7318
5610 6 6663
5610 6 7171
5610 6 7319
5610 7 7320
5610 7 5327
4302 2 4646
2874 5 7321
2060 1 5064
5272 3 5997
4113 8 5707
3808 2 7322
2804 3 7323
5169 2 6858
2870 3 7324
3639 3 7325
3455 5 7326
3896 3 7327
5644 26 7328
4742 2 7329
4899 2 7330
2764 2 7331
5262 3 4101
5262 2 7332
2929 5 7333
3740 1 5228
2078 2 7334
2041 1 4676
4643 3 7335
5471 2 7336
4507 2 7337
2336 11 5654
3029 3 7338
3029 3 4592
2039 1 4896
4493 3 3955
3761 3 7339
2027 2 7340
3025 3 4659
4714 1 7341
3710 5 3947
3369 1 5127
3446 1 4008
5613 2 7342
4598 2 7343
2544 2 6833
3574 2 4846
3341 2 7344
4546 5 4217
4522 39 6812
5161 2 5749
4561 3 5821
3017 4 4349
4332 2 7345
5221 3 5771
2150 2 7346
4064 1 5061
2356 2 4615
5610 7 7347
4272 2 7014
2773 3 6512
1941 2 7348
4232 2 7349
4113 8 6332
4113 8 7350
4113 8 5744
4113 8 7351
4113 9 7352
4113 9 7353
2667 3 4846
2228 29 7354
2290 13 7355
2243 2 5090
3229 2 7077
2410 3 7356
3487 1 4453
5330 5 4094
2104 3 7101
3063 3 6520
2201 1 3864
3418 1 5521
3688 3 4855
5004 2 7357
5329 1 4094
4130 5 7358
4679 5 7359
4556 10 7360
2439 2 6048
3029 2 7338
3963 5 7361
3592 34 7362
4983 2 6764
2687 3 7363
3698 2 5990
2305 1 4150
3255 3 7364
4862 2 7365
4816 3 7366
5087 17 6189
3742 1 5521
2901 1 4063
2492 25 7367
4137 3 5212
2249 2 6695
1956 3 7368
3168 2 7369
2661 1 7370
4981 3 3908
5122 2 6367
3748 1 3864
2544 3 7371
4720 30 6065
3416 1 4046
3473 3 7372
5433 3 7373
2309 2 7374
4309 3 7375
2551 2 7376
4612 1 3866
3942 2 7377
4560 2 7378
5161 20 4387
1951 2 7379
1951 2 5173
2144 1 4087
2399 2 7380
5383 4 7381
5610 6 7227
5610 6 4884
5610 7 4027
5610 7 7382
2773 3 6180
2497 3 7383
2912 2 7384
4113 9 7385
4113 9 6754
5226 29 7386
3150 5 3846
5114 3 7387
3452 3 7388
5163 5 6323
5381 2 7389
3756 2 7390
5098 3 7391
2764 2 7392
2257 3 6152
5520 3 7393
2252 2 7394
3688 2 4643
2555 1 4347
2001 2 5787
2831 3 7395
4507 3 7396
4507 3 7397
5336 1 5662
4986 3 7398
2352 1 7399
3029 2 7400
2825 36 7401
3592 19 4273
3592 34 7244
4304 1 4191
2546 3 7402
4231 3 7403
2055 3 7404
3345 2 7405
4164 3 7406
3462 5 7407
5528 1 4357
3141 1 3961
5467 1 4108
4196 15 4076
4354 3 6602
4912 10 7408
2151 2 4124
2249 12 377
3952 3 7409
2049 2 7410
4786 3 7411
2518 3 7412
4434 2 6026
4508 2 7413
2019 3 7414
1921 3 7415
1951 2 4560
5610 6 5463
5610 7 4832
3026 5 4050
4272 3 7416
4214 1 7417
3693 2 6106
4619 10 7418
4113 8 4986
4113 8 7419
4113 8 7420
4113 9 4983
4113 9 6474
4113 9 7421
5302 5 4191
4651 3 7047
4970 5 7422
2649 2 7423
2688 24 5227
3998 3 7424
3998 2 7424
5358 2 7425
2430 1 4454
4682 12 2810
1929 3 4476
4817 3 7426
5262 3 7427
3217 4 3959
2726 1 4003
2510 2 7428
4507 3 4647
4507 2 7429
4717 5 4094
1987 3 7430
4033 31 7431
3592 19 7362
4978 3 7432
3028 1 7433
2882 1 4391
5189 2 6970
3674 3 5638
5660 2 5408
4606 3 6857
3345 3 5982
4816 2 5210
4196 39 5574
3612 1 3916
1999 2 4664
2285 3 7434
5705 24 4174
5167 3 7435
3626 3 7164
3952 3 7436
5470 3 6572
5268 3 7437
4993 2 6427
2846 2 4130
3967 3 4611
3967 2 7438
2000 3 7439
4309 3 6916
4655 24 4362
1921 2 7440
1951 2 5146
2142 2 6371
3187 3 6266
2654 2 6006
2308 2 7441
2773 2 7442
4155 1 7187
3231 2 6784
2874 3 7443
2668 2 3977
4739 2 5293
4113 9 7444
4113 9 4245
4113 9 7445
4113 9 4787
4113 9 7446
4113 9 4144
4113 9 7447
3808 3 7448
3496 3 6661
4359 3 5301
4078 3 7449
3296 1 5627
3347 3 6647
3347 5 3864
3150 31 7450
3229 3 7451
2545 3 5867
3532 3 4073
4921 3 6615
2918 2 7452
3340 3 7453
2332 3 7454
5151 2 7455
3688 3 7456
3220 2 7457
3871 1 3961
5300 3 7458
2929 2 4856
2368 1 4825
2994 2 7082
5253 3 7459
1987 2 7460
2432 1 3972
3025 3 5795
2719 3 4713
5688 1 4195
4231 2 7461
3348 1 3897
4242 3 5448
3284 1 6435
5160 1 4057
4609 5 6797
3081 3 7462
2517 2 7463
2848 3 7464
4993 20 4035
3723 5 4150
3279 1 4693
5370 3 6251
3084 1 4362
2023 3 7465
2309 3 7280
2309 2 7466
2120 1 6262
4840 2 7467
5610 6 4509
5610 6 5898
2056 3 7416
4071 1 3994
5013 1 4057
4868 1 4362
1913 3 7468
4449 4 3851
4113 8 6896
4113 8 7353
4113 8 7469
4113 8 7470
4113 9 5082
5468 10 7471
3336 3 7472
2894 1 3866
2766 3 7473
2515 3 7474
4756 2 7475
5252 1 4024
5418 3 7476
4874 2 6075
3990 1 7477
4921 2 7478
5193 2 6732
5193 2 5306
3791 1 7479
5103 3 6069
4025 1 3870
4924 3 7480
4020 2 6795
5346 2 7481
3658 3 4043
4920 3 7482
3686 30 7483
2996 1 4013
3230 3 7484
3230 24 4058
2869 2 7485
4507 3 7486
1987 2 7487
2495 2 6802
2687 24 5227
3521 1 3946
3025 2 4320
1944 1 3864
3345 2 7488
3097 1 6735
5393 1 7489
4475 2 7490
3832 2 4867
2279 3 7491
4089 5 7492
1936 2 4915
2681 2 4284
5185 2 5786
4508 3 7493
4672 5 4094
5610 6 6724
2308 3 6582
4165 2 4462
3184 5 4199
4739 3 6107
4113 8 4626
4113 8 6818
4113 9 7494
2553 2 6670
3490 10 4367
5578 3 6897
2086 1 3946
2737 2 7495
3229 3 7496
4872 3 7497
2163 20 4729
5059 5 5662
4971 5 4063
1873 1 7498
5522 2 5093
3346 2 5349
2252 3 7499
4828 48 7500
4583 3 7501
4920 3 5774
3529 30 7502
3882 3 7503
5380 1 5258
2438 1 4714
2321 1 4454
2255 3 7106
5485 5 6908
4507 3 7504
4507 3 7505
5464 24 4057
3025 2 7506
5054 2 7155
1939 3 7507
2008 3 6160
2849 3 7508
2151 3 5885
2859 2 4497
5470 3 7509
3470 3 5885
5370 3 7510
4785 2 7511
4785 2 7512
4785 2 7513
3533 3 4607
4582 2 7514
3684 24 7515
3275 5 7516
4036 5 5161
5238 2 7517
5610 7 7518
2308 3 7072
2308 3 5330
3026 2 7519
4113 8 7118
4113 9 7520
3336 2 7521
3496 3 4846
3867 2 7522
3333 24 3972
3334 2 7523
5616 1 4456
3347 2 7524
3567 2 7525
3368 3 4124
4251 5 6185
2387 1 3961
3182 3 7526
3182 10 5080
2612 3 7527
2764 3 7392
2764 2 7528
4245 2 7529
2293 1 7530
5004 5 7531
2869 3 7532
3151 3 7083
2439 2 6324
3029 34 4052
4519 2 5848
2152 3 7533
2657 3 7534
2657 3 5526
4225 1 4046
4892 2 4164
4485 1 4063
4294 3 5312
3360 20 4548
4584 12 2712
5475 3 6022
3321 5 6276
2075 5 4150
4023 1 4216
4209 2 7535
5076 5 7095
3901 2 7536
2429 2 6654
4786 3 7537
2518 3 5418
4745 5 4445
2309 2 5955
2180 1 3897
4508 3 7538
4508 3 7539
2635 1 4003
5617 3 7540
3602 1 7541
4561 23 2689
2391 3 4328
4036 3 7542
3225 2 7543
2356 3 3988
5610 7 7544
5280 5 5019
2372 10 7545
4113 8 6381
4113 8 7546
2323 1 6249
4367 4 4349
3496 2 6661
4359 3 7547
3189 5 6185
2766 2 7548
2766 2 7549
3528 25 5021
4823 3 7550
5358 2 6674
3799 4 3851
2965 1 4108
3864 1 7551
5193 2 7552
5590 1 4639
2573 2 7553
5678 1 7554
3688 11 4855
3834 2 7555
2929 2 7556
3499 1 4195
4471 2 7557
3850 1 7558
4504 1 5125
2185 2 4595
2241 1 4000
5641 1 4362
2677 1 4057
3951 3 5764
4173 1 3966
4783 5 5662
3345 2 5157
2225 3 7559
4622 15 4076
4816 2 7560
5174 5 6137
2151 3 7561
5605 2 7562
2859 2 6809
2951 5 3846
2639 3 7563
4509 17 4410
1952 18 7564
5190 5 4063
5548 3 4233
3616 2 6471
1942 2 6861
2309 2 5065
4615 2 7565
3942 2 7566
2377 1 3849
5051 3 5739
3242 37 7012
1921 3 7567
4080 2 7070
5610 6 7568
3026 2 7569
5091 5 4003
5068 1 4050
2310 2 7570
2304 12 432
4113 8 7571
4113 9 7572
2007 3 4301
2655 5 4362
2421 2 7573
3998 2 7574
2259 3 6038
2269 5 5213
2281 1 4673
3439 2 6872
2515 2 4847
4603 3 4151
4515 2 7575
3790 1 6019
3972 3 4744
4403 3 7576
3368 1 6249
2295 1 4050
3923 3 3999
2159 5 3944
3166 1 4977
4456 2 7577
5026 1 4391
3351 3 5947
5532 5 5403
5318 2 7578
5123 2 7579
3813 5 4552
5415 5 5270
2266 1 3946
4507 2 7580
4507 2 7581
3029 3 6854
5256 2 7129
4777 1 3864
3620 2 7582
4580 3 6206
5660 3 6511
2646 3 6332
3997 2 4491
2008 2 7583
5656 34 3904
1963 3 4379
1943 2 6087
4213 1 4347
4360 1 6564
3952 2 6097
2661 3 7584
2951 11 7585
2681 2 7586
2547 3 7587
4887 1 7588
3341 3 7589
3325 2 5848
2309 3 6811
4508 3 4023
4508 3 7590
4508 2 4872
4407 2 7591
3560 1 5213
3083 20 4729
3227 2 7592
3227 12 1355
4332 3 5740
4332 2 5457
1951 3 5146
2588 1 4422
5610 7 7593
2497 2 7594
3121 2 7595
2943 1 4010
4503 1 3972
4113 8 7596
4113 9 7597
4113 9 7598
3336 3 7599
5011 3 5117
4594 1 6323
4769 3 7600
2463 2 7601
3877 1 3944
2360 1 4416
3455 2 7602
2828 2 5550
4147 2 7234
4549 10 4122
4579 2 3939
5418 2 7476
3229 3 4520
5193 2 7603
2029 13 7604
5103 2 6069
4899 3 7330
2620 1 4768
2257 2 6483
3961 20 4387
4274 2 7605
2251 2 7606
2015 1 4157
4892 2 7607
4825 2 7608
4310 1 3849
1939 3 4915
4256 1 4442
3081 2 6433
2517 2 7609
2907 3 7610
5591 1 3966
1942 3 4324
1942 2 6027
3967 2 7611
3431 3 5694
4297 1 4050
3238 1 6555
4000 1 4010
5051 3 7612
2005 14 7613
2142 3 7614
3403 24 7615
2308 2 5741
2874 2 7443
3812 20 5101
4232 2 7616
4113 8 7617
4113 8 7618
4113 8 6583
4113 8 7619
4113 8 7620
4113 9 5595
3336 3 7621
2254 2 7622
3998 3 7623
2591 1 7624
4603 2 7426
2508 2 7625
3678 2 5513
3972 25 4221
2524 3 7626
1887 1 4456
4269 1 5270
4020 3 4699
4817 24 4362
2170 3 3991
5262 2 7627
3217 5 3947
5520 2 7628
5188 19 6574
4426 3 4385
2333 1 3864
2723 5 4094
1940 2 4806
4660 2 5195
4643 2 7335
4960 24 6448
4507 3 7629
3623 5 7630
2378 1 5873
2027 14 7631
4907 3 7632
1954 3 7633
4918 3 5620
5501 24 7634
3075 1 4053
1939 3 6872
4606 3 7214
3255 3 4720
3197 2 4792
3345 3 7635
3022 1 5019
2722 1 5664
4213 3 5318
2411 3 7636
4086 5 7637
3488 3 7638
5083 2 7639
2839 5 7640
2518 3 7641
5266 5 7262
2319 2 7642
4508 3 5852
4508 2 5536
5051 3 6469
5038 3 5292
3225 2 5759
3225 2 7643
4332 2 7644
4284 31 5703
4064 1 4058
5610 6 7226
5610 6 4680
2308 3 4681
3659 3 7645
5632 5 7646
4586 1 4058
4739 2 4933
4113 8 7647
4113 8 7648
4113 8 7649
4113 8 7650
4113 9 5382
3496 2 6478
3950 2 4132
4061 3 7651
3439 2 4323
4549 5 4057
4733 3 7293
4034 2 7652
4842 3 4799
4398 10 4605
5644 17 4410
4583 3 4478
3688 2 4359
2555 1 3961
3711 2 7369
3783 1 4362
3029 19 6121
2878 31 6053
4212 1 4057
5205 1 3864
2913 3 7653
2534 3 7654
2742 1 4991
1939 3 7655
1939 3 5068
4231 2 4136
4231 2 7656
5236 3 7657
2186 1 4422
5457 3 5984
4270 20 4603
2325 2 6080
2279 2 7035
2197 3 7038
1890 1 4183
4990 5 5161
3768 1 4150
5385 10 6126
5154 2 7658
3436 1 4050
3574 1 4785
2873 1 6290
2059 20 4898
3083 3 6176
4840 3 7659
2909 1 7091
3044 3 7660
2261 5 7661
2166 11 7225
2308 3 5899
2773 3 4930
2497 3 4835
2668 2 4230
2668 2 6959
4031 3 5334
4739 2 6441
2072 1 4087
4113 8 7229
3808 3 5967
5541 2 6239
3232 2 6784
4079 3 5323
4921 3 7662
5193 2 7663
4506 3 7664
3346 2 7665
2252 29 7666
4107 1 4077
4279 5 5151
4810 2 7667
3635 1 4183
4507 2 7668
1983 2 5638
5256 2 7669
5533 3 7670
3104 3 5219
2590 4 3959
1954 5 4010
3818 4 7381
2055 2 7404
4209 3 7535
5236 2 7657
3832 2 4324
2826 5 4217
3901 3 7536
3664 5 4665
3952 3 4672
3952 2 4763
2951 19 7671
1946 5 7672
5100 2 5847
4785 2 7673
3341 3 7674
2330 2 4608
4764 3 3920
2548 1 7675
4881 5 6518
1921 3 7676
5038 3 7677
2452 1 5521
3646 2 7678
5293 1 4526
2399 2 7679
2356 3 7680
5324 1 4552
5091 2 6850
3231 2 5642
4669 1 7681
4087 3 7682
4446 1 5061
3121 3 6413
2400 1 7683
4113 8 7684
4113 8 7685
4252 2 7182
3336 2 7291
4652 10 6477
4312 1 3864
3496 3 7686
4152 1 6720
5168 3 7687
2766 3 6345
3639 2 7688
5015 28 4255
2406 3 4794
5644 30 6383
1878 1 4133
3398 2 7689
2533 27 6384
3481 1 5061
4693 3 7690
5305 3 7691
3822 1 4362
5614 3 4477
4971 1 4150
4074 1 5656
5004 3 5393
4384 2 6588
3824 2 7692
3743 5 5559
4507 3 7693
4250 31 7694
1987 2 7695
2495 3 7696
4681 1 7359
4006 1 4183
2505 2 7697
4231 3 6742
3677 2 7698
3345 3 7699
3345 2 4684
1999 3 7700
4396 1 3897
3557 1 4332
4609 3 5284
2279 3 5285
5470 3 7217
3404 5 4199
3426 1 4391
4758 5 3859
4784 3 6718
2456 3 7701
5154 3 7658
2233 3 6792
4785 3 7673
4673 1 7359
2319 29 7702
2037 1 4214
3171 2 7703
2317 3 6779
4332 2 7704
2150 3 7346
2142 2 5326
2356 2 7094
2668 3 6329
5272 5 5924
4113 9 7705
4113 9 7706
3336 3 6985
3634 3 7707
5006 10 6060
3676 3 7708
2463 5 4057
2259 25 7367
4903 3 5905
3173 1 4852
3232 3 5475
3439 5 4369
3644 2 7709
3347 3 7263
2306 3 4205
5193 2 6113
3655 4 4349
2104 3 7710
5007 1 5348
4428 3 4323
4418 2 7711
2559 2 7712
2738 1 4852
4306 1 5664
4507 2 4427
3783 5 5213
3690 5 7713
5042 1 4108
3505 2 7714
4664 2 6909
3051 39 4114
5699 3 6490
3060 5 4362
3525 2 7715
4243 3 4712
3674 1 4166
3951 5 4010
4185 5 3984
3782 21 4322
4270 20 4898
4360 3 7716
2907 3 7717
5319 3 7718
3053 2 7719
2547 3 6520
2547 2 4267
2547 2 6520
2229 18 6633
2155 4 6942
4508 2 7720
3565 1 3864
1951 2 4886
2693 1 4454
5610 6 7721
4165 2 7722
3475 2 7723
3228 2 5642
5084 3 7724
4739 2 7147
4113 8 7148
4113 8 7725
4113 9 7726
4113 9 7727
4113 9 6867
2860 3 7728
2649 3 6631
2516 3 6109
2133 14 7729
3439 2 4915
2515 2 7474
2290 18 7355
2508 2 7730
2328 1 5139
4056 3 5305
2306 2 7731
2410 2 7732
2629 5 6036
3756 3 7733
2104 3 7121
5614 2 4355
5262 2 7734
3882 3 4528
2078 2 7735
3230 3 4529
2255 2 3881
4274 5 5872
5179 5 4768
3568 5 7554
5364 1 7262
5699 2 6359
3620 2 7736
3922 3 4976
5660 3 4660
4606 3 4863
4231 2 7737
3255 2 7738
2665 2 4281
3013 2 7739
4488 1 7477
3578 2 5323
4609 2 7740
1938 3 7741
3952 3 7742
2429 3 7743
2429 2 7744
2765 3 7745
1946 2 6157
4785 2 7746
3660 20 4729
2309 3 5955
4189 5 4496
4508 3 7747
4508 2 6468
4522 30 6812
1948 5 7492
3083 10 6479
3445 5 7748
4561 3 7749
2653 2 7750
2005 1 4057
4332 2 7751
1951 2 5031
2643 3 7752
2056 3 7014
3026 2 6069
3680 5 7753
4113 8 7754
4113 8 7755
2291 2 5885
2553 3 7756
3134 3 7757
4061 3 7201
2766 3 7758
3984 5 7759
3970 4 5558
4994 5 4057
4056 3 4073
4874 2 4994
5246 3 4996
2125 3 6676
2029 20 4603
2679 10 4617
4181 2 5749
4146 4 4349
5262 3 7332
3195 2 5943
4583 3 7760
4920 2 7761
3686 26 4223
5400 2 7762
3351 3 7763
4471 3 7764
3230 3 6784
2869 3 5098
4507 2 4651
2676 1 6868
3246 1 6649
3025 3 4435
3025 3 4181
3025 3 4169
3763 3 4060
4892 2 7765
2752 1 4952
2758 1 4013
2230 12 358
5295 3 7766
2628 1 5228
5420 2 7767
4019 3 6089
3345 3 7768
2517 3 5361
2517 2 7769
2517 2 6130
5470 2 4722
3757 3 7770
1978 1 4057
2681 3 5165
2544 3 6834
4508 2 7771
3994 3 7772
4560 2 4411
3225 3 7643
3712 2 7773
5610 6 5428
3026 3 4086
3121 2 7774
4113 8 5970
4113 8 4513
4113 8 7775
4113 8 7776
4113 9 7777
3808 2 7778
4875 5 6797
2392 1 4232
4454 5 3846
3496 3 4574
5581 1 3864
5661 3 7779
2228 3 7780
3528 2 7781
2515 3 6187
3229 3 7782
2273 1 4391
3697 5 4583
5262 3 4899
4636 24 4013
4583 3 7153
4583 3 7783
4530 2 7784
3686 15 4076
3882 2 7785
2076 2 4105
4471 2 7764
4776 3 6197
3151 5 3947
2439 3 6562
4507 2 4313
5179 3 7786
2495 3 6881
3183 1 3864
2904 3 4488
4492 3 6897
2628 3 6567
3753 1 4191
3397 2 7787
2176 2 6943
4231 2 7788
5470 3 6063
3977 5 7789
4797 18 7790
1942 3 7138
4508 3 5130
4615 10 7791
3330 2 7792
2166 2 7225
4272 3 7014
4739 3 7793
4897 3 7794
4113 8 7795
4113 9 4887
4252 3 5162
2667 3 5470
3808 3 7796
3808 2 4841
3336 2 7797
2323 14 6182
2933 3 6704
5661 3 7798
3970 3 7799
3947 1 7624
2861 3 5784
4693 2 7690
3195 2 7800
4583 3 7801
5128 3 6792
3351 5 4094
3622 2 4902
3014 2 7182
3534 3 7802
2247 3 4001
5179 2 7786
3029 3 7803
3281 23 1409
4723 1 7804
5256 3 7805
5464 5 4347
4018 4 4349
4671 3 5562
5517 2 7157
4231 2 7403
4242 3 6768
3197 14 3964
3077 5 3859
5470 3 7806
3214 1 7807
2765 2 5887
5170 1 6137
2544 2 7312
1952 3 7526
2547 2 4504
4844 3 7808
2330 10 7809
4211 27 7810
2627 3 6656
4508 2 6171
4508 2 7811
4353 3 6264
3280 2 6499
3073 1 6128
4332 3 7812
2166 3 7813
4355 4 7814
5610 7 7815
2308 3 7816
3026 2 7817
4746 3 4619
4113 8 4572
4113 9 7818
4113 9 6549
4113 9 5504
4113 9 5129
2667 2 5694
4372 1 6405
2649 3 7819
4576 1 7820
3678 3 4202
4579 3 3937
3347 3 7821
3452 2 7822
5193 2 7823
5406 1 5272
4924 2 5517
3324 1 7824
5151 2 7825
4583 3 4358
3882 3 7826
5004 2 7827
4519 3 5848
2825 27 7828
5256 3 7829
1987 3 6612
4234 3 7830
2917 2 7831
3025 3 7832
2234 1 3864
3620 2 7275
3922 2 7833
4580 3 7834
2904 3 7835
3951 2 7836
4231 3 7656
4933 20 4387
4216 3 5614
4959 2 7837
4816 3 7560
3065 10 4893
4148 2 7838
2765 3 7839
3359 1 5265
5370 3 7840
4785 2 5166
4786 2 7411
2768 3 7841
2974 1 4150
3473 2 6952
2280 2 7842
3076 3 7843
5372 2 7844
4508 3 7845
4508 2 7846
4561 10 7847
2587 2 5719
5610 6 7848
4544 5 4057
2638 1 7849
2395 1 3961
4113 8 6446
4113 9 5903
4113 9 7850
5029 5 7851
3336 3 7521
3336 2 7852
2182 1 4357
2292 2 5600
4652 5 4171
3496 2 7853
2649 3 4197
3490 2 7854
3998 3 7855
3639 3 6671
5504 2 7856
3640 24 7857
4147 2 3937
3970 4 3959
2290 2 7858
2689 3 7859
2031 3 7119
3182 3 4210
5697 1 4927
3826 5 7860
2159 24 3944
4428 2 6155
5262 3 3876
5151 3 4007
5520 3 7861
5004 2 7862
2559 3 7712
2001 3 5198
2014 2 4530
4507 2 6357
4493 2 7863
4748 4 4349
1930 3 4318
3419 1 3932
2499 3 6109
3763 3 7864
4231 2 7865
3345 3 7866
2898 3 6770
2683 1 4552
2665 3 5821
2665 2 5821
3108 1 4008
4912 3 7867
2492 24 4057
2325 3 7868
2619 2 5917
1924 3 7780
3053 2 7869
5600 1 7302
1942 2 7315
3967 3 7611
3276 2 7011
3718 3 3923
4508 3 7870
4223 25 4221
5051 2 5118
4332 3 7871
2572 5 5019
2056 3 5543
2773 2 5377
2698 1 5556
4739 3 6336
5373 2 7196
4113 8 7872
4113 8 7873
4113 8 6960
4651 3 6315
5169 3 7874
2695 1 4046
2930 1 5262
3174 1 3864
5090 1 4003
2830 10 6698
2508 3 7730
5615 4 5174
5544 1 5662
3508 1 4183
1908 1 3864
4742 2 7875
4324 2 7876
3504 5 5664
3834 3 3977
5176 1 7615
1940 3 7140
4556 3 7877
4114 3 7878
4028 1 4455
2014 3 7879
4400 3 7880
3711 3 7369
4507 2 5399
4507 2 7629
3802 5 4583
5256 2 7881
5256 2 7829
4442 1 3864
2412 2 7882
3505 3 5055
2246 3 4317
3046 1 4008
3025 2 6382
5660 3 7883
3397 2 5490
2865 3 7884
4676 2 7885
4751 1 4057
3345 3 7886
3345 3 5659
3009 1 7399
4209 3 6210
4209 2 5240
5236 2 7887
3831 2 7308
5174 2 7888
2214 1 4454
1963 3 5414
3059 2 5844
4609 2 7889
4210 3 4334
4131 2 7890
4785 2 7891
3616 3 5417
3341 3 7221
3473 3 7892
5057 2 7893
5693 2 7894
3994 2 7772
1951 3 7895
2587 2 3853
3712 3 7773
2142 5 6058
2356 3 7896
5610 6 5288
5610 7 7897
5610 7 7898
5610 7 7899
5610 7 4394
2314 3 6609
4113 8 7900
4113 8 4250
4113 9 7901
4113 9 7902
4113 9 7776
3949 5 5569
4122 1 4094
3496 5 4347
3232 2 7903
2830 4 4349
3786 1 7551
4921 2 7904
3243 1 3846
5614 3 7295
4588 1 7358
4583 3 7905
3686 22 7906
2510 3 6825
5560 2 5649
2831 3 7907
5414 2 4822
3441 2 4328
4507 3 4109
3223 2 6257
2420 2 7908
2495 2 7909
4393 1 5873
5189 2 5657
1992 1 4057
3705 2 7910
5426 1 7911
5088 38 5061
2397 1 7630
4572 2 7912
4870 3 7913
2517 3 5886
3473 2 7914
2846 2 5891
3718 2 4411
4166 1 7915
4263 5 3942
5038 2 5292
4332 3 6220
5610 7 4882
5610 7 6842
2056 2 5543
2308 2 7916
4113 8 5133
4113 8 6444
4113 9 7917
2860 2 4823
3808 2 7796
4203 1 7918
2353 3 7679
2007 2 7919
5455 2 5990
4444 1 4376
4903 3 7920
4147 3 6869
3232 3 6784
3839 1 4927
4682 1 5009
2066 2 7921
3347 3 7886
3229 2 4142
4403 3 5440
4694 5 5828
1908 18 7922
5193 2 5192
5187 1 5265
2968 1 4380
3826 3 7923
2977 19 5648
3495 3 4149
5451 3 6617
5262 3 7627
2038 2 7924
4583 3 7925
2512 3 7926
4321 3 4360
3068 1 4217
2268 2 4802
3135 1 3972
2365 1 6911
4507 3 7927
4507 2 6393
3591 2 7928
4567 1 6249
2495 2 6624
1966 3 7929
1966 2 6689
5411 1 3864
2451 1 7930
4936 1 4057
3997 2 4119
2810 1 7672
3778 1 4093
4765 3 7931
3717 5 7932
3952 3 7933
5470 3 7934
5557 1 6431
4106 3 4444
4509 40 5214
4786 2 7935
3341 3 7936
3325 2 5069
2309 2 5850
3138 5 4191
3339 3 3919
3225 2 5668
3192 49 7937
4332 3 7938
2662 3 6796
2356 2 7939
4749 2 5121
5610 6 5461
5610 6 5636
5610 7 7940
5610 7 7941
4286 29 6030
4449 4 5802
4113 8 6983
4113 8 7942
4113 8 7230
4113 9 7795
4113 9 7943
3336 2 7621
4331 5 7944
2973 1 5160
3950 3 5508
3759 1 4217
3439 3 4328
2515 2 7945
4512 1 5139
3678 2 7946
5107 20 5097
3367 1 5265
2257 2 7102
4979 1 6012
5520 2 4210
3577 3 6521
4109 1 3864
2869 3 6392
2014 24 6425
4507 2 7947
2146 5 4362
3104 3 7948
1903 50 6189
2420 2 7949
2134 1 4010
2916 31 7950
1930 2 4656
4450 4 5367
4231 2 7951
5431 1 7057
5087 30 4114
4599 4 5619
2859 2 7952
4264 1 4957
4981 5 4077
2258 2 5067
5370 2 5988
2023 5 4768
1942 10 5395
2132 1 3864
2846 2 7953
2309 2 7537
3968 2 7954
5683 1 7955
3083 29 7956
1920 18 7957
2261 1 7661
4332 3 6814
1951 3 7958
2654 3 6006
2308 3 7959
5582 1 4347
5432 1 4024
3566 1 4563
1882 1 4454
4113 8 5863
4113 8 7019
4113 8 7727
4113 8 7960
4113 9 6751
4113 9 7961
4113 9 7962
5169 3 7963
5169 3 4382
2553 3 5990
3496 2 6789
4359 2 4096
2494 3 5216
3458 10 7964
5358 3 6556
2290 13 7965
4756 3 7475
3644 3 7709
5058 3 7966
3398 24 4362
5193 3 7967
2110 2 7968
2036 2 7969
2257 5 4199
5520 3 7628
4834 2 6861
4412 1 7807
5379 3 7970
2869 2 7971
4507 3 7972
4493 3 7973
5256 3 5102
4677 5 4094
2690 3 6596
2381 1 4057
3025 3 7974
3025 3 4485
4892 3 5677
3922 3 4913
2546 2 6161
5284 37 7975
1909 2 7060
4816 2 7366
3807 2 7976
2325 3 4730
3081 3 4279
2411 2 7636
5470 3 7132
5470 2 7977
4624 1 5226
3107 1 4362
4797 13 7790
3645 2 7163
2319 3 7642
2846 3 7978
2786 51 3930
4332 3 5633
3607 5 4003
4845 1 5559
2474 2 6693
5610 6 7979
4286 2 6411
3149 5 4057
4272 2 6893
4619 1 4526
4113 8 7980
4113 8 6314
4113 8 5820
3808 2 7981
4359 2 7547
2766 3 7549
5541 5 3942
4903 3 5870
2508 2 7982
4969 24 4768
5058 2 7966
2923 3 7983
5322 1 6435
2526 1 4050
2410 2 7984
4921 2 4354
4020 2 5911
3988 1 4013
2433 1 4174
5262 3 7985
2252 2 7986
3688 2 7987
3082 1 4174
2939 2 6106
3468 1 4191
3653 1 4121
3230 2 7988
2869 3 7056
4960 3 7989
4692 3 6967
3165 1 4380
1983 3 5638
2051 1 7990
3303 1 6056
5699 3 5838
2318 1 4454
3025 3 7991
3025 3 6739
4192 1 5662
4013 2 7992
4892 2 7993
4901 2 7994
1939 3 5245
4088 18 7995
2646 3 7304
4019 3 4490
3345 2 7996
4050 5 3855
5088 38 3961
3558 1 6545
5157 1 3864
3886 17 4285
2902 1 4046
2258 2 4283
2121 4 4349
3533 3 5628
2879 20 4603
2518 3 4771
2518 3 5737
4347 2 7997
4332 2 7998
1951 3 7999
3579 3 4846
5610 6 8000
5610 7 6957
2871 2 8001
2773 2 6412
2663 2 4082
2314 20 4898
4113 8 8002
4113 8 8003
4113 8 8004
4113 8 4730
4113 8 8005
4113 8 8006
4113 9 4549
4113 9 7775
4113 9 7886
3808 3 8007
2428 2 5601
2649 3 8008
3569 2 8009
4292 5 5605
2508 2 8010
3644 2 6188
5537 2 8011
3289 5 4552
3229 2 8012
3532 3 8013
2918 1 4050
5103 2 8014
5503 24 4732
2038 2 8015
4623 1 3859
2438 1 4442
3944 5 5019
4172 1 4455
2869 2 4953
3014 3 7182
4507 2 6761
3029 3 8016
1987 2 4314
2690 3 4432
4856 3 8017
3311 31 8018
2657 2 6395
2495 3 7909
2685 5 6694
5699 2 5691
4907 2 8019
3025 3 6382
3025 2 6123
3025 2 5839
3272 2 4911
2784 3 6087
1939 3 6040
4231 3 8020
5284 52 7975
5431 2 6600
3345 3 6945
3345 2 4276
5005 2 8021
3991 1 7477
4622 39 5209
2279 3 8022
5470 3 8023
2619 5 7918
3943 16 6886
2613 1 4183
3925 3 5323
2846 2 7978
4508 2 7090
3968 2 8024
3942 2 8025
3124 1 3864
4881 2 5893
2271 3 6010
2271 3 7559
3767 3 8026
2005 31 4925
5610 7 8027
5610 7 5122
2874 2 5078
4113 8 8028
4113 8 8029
4113 8 8030
4113 9 8031
4113 9 7725
2667 2 6155
3808 2 6552
3233 5 4442
4652 10 6148
2766 3 8032
2766 2 8032
2228 2 7780
5396 1 4362
4903 2 5870
3232 2 5043
3678 3 5907
3715 5 7203
3150 14 5188
2136 1 4454
3828 10 6673
5193 3 8033
4502 2 8034
4583 2 7177
5004 3 6335
5186 1 4123
4321 3 8035
3230 2 7984
2869 2 4212
2543 2 5874
3029 2 5565
4094 4 4349
4357 5 5125
5109 27 4449
4825 2 4597
1939 3 8036
3345 3 8037
3345 3 8038
3459 2 4820
2064 13 8039
3735 2 7163
5565 1 7615
2258 2 7063
2616 1 4150
4434 3 4335
2000 23 128
3942 2 4238
2253 2 8040
5051 2 8041
2177 1 7615
4332 2 7812
2356 3 6578
5610 7 8042
5610 7 5502
5610 7 8043
2773 3 8044
5527 1 3864
4113 8 8045
4132 1 5509
3333 2 4710
3266 1 5421
3232 3 6348
2508 3 7982
2508 2 4631
3250 2 6677
2024 5 4616
5193 2 8033
4174 1 4852
2565 5 4496
3982 5 6019
4530 2 8046
2510 3 8047
3417 20 8048
5004 2 8049
4321 4 6942
4906 1 5430
3622 2 8050
3230 2 8051
3648 2 4494
4575 1 4057
2442 1 3864
3029 3 6158
2251 31 8052
2251 3 7606
3505 2 8053
4234 2 5525
3592 11 7362
2647 1 3972
2534 2 6360
4121 24 3932
1923 2 8054
4013 2 8055
3705 3 4623
1939 3 5193
2077 2 5011
4605 2 8056
3997 2 6327
3462 1 7407
3252 24 5243
4196 44 3961
3578 2 8057
4416 1 4024
1956 3 5733
3952 2 8058
5470 3 7977
5470 2 4226
5244 3 6335
2820 3 5696
5190 1 4896
4785 2 5320
2229 4 6942
3668 3 6574
3473 2 8059
4136 1 4975
3942 2 8060
3083 2 6438
4560 2 4637
2414 2 8061
4332 3 5911
2338 2 8062
3787 1 5125
5610 6 7044
5610 7 8063
2773 3 8064
5435 1 3859
4113 8 8065
4113 8 4129
4113 8 6445
4113 9 8066
4113 9 8067
4113 9 7420
4113 9 4890
5222 2 4911
3649 3 7767
2133 2 5198
2259 3 6279
4752 2 8068
5323 1 3864
2515 3 8069
4550 2 8070
5652 5 6594
5114 34 4569
4020 2 4699
2670 1 4376
3842 1 3846
4724 1 6487
1892 1 3864
3534 2 8071
5256 3 8072
4806 1 4174
2505 2 4759
3345 2 8073
3345 2 6692
2517 3 8074
1956 3 8075
5001 1 4380
2456 3 8076
2456 2 5918
4685 2 5754
3760 2 8077
4190 1 4053
5134 1 8078
4508 3 8079
4126 1 3864
4309 3 8080
3083 2 8081
5610 7 5427
3228 2 6784
2183 1 4635
2912 3 7384
4113 8 8082
4113 8 8083
4113 8 5599
4113 9 6379
3808 2 7448
4359 2 8084
4072 2 5310
3232 2 6645
4603 3 4743
2278 3 5088
2545 2 8085
2393 2 8086
5094 1 4419
4921 2 6422
2823 3 5267
4950 1 3864
4899 1 4157
4026 1 5623
2038 3 8015
2510 5 6827
2795 2 5725
3399 1 4214
3622 2 8087
3014 3 8088
2489 1 3864
4507 2 7397
4483 1 3966
4366 3 6247
3592 19 4165
2364 2 8089
5441 2 6160
4518 1 4362
5366 1 4183
2904 2 5206
2665 3 6865
4870 3 8090
3583 3 8091
1938 3 8092
1956 2 8075
4497 1 7433
4086 3 8093
2951 47 7671
5370 2 4766
4844 2 7808
3945 1 4183
1921 2 7676
5173 5 8094
1951 3 8095
5460 2 4780
2834 1 4456
4739 2 8096
4113 8 8097
4113 8 8098
4113 9 7571
4113 9 7146
4113 9 6228
3496 2 8099
4383 1 7683
4194 1 4391
2259 3 4073
2306 3 8100
5469 1 8101
4921 2 8102
5451 3 6991
4123 1 4094
4971 20 4898
3982 1 6019
2795 3 8103
4215 2 8104
2078 3 5978
3857 3 8105
4129 1 3982
2607 5 5563
2439 2 8106
4507 3 6049
3029 19 4052
2251 3 4004
2251 3 8107
4234 2 7830
2657 2 4168
3761 2 7339
5699 3 8108
3028 1 7479
3611 1 4456
4892 3 4164
3705 18 8109
2784 2 5323
4862 5 5208
4342 1 4537
3685 2 8110
1880 1 8111
4186 1 3944
5244 5 6463
3576 2 5016
4720 15 8112
3053 3 7869
4508 3 3983
4508 2 8113
2551 3 6231
3124 2 8114
2245 2 4829
2356 3 7939
5610 6 8115
2739 1 4294
2106 1 3864
4113 8 8116
4113 8 8117
4113 8 8118
4113 8 8119
4113 9 8117
4113 9 5468
4113 9 7596
5519 1 3895
2323 29 4469
1905 53 4280
3666 5 3864
4343 1 4583
3998 2 7020
5358 54 7425
3232 3 7903
3523 4 4349
4549 3 8120
4638 2 8121
3689 3 8122
5098 2 7391
4871 2 5360
4391 5 8123
3803 5 5227
4245 3 7022
3346 3 7665
4834 3 8124
4530 3 4706
4530 3 8046
2721 5 8125
4184 3 8126
1928 2 6156
2078 2 8127
2869 2 8128
3014 2 8129
2255 2 5051
5223 2 7179
5256 3 7669
2470 30 5877
3969 2 4168
5699 3 8130
1939 3 8131
5420 2 5959
3860 1 4471
4216 2 8132
3782 17 8133
5605 2 5317
2951 42 7671
3066 1 3849
2911 2 6837
4508 3 8134
2032 3 8135
5161 5 4391
1951 3 6970
2643 2 7752
2356 2 8136
5610 7 8137
3308 27 8138
3744 3 8139
4113 8 3983
4113 8 8140
4113 8 6755
4113 8 8141
2860 3 4629
5220 1 4454
2323 31 6034
4359 2 8142
3331 1 5357
2524 1 4852
5193 3 8143
5193 2 3868
2454 1 4057
4245 3 8144
5262 2 8145
3346 3 8146
4846 1 6056
5004 3 8147
1928 2 7125
4002 2 4823
2078 2 8148
3230 3 8051
3230 2 7208
4507 2 8149
5703 5 3883
4988 5 4471
3912 3 8150
3969 3 4168
5699 3 6803
2864 1 4053
5189 2 8151
5242 1 4057
2307 5 4693
5087 26 7328
2151 2 8152
5167 2 8153
3952 3 8154
2558 1 3864
2661 2 7584
2800 1 4456
4785 2 8155
3341 2 3909
3341 2 7674
2286 1 4195
2832 1 4380
1942 3 7190
3076 3 6499
3967 3 8156
4529 5 4195
4508 3 8157
2625 1 3846
3994 34 7282
3017 4 3959
2587 2 8158
2662 5 4347
2356 3 8136
4249 19 4390
4739 3 8159
4113 9 8160
4113 9 7649
4113 9 8161
2667 3 5137
2212 1 3966
3634 2 6232
3652 3 8162
3998 3 7574
4603 3 4966
3678 3 6612
4874 3 5478
5381 13 5099
4362 1 6564
2868 1 3849
4967 5 3972
1953 5 4195
3396 1 4191
2473 2 7300
3834 3 6044
2831 31 8163
2607 10 6035
3534 2 8164
4289 24 4174
2543 4 5802
5179 3 8165
3029 1 3945
4366 3 8166
4290 5 4362
4553 24 8094
2420 3 6623
5699 3 5946
5189 2 8167
4316 1 5403
2926 1 4272
4658 2 7130
4926 5 4195
4492 1 4057
1939 2 8168
4231 3 8169
4475 3 8170
3054 1 5227
2384 13 5169
3059 3 8171
5268 2 7437
3845 24 3947
2848 2 7464
4551 3 8172
4785 3 7513
3178 2 8173
4508 3 8174
3946 1 3972
4469 3 6174
3083 3 5822
5617 2 6370
1951 3 7379
2791 2 8175
2474 2 4846
4283 2 8176
3026 3 7519
4438 1 4217
5115 15 4076
4739 2 8159
4113 8 8177
4113 8 8178
4113 9 8179
4113 9 8180
4203 2 5842
4104 3 8181
2595 1 4024
3496 2 5751
3496 2 7096
4359 3 8142
4359 2 6515
3640 2 6728
3428 2 6419
4056 3 8182
4365 3 8183
4872 3 8184
5381 13 4532
2340 5 7541
5193 3 8185
2614 2 7176
4428 3 5694
4502 3 4641
5262 3 4900
4583 3 7267
4426 2 4385
3132 3 5416
4910 2 8186
2607 3 7854
4507 2 8187
5179 3 8188
4802 1 3864
2486 1 6797
2690 3 8189
5159 2 6459
2685 4 4349
2913 2 7653
4892 2 5677
3620 3 7246
5660 3 5059
2107 20 4949
5005 3 4865
2631 1 4714
2135 1 4454
2519 1 4057
1938 2 8092
3952 2 8154
5470 3 8190
5244 2 8191
1965 1 4442
2765 2 8192
5030 2 5893
3488 4 4349
5370 2 4726
1952 13 7135
3645 3 3886
4992 3 7314
2348 1 6405
3325 3 7252
3967 2 8156
2309 2 8193
5161 3 4494
4332 2 8194
4332 2 7871
4118 3 7406
5238 1 3864
2356 2 8195
3026 3 6145
4431 1 4455
3659 2 6844
4739 2 5775
4113 8 8196
4113 8 7261
4113 9 8082
4113 9 4985
2165 1 4294
4430 1 6095
2494 3 6234
4315 1 5238
4903 2 3935
4344 1 5845
3678 3 4519
4091 1 4455
3887 1 7615
2931 3 8197
3229 2 7496
5193 2 7967
5193 2 5345
3249 5 5161
2104 2 7710
3688 3 8198
4834 2 8124
3509 10 4338
2723 24 4094
3230 3 5642
2589 25 4221
3029 3 8199
3281 12 1409
3815 5 4552
1987 2 8200
4234 2 4823
2657 3 4168
3861 2 8201
3169 1 8202
4907 2 7632
3922 3 5693
4197 1 3864
3651 1 8203
5211 1 4362
3345 3 8204
3345 2 8205
3564 2 5948
5562 1 4436
4609 3 7889
3081 2 4494
3111 1 5826
4902 2 5952
2661 2 8206
2765 5 4768
2330 29 7250
2382 1 8207
4434 3 8208
4434 3 4972
1947 3 6837
1919 2 6369
3942 2 8209
4980 5 4171
5161 2 4494
5038 5 3864
4332 3 7345
4332 3 8210
5238 3 7517
4554 3 7773
2356 3 8211
2356 2 7680
5610 6 5856
2308 3 8212
2308 2 4189
4113 8 7396
4113 8 7520
4113 8 7524
5148 3 6669
2463 3 4304
4072 3 5310
4133 2 8213
4733 2 5847
5193 3 8214
4244 10 5322
2961 3 8215
4642 2 5870
4920 3 7014
3961 1 5106
5694 3 3950
4776 3 7679
4507 2 4428
4507 2 8216
4507 2 4904
2058 3 8217
3591 3 4168
3592 11 6084
2640 1 3946
3377 2 8218
3513 1 4150
5327 1 3864
5366 10 8219
3397 3 5840
1939 3 6207
4231 2 8220
3345 3 6492
5609 3 8221
3459 1 7588
5087 30 8222
5452 5 6831
2765 3 8223
5370 3 4735
5370 2 7510
4785 2 6888
4786 3 8224
2500 2 8225
2286 3 4846
3633 1 7309
4434 2 8226
3070 1 4357
3718 3 7220
3171 2 8227
4332 3 8194
4332 3 8228
4332 3 8229
5610 6 7940
5610 7 6607
5610 7 4883
2308 3 7441
2308 3 7916
2773 2 8230
5120 2 8231
4113 8 6147
4113 9 8232
4113 9 4624
4113 9 4193
3932 1 8233
2669 1 4362
4678 3 8234
2649 2 8235
3998 3 8236
3998 3 8237
4884 1 4362
4903 3 8238
3678 2 8239
3150 25 4221
5320 1 5977
4842 25 4221
2113 2 8240
4523 1 4380
3973 3 8241
2831 10 7408
4705 3 4049
2412 2 3974
4366 2 8166
5699 3 8242
4608 1 7285
1898 1 3864
4555 3 5424
2505 3 7303
3013 2 8243
4261 3 6093
4947 1 4380
4609 2 7160
4609 2 5492
5498 2 6037
5470 2 8244
2848 5 8245
3974 1 5139
2661 3 5625
4598 2 3907
2265 3 7311
4966 3 8246
4427 10 8247
3080 2 5806
2059 20 4099
4508 2 8174
5227 2 5667
3942 2 8248
3227 23 1355
4691 3 5701
5089 5 4057
2606 1 4362
3149 2 5289
5324 2 8249
4775 1 8250
2095 3 5544
4985 4 8251
4232 3 8252
3808 2 8253
5455 5 4391
3910 2 8254
3731 1 4183
3485 1 4057
2448 1 4010
4549 2 8120
4638 5 5161
5103 2 8255
3826 3 6823
2036 3 7969
2257 2 5308
5262 3 8256
5262 3 7734
2038 3 7924
3346 3 7886
2113 2 8257
3300 33 8258
5687 1 5420
2405 3 8259
2772 3 8260
2294 3 5766
3948 3 8261
4507 3 8262
4507 2 8263
4507 2 8264
3029 2 8265
3995 1 3961
1987 3 7460
2916 2 4811
3251 24 5243
4390 1 4057
2818 1 4150
4231 3 7865
5664 3 5292
3001 1 4013
4209 2 4962
4209 2 8266
2733 3 5241
2008 3 7583
4007 1 3864
5101 2 6335
1975 5 4596
5470 3 4969
5470 2 8267
2951 19 4669
5669 2 6535
3438 3 6335
2229 3 6792
3178 3 8173
3718 2 5849
2309 3 5065
2924 1 4272
5382 1 4909
5676 1 4876
3942 2 6333
3171 3 7703
4332 3 5457
4332 2 4827
2056 3 8268
5630 1 3947
2773 14 8269
2773 2 8064
5545 1 6554
3121 2 8270
3335 23 1463
4275 20 4548
4113 8 8271
4113 8 7597
4113 8 8272
4113 8 8273
4113 9 6752
4113 9 6643
2362 3 6447
4721 1 6261
2264 2 4792
2130 3 7636
3232 2 5044
3043 1 6487
3491 2 8274
4146 24 4175
5520 3 5724
5004 3 7827
5112 1 4357
3827 3 5397
2255 3 8275
4776 5 3859
4507 3 8276
4507 2 8277
1987 3 8278
5533 3 3886
2685 24 4057
2062 2 8279
3769 1 4376
2904 2 4029
1939 2 8036
2989 1 3849
3345 3 8280
3638 3 4663
5597 4 5619
4831 27 8281
2517 2 7247
2517 2 6461
2249 3 6695
2976 1 4963
5470 3 8282
3306 3 8283
3444 1 4332
5216 2 8284
5216 2 5020
2975 1 4199
4210 3 5495
2483 1 4214
4656 3 4786
5192 5 4053
2500 3 5066
4508 3 8285
4615 2 6539
3330 3 5248
4632 1 3888
4591 10 5738
2356 2 7896
5610 6 7255
4272 2 5918
2875 2 5638
4359 3 4096
3764 4 6308
4794 5 4204
3639 3 8286
3455 4 3959
2515 2 6241
3344 1 5270
4613 3 8287
2629 2 4645
2574 27 4848
4871 4 8251
5451 3 4421
2078 2 4647
2869 3 7178
2255 3 8288
2014 2 7879
4507 3 6524
3029 2 7183
1987 3 7487
4856 5 3947
3758 2 4054
3505 3 8289
4481 1 4217
4323 1 6557
4243 3 8290
3069 5 6829
5189 3 8291
2129 1 5265
3705 2 8292
4676 2 5315
4231 3 7461
4242 2 8293
4339 1 4057
5609 2 8221
4209 3 5760
5597 3 5485
4148 3 7838
3886 15 8112
5167 2 8294
5470 3 8295
5470 3 6531
3265 1 3864
4786 3 3970
2330 10 8296
3337 2 5889
3076 2 7041
5227 2 3848
3531 5 4191
3180 2 4080
5610 7 6178
3121 2 4740
4739 3 4569
5708 10 8247
4113 8 8297
4113 8 4247
4113 8 8298
4113 9 6340
3634 3 8299
3998 3 6235
3998 2 7623
2650 1 5213
3639 5 3846
3714 3 8300
5637 1 4362
4520 4 4349
4603 2 8301
4515 3 8302
3678 2 4581
2648 2 6928
3156 1 4362
2855 4 4349
3250 3 6245
2029 23 157
2686 3 8303
2686 3 8304
4924 2 7480
5679 1 8305
4378 1 4453
5232 3 8306
4583 3 8307
4920 2 7123
4168 2 5562
4090 1 4121
4869 10 8308
4960 3 6407
3979 2 7181
4507 2 8309
4507 2 8310
4680 3 4462
5179 2 8188
4883 1 4957
2300 5 3972
5650 3 6322
3997 24 5916
2665 3 4802
1996 1 4471
4196 22 4325
1963 3 7051
4912 2 6365
2664 18 8311
3583 5 4013
2517 2 8074
5121 1 4391
5370 3 8312
2544 2 6404
2544 2 8313
4702 2 8314
3341 18 8315
3645 3 8316
3760 5 4133
3213 1 3864
4347 3 8317
2207 1 4454
3942 3 6813
2032 2 4340
5462 1 4416
3187 2 8318
2399 3 6197
5610 6 7815
5610 7 7721
3026 2 4886
4302 3 5254
3228 2 8319
4739 3 4132
2812 1 8320
4113 9 5434
4113 9 8297
4113 9 8321
2291 3 5885
5011 1 4013
3496 2 8322
4016 5 3942
2766 3 8323
4604 3 4136
4903 3 8324
4218 3 8325
4056 3 6614
4056 2 8182
3408 2 4418
5477 1 4362
4457 5 4272
4778 1 5559
5262 10 4577
2038 2 8326
5151 3 4682
3412 1 3855
3653 3 4805
5379 2 6799
4200 25 4221
4507 3 8264
4507 34 7429
3840 1 4471
4033 31 8327
4092 1 4057
1939 2 4118
3951 2 4916
3497 2 4016
4326 4 6942
2064 13 6949
2249 2 4604
5470 3 8244
4089 2 4823
4993 3 8328
5152 3 8329
5152 2 8330
3473 2 7372
2000 16 4554
3128 1 4707
2440 2 8331
4546 3 8332
4332 3 4458
1951 2 8333
5610 7 8334
4302 2 7143
2497 3 8335
2771 5 4094
2912 12 1040
5169 3 4802
2323 31 8336
4654 1 4010
4903 2 7920
4218 1 4768
2515 2 8337
4314 1 6505
5643 1 4552
2306 3 8338
2410 3 8339
4558 5 6201
4931 1 3966
5193 3 7823
2679 5 5213
2614 1 6649
1953 2 8340
4530 2 6191
1998 1 4635
3834 2 3977
3230 2 5524
2869 2 8341
2187 10 7189
3441 3 4328
4507 2 8342
4507 2 7685
3029 3 8343
1987 3 7022
4228 1 4050
2618 10 6484
5061 1 5383
4019 2 6807
2536 10 4112
4209 3 5078
4862 3 7365
5476 1 6494
5498 1 4455
3952 2 8344
4788 2 8345
5642 5 6056
1924 3 5533
4844 3 5321
3445 3 8346
1921 2 7415
4332 3 4926
5573 2 8347
2356 3 7529
4113 8 4689
4113 8 4788
4113 8 8348
4113 9 4568
2636 1 8349
3496 2 7686
4359 3 8350
1980 1 4195
5651 5 8351
2410 3 3941
2427 1 4635
5331 5 8125
4791 2 6154
5505 3 7026
3642 5 3846
5036 1 5662
3029 2 6998
3093 10 7360
3505 2 8352
2282 3 8353
2495 24 6200
1954 1 4010
5189 2 5204
4892 2 8354
1939 3 4802
3345 3 5282
5005 3 4866
5470 2 5799
2380 11 4178
4131 3 8355
5152 3 8330
2846 2 6466
2954 3 8356
3275 2 7169
4561 2 7749
2238 3 8357
2238 2 6719
3225 2 8358
3646 3 7678
2356 2 8359
2356 2 8211
5610 7 4186
3026 3 7256
3026 3 7817
3228 3 8319
4739 3 8360
4739 2 7145
3335 29 8361
4113 9 8362
2860 3 5185
2353 2 7380
4538 1 7150
2463 3 6037
4335 5 5662
4903 2 5781
4056 2 4073
2410 2 8363
4079 2 5323
2149 1 3864
4062 1 4701
2110 5 4199
2764 3 7528
3380 34 8364
2252 3 8365
3220 3 7457
4530 3 6734
3577 3 4846
3351 2 5947
2869 3 5005
2255 2 8288
4507 3 8216
4507 3 8187
4507 2 8366
4894 1 4701
3029 19 4906
3553 1 7124
3104 5 4347
2418 1 4199
3870 2 8367
2534 3 6598
3025 3 6527
2751 2 8368
3705 3 7910
4580 2 5058
5420 3 5959
2505 3 8129
1961 3 8369
4862 3 6059
2767 2 8370
2284 1 7860
4870 2 7913
2765 3 8192
5235 1 5656
4210 3 8371
5370 2 4383
5548 3 3962
2330 3 5888
3645 3 6497
3671 1 3961
4546 2 8372
2791 3 8175
3451 2 8373
2474 2 6865
5610 7 6507
2654 4 4349
1991 18 8374
4113 8 7380
4113 8 7074
4113 9 8375
2860 3 8376
3139 1 4454
2553 3 8377
2254 5 4217
2259 3 5905
5047 1 4419
3644 3 8378
2029 18 7604
3063 3 6931
3204 2 4265
5151 2 4007
4217 1 4024
3882 2 6874
5004 2 5847
5024 1 3986
2959 5 7492
4776 3 5682
4885 1 4526
2282 3 8379
2657 3 4922
2126 3 8380
2027 2 5879
2534 3 8381
3345 3 6568
3782 15 3953
1963 5 3859
4009 5 5139
4785 3 6170
5348 5 3984
4327 1 3897
3942 3 7281
5219 1 4422
4003 3 4411
3171 3 8227
2356 2 4459
5610 6 6179
5610 7 4881
5097 3 8382
3288 3 3905
2874 2 8383
2327 3 7116
4113 8 8066
4113 8 6313
4113 9 6548
4113 9 8384
4113 9 6377
4113 9 8273
4113 9 8385
2940 1 4635
5654 5 4013
5148 5 5756
2981 1 6215
4183 3 3977
5661 14 8386
3232 3 6240
2278 1 8387
3678 2 5918
3644 2 8388
2306 2 8100
3536 2 8389
4921 2 7662
4824 4 4349
5305 3 7237
4536 1 8390
4184 3 6826
4910 5 5125
5379 1 4050
5442 1 7492
3014 5 3952
4380 1 4057
4507 3 4905
2251 2 8391
4542 3 8392
3833 1 6361
3592 2 4273
3592 11 8393
5466 10 7471
3025 2 4181
3966 3 4346
5420 3 6326
3997 2 6972
3345 2 8394
4164 1 4294
4216 2 5614
4545 24 3846
4142 3 4225
2151 3 4125
2064 13 8395
3952 3 5695
3757 3 4228
3470 3 4804
2265 1 4521
3053 3 4874
3718 3 4411
4309 2 8396
5057 3 6917
3942 2 5582
3767 3 7283
2317 3 8397
2317 5 8320
2662 2 4082
5610 6 8398
2308 2 8399
5230 1 4294
3903 1 7675
2663 5 4094
4113 8 5337
4113 8 4968
3634 2 4034
5361 1 5559
1908 2 8400
4116 17 4062
4822 1 3961
3204 2 6078
3412 2 8401
3203 10 8402
5004 3 8403
5004 2 8147
5004 10 8404
2889 1 3870
2869 3 8405
2831 3 7209
3527 5 5236
4692 1 4232
5060 1 5211
2878 31 8406
3505 2 7028
4033 31 8407
2364 2 4061
5478 1 8408
2505 24 5569
3564 3 8409
4221 15 3953
3578 3 5016
2692 24 4057
4609 3 8410
3952 3 6131
5640 5 4536
1946 2 8411
4509 22 5214
5083 3 5767
5116 3 8412
3898 1 4332
2608 2 8413
1942 2 8414
3473 2 8415
4764 3 5990
3076 3 8416
4508 3 4973
4309 2 8417
2622 1 4825
5051 2 6666
4332 3 8418
3451 1 5213
5158 1 3864
2356 2 4880
3853 3 8419
3121 3 6503
4113 8 7444
4113 8 7818
4113 8 8420
4113 8 5537
4113 8 7962
4113 8 8201
4113 9 8421
4113 9 8422
4113 9 7469
4113 9 8423
2353 5 7624
5709 4 5619
4678 1 4094
3652 3 6514
4183 5 5411
2766 2 6584
2766 2 8424
5037 2 8425
5358 11 7425
5652 3 6646
3644 2 6758
3229 3 8426
5381 20 4949
4921 3 8427
3340 3 6733
2961 2 8428
3904 1 5662
5004 2 4355
3177 1 4294
5325 1 4195
2939 3 6106
4910 3 8186
2671 1 4701
5256 3 7241
3119 2 4705
2412 2 8429
4983 2 5567
3956 2 8430
4596 2 4538
2148 1 4087
3922 2 8431
4799 1 4013
3782 17 8432
2711 3 5013
3313 2 4720
2661 2 4802
3470 24 4658
2544 2 5579
5463 10 8433
4966 2 8246
2483 10 7964
2023 29 8434
2000 2 8435
3968 2 6579
3942 2 6953
3942 5 6860
4795 5 5125
2356 2 5459
5610 6 8436
5610 7 8437
2308 3 8399
4438 3 4054
2883 1 8438
4739 2 5545
3940 20 8439
4252 3 7182
3233 3 6784
4526 1 3932
3232 3 8440
4603 2 8441
4921 2 3871
4715 3 5143
4828 55 7500
5394 1 4150
2100 1 7849
3014 2 8442
2020 5 8443
4507 3 7581
2251 3 5202
3505 3 7714
4188 27 8138
2145 1 4479
3025 3 8444
1923 3 8054
2460 1 4471
1989 3 4374
5284 30 8445
3345 3 8394
3345 2 8037
2849 3 8446
3578 3 5758
3583 13 8447
1938 3 8448
3423 5 4057
3847 1 6095
4176 1 5383
4176 1 4852
4508 2 4182
4469 5 5265
3330 2 8449
5161 20 4949
3607 1 4003
3451 3 8450
5573 3 8347
2356 3 8359
5610 6 8027
5610 7 7848
5610 7 7284
3026 2 6843
4302 3 4646
5324 3 8249
2651 2 5816
2540 3 4621
2464 5 4816
4113 8 7073
4113 8 4904
4195 1 5920
3336 3 8451
4848 1 3945
3722 1 3966
4061 3 4897
2815 2 8452
3439 1 8453
2962 1 3864
2297 5 4357
3452 29 6452
2410 3 6350
4872 2 7497
3480 1 4013
2770 1 6343
3395 1 3972
3323 1 4195
5262 3 4384
5151 3 7825
5520 2 4266
3220 19 5614
2946 13 5615
3357 1 4701
3230 3 7984
3237 2 8454
4664 3 8455
2282 2 8456
2300 3 7184
3966 3 8457
2718 10 8433
4825 3 8458
1939 2 6767
3345 2 7886
5244 3 8191
4685 5 4094
4785 3 8459
4786 3 5320
2522 1 3849
3473 2 5629
5433 3 8460
4508 2 8461
4332 2 5172
3180 2 6052
4283 3 8176
2356 2 8462
5610 7 8463
3422 1 3986
2773 3 8230
3320 3 3967
2874 4 4349
4031 3 8464
5619 5 4217
4113 8 8465
4113 9 8466
3808 3 6611
3808 3 8253
3216 5 8408
2471 2 8467
5037 5 8468
4227 5 8443
3910 3 6756
5358 23 3486
2830 10 7809
4733 2 8469
4160 1 3916
3452 3 4837
4287 3 8470
3756 2 7733
4851 1 4876
4391 3 6385
5624 31 6454
2961 3 8428
5250 1 4479
5262 2 5442
4920 2 7482
5486 3 4446
4274 3 5835
4729 1 3961
4507 34 8276
3029 3 8471
4199 5 3864
2495 2 5566
3153 1 6215
4231 2 5757
4019 3 5981
2665 2 6590
5656 19 7061
3807 3 7976
1943 3 4494
2411 3 6595
5470 2 8472
5363 1 4063
4702 2 6746
4434 3 7066
2059 20 4949
4508 2 8473
4522 17 4285
3942 3 6306
3330 3 8449
5038 3 8474
3225 3 5759
4332 2 8228
2356 2 8475
5610 6 5178
5610 6 6782
3205 1 3897
3121 3 4740
4113 8 5862
4113 8 8476
4113 8 7726
4113 8 8477
4113 8 6300
4113 8 7259
4113 9 5128
4113 9 7470
4113 9 8478
4113 9 5296
3808 3 7778
4001 3 4940
2217 1 3961
3652 3 8479
3580 1 3961
3490 3 7854
2766 2 8323
2133 16 7729
3528 3 7781
2919 1 6076
5495 5 4347
1908 13 6899
5193 3 8480
2445 1 3897
5429 30 8481
3483 1 4108
2961 2 8215
4898 3 8482
4502 5 8483
5262 3 8484
5262 2 8485
4115 1 7915
4471 3 7557
3648 24 4362
4507 3 8486
3221 2 8487
4290 2 8488
5164 1 5845
4714 5 7341
2154 1 7399
3651 5 8203
3345 3 8489
1963 2 8490
3095 3 8491
2862 1 5344
3410 1 7370
4614 4 4349
5370 2 7840
4774 1 8492
5671 3 8493
3645 2 8316
5372 5 4975
4625 1 4174
4508 3 8494
4919 4 4349
2587 3 5719
3563 1 3864
2474 2 5120
5610 6 7320
5610 6 6508
2538 5 6923
3308 27 6530
4113 8 8495
4113 8 3215
4113 9 5034
4113 9 5335
4113 9 7980
3808 2 8007
2392 3 5709
3730 1 4057
4359 2 8496
2870 2 8497
3639 2 8286
2515 3 8337
4682 2 8234
5652 3 8498
2306 2 8499
4941 1 4057
4921 3 7904
5620 1 4217
1907 27 5201
5262 3 7573
4583 3 8500
3572 1 4454
2178 2 6600
1970 1 4454
3152 12 1280
2994 1 4471
3648 2 4162
3598 3 4837
4507 2 8501
5179 2 6940
1987 3 8502
3912 2 8150
5165 1 5845
2364 3 8089
4243 2 8503
4825 2 8458
3724 1 4150
2108 3 7525
3345 3 8205
2061 3 6883
5369 1 5845
4609 3 3970
5629 1 4963
5470 2 7934
3863 1 7554
4598 2 4333
2951 11 7671
2681 2 6977
4785 2 8504
3341 3 4281
1942 2 8505
2846 3 7953
4508 3 8473
3227 2 8506
1920 13 7957
2009 31 8507
4963 1 4133
2356 2 5424
5610 7 7979
2773 2 8044
3121 2 5930
4739 3 5960
4113 8 5777
4113 9 8271
4113 9 8508
2860 2 8376
3298 27 4417
3336 2 8509
4111 5 5916
3394 1 4583
5526 5 4013
5226 31 7386
3562 1 3872
5248 27 8510
3678 2 8511
4056 3 4798
2573 3 7553
2038 5 3872
5004 2 8512
3351 2 5562
2078 3 7334
5694 2 8513
2869 3 6965
3948 2 8514
2153 1 3859
3534 2 4703
5471 3 7336
4169 2 4591
4507 3 8342
1962 5 4003
4748 20 4035
3479 1 4455
2412 3 6595
1987 2 7243
4366 3 8515
2092 1 4391
3377 2 5404
2499 2 8516
2234 1 3897
3922 2 8517
5660 3 8518
2505 3 7697
2108 2 7525
3997 2 7003
3345 2 4549
2011 1 6425
2517 2 5986
5470 3 8267
5470 2 7806
2002 5 3864
5030 3 8519
4966 2 8520
4182 1 4057
2191 21 8521
3473 3 4022
3968 2 8457
2440 3 8331
5227 3 4557
3641 5 7932
4560 3 6021
2238 2 7254
2643 5 6619
4284 5 3947
2338 3 6470
2399 3 8522
5610 6 8523
2773 3 8524
2773 34 8524
2310 3 7570
3755 1 7759
4113 8 4892
4113 8 5965
4113 9 8140
2553 2 8377
3656 1 8525
4923 1 4380
4359 2 8526
2766 3 6516
4198 1 3961
3799 4 4349
4520 1 4050
3523 4 3851
4756 3 8527
4515 3 7575
3229 3 7231
4206 1 6249
2410 3 4258
5653 1 3986
3689 2 8122
3250 2 8528
5077 5 4150
4506 2 7664
4083 3 4102
5151 2 8529
3504 2 3937
4834 3 6861
5026 1 5061
4114 2 8530
3014 3 8531
3555 1 4391
4033 29 8407
2646 5 4357
3345 2 8532
2898 3 8533
4475 3 5014
4213 2 8534
2279 2 4330
4614 10 8535
5154 3 4501
4753 2 8536
3576 2 5803
2544 3 8537
2500 2 8538
4434 2 4505
4508 3 8539
4508 2 8540
4653 3 4136
1951 3 5894
2474 13 8541
2356 2 8542
5610 6 5179
5610 6 8543
5610 6 8544
5610 7 6267
4207 3 8545
2771 2 4980
3659 5 4217
4024 1 5213
5120 2 8546
2304 3 3861
4113 8 7258
4113 8 4628
4113 9 4734
3808 2 5966
3461 1 4013
2324 1 3864
3486 1 4521
2649 3 5938
3998 2 5229
3232 2 4351
3678 5 5826
5398 5 4166
2410 2 8547
3302 3 8548
2545 3 8085
2895 1 4583
3074 2 7265
4742 5 8549
2110 2 8550
5059 10 8551
2115 1 3972
5624 2 6903
2988 1 4010
5522 2 8419
5262 2 7573
4642 2 5561
4949 1 4852
3688 11 8552
5352 24 5270
3499 3 7120
2831 2 7395
3534 2 7802
3421 1 4852
3962 3 4837
4366 2 4581
2657 3 4594
2657 2 4654
2798 1 5383
3912 2 8553
5368 44 4380
2534 2 8381
3268 1 7672
4485 1 4896
3922 3 8517
4835 3 8554
1939 2 5485
2505 5 5569
4231 3 8555
2108 1 3916
3345 2 4250
4696 1 3846
4209 3 8266
3856 4 4349
1999 2 3957
5597 4 3851
4796 3 3969
2517 2 8556
2619 1 4456
2765 2 8223
5154 3 8557
5717 3 7062
2544 2 6134
2233 31 5989
4928 1 3947
2500 2 3913
3893 1 6694
3942 2 4750
4691 2 8558
2637 1 4552
5610 6 6749
4438 2 4054
4511 1 7530
4272 3 6783
4113 8 5797
4113 8 7494
4113 8 8559
2860 2 7728
2860 5 3887
2531 1 6361
3496 3 8099
4472 1 6137
4603 2 8560
3678 2 7014
2031 3 8561
4841 1 4183
2312 4 3959
5016 1 5247
4259 34 5720
2029 12 157
5429 22 5611
2252 2 7499
4763 4 5367
3132 1 6195
2869 3 4161
3648 2 5000
4507 2 7272
4507 2 7182
4856 2 8017
2282 2 4051
3763 2 7864
3620 2 4116
2200 1 4222
2784 2 5470
4231 3 7737
4242 3 8293
3997 3 8562
3013 3 8243
2767 2 8563
3065 3 7869
4354 2 5015
2249 3 7868
5470 3 6098
2765 2 7839
4598 3 8003
5370 3 6025
4476 1 4134
3473 3 8415
5038 3 5930
3225 3 7543
3712 3 8564
3451 1 3961
4080 3 8565
5610 6 7898
5610 6 8566
5610 7 8567
2773 3 8339
2773 2 8568
3121 3 3935
4113 8 4549
4113 8 8135
2667 3 4915
2766 2 7473
4903 2 4910
4147 3 3939
3644 3 8388
4399 5 5920
4874 2 8569
2880 1 5213
3830 1 3846
1953 3 4870
4898 2 5868
5262 3 8570
5045 1 4108
4583 3 6042
2795 2 6536
5338 1 3947
3573 1 5265
2439 3 8571
3029 2 4954
2027 16 7631
3025 3 8572
2882 5 4058
2179 3 4595
4825 3 8573
5135 35 3961
4780 1 7079
2646 3 6362
3133 1 4445
4354 2 8574
5605 3 8575
4329 5 8576
5470 2 8282
2491 25 4990
2852 3 8577
4785 3 7114
3341 2 7589
5021 1 8578
3076 5 6077
4508 3 8579
4508 3 6891
2440 1 4057
4655 5 3984
4560 2 6221
1921 3 8580
1921 3 5923
4355 3 5176
4620 1 4024
5610 6 3858
2773 2 6146
3235 3 8191
3231 3 6784
2663 3 4082
4113 8 5219
4113 8 6230
4113 8 8581
4113 8 8067
4113 8 8375
4113 9 5962
5281 1 4150
5302 3 4352
3814 3 7283
2007 5 5523
4183 2 5821
1895 1 7333
3640 3 4694
3896 2 7327
2515 3 5187
4550 10 8582
2689 24 4455
3408 2 4476
4732 2 4522
4921 2 6964
3061 1 4362
5473 1 4852
4151 3 8583
3340 2 8584
4244 1 4552
3259 3 8585
4898 1 8586
4920 3 8587
3577 1 4369
4321 3 6684
3834 3 7555
2065 2 6686
2645 1 8588
4507 3 5653
4507 2 6969
4422 3 5882
3029 2 8589
4238 1 5265
3505 3 8590
3505 3 6622
2364 3 8591
5308 1 8592
4835 3 4823
3027 2 6980
4424 3 4385
4609 3 4549
3081 1 4369
5470 2 5577
4534 1 4214
5003 1 3864
2456 3 6403
2544 2 5535
4786 2 5320
5649 2 6889
2525 1 7489
2475 10 8593
4508 3 8594
4508 2 8539
3888 1 5259
5610 6 8595
5610 6 8596
5303 5 5357
3983 2 5376
3575 1 5934
2497 3 6225
1991 18 8597
3121 3 5292
4739 2 8598
4113 8 8599
4113 8 8600
4113 9 8601
4113 9 8477
4113 9 5295
4113 9 8602
4113 9 8006
5169 2 4802
3652 2 8479
3691 2 4330
3714 2 8300
4903 2 8324
3439 3 4323
4498 1 6215
2358 1 3864
2629 3 4360
4924 3 8603
5522 3 8604
2038 10 6703
5151 3 7455
3002 10 8605
2113 2 8606
4530 3 6710
5004 2 6587
2869 3 7711
2869 2 8607
2439 2 4482
4400 2 8608
2412 3 3973
3912 3 8553
3025 2 8609
4892 3 7993
5660 2 8610
4740 1 4175
3587 4 6942
3348 10 8535
3301 5 6056
1889 1 5228
3543 1 5139
3952 3 7248
2958 1 4038
2429 3 7744
3224 25 4221
1936 3 4915
4951 3 4048
4656 5 3874
2839 1 7640
2518 2 8611
3473 2 8612
2846 3 6576
4508 2 4873
4309 2 8080
3942 3 5583
1922 1 6797
4691 3 8558
5051 3 6666
5648 4 3959
1921 2 8613
3044 2 7660
2005 29 8614
1951 3 4886
1951 2 5029
3451 2 7042
5610 6 8615
5091 3 6850
2773 2 8339
2314 31 8616
4113 8 7385
4113 8 7572
4113 8 7850
4113 9 8177
4113 9 7228
4104 25 4990
3634 3 8617
3859 25 4221
3998 3 8618
3639 3 5042
3309 3 8619
4550 3 8070
2278 5 8387
5418 3 6008
5398 1 4050
4733 4 5802
3452 2 7388
4742 3 7875
3655 4 3959
4447 1 4455
2110 3 7968
5584 2 6616
4587 3 8620
4789 1 5934
2666 2 4493
4642 4 3851
4583 2 8307
5004 2 4424
4184 2 8126
4298 1 3864
4960 2 6407
4699 27 7810
3598 31 6853
3387 5 4347
5332 2 8621
4441 1 8349
2412 3 8429
1987 2 6612
5274 5 4013
4366 3 4152
3592 11 4860
2803 1 6111
2027 4 5367
3705 13 8109
3917 1 4087
5284 30 8622
2779 1 4050
5276 3 4225
2849 2 8446
3578 3 8057
2517 3 7609
1938 2 8623
3095 4 6260
5022 1 4963
3952 2 5415
4577 3 8624
3629 1 3864
2000 5 5227
5227 2 8625
3238 1 4057
3942 2 6863
3330 3 6501
4466 1 3864
5622 5 4536
2317 3 8626
4064 4 4349
4650 5 6343
2662 2 4802
5610 6 8334
5610 7 5328
1991 13 8374
4739 2 4569
4113 8 8627
4113 8 8628
4113 8 8421
4113 8 5933
4113 8 8629
2928 1 3849
4823 3 4794
4903 2 8630
3232 3 6707
3986 1 4852
2660 2 6963
4078 2 8631
2508 3 7625
4515 2 8302
2410 2 8632
2244 5 7789
2170 2 7550
5126 1 4199
3654 1 7399
3686 17 4285
3882 3 8633
2478 1 4148
3738 2 8634
4374 1 4183
4215 3 8104
2869 3 8635
2439 2 8636
3505 3 8637
4307 1 4057
3104 2 5219
5699 3 8638
4254 1 5845
3544 10 8639
3763 3 8640
5189 2 3893
3620 3 5152
4492 3 5549
2865 2 7884
5284 43 8641
3677 2 6062
4605 4 4349
3345 3 4120
3564 3 6569
5200 4 3851
4609 3 6551
1943 3 6087
3952 2 8642
2661 3 4802
5050 1 5924
2280 2 6575
3114 1 4195
5350 1 7433
4615 1 6408
3330 3 8643
5535 3 4406
2238 2 8357
1921 11 6218
2271 2 4411
4749 3 8644
4749 2 8644
5610 6 8645
5610 6 8646
5610 7 8596
3026 2 8647
4882 5 3942
4158 1 4058
2487 1 4174
5033 10 8648
5681 5 4167
4113 8 8160
4113 8 5979
4113 9 8649
5552 51 8650
2494 2 5216
4549 24 4217
2508 2 6708
5246 3 4206
4921 3 8157
2770 3 5346
5304 5 5270
5520 3 8651
3504 2 5443
2795 3 6536
3738 2 6683
2076 2 6852
5694 3 8513
3151 3 6966
3115 1 8652
4858 3 5191
5508 1 6898
3848 1 6735
3377 3 7213
3922 3 8653
3345 3 8654
4164 2 7406
4829 1 7930
4609 3 5107
1981 13 4486
2950 1 3916
5470 3 4667
5470 3 8655
5268 3 8121
2956 1 7789
2967 20 4099
2817 3 8656
5693 2 8657
2271 2 6010
5315 2 4731
3317 1 4008
5610 6 6958
5610 6 8658
5610 6 8659
5610 7 6662
2668 2 4323
4113 8 8660
4113 8 6273
4113 8 7919
4113 9 7197
4113 9 7647
4113 9 8004
4113 9 7199
4113 9 6726
2353 2 7679
5032 3 8661
2162 1 8351
2649 2 8008
5578 19 6897
3998 3 8662
5541 2 6238
3970 4 8663
5178 36 7401
3098 1 3846
4782 1 4167
2066 3 7921
4874 3 8569
4921 3 3871
5520 3 5676
2078 3 4728
2869 3 8664
4776 2 4365
2102 1 4232
5332 1 3846
3377 3 6765
3025 3 5239
3025 3 6204
3922 3 5010
3360 31 8665
4231 2 3898
5284 17 8432
3345 2 8666
2665 3 6590
4209 2 6301
3692 5 4087
2017 3 8667
2151 31 6603
4838 3 8668
2517 3 8337
1938 2 7741
1981 2 5533
4634 3 4237
2484 1 4927
3952 2 7131
5470 2 8669
2089 1 5639
5319 3 5786
3488 2 7638
4785 3 8155
4785 3 7891
4582 3 7514
2890 5 7302
4508 3 8670
4469 3 8671
4560 3 4786
4332 3 8672
4332 3 5456
5610 6 8673
4165 2 5366
2821 2 8674
4031 3 5774
2597 1 3945
4113 8 8675
4113 8 6002
4113 8 8676
4113 9 4984
1932 1 4094
5220 1 3855
4359 3 8677
3490 1 4057
4769 2 7600
3766 10 8639
3569 3 8678
4468 5 6349
5203 2 6073
3253 4 4349
4921 2 8679
4921 2 8680
4391 1 8123
5232 2 8306
5004 3 8681
3643 1 3846
5558 1 6878
3835 1 8682
2424 3 8683
4507 3 7337
2825 27 7206
2251 3 8684
2058 2 7130
3912 5 4537
3547 1 3932
3377 3 8685
2922 1 3892
4892 3 8354
4835 2 8554
5496 2 5312
1964 5 8686
4231 3 7305
5005 3 8021
4270 20 8687
2285 2 8688
5388 5 4170
3470 2 5885
3261 1 4214
4785 3 5670
4785 2 6464
4813 24 5161
2846 2 7010
4508 2 4054
3225 3 6543
2356 3 8542
4896 5 7370
5610 7 8689
2056 3 8690
5658 5 4963
4113 9 8691
4113 9 5963
4113 9 7873
4113 9 8118
5302 3 8692
2858 1 3961
5387 3 8693
5539 1 4707
2463 3 4408
3867 3 7522
5333 5 8694
5504 3 7856
2213 17 8432
5203 2 6318
3229 2 8695
5330 1 4094
5103 3 8460
4020 5 6242
1874 1 5845
2252 3 7986
3274 5 3966
2357 1 4453
3882 2 8696
4321 2 8035
3834 2 8697
5694 3 8698
2831 3 6370
2504 24 3846
4033 29 8699
4513 1 4046
2751 3 8368
3922 3 4117
2718 2 5947
1939 2 4172
1939 2 6040
4082 3 7086
3255 3 8700
2467 3 8099
4261 3 5451
5449 5 3916
3059 3 8701
2111 5 4362
3497 3 8702
3817 3 7047
3734 1 8703
3952 2 4550
5470 2 8704
2456 2 7701
4479 1 4583
1949 2 6250
4785 3 8705
1942 2 8706
2019 3 4237
5051 2 4728
5648 4 4349
3712 3 6748
5536 1 7675
5610 6 8043
5610 7 8566
2773 11 5429
4113 8 8707
4113 8 8708
4113 8 4713
2667 2 8709
3435 1 4057
4501 1 4453
3797 1 4057
3336 3 7797
2553 3 4549
2649 2 8710
3649 2 7767
2463 2 4915
5202 3 6753
3232 2 8711
4733 3 5847
5114 34 7051
4558 3 5975
3398 3 5260
5265 1 8712
4742 3 7329
2920 1 3892
3826 3 5483
2113 2 6933
5318 3 7578
1940 2 8713
2268 3 8714
2439 3 6119
5699 3 8715
2908 1 5403
3956 3 8430
1939 3 6299
4209 3 6771
2436 1 5845
5236 2 5359
1888 3 8716
3578 2 4439
5613 2 6629
2249 14 7162
2455 2 8717
4258 5 6323
4951 1 8718
4210 3 4447
1946 2 4717
1947 3 4180
2319 3 5419
4508 2 6777
4038 5 5265
3968 2 4547
2238 2 4457
5130 1 5934
4332 2 8229
5376 56 3961
3736 5 3850
2474 3 4846
5610 6 8719
2497 3 8720
2497 1 3942
5334 1 8682
2304 3 5379
4113 8 8721
4113 8 4690
2428 5 6417
4359 2 5085
2957 3 8722
5168 3 8723
3639 2 7117
2029 20 8439
5577 5 4013
3495 2 4149
5515 35 6249
1953 2 8724
4583 2 8725
3688 3 8726
2510 3 5833
5004 3 4355
4556 5 7218
3534 3 8164
5253 2 8727
4507 3 7947
5179 2 8728
1987 2 4111
3505 2 8590
3223 5 3947
2282 2 8353
1954 2 7633
4294 5 4081
4825 3 4051
3041 1 4362
3345 3 7405
2898 2 8729
4912 2 8730
2285 2 7454
2517 3 8731
1943 1 4057
3773 1 5845
4614 10 5658
5154 2 8557
4210 2 8371
2258 2 8732
1924 1 4057
4786 5 3870
4300 1 5061
1942 3 4867
1942 3 8733
4102 1 3961
4764 3 6503
3968 2 8734
3942 2 8735
3853 3 4341
4355 2 8736
5610 6 8737
5610 6 6700
2497 3 6919
3335 12 1463
4113 8 4145
4113 8 5469
4113 9 4143
3808 2 8738
2541 1 3992
2649 3 7232
4359 3 8084
2259 3 8739
4147 3 5786
5358 19 7425
4262 2 6317
5418 2 8740
3972 2 8741
2545 5 4232
2918 2 5646
3143 1 4332
5715 1 4701
2105 1 3864
2666 3 6872
5522 3 8742
5520 3 5375
3738 3 8743
4215 1 4148
5594 4 4349
3123 2 8744
4291 2 5485
2869 2 8405
2772 1 8745
4507 2 8746
3029 47 4906
2267 2 4541
2505 2 4736
3832 2 4378
3065 3 7006
4609 3 4069
2285 3 7454
4326 3 6974
3306 2 8283
4295 2 7133
1949 3 6250
4966 5 5064
4774 5 8492
2608 3 8413
3178 1 4496
3117 5 4008
2846 2 8747
2309 3 7537
4508 2 8748
5693 2 8749
3942 3 6577
3942 3 6903
3624 5 5213
2005 31 8614
2166 2 7317
5376 2 6955
3720 3 7773
5610 6 8750
2773 11 5290
2771 3 8751
3164 1 8752
3121 3 8753
3121 2 8754
4113 8 8363
4113 8 8755
4113 8 8756
4113 9 4888
4113 9 8628
4113 9 3930
3808 3 8738
2858 1 4552
5169 2 6277
4359 2 8757
4359 5 4369
4520 3 6926
5218 1 3966
3902 1 4010
3670 3 8758
5479 2 5387
4365 3 8759
4376 1 4808
3243 4 5367
3770 1 7399
2612 2 8760
4817 2 7426
4937 4 3851
5071 1 3864
4643 2 8761
3960 1 3966
4507 3 8762
1987 3 8763
3505 3 8764
1976 5 3864
4907 3 8019
2750 20 4949
3345 3 8073
3013 3 6539
4209 3 6023
3832 3 5068
3059 2 8171
3941 5 3972
5268 3 5526
2848 3 5110
2951 11 4669
5370 3 8765
4685 3 5754
3278 1 3897
4785 3 4671
2518 2 7641
1967 10 6946
4508 3 8766
3330 2 8643
3083 2 8767
2317 2 8768
5089 3 6350
2150 3 5721
2356 2 7529
5610 6 6641
5610 6 8769
4286 24 4057
2773 3 5995
5545 13 7172
4113 8 7901
4113 8 5779
4113 9 7618
4113 9 8676
4252 25 4221
2836 5 5662
3336 2 7472
5011 3 8770
5011 24 4347
3463 5 6585
5516 5 4369
4132 2 8771
2463 3 4915
3333 10 8772
2891 1 4583
2737 3 5715
3678 2 4826
2066 2 4352
4934 1 4087
5203 3 4584
3229 2 6010
3088 10 8219
4921 2 6517
2814 1 4057
2263 1 4963
3826 2 8773
4871 3 7931
4502 3 8034
4920 2 8587
5004 3 8774
2929 2 4361
2772 2 6936
3948 2 8261
5646 22 8775
2268 2 8714
5256 3 5876
3505 3 8053
4234 2 7636
2657 2 7534
3377 2 8685
2158 1 6555
4768 1 4896
1939 3 6912
3047 10 6004
2505 3 4736
4209 3 8776
2517 3 7463
5470 2 8655
4089 3 6632
3168 3 8777
3845 25 4221
3102 1 5666
5370 3 6719
3576 3 8057
2544 2 6978
3645 3 7163
4508 2 7539
2937 1 4024
2551 2 6231
3942 2 6541
4561 1 4195
3502 1 5161
2166 3 4184
3712 2 8778
2872 1 4050
2474 18 8541
3236 1 4057
2693 1 4010
5610 6 8779
4113 8 8780
4113 9 5294
3808 3 4894
3814 5 4583
2302 2 5935
2854 1 4058
3496 3 7853
5310 1 3866
2828 2 8781
3528 2 8782
3232 3 8783
3229 3 6930
2125 2 5047
2549 10 5496
3532 3 8784
4116 21 5048
4120 1 7915
5262 3 8485
5262 2 8484
5262 2 8785
3346 2 6932
4296 1 4442
5445 1 4013
3688 2 6873
3417 1 7212
4184 2 8786
3577 2 6521
4997 1 4471
2869 2 8664
2268 2 6521
4169 2 8787
4507 2 7504
4507 2 8762
3591 2 4168
3592 19 8393
5699 2 4756
3631 1 4057
3025 3 8788
3025 2 8444
3025 2 8789
4835 3 8790
3255 2 5573
5427 2 3939
5664 2 6503
3345 2 4661
2225 2 7559
2350 1 4170
4870 2 6094
4640 27 4231
3855 2 4068
3081 2 6744
4248 1 4057
2064 13 8791
2098 1 3961
5167 3 8792
5319 5 3972
2951 47 6169
4720 26 4223
3389 24 3846
3080 3 8793
4548 24 5270
4347 2 8317
4546 10 8794
3083 5 8795
5051 3 8041
2529 10 4179
3502 3 6231
2150 3 8796
5249 5 5160
2308 3 6246
4165 4 4349
4113 8 8797
4113 8 8798
4113 8 7706
4113 9 8799
4113 9 8141
4113 9 8800
4113 9 7620
4205 1 3945
2291 2 4494
3336 3 8801
3496 3 8802
2766 2 8803
3639 24 3846
3309 2 8619
2515 2 8069
2213 17 3968
5203 3 6613
5203 3 8804
3229 3 8695
4805 1 4174
2164 5 8805
3368 1 5139
3074 1 5213
5193 3 6900
5193 2 8806
4713 1 4121
2316 1 4454
4324 2 5310
2795 2 8103
4184 19 8786
3908 1 4552
4321 2 4385
5423 3 8807
2294 10 5746
3237 3 6335
2439 2 8808
2543 1 7930
2315 1 6555
4366 2 5489
3592 11 6396
2581 1 6948
5189 2 8291
4793 1 4502
4179 1 4536
4475 2 8170
4870 2 8809
4137 5 4362
2859 3 7952
2520 1 4272
3342 4 3851
2846 2 8810
4508 3 8811
3968 3 7954
4469 2 5808
3330 2 7067
4535 1 4050
2166 2 8812
2643 2 5667
3712 2 8564
2356 2 8813
5610 6 4678
5610 6 8814
5610 7 8769
2056 3 5955
2308 2 7816
4031 2 5979
2314 4 3851
2314 5 3855
4113 9 8721
4075 13 8447
3809 1 3961
3336 2 8451
4769 3 8815
3998 2 5673
4903 3 4910
4752 3 8068
4549 2 4786
5651 2 4415
2931 2 5304
2306 2 8338
4573 1 6435
5568 1 4058
4583 2 8816
2405 2 8259
3351 2 8817
4541 5 4010
2869 3 8818
1987 3 5687
1997 1 7370
3758 1 4896
3592 11 8819
5239 1 5061
3763 2 8640
2546 2 6652
2546 2 7402
4231 2 8555
3345 2 6769
2467 2 6693
3866 1 4087
3578 3 5323
1911 2 4920
3757 3 8820
2429 2 7743
3774 1 4272
2518 3 5216
4434 2 8821
1942 2 8822
4925 1 4963
4916 2 8823
3942 3 8025
2391 5 3895
1921 2 7092
5038 3 6638
4913 4 4349
5610 7 4343
2056 3 8824
1968 2 3848
2314 10 8825
4113 8 8826
4113 9 8827
4891 5 4094
4651 3 8828
4666 1 8111
4359 3 8757
4359 2 6986
4183 2 8829
3998 3 7049
3232 2 6186
3439 3 4695
3937 1 4050
4550 3 8830
4732 2 8831
5193 3 6871
3007 1 8805
1953 3 8832
1953 3 4749
3688 3 5613
1896 1 6457
2876 25 4221
5004 3 5847
2831 10 8833
5646 30 6714
5646 39 8775
4507 3 8834
4507 2 8835
3029 2 8471
3287 1 4852
3025 3 3890
3544 5 4057
2062 3 8279
2904 2 6491
1910 13 4961
5427 3 3939
3345 2 6743
3345 2 7768
2107 20 4099
4209 3 8836
2722 2 6217
4356 5 8837
5656 47 4601
2664 13 8311
5470 3 5164
2380 31 8838
2852 2 8577
4785 3 5919
4786 3 5929
5513 5 5826
3473 3 8839
3431 13 8840
4508 3 4131
4508 2 8841
1917 3 4411
2440 2 8842
2019 3 7928
3275 3 8843
3942 3 6104
3083 31 7956
3994 3 8844
2045 1 5194
1921 3 8845
3712 2 3923
5610 6 8846
1972 25 4221
4272 12 2400
2871 3 8001
4087 2 7682
4232 3 5901
4113 9 8627
2236 5 8847
4138 5 6276
2553 3 5969
2553 3 4250
2259 2 8848
4078 3 8631
5419 38 6249
3036 1 8694
4235 5 5208
5330 3 5091
3495 5 4347
4937 5 3870
4583 2 8500
4583 2 8849
3688 11 6873
2178 3 6600
4178 2 5396
4810 10 8850
4507 3 8851
5256 2 7805
4540 2 5791
2420 3 6559
5699 2 8852
3096 1 4087
3348 10 3979
4933 5 4077
5102 1 8586
4870 2 8853
1999 3 3957
5470 3 8854
5470 5 3866
4086 18 8855
5716 1 3899
5384 2 4385
4966 2 5416
2000 3 8435
4508 2 6140
4508 2 5991
3968 3 8660
3942 3 8856
3078 2 4558
4085 1 4013
4616 1 4199
5238 2 4774
5238 4 6942
2338 3 6639
2474 2 6661
5610 7 5030
5610 7 5772
2773 3 5429
4739 2 8857
4113 9 8858
4113 9 5433
4113 9 8708
4139 1 8686
2323 29 8336
2553 25 4221
3862 1 6361
2254 3 7622
2766 2 5041
3569 3 8009
4752 3 8859
3232 2 8860
3820 1 4171
2213 15 4076
4872 2 8184
4921 2 5609
4921 2 8861
3936 20 4548
5566 1 4217
3826 3 8773
5614 3 5050
3259 2 8585
3195 3 7800
5520 3 8862
2113 2 8863
2337 2 8864
5379 2 7970
2778 1 5521
2869 2 8865
5362 1 8866
4567 4 3851
4033 16 6526
4597 24 4013
2364 2 8591
5368 17 4255
5466 10 5040
2680 1 6555
3345 3 5596
2008 3 8867
5087 21 8222
3807 5 8795
3081 3 4494
5244 2 6335
2639 2 7563
4785 3 7512
3080 2 8793
4743 1 3946
4522 44 3961
3942 2 8868
4043 1 5019
3330 3 8869
2142 2 4675
5538 1 4454
3202 3 5500
5610 6 8042
5610 6 8870
5324 3 8871
4739 2 8360
4113 8 6091
4113 8 5881
4113 8 5778
4113 8 7447
2054 1 4896
3585 5 6095
4222 1 5127
2766 2 8872
5418 3 7097
2736 1 4214
4403 12 2531
4732 3 8831
4015 24 4391
3398 3 3937
5531 5 4357
2029 3 5533
4851 2 5976
3340 3 8584
3495 2 5193
4904 1 5161
4244 5 4552
1953 3 8340
5304 1 5270
4167 1 7915
4583 2 7783
4530 3 6017
3686 39 7906
5635 2 8873
4776 2 7027
5471 3 6047
2964 3 5310
4422 5 5605
2352 2 8874
2917 2 5103
4697 1 4057
5699 2 5007
4907 3 8875
4044 1 7554
2784 24 4362
2505 3 6691
3027 3 6980
4209 2 8836
3136 10 8876
4609 2 8410
3717 3 7007
3952 2 7436
3952 2 7409
5712 1 4732
2820 5 8877
4131 2 8355
4720 17 4062
2547 3 4450
2839 31 6213
3645 2 4234
5064 1 4050
4508 3 7771
4508 2 8878
3942 3 8879
2317 2 4613
5610 7 8846
4754 1 4454
5120 3 4396
3121 2 6638
3335 2 6816
4113 8 8880
4113 8 5864
4113 9 8881
4113 9 6895
4075 1 8882
3336 2 8883
3336 2 6275
5169 2 7874
3496 3 5751
3490 3 8884
3112 5 6036
2766 2 7233
4604 1 8885
5226 2 5485
3528 3 8886
3927 1 4991
5543 1 5845
4638 24 3846
5260 5 4616
2410 3 8887
1908 13 7922
4921 3 8679
2029 2 5533
5103 3 5674
2612 3 8760
2977 19 6586
2170 3 7550
2419 2 8888
5665 1 7091
4095 1 4552
1940 3 8713
4507 2 6356
3407 1 8889
3029 11 6998
2251 3 8391
3104 3 4653
4747 2 8890
4978 2 7432
3025 3 7275
4013 2 5728
1939 3 8168
4676 3 8891
5088 57 8892
2008 2 6808
5200 4 4349
3832 3 4067
3685 3 6303
3807 3 8893
2476 3 4281
2117 1 3961
3314 1 3961
1952 2 7065
1952 13 7564
4785 3 4142
3341 3 7344
2330 10 5697
3718 2 8894
3083 3 8767
1921 2 8895
4332 3 4507
1951 2 6970
2356 3 4778
4286 31 8896
4272 3 8897
4272 3 5918
2304 23 432
4113 8 8601
4113 8 8384
4113 9 8898
4113 9 6341
2667 3 8709
5067 1 4362
4359 2 8899
3490 3 4407
3490 4 5619
4962 1 4010
5661 16 8386
5358 5 7911
3232 3 5384
4078 2 8900
4603 3 8441
3678 3 4826
3347 2 7886
4733 3 5046
5114 2 8901
2306 3 8499
5409 1 4454
3567 3 7525
4079 3 5483
2977 5 6948
2250 1 8902
4898 3 6558
5262 2 8256
5262 2 6559
5520 3 8903
4583 2 5612
5347 2 6906
4178 5 4496
4705 3 6907
4507 2 8904
2352 3 8874
2760 1 7759
1987 2 8502
1987 2 4543
2690 5 4362
3505 2 8905
4664 2 8455
5699 2 8704
2318 3 8906
2534 2 4467
3025 3 8907
4926 2 5356
1939 2 7655
2505 2 6971
4231 3 7951
2989 1 6545
4959 4 4349
4209 2 6302
5657 1 3864
1999 2 4717
5597 1 4050
4703 5 4191
2325 2 7868
3717 3 8908
1956 5 3944
5412 1 8233
2907 2 7717
1924 20 4099
4738 27 8909
4785 3 7746
4785 2 5157
2023 3 5023
4702 3 8314
2188 1 5061
3070 1 5977
3442 3 7170
4469 2 6540
2032 10 8582
4691 5 4057
2399 3 7380
2356 3 8813
2356 3 6956
4749 2 5493
3116 5 4008
2773 2 8910
3659 2 7645
4031 5 4133
4113 8 4571
4113 9 5336
2341 25 5021
3644 3 6927
3672 1 4362
5537 24 3864
3347 2 8911
3289 2 8912
2985 5 4170
4917 3 8913
2686 2 8303
3443 1 6095
3964 1 5405
3882 3 8696
3351 3 7104
3834 3 4653
4153 1 3972
2607 2 7854
1983 1 6343
2251 2 8684
2412 2 3973
4345 2 8431
2413 2 5203
5699 2 8914
3025 2 8788
2784 3 5323
2528 5 6545
5284 21 8622
4701 5 3860
3997 3 6090
4185 1 5213
3345 3 5449
4196 52 5574
3059 2 8701
2151 3 6347
3757 2 7770
5116 1 4010
3341 2 7936
2518 2 7412
5021 5 8578
2740 1 4357
4764 3 4423
3968 3 8457
5127 1 4739
2970 1 3932
2317 2 8397
2150 2 8915
4537 24 4927
5610 6 6781
4565 1 5756
2771 2 8751
4113 8 8161
4113 8 8916
4113 8 8423
4113 9 5435
3808 3 7289
2236 1 8847
3336 3 8917
2649 2 6342
4359 3 8649
3639 2 4305
4752 2 5303
4772 1 4050
4579 2 5908
3150 2 7098
3229 3 8012
4056 3 5718
4733 3 6730
2306 2 8918
4365 2 8183
5195 1 4852
2449 1 6361
4079 3 4997
4079 2 8919
4817 5 4499
1953 3 8724
4898 3 4264
5004 3 6288
2509 3 6193
5416 2 8920
2256 5 5660
3834 3 8921
2559 1 6374
2869 2 8922
2831 29 8163
4776 3 8923
2331 25 4990
2439 3 4533
4567 11 8924
4379 18 4370
2282 3 8925
2413 2 5149
2355 1 3864
3025 3 5568
3025 2 8926
2718 3 7156
3705 2 8927
4231 3 7788
3008 1 6425
2898 2 8533
5005 2 7277
4704 25 8928
2008 3 8929
4572 2 8930
4991 4 7814
5605 2 8931
2411 2 3973
5470 3 8472
2380 2 4669
1949 2 8932
2233 2 6792
3616 2 4871
2344 1 3914
4508 3 7811
4916 3 8823
4469 19 5879
3994 3 5447
2317 3 8768
3192 35 3961
3179 3 8933
4355 2 8934
5610 7 7319
4770 1 5807
2871 3 6894
2698 1 7930
3121 3 7774
2459 58 7500
4873 5 6457
4113 8 5132
4113 8 6551
4113 9 6550
4113 9 8935
4113 9 8936
5011 2 5117
4652 2 8937
4359 3 8938
3950 3 6449
2766 3 8424
2542 1 4058
5479 3 5447
4119 1 8125
5397 5 8939
3113 52 4153
5052 25 4221
5056 5 8940
2764 3 7175
4530 2 4159
2876 5 7516
3277 20 4949
2078 2 8941
5438 1 3982
3592 19 5878
3861 2 4115
4581 3 6910
3025 3 8609
4892 3 7765
4231 3 8942
5284 39 8445
4940 24 4013
5236 3 7887
3497 3 3912
3447 1 3961
4981 3 8943
3684 4 3959
3473 2 7191
4508 2 8811
3968 3 6579
4919 1 5403
1879 1 4003
4420 1 4150
4165 3 7722
3026 2 8944
3475 1 8945
2874 3 8383
5120 3 8231
2481 1 3946
5339 24 8946
4113 8 8947
4113 8 7045
4113 9 6702
4113 9 8005
4113 9 5297
3808 3 8948
2353 3 7380
3656 5 8525
2649 3 5712
4359 2 8949
2482 1 4013
2957 2 8722
2494 3 7076
2688 3 5801
3998 2 7855
3639 3 8950
3640 5 7857
4903 2 8238
5093 25 4221
4733 2 8951
3536 3 8389
5103 3 8255
4063 1 3926
4583 2 5185
2510 2 8952
2756 1 3864
5423 3 8953
1940 3 5268
4810 3 4421
5672 1 3846
4507 2 4051
4507 34 8364
1987 3 8200
4033 20 8687
3263 1 4471
3104 3 6763
2657 3 4907
2420 2 6293
4596 2 4907
5189 3 6599
5335 1 4380
2750 20 4548
2443 5 4362
4242 3 8954
5664 3 6503
3345 3 7996
4322 5 4496
4143 1 7955
2544 3 5063
4427 3 6590
2500 3 8538
4992 3 4075
5447 1 3986
3325 3 6617
3473 2 8955
5575 35 6405
4521 1 4796
3192 35 8956
3712 3 8778
5048 2 8957
5610 6 5372
5610 7 8958
4272 23 2400
2773 2 5957
2771 3 4297
4113 8 8959
4113 9 8960
4731 1 5569
3490 2 4671
3998 2 8237
3569 2 8678
3049 1 4454
2406 2 4794
2984 4 3851
3229 2 7782
4684 1 4094
3368 2 4124
4376 5 4808
3791 1 7433
1929 3 6901
4151 5 3942
4244 3 7296
5232 5 6077
2592 2 7238
2332 2 7454
4245 2 8144
1977 1 4362
2252 3 6851
3688 3 7987
2512 1 3942
2113 3 8863
1901 1 3897
2946 3 7024
4067 1 3864
5380 3 6251
3351 3 7240
2065 3 4804
3123 3 8744
5253 2 7459
3332 1 8961
4250 31 5487
3029 3 6198
5256 3 4704
3129 1 4046
2282 5 8962
2420 2 8963
2420 2 6716
2495 3 6055
2916 29 7000
5586 3 7926
3705 2 8964
2818 1 4852
4606 3 4220
2865 5 4496
1989 2 8255
4231 2 8020
3388 1 4057
2680 3 6160
4424 2 4385
4475 3 7490
2008 2 8867
2017 2 8667
2476 3 4382
5167 2 8965
2741 1 4050
2085 1 4057
4509 30 5214
5251 5 3945
4900 1 4362
4508 3 8966
4508 2 8157
4546 2 6217
3280 3 6499
3227 3 8967
3225 2 8968
4332 31 8969
2166 3 8970
4591 1 7675
2399 2 8522
2356 2 4242
5610 6 4781
5296 5 6990
5272 2 5591
4113 8 8691
4113 8 5037
4113 8 5819
4113 8 6033
4113 9 6921
4113 9 7755
5222 3 8971
3789 1 4057
3336 3 8972
5206 1 6504
3528 3 4037
4550 3 5117
4078 2 5607
4921 3 8973
5614 19 4477
5451 2 4156
3323 5 6128
2473 2 4270
2929 3 7556
2869 2 5652
4507 2 8834
4507 2 4333
5197 2 4163
2412 3 8974
2878 29 6621
2126 2 8380
5699 3 8704
2687 3 5117
5386 3 8975
4580 2 6626
5660 3 8610
2359 1 3864
3413 1 3864
3470 2 4804
4210 3 5113
4966 2 8976
1942 3 8414
4582 3 6537
3473 2 8977
3968 2 6407
4546 3 8372
3942 3 8978
2317 2 8979
2261 29 8980
4332 29 8969
4332 3 7704
2150 3 8915
5424 1 3961
2356 3 8981
5610 7 6334
2056 3 8982
3228 5 4057
4113 8 8466
4113 9 6667
5270 4 4349
3336 3 7852
5444 1 4380
2553 2 4989
3490 2 8884
3998 1 5916
3569 1 4815
4823 2 3991
4515 2 4795
5114 3 8901
5131 1 6346
2545 25 4221
4079 3 8919
4921 2 7152
4415 1 4057
5429 21 8481
4827 1 7672
5262 3 7297
5151 2 6387
2745 2 5096
4341 1 4583
2972 5 8956
5694 2 8698
3230 3 4675
2047 38 5623
4524 1 3961
2282 2 4113
2282 2 5618
4033 2 5485
3051 30 4056
5454 5 3932
3805 1 4050
3705 3 5571
4825 2 8573
4959 3 7837
3081 2 5398
5167 3 8153
3952 2 8983
4551 24 4057
4509 37 5214
2518 2 6890
4992 2 8984
3473 2 6066
4853 1 3897
3989 1 7479
2537 1 4232
3728 5 7212
4332 2 8418
4284 3 8985
3784 1 4195
5610 6 4929
5610 7 8115
3121 3 8270
3162 1 4901
4113 8 8986
4113 8 5039
4113 9 8298
4113 9 4402
3336 2 8987
3327 1 4024
2766 3 8872
5070 3 7292
3528 2 8886
5199 1 8939
2410 2 8339
4259 3 5720
4647 1 5623
2715 24 4094
3688 2 8726
4066 1 4380
5417 3 4822
2424 2 8988
3029 2 4906
2584 3 5689
3861 3 8201
5699 2 4709
3025 3 8989
4141 5 8588
4058 3 4210
3345 2 8990
4933 1 4347
2767 2 7307
4336 1 6564
3059 2 4822
5228 1 4148
3941 3 6166
2249 2 7868
2997 1 4050
3306 3 6774
2757 1 7661
2229 3 7313
2817 2 8656
3852 1 4357
3325 10 8850
2846 3 8747
3295 3 8991
2309 3 8992
4332 2 5911
4533 2 6143
2308 2 5253
3015 5 8993
2883 3 6785
3121 2 4464
4739 2 7793
4113 9 8559
4113 9 8994
2796 1 4768
4670 5 5523
5169 3 4846
2254 2 6791
4061 2 7651
4604 2 4411
3528 3 8995
4903 2 8996
4072 5 8997
3232 2 6675
2689 3 4696
4637 1 4133
5184 3 4385
3289 1 4057
5114 3 6759
4287 24 8998
5193 2 4152
5193 2 8143
4967 3 5416
5262 10 8308
5520 3 7023
5004 3 7357
1928 2 6080
2078 2 7053
2869 3 8999
4274 2 9000
3534 3 5310
2439 2 9001
2514 5 6261
4234 3 7636
4999 1 4707
4366 3 9002
2246 2 9003
2027 16 9004
3788 1 3963
2435 4 3851
2267 2 7311
3034 1 4008
4019 2 4489
3914 1 4701
3345 3 9005
5605 2 9006
5459 1 4454
4143 5 5523
4981 2 8943
4785 3 9007
4785 3 5157
4786 2 6697
5671 2 6573
3325 2 7667
2440 3 8842
3322 5 4013
4469 3 8152
4865 1 7675
5161 3 5749
3225 3 8358
2005 29 5499
4332 3 6439
4284 2 5458
2662 2 6796
2356 3 8475
5610 6 8463
3026 2 4463
3402 1 4058
2046 1 4896
4113 8 3863
4113 9 8119
3696 2 9008
5302 3 6274
3814 2 7283
2291 1 3932
2649 2 4252
4359 3 9009
3727 5 7498
3998 2 8618
5358 3 5017
4078 3 8900
3670 5 3992
2243 3 6849
3312 1 6215
2119 1 6262
3229 2 7451
2306 3 5514
2164 25 4221
2410 3 7732
3457 5 5873
5193 3 9010
4851 2 9011
2770 2 4638
3340 2 7453
4428 2 5470
5262 2 7122
2510 2 9012
4184 3 8786
2509 2 5350
4800 1 4963
5360 1 4053
2869 3 8607
2294 18 8840
3726 1 4010
3244 5 4094
2020 3 6427
2439 3 8636
4680 2 5754
5256 3 7881
4033 3 5485
4689 1 9013
2364 3 7274
5189 2 6566
4683 5 5009
4058 2 4210
4492 2 5549
4676 2 8891
2077 1 8961
3889 1 4057
2585 1 4471
4029 1 3961
4326 34 6974
2517 2 8337
3716 51 4987
2380 31 6534
2258 3 9014
4785 2 8459
3092 2 9015
2500 3 3980
2081 1 7558
3718 2 7220
2309 3 7466
4508 3 7720
3330 3 7792
4097 1 4369
1921 2 7139
5610 7 9016
2056 3 9017
4272 2 7416
2497 3 5813
4276 1 4807
4113 8 8960
4113 9 4132
4113 9 5817
4113 9 9018
4113 9 8675
4113 9 7350
4113 9 4889
5032 2 8661
5169 3 6418
3634 3 9019
3634 2 9020
2630 1 4442
2228 13 6987
2410 3 9021
2472 10 4718
4921 3 7204
5193 2 4208
2029 34 4915
3923 24 4768
5520 2 9022
4583 3 8816
2473 3 5694
2559 3 9023
4170 2 9024
2169 1 4583
1940 3 4425
2869 3 8922
2869 2 8999
4507 3 7685
4507 2 8849
4661 2 8830
2729 1 4927
5046 24 3966
5699 2 8130
3046 1 4332
3273 1 5064
2702 1 4191
5135 49 7937
4835 3 9025
4231 3 8220
4737 2 5869
3614 1 5627
5236 5 4919
4572 3 8930
2279 3 9026
5216 2 7113
2951 19 6139
5083 5 3972
3800 5 4183
1942 2 4715
2280 3 7842
3076 3 9027
4508 2 8079
2019 3 9028
4893 2 3939
3083 2 9029
4118 24 3864
4284 2 8985
2356 2 8981
3026 3 5543
4272 2 8897
2910 1 4453
4232 3 6258
4113 9 4192
4154 1 8703
2291 2 4915
5139 1 4768
5713 1 4453
5399 1 4362
3649 2 9030
2406 3 3991
4603 3 7426
4499 1 4050
3229 2 7021
5114 2 7387
4287 2 8470
5103 3 8014
2770 3 7266
3826 2 5483
5614 2 6858
4381 3 5309
5520 2 8862
5520 2 6648
2419 5 9031
3220 19 8132
2795 3 9032
3738 3 8634
4215 2 7240
3014 2 9033
2772 2 8260
4507 2 6937
4661 3 8830
3029 2 6762
5258 35 4676
4238 3 6138
4033 2 3957
3912 2 4823
2420 2 6559
5466 3 9034
4231 2 8942
3345 3 9035
4076 1 5213
4765 2 7931
5018 5 5228
2859 2 4719
3757 2 8820
2765 3 9036
5122 25 4221
5548 3 4451
5548 5 5125
5375 1 3916
3473 2 9037
4309 3 8396
4469 2 8671
5524 1 4057
3942 2 9038
5051 2 7612
3242 39 7012
2643 3 5667
2142 2 4978
4283 5 4768
3121 3 5333
4113 9 9039
4113 9 8465
3808 2 8948
5148 24 4013
4903 2 7679
4147 3 4646
4072 4 5802
5358 2 5017
3232 2 9040
2290 1 4195
2341 2 9041
4549 3 9042
3678 2 5739
2066 5 4191
5418 3 9043
5537 3 8011
3229 3 6350
2410 3 7984
2104 1 4357
5522 3 8419
5262 3 6798
5520 3 9022
1971 1 4442
4177 1 6249
3351 2 7763
3834 2 7059
4927 1 4046
4911 1 4496
2869 3 7485
2869 2 8818
2607 4 5619
5471 3 9044
4507 3 6688
3029 2 8199
2251 29 8052
2058 3 7130
5489 1 7370
2381 5 6076
3025 2 8572
2184 1 5639
4825 2 3962
3823 1 4108
3345 2 7635
1884 3 9045
1999 2 7279
5605 2 7216
2411 2 6595
5667 3 6532
3224 5 5246
2219 1 4087
3953 1 5623
3616 2 6465
3381 1 4552
5057 3 7893
4560 4 6260
4332 3 7998
4080 2 8565
5491 1 4391
4113 9 7942
4113 9 6817
4113 9 4398
4113 9 9046
2667 2 4846
3058 5 5627
4373 2 9047
3373 1 3916
3634 2 8299
2649 3 5711
4359 3 6233
3649 2 7660
4631 1 3947
5358 3 6988
4603 2 4946
5418 3 5748
5668 1 4077
3289 3 6850
5410 1 3897
3204 3 4265
4791 2 4268
2942 1 4150
3827 2 6875
3057 1 8483
4507 2 7396
4507 2 8276
4507 2 6876
1987 2 6715
2389 20 4898
5224 1 7753
3620 3 4912
4811 2 7001
2298 1 4217
5660 3 6806
2546 2 4958
1939 3 5378
1939 2 5245
2008 2 6493
4233 1 4195
3081 2 4802
3952 3 8642
1946 2 6775
4844 3 6810
3669 1 4183
3473 2 7892
4508 2 8594
4309 2 9048
3275 3 4292
5535 2 4406
5051 3 8098
5038 2 8474
3225 3 5586
4332 2 8672
5610 7 4187
5610 7 8544
4165 3 7220
4232 3 7257
4113 8 9049
4113 8 8935
4113 8 8180
4113 9 3929
4113 9 9050
4113 9 6339
4113 9 9051
4113 9 8178
2553 2 5710
3766 10 9052
3869 1 6911
2341 3 9041
3229 2 7231
2090 1 4455
5193 2 8214
3039 1 7554
2093 1 4924
3794 1 4416
2488 1 3872
3351 3 8817
2539 1 4422
3802 1 4851
5588 2 6050
1987 2 7430
3223 3 9053
2803 1 4454
5650 1 4010
2605 1 4009
3360 29 5153
3206 1 4175
5088 28 8133
2279 2 9026
1956 3 9054
5470 2 8023
2661 3 9055
5216 3 6915
5122 24 4057
4785 2 7136
2846 2 6862
2626 1 4057
2083 1 4852
3026 3 8944
2773 2 6665
2497 2 8720
2138 1 4977
3812 5 8592
4739 3 7147
4619 10 8605
2464 2 9056
4113 8 7018
4113 8 7445
2353 3 6961
4769 2 8815
2766 2 9057
2133 3 5198
2406 2 7550
4682 3 8234
4603 3 8301
3678 3 7946
5651 1 8351
5114 34 7635
3567 2 4309
3532 2 8784
4259 3 5785
3113 40 4153
5095 1 4010
5400 3 7762
3813 20 5101
4705 2 9058
4507 2 7128
4680 2 4462
1987 3 9059
2690 3 9060
3592 3 4755
3453 1 7370
3377 3 9061
3366 1 4362
3811 1 3984
4377 1 4583
4825 3 7608
5496 3 5312
2722 10 9062
5470 3 8669
5470 2 9063
4711 1 3986
4786 2 7280
3201 5 4294
2382 2 5766
4434 3 5890
2344 2 4498
1942 2 3915
4508 2 8670
4309 2 9064
1951 2 8095
5610 6 9065
3026 2 9066
4286 29 8896
3621 1 4170
2773 14 4783
2773 3 7442
3231 2 9067
4739 2 6414
3335 16 6845
4792 1 3946
4113 8 8799
4113 9 9068
4113 9 6181
4113 9 9069
4113 9 6846
2209 1 3859
5222 2 9070
5169 3 4281
2766 2 7758
3455 1 8078
2133 18 6316
4072 1 8997
5529 1 4217
4872 3 9071
4921 3 7478
3113 37 4153
4414 1 4024
5614 3 6858
3259 2 9072
3484 1 4057
4530 3 7207
5511 1 6201
3326 27 6212
2869 3 8865
3534 3 8071
3777 1 4024
5179 2 8165
3029 3 6122
2495 2 4274
5699 3 5880
5650 4 5367
2646 2 9073
3345 3 9074
3345 2 6378
5401 4 5619
5613 3 7342
2111 2 5162
3081 2 7462
3056 1 4456
2279 3 7188
5470 2 9075
4876 5 4077
4993 3 6427
3851 1 3944
2258 2 9014
4509 52 6776
3080 4 6942
3319 1 6760
4434 2 8208
2000 12 128
4407 5 9076
2338 3 6409
4080 3 5821
5610 7 6546
5610 7 8645
3235 2 8191
3566 5 4563
5632 1 7646
3121 3 5332
4031 2 8464
2068 1 4707
4275 1 7477
4113 8 5183
4113 8 5135
4113 8 9018
4113 8 7046
4113 8 7917
4113 9 8420
2334 2 7454
5633 1 9077
3496 3 5822
4359 3 8899
2463 3 4281
2133 2 6792
2278 3 4706
2931 5 4272
3746 1 7166
4365 3 4697
4917 2 8913
3532 3 9078
5193 2 7053
4151 3 5391
3495 3 6013
5141 1 6262
2510 2 8047
2226 3 5815
5599 2 9079
3834 3 9080
2947 1 4013
4274 3 4366
2003 5 5828
4600 1 4391
2856 4 5558
2251 2 5593
3505 3 6486
4253 5 4714
4747 3 8890
4294 3 6086
4606 2 6741
5420 3 7767
5420 3 4802
4270 20 5732
5605 2 5684
5470 3 6133
4268 1 5270
3431 2 5694
4908 1 4024
4003 2 4411
3227 2 9081
2238 5 5070
5049 5 4321
2338 3 8062
5610 6 7544
5610 6 7593
5610 7 8595
5610 7 8779
5610 7 4392
5610 7 8719
3475 3 7723
2426 25 4990
4207 2 8545
4739 3 8097
4113 8 9068
4113 8 8858
4113 8 9082
4113 9 9083
2535 1 4391
5623 5 4003
2409 28 4062
3334 3 7523
2278 2 4706
4515 1 4191
4056 2 3957
4034 1 4199
4874 2 6074
2410 2 9084
4742 3 5142
5193 3 8806
5229 1 5569
3182 3 9085
1960 1 4454
4583 3 4803
3688 2 7268
3688 2 8198
3686 30 6905
2559 2 9086
4110 1 4362
2014 5 4013
4507 3 7108
1916 3 9087
3029 3 6738
2412 2 8974
4408 5 4232
2534 2 7654
4892 3 7607
3705 3 9088
2750 20 9089
2646 3 4538
5664 25 8928
2767 3 8370
2151 2 4418
3497 2 3912
2517 3 8556
3466 1 4195
2765 3 6745
4369 5 4217
2681 3 9090
2547 3 4168
2547 2 7587
5671 2 8493
1942 3 8706
3967 3 5071
4893 5 9091
4469 2 8152
3011 1 3864
4840 3 7467
1921 2 9092
3519 1 4852
2287 1 4347
2216 1 3859
2356 2 8546
2502 3 9093
5371 1 4376
4031 3 5979
4739 3 5381
3335 29 9094
3873 1 4000
4113 8 5298
4113 8 9046
4113 9 5860
4113 9 6380
4113 9 6787
4113 23 2241
2471 19 8467
2649 3 9095
2649 2 7819
4359 2 5595
3998 3 6848
2133 13 5641
5353 1 3916
4903 3 8630
4903 10 8402
5358 2 6784
3232 3 8860
2515 3 6005
5418 3 8740
5418 2 8513
3229 2 7078
2501 19 5909
2707 1 4768
3515 1 3946
5151 3 9096
3157 5 6019
4583 3 8348
5599 3 9079
2559 3 9086
3159 1 8752
1940 2 7140
2078 3 9097
3948 1 5945
4776 3 7380
3542 1 7683
2247 5 7151
5332 3 5042
3505 3 5727
3051 15 9098
3592 11 9099
2063 2 9100
2495 3 4483
4825 2 4968
1939 2 6433
3255 2 8700
3345 3 4864
4491 3 5193
4209 2 5759
4704 5 5421
5236 2 7278
3594 1 4454
5605 3 9006
5498 3 6037
4634 2 4237
3086 1 4272
3488 3 4477
3464 1 4362
2911 3 6837
3473 3 7222
4508 3 5992
3608 1 4191
5693 2 4389
3942 3 7377
3942 2 9101
3707 1 4369
2653 3 8890
2245 2 5993
2356 24 5161
5610 6 6640
5610 7 8658
5545 13 4981
3121 2 6503
3511 1 4502
4113 8 4091
4113 8 7421
4113 9 7619
4328 1 4057
4665 1 7681
2553 2 7756
3496 2 9102
4183 3 8829
4767 10 9103
2998 1 3971
3678 3 6611
5203 3 4475
3603 1 7361
5193 2 5610
2977 2 6586
4151 2 8583
3495 3 5233
4587 3 4950
4245 3 7529
2252 2 8365
2113 3 8606
3895 1 4087
3882 3 6390
3105 5 3972
5380 3 9104
4467 3 9105
2831 2 6370
2268 5 8961
4193 1 5421
5253 3 9106
4507 2 7972
5113 1 3966
3429 2 5562
5256 3 9107
3591 2 6291
4387 3 4385
2246 2 9108
5699 2 8108
5290 1 5980
5650 2 6322
3705 3 8292
4088 18 4275
2022 2 7193
2022 2 4547
3855 1 7944
2476 2 6630
3952 2 7933
5470 2 5483
2951 19 7585
2820 2 9109
5370 3 3977
1946 3 8411
1946 3 6157
1927 1 4552
2493 1 4232
2503 5 6200
3431 1 4057
4508 3 4051
4229 1 6374
4854 1 6832
4546 23 2674
3330 2 5585
3242 22 9110
5089 1 4552
2356 3 6222
5610 6 5896
5610 6 8437
2773 3 9111
3231 3 9112
2314 10 6660
4113 8 9113
4113 8 9114
4113 8 8758
1883 1 4183
2007 2 5936
3634 3 4302
3938 1 9115
4682 23 2810
3363 1 4422
5107 3 4993
3644 3 4203
2345 24 4362
3398 2 4710
4742 2 6731
5275 3 7205
3697 4 3959
4583 3 8725
4583 3 4423
5004 3 7862
5004 3 5095
2415 1 4454
3834 2 9080
2235 2 9116
2869 2 9117
2607 20 4770
4033 29 9118
4345 3 8431
2694 1 4171
3489 10 8648
1925 1 8889
3025 2 9119
1939 3 5279
1939 2 7059
3345 2 8489
3854 2 3905
5605 3 5684
2907 2 7610
2491 2 7538
1924 2 5534
2681 2 7883
2544 3 8313
3256 10 8876
3307 2 6835
2330 2 7115
5433 2 8460
4893 2 6838
4546 2 8332
3942 2 6903
1921 2 7567
3853 2 6440
5610 6 5462
5610 7 9120
5610 7 6580
4976 1 4272
4113 8 7352
4113 8 8179
4113 8 6922
4113 9 8797
4113 9 8495
4113 9 7419
2554 10 6659
2007 2 5406
5661 2 7798
2066 3 5476
3347 3 7524
2931 3 4474
2656 5 4357
2306 2 5477
4874 2 6244
3408 4 4349
5193 2 5516
2244 2 6680
4502 3 6470
5380 2 3931
4467 5 5243
2337 3 8864
3622 2 7105
4556 10 5074
2078 3 8127
3029 47 4052
5494 27 8281
5655 1 3963
2690 24 4471
4664 5 4057
3338 1 4174
2420 2 7741
3969 3 9121
4907 3 4540
3025 2 8907
4892 2 6460
1961 2 8369
5356 1 3864
2467 2 8099
3832 3 6438
5547 1 8718
2849 2 7508
5656 3 3904
2010 1 7624
2633 1 4442
4125 1 4057
5172 1 4957
3583 2 8091
5629 3 5108
5470 3 9122
5470 2 9123
3907 3 7064
3616 3 6471
4434 11 7251
1942 3 4399
4508 3 4236
4853 2 9124
2080 10 9125
1951 3 9017
3872 5 8946
5089 2 6350
2654 2 6750
2308 3 7243
1968 3 3848
2749 1 4008
4113 9 6338
4113 9 6513
3336 3 4147
5169 3 5087
2007 2 4468
3652 2 8162
5278 1 4010
3998 2 9126
2228 18 5604
3455 25 4221
4903 2 9127
4830 1 7422
2515 2 4518
2341 2 9128
4267 5 5756
4733 3 8469
4403 23 2531
1915 1 4272
4583 3 9129
4920 3 7761
4920 2 7374
3300 59 8258
3406 5 4167
3499 2 7120
1974 32 5829
5253 2 9130
4507 3 6082
4507 2 9131
4366 2 9002
4607 1 7194
2657 2 4055
5699 2 9132
2364 3 4011
3025 3 8926
3025 2 8989
5267 3 6297
4658 2 5406
4892 2 9133
4676 3 9134
3345 2 9135
3832 2 6438
5483 51 8375
5167 2 8792
5268 2 5526
2765 3 9136
2408 1 9137
3630 1 5265
4981 3 8856
2728 1 6405
4434 3 7251
4726 1 9115
4161 2 4494
2000 3 6538
4508 3 7846
4615 3 7565
2009 29 8507
4355 2 6579
4302 2 4296
1881 1 4456
4113 8 9078
4113 9 5223
4113 9 9003
3336 2 7599
5169 2 9138
3486 2 5821
3634 3 9020
3496 3 4790
5226 3 5485
5541 3 4945
3678 3 8239
3150 29 7450
4403 2 9139
2524 2 7626
1931 24 3846
2029 13 5647
3182 2 9085
2770 2 7100
5429 15 9140
2977 3 5049
3340 5 4768
3495 2 7120
5624 5 5161
2764 3 7331
5262 2 4588
5675 1 4057
5306 3 9141
4291 3 5485
4507 2 6563
2097 1 4496
1987 3 6651
1987 3 7695
2282 2 6879
2420 3 7908
5374 5 5243
2916 29 6828
2916 11 9142
2687 2 5794
2687 2 9143
3763 2 6038
4826 1 6878
4835 2 8790
4555 24 5236
1989 3 8255
3844 1 4455
3997 2 5730
5664 2 3965
3345 2 3902
5317 27 6992
2711 5 4269
4870 2 8090
3578 3 6872
5597 3 4802
4939 1 4057
3081 3 4802
3717 2 9144
2476 5 4816
5470 2 9122
4246 5 4347
5370 3 9145
4785 2 9007
3473 3 7914
2309 3 5115
4508 2 7870
4853 3 9124
1958 5 3855
4815 5 6553
1920 1 3946
1951 3 6605
2762 1 6249
4749 3 5110
5610 7 5541
2308 2 4782
4113 8 6790
5222 3 4911
3336 3 9146
3548 5 4357
5169 3 6277
3199 27 4231
3490 3 9147
2807 1 8718
3799 5 5685
2801 1 3897
5107 20 4898
5421 5 5238
4056 3 3957
5193 2 8480
4150 5 4150
5422 5 5403
5162 1 4214
2466 3 6424
2748 1 9115
5559 1 7212
4428 1 4050
5151 2 9148
4530 3 9149
5004 2 9150
2178 10 8404
4541 1 4010
3622 3 8087
2078 2 9097
4699 27 7828
3029 3 9151
5502 1 3897
2878 29 8406
2495 2 9152
5196 5 8866
2499 2 6109
3025 3 7506
3397 3 7787
4555 5 4521
1939 3 9153
4019 3 6882
2665 2 6865
3378 3 7159
4209 19 6771
4855 3 9154
2325 2 4730
5030 1 5230
5370 3 4230
2491 3 7538
4786 3 7935
2229 2 6792
4434 34 7251
4161 3 4494
5182 1 4362
4508 3 8841
3262 1 4455
3942 2 8856
5648 4 6308
3171 2 6542
4332 2 8210
4332 5 5070
3180 1 3864
5506 5 4050
3179 1 4050
2356 3 9155
5610 7 5540
2308 2 7959
4302 1 3972
2668 3 9156
3121 3 7595
5337 1 3961
4031 3 9157
4113 8 7705
4113 8 8373
4113 8 9158
4113 9 5467
4113 9 8029
5302 2 9159
3336 3 8509
5169 2 5339
2228 2 9160
2919 1 6555
3031 1 4852
2931 2 8197
2823 5 4977
3926 3 9161
3733 1 4807
5522 2 7716
4245 1 3932
3195 3 4525
5151 3 8529
3103 5 9162
5380 2 9104
1916 2 9087
3029 2 7803
5256 2 8072
4234 3 4823
3912 3 4823
2420 3 7949
3969 2 9121
2916 29 9163
4463 1 4010
5466 2 9034
1966 2 7929
3620 2 6456
4231 3 4136
3889 3 5766
5664 3 5622
4209 3 4437
3564 2 8409
5076 2 9164
2285 3 8688
2151 2 6347
2517 2 6772
5412 1 3897
2258 3 5067
2382 3 5766
3473 3 8612
2059 20 9089
3520 11 5157
3083 3 9165
4068 1 8586
5221 3 4561
2356 3 8195
2773 2 4682
2464 3 9056
3335 29 5637
4113 8 8478
4113 9 8947
4113 9 6982
3215 1 3864
2649 3 6184
2370 3 4254
3998 3 6110
3639 3 9166
4903 3 7118
4903 2 9167
5358 3 4580
3678 3 5739
5359 4 5802
4638 3 9168
3849 1 6505
3756 3 7390
5193 2 6246
3495 2 6796
4530 2 5677
3882 2 7826
5416 2 4951
3561 1 4174
2607 2 5532
2099 1 5656
4366 3 6160
3311 29 8018
3185 1 4013
2364 3 4061
5441 2 6296
5386 3 9169
3025 2 9170
3047 1 6948
4491 3 5758
2061 2 9171
2767 3 8563
5236 3 9172
3832 24 4057
5656 19 4716
5597 2 5485
5041 1 6137
1938 2 8448
3626 1 4154
5216 3 9173
5370 3 7039
4702 2 4168
2280 5 5125
2963 3 7167
4309 2 9174
4309 2 7375
3702 1 4000
3942 3 6265
2005 16 7613
2018 24 4013
5610 7 8543
3149 3 5812
2497 3 4683
5237 1 7187
2227 1 6839
4113 8 4132
4113 8 8031
4113 9 6272
4113 9 9175
4113 9 8030
5169 2 4382
2007 3 7919
2228 18 9176
3639 3 7688
2828 1 4183
2259 2 5479
2406 10 9177
2737 3 5990
4440 1 3961
5621 5 4003
5359 4 4349
3229 3 9178
4733 2 4745
3798 2 9179
4259 2 9180
5052 4 3959
4506 2 6519
5522 3 7716
5262 2 7913
3195 3 9181
2113 2 9182
2869 2 7532
3014 3 8129
3014 3 8442
4507 2 8486
3029 19 6998
4395 1 3874
4379 1 3916
2687 2 7363
2683 24 9183
3535 1 7789
2139 1 4380
2325 3 6080
3497 1 6128
2496 1 3942
4089 2 4331
2907 25 7367
4551 2 8172
2456 2 8076
5216 2 9173
5319 2 6024
3762 5 7789
5461 1 3864
3718 3 9184
5031 2 6657
4508 3 8540
4508 2 6437
5693 3 5700
3083 3 4281
4036 2 7542
1951 2 7958
2166 2 8970
5048 3 8957
2474 13 4185
2502 2 9093
4707 1 5845
2056 2 9017
3235 2 6335
3772 1 5900
1941 3 7348
5339 5 3947
4739 2 7635
4113 8 9185
4113 8 6229
4113 8 8898
4113 8 7886
4113 9 6642
4113 9 8600
4113 9 8916
4331 4 4349
3496 3 9102
2649 2 4575
2766 2 4516
5358 2 5643
3829 1 7630
3347 2 9186
2953 1 3946
4733 2 9187
2306 2 6284
2533 27 5811
4921 2 8157
5193 2 9188
5305 5 6555
3882 3 7785
4556 3 6935
3230 2 6737
2869 2 4364
2268 2 6995
2964 1 4057
3029 2 9189
4567 3 8924
2420 3 9190
2495 3 6880
3620 3 6456
2646 3 4760
2017 3 9191
4609 3 6695
2476 10 8593
3886 30 7112
2881 5 9192
1946 3 4717
2518 2 9193
4508 3 8748
2050 5 6947
3994 3 4837
5051 3 4682
3017 1 8993
2317 3 7093
4547 5 4658
2356 2 9194
5610 6 9195
5610 7 8870
2497 2 5858
4739 3 8598
4861 1 4046
4113 8 7461
4113 8 4947
4113 8 5184
4113 9 8065
2860 10 6410
5072 5 5256
5140 1 4676
3859 4 3959
5070 2 4578
2133 3 9196
3528 2 8995
3005 3 3934
4550 10 6168
1897 3 8152
2306 3 4045
4728 1 4174
2946 5 4222
5004 2 7269
4405 1 4053
4299 1 4058
1928 2 4646
1928 5 3866
3291 1 4714
4066 1 3897
4114 3 8530
2869 3 8128
4274 3 7605
5471 3 7127
4507 3 6253
3414 1 4167
5332 2 9197
4493 2 7973
3687 1 4008
2470 22 6083
4290 4 3959
2687 3 4757
4892 3 6125
2646 3 9073
4231 3 7002
4231 3 4375
4073 5 6012
5236 3 9198
2492 3 9199
5607 1 5125
4634 1 5161
3952 2 7742
3952 2 3975
5030 2 8519
4981 3 4017
2681 3 7586
2544 2 9200
4966 3 8520
4764 2 4423
3076 2 7843
5433 3 5674
4508 2 9201
2019 2 7414
4522 15 4076
3078 5 4496
2271 3 7140
2271 2 9202
1951 2 9017
2356 3 4136
2356 3 9194
5023 1 4272
5610 6 6472
5610 7 9203
2056 2 8824
2308 2 4085
4272 2 6269
4839 3 6375
3121 3 7677
4113 8 4397
4113 9 4089
4113 9 9204
4113 9 5036
5222 2 8971
5302 3 9159
2836 10 3903
3336 2 5968
2995 1 5266
2649 2 6727
3191 1 4057
1980 2 6668
4903 2 5905
2945 1 4456
2031 2 8561
2931 2 3869
3286 1 4606
4924 3 5830
5522 1 4071
5262 3 9205
2252 31 7666
2252 3 7394
2367 1 5125
5416 3 3948
4663 1 8837
3230 3 7988
2753 5 3945
2268 1 6564
4274 2 5199
2607 10 8551
5253 3 8727
5179 3 8728
2058 2 8217
2495 2 9206
5699 2 9207
5386 2 9169
3025 2 6429
5189 3 8167
4128 1 4454
5650 5 4010
4580 2 7834
2904 3 4862
2154 3 4758
2505 3 4598
4231 3 9208
3258 1 5662
3832 3 5983
4912 3 6062
2819 1 6056
1902 2 4498
2385 1 3846
2905 1 7748
2258 3 8732
3053 3 7719
2233 18 5215
4785 3 5167
3170 1 6860
3942 2 8978
5051 2 9209
1921 2 8580
2532 3 5052
2356 3 7069
5610 7 5371
4127 1 3966
2308 2 7142
2497 3 7144
4113 8 4691
4113 9 7900
4113 9 8707
4113 9 7960
4482 5 3846
3033 1 4502
4359 2 8938
3490 2 9147
4218 2 8325
3376 5 5828
3150 3 4837
5193 2 8185
3655 2 9210
2159 3 9211
4920 3 5918
5004 3 4644
4456 3 7577
2929 3 8186
2939 2 6934
5553 1 7262
1940 2 5267
2078 3 5955
3163 3 9212
2439 3 9001
2439 3 8106
3711 3 6620
2878 14 9213
2152 2 7533
4366 3 6597
2866 1 4053
3632 1 4635
5699 2 7030
3870 3 8367
1939 2 5193
5284 37 8641
4605 3 7186
3345 3 7488
1909 3 8739
4209 2 8776
4912 3 7698
2017 3 4136
4609 3 6129
4142 1 3966
2151 3 5479
5605 3 8931
3549 1 4963
2517 2 9214
2517 2 8731
5213 1 5497
4598 2 8003
4981 2 8856
3987 5 4496
3576 2 8057
2023 2 7465
3968 5 5227
2551 3 7376
4560 3 6221
5051 2 9215
5051 2 9216
2238 3 9217
5038 3 6413
3148 1 3855
4650 10 8833
2356 3 7318
5610 6 9218
2773 2 6547
2497 3 5958
2993 1 4217
3681 1 4454
4739 2 8097
4113 8 8881
4113 8 6788
4113 8 5932
4113 9 8003
3780 1 6012
2804 1 5421
4159 27 8909
3694 1 6215
4903 3 8996
3970 2 7799
2737 3 7495
3398 2 5191
4301 2 5261
5429 17 4062
4871 3 5360
5004 3 8512
5306 2 9141
3588 1 4479
2831 2 7907
3648 5 4013
4705 3 5398
3948 20 4035
4507 3 7429
5332 3 9197
5096 5 7955
3765 1 5238
5256 3 9219
2878 5 4800
3505 2 8637
2282 3 4051
3761 5 4347
2916 31 6294
5699 3 9207
5125 1 6504
4825 3 4968
4555 2 4959
4676 3 7885
3345 3 6717
3065 3 4385
4855 3 6061
3538 1 4380
2111 3 5162
3717 2 8908
2681 2 9090
1952 18 6604
2416 3 4837
2768 2 7841
1918 29 6304
4224 1 4057
3473 2 8839
3967 3 5324
3718 3 8894
3718 2 9184
4508 2 8494
4309 3 9220
2551 1 3961
5010 1 3859
2253 3 8040
3083 2 6037
4840 2 7659
2238 2 5853
1921 3 9092
4554 2 7773
2356 3 6144
5610 7 4618
2056 2 7416
3680 2 9221
3349 1 4496
4113 8 9050
4113 8 8994
4113 9 4129
4359 2 8350
4851 3 9011
4573 1 5390
4898 2 8482
4898 2 5721
5151 2 6455
4530 3 7784
2510 3 9012
4168 2 4590
5423 2 8953
5509 2 6560
4140 5 6111
4333 5 4057
2959 2 7107
2439 2 9222
4507 3 8277
4507 3 7668
4507 2 8851
2964 2 5310
2251 2 8107
3456 5 4057
2412 2 5488
4033 31 9223
4542 3 5837
4208 5 5793
2809 1 4057
2364 2 5008
2717 1 4094
1954 2 7084
3025 2 6398
2751 3 6085
4892 5 8390
5660 2 9224
4676 3 6088
3345 2 8654
3013 31 9225
2863 1 7630
2044 1 5270
1963 2 7051
5700 1 7302
5470 3 8704
5470 2 8190
5470 2 6773
3476 1 4199
5154 2 9226
2462 1 4077
2233 13 7249
4785 2 3910
1942 3 4600
4508 2 5537
4332 3 6141
5677 1 4040
3853 3 6471
5610 7 8737
2308 3 5329
4096 1 7804
2773 19 8524
4897 2 7794
4113 9 8476
4113 9 3862
2667 3 6087
2667 2 4915
2667 2 5299
3808 3 7322
3634 2 9019
4315 1 4454
3910 3 8254
5541 2 5511
3232 2 8440
2515 3 9227
4549 2 9042
2508 3 8010
3229 2 8426
2306 2 8873
3452 5 7218
3398 3 7689
4921 2 6423
5193 2 9228
3826 2 7923
5614 11 5050
4953 1 4380
5262 3 9229
5262 3 9230
3240 1 5662
3688 3 8552
4834 24 4362
2510 3 7428
3834 2 8921
5698 1 3864
4124 2 9231
4402 1 6636
2078 3 8941
2078 2 9232
2772 5 8745
4274 19 5913
4507 3 4429
3029 3 9233
3029 2 9151
5256 2 9219
2813 1 4174
3922 3 8431
2735 32 7004
4901 3 7994
1944 2 4980
4933 20 5097
1884 2 5842
5597 5 3866
3095 2 8491
2765 3 6100
2877 1 4380
3636 2 6887
2518 2 9234
2500 2 4290
2319 5 3916
5227 3 8625
3942 3 6747
3942 3 9101
5051 3 9209
3242 52 9110
1921 11 7440
4332 2 9235
1951 2 6429
2166 3 8812
5506 4 6114
4749 2 5110
5610 7 8814
2497 2 8335
4214 1 4053
1991 13 8597
4113 9 7754
4113 9 6000
3808 5 4013
5169 2 7963
2471 3 7048
4359 2 8677
4837 1 4010
3998 2 8662
5202 2 6753
4147 5 4191
3439 2 4328
4579 3 5140
3644 2 8378
5292 1 3864
4034 3 7652
2410 3 8547
2410 2 6039
4921 2 9236
2110 3 8550
3440 1 3932
5522 2 8742
5262 2 7985
2441 1 6509
3465 1 4148
3688 2 7299
3688 11 4643
2113 3 9237
3350 1 4496
5004 2 9238
5417 2 4822
4692 3 6157
2439 3 6289
4371 1 9239
4507 3 6523
5256 2 9240
4540 2 9241
2420 3 8963
3377 3 8218
2513 3 5104
2234 2 7245
4580 24 9242
5664 2 9243
3013 3 9244
2811 3 9245
4488 5 5213
3807 2 8893
3920 1 9246
3717 3 9144
1938 2 9247
4360 2 7716
5268 3 5109
5216 2 6533
5319 3 6024
4786 2 3970
4786 2 5929
2191 30 8521
2309 3 8193
2000 2 7439
5403 1 3916
4546 12 2674
3227 3 4506
5051 3 5368
4057 1 6137
3225 2 9248
5610 6 5669
5610 6 9249
2773 3 6270
5033 2 5961
4113 8 6819
4113 9 7872
4113 9 6701
4113 9 4625
3634 2 8617
2264 3 4792
2870 20 4387
3528 2 5474
3528 2 9250
3640 3 9251
3405 1 4454
5358 3 7425
2697 1 4852
5537 2 6283
3408 2 4132
4921 3 8102
4259 3 9180
4271 3 4124
4708 2 6319
3491 3 9252
4929 1 4013
4381 1 4057
2088 1 6331
5075 1 5265
2113 3 9253
5004 3 9150
5423 1 4552
3857 3 7271
3230 2 6784
4776 2 7380
3979 3 9254
5332 3 8621
5142 1 3864
2690 2 9060
3505 3 8905
4366 2 8515
2495 3 5792
3956 3 5354
4890 1 4707
4570 1 3897
3025 3 6430
4940 5 4013
5236 2 9172
4870 2 4326
5656 47 7061
1911 2 6571
3941 3 6024
1938 3 9247
4461 1 4502
5470 2 9255
5319 3 7088
4210 3 5286
3750 1 3945
4720 44 4380
1942 2 8733
2309 2 8992
4508 3 9256
4508 3 7413
4309 3 9048
3994 2 8844
4691 10 8825
1921 3 8895
5610 7 8646
5610 7 8659
2575 1 3859
5120 3 9257
4739 2 5432
3876 1 4362
5062 1 4077
3486 5 4217
2394 5 5924
4359 2 9009
2228 3 9160
3434 3 4915
4550 2 8830
2591 3 5553
3670 2 8758
4579 2 3937
3584 1 4362
1897 2 8152
5381 3 7389
2868 1 4272
2339 1 4191
5451 2 6681
2682 3 6824
3386 1 4391
5520 2 7393
1940 3 7958
4705 3 9058
4776 2 8923
2058 2 9258
2878 16 9213
3505 2 6054
4366 2 4652
2657 4 4349
3449 1 5228
5699 2 6202
2267 3 7311
3705 2 9088
1939 3 5457
1939 2 5278
1939 2 8131
5344 1 4583
4231 2 9208
3997 3 5621
3345 3 6092
2665 3 5758
4912 3 5761
2492 2 9199
2064 13 5846
4574 1 4214
5167 3 8294
5470 3 7037
5268 2 8121
4509 17 5809
5083 3 7639
1952 5 3846
4427 2 6590
5185 3 5786
2500 3 8225
2475 3 7253
4516 1 4362
4508 3 8113
4309 3 9174
4347 3 7997
2653 2 8890
3180 18 5251
3179 3 4508
2356 2 7141
5610 7 6105
2056 3 5918
4232 2 6309
4232 10 4589
4203 3 5842
3496 3 4942
2649 5 3864
3020 2 5842
1969 1 4380
3884 1 4764
5358 3 4350
5358 3 9259
5358 2 7050
4078 3 5552
4756 2 8527
5544 1 5845
5193 2 9010
2686 3 5347
2288 2 3875
3204 34 4265
4920 2 4854
4321 2 7239
3948 3 8514
3534 3 6800
5253 3 9130
5253 2 6968
4169 3 8787
4169 2 9260
4348 1 3859
4540 3 9241
3604 27 6212
2063 3 9100
2495 2 7696
5699 3 9261
3025 2 7832
5664 2 5292
3345 3 8990
5076 3 9164
5101 3 6335
2017 2 9191
2847 1 6557
4598 3 7343
3488 2 4477
2820 2 9262
3265 3 9263
2239 1 6860
4241 1 4199
4702 3 9264
3341 13 8315
4434 2 8732
3684 2 6979
2954 2 8356
5020 1 7399
2056 3 6268
3121 3 6638
3335 31 8361
4113 8 7036
2667 3 5694
4489 1 3864
2815 3 8452
3639 2 9166
4903 3 9167
2237 5 4133
3150 31 6420
3556 1 7361
2163 1 4081
5171 1 4204
3259 3 9265
5262 2 9230
4920 2 7014
2113 3 8257
4168 24 3864
3882 24 8586
5004 3 8049
3123 2 9266
3857 2 8105
4507 3 8835
4507 2 5616
3029 2 6941
5332 4 3959
2058 3 9258
5514 1 4183
2420 3 7741
2916 29 7950
2389 4 3959
3042 1 4013
2158 2 7085
3705 3 8964
3705 13 5729
4737 3 5869
3362 1 4977
3782 44 4676
5087 15 4076
4354 3 8574
5079 5 4133
4609 2 4921
2111 29 9267
1938 3 8623
2820 3 9109
4131 3 7040
2280 3 6498
3076 2 5892
4922 1 3864
4508 3 4773
4508 2 7538
3227 3 7592
2271 2 7559
2356 3 5855
5610 6 7347
5610 7 5075
2224 1 3866
2821 5 5773
3873 5 4000
4232 2 3988
4113 8 5131
4113 9 5436
3336 3 8987
4359 3 5939
3913 1 4057
5226 3 9268
3232 3 9040
3232 2 8783
5418 23 3546
2410 2 5389
4742 2 7052
5193 2 7099
3495 2 6151
4285 5 6502
2419 3 8888
5380 3 6087
3739 1 4496
4810 2 5069
4507 3 8149
3029 3 4052
3029 11 4906
3505 3 4859
2561 1 4000
2916 25 4221
5699 3 9132
3922 3 7833
1939 3 5207
3345 3 9269
3345 2 5410
3685 24 3864
3369 3 4328
2633 1 4714
4417 1 4272
5370 2 5193
2344 3 4498
2724 2 6139
4051 4 6942
3076 2 9270
3806 1 4171
2073 1 3864
4546 10 9062
2050 2 5584
2299 2 5539
1921 3 8613
5038 24 4977
2356 2 9155
2356 2 3985
5610 6 7382
5610 6 8689
2806 1 3961
2497 2 6981
3744 2 8139
4113 8 9175
4113 9 8756
4113 9 9082
4651 10 5796
3789 2 6149
5032 5 5270
3336 2 8917
2804 2 7323
3496 3 8322
2649 2 9095
3649 3 9030
3493 1 4960
5168 2 8723
4977 1 5756
4603 3 8560
5652 2 8498
3347 3 3868
3347 2 9271
2410 2 8887
2524 1 4150
3828 5 3866
5193 3 7663
5305 2 7691
5614 10 6196
4391 2 5912
2404 1 4087
5262 3 5723
2030 1 4471
5151 3 7648
2113 11 9237
2795 2 9032
5004 2 8681
4184 5 4347
5635 3 8873
5694 2 6046
3230 2 4675
2869 2 8635
5471 5 4000
4507 3 9131
3400 1 4214
2003 3 6052
2058 3 4164
3591 3 6428
3505 2 5914
2495 3 6565
4596 3 4538
5191 1 4010
3025 3 9170
4658 25 4990
2867 3 6432
3951 2 9272
4584 3 7215
4605 24 5161
4491 3 4323
4209 2 5412
5613 5 7109
3144 1 4454
4352 5 4013
2279 2 9273
4779 1 3864
5707 24 4658
3757 2 9274
3899 1 8712
4785 2 4845
2023 31 8434
5662 5 4008
2229 3 9275
2846 3 8810
2240 23 368
4615 3 9276
5693 3 7894
3942 3 8735
3083 2 4281
3816 5 7637
3875 1 5845
4332 3 4559
4332 11 5457
1951 3 6429
5610 7 8523
5610 7 5501
5610 7 9195
4087 1 3961
4113 8 7777
4113 8 6579
4113 8 8321
4113 9 7546
3336 3 8883
5387 2 8693
5598 1 4362
2684 24 5258
3333 5 5064
5037 3 8425
4752 2 8859
4072 3 7772
5358 2 9277
4841 4 5174
3229 2 9178
3250 3 8528
3798 3 9179
3741 1 7646
3826 3 6897
4247 1 3864
3254 4 4349
5262 2 9278
2030 10 7791
5151 2 9096
4583 2 7501
4583 2 7801
4321 3 4385
2772 4 3851
3151 3 9279
1904 3 4774
5253 2 9106
4507 3 8263
4507 3 8849
4250 5 7515
3221 3 8487
2251 3 4826
3505 2 6525
2420 3 7029
5699 2 6856
4243 2 8290
1939 2 7507
4088 13 4818
2517 3 6975
5446 1 4332
5470 34 7132
3282 1 7824
2202 1 4454
5030 3 5893
5152 5 4347
2518 2 9280
3473 3 9037
4508 3 8461
3227 14 4878
3451 3 8373
2356 3 8546
2356 2 9281
5610 7 5634
2308 2 7015
2838 1 4391
2497 2 7383
4431 3 9282
4113 8 9003
4113 8 5038
4113 9 8272
3496 2 3886
2649 3 8710
5358 3 9277
4977 1 3961
3439 3 4846
4078 2 9283
4365 3 3940
2410 2 7356
3302 2 8548
5644 17 4062
4872 5 4133
4921 3 8861
3926 2 9161
2250 5 8902
3270 3 4911
5151 2 7648
5520 2 5392
4920 2 5918
3688 2 7456
2113 3 8240
4112 3 9284
4112 2 9284
4456 2 9285
2147 1 3899
3230 2 7484
4960 2 7989
2268 2 5486
5066 2 9286
3815 3 9287
3861 3 7214
2364 2 6203
3922 5 4174
5660 3 4373
3255 2 7364
5664 3 9243
3013 29 9225
4491 2 5758
2811 2 9245
4946 2 4602
3072 5 7433
2583 1 7326
4213 3 8534
1938 2 4070
5149 1 5557
2765 2 9036
4771 1 5756
1978 3 8716
4131 3 7890
3574 2 9288
4175 1 5139
2191 17 4062
2309 3 4181
4508 2 8966
4508 2 8134
4309 3 9064
4546 10 6211
4469 2 6347
1877 1 4010
3227 2 8967
4070 1 4453
5180 1 3966
3225 2 6219
1951 3 8333
2166 2 7813
2150 2 8796
2356 3 9289
5610 6 4344
5610 6 4679
4839 3 6625
4349 1 4050
3618 1 3947
2771 3 5466
5373 3 5081
4232 2 8252
4113 8 8232
4113 8 9039
4113 8 9051
4113 8 7635
4113 9 8599
4113 9 9290
4651 2 8828
4604 2 4136
5226 31 9291
4078 1 4262
2737 2 5990
4921 3 7294
2918 3 7452
4506 5 4191
3589 1 4957
4583 2 7760
2113 2 9237
2788 2 5234
2564 5 5362
4321 2 5394
3351 3 5562
5423 5 4552
3622 3 8050
2869 3 9117
3221 5 3947
4973 1 3961
1987 2 7022
4366 2 6247
5714 1 3864
3620 3 7736
3620 2 6690
4082 3 6734
4242 2 9292
3345 2 8038
3345 2 9293
2898 3 5012
5236 2 9198
4017 5 9239
3071 1 4442
2249 3 9294
2859 3 6914
3091 5 4217
3168 3 7369
4086 2 3886
5154 2 4127
4753 3 8536
2951 42 6169
5370 2 8312
4656 3 7089
2233 29 9295
4786 3 9296
3574 3 9288
4239 10 6183
2019 2 9028
4615 2 9276
3994 31 4293
2271 3 9202
2271 2 7224
2317 3 8979
3539 1 3897
2651 4 4349
4113 9 6790
4652 3 8937
2649 3 8235
3877 1 4454
5070 2 9297
3644 4 4349
4733 3 9187
4020 4 4349
3370 1 5228
5262 2 9298
5151 3 3877
3834 2 5312
5345 24 6736
4274 3 9000
4507 3 7580
4507 2 7927
3765 3 6255
2470 17 4062
3568 1 7554
2495 3 9152
3861 2 4007
2634 5 4362
5082 5 5019
3025 3 9119
3025 2 6805
5660 2 6511
3889 2 5766
4209 2 5078
4870 3 4327
5470 2 4666
2765 2 9136
5370 3 5193
2544 2 7371
5116 2 8412
5465 1 7194
1942 2 5068
4353 2 7168
5693 3 8749
3942 3 9299
3942 3 8868
3083 3 9029
3171 3 6841
2356 2 4840
5610 6 9300
4443 59 9301
2334 3 7454
3729 1 4150
5169 3 9138
4359 2 8649
2870 1 4813
3984 3 9302
3639 3 6237
4903 3 9303
4262 3 5385
3678 3 7014
3678 3 6757
4804 1 3859
2306 3 7731
2306 2 4045
2410 2 7264
5644 17 6189
3532 3 9304
2918 34 7831
4459 1 4362
5262 3 9298
5262 2 8570
4418 3 7711
4583 3 8849
3220 2 7080
2113 2 9253
3040 1 3872
4410 1 4087
3230 2 9305
3244 3 6426
4274 3 9306
3429 1 4094
2282 2 8925
2063 1 4294
2420 2 9190
2495 3 9206
2027 5 4123
3377 3 6804
1939 2 5314
4606 5 6343
3793 3 7185
5430 1 3972
4209 34 6771
4912 2 7867
3583 3 4213
3952 3 5798
3952 2 5062
2907 3 5494
2661 2 9055
2775 10 5291
5273 5 6209
4720 15 9140
1952 3 9307
2233 31 9295
4785 2 5805
3290 5 4693
2839 10 8296
2500 3 9308
4560 3 7378
3227 3 8506
4561 12 2689
5610 6 4084
3026 3 7569
3318 1 4391
2773 16 8269
2773 3 8568
2497 2 4483
5084 5 9162
3121 2 4777
5074 24 9242
4232 2 6258
4113 8 7288
4113 8 8422
4113 9 7617
2362 5 4217
2353 3 9309
2554 3 6231
2291 3 4494
4406 3 4033
4678 2 8234
4359 2 9310
5455 3 5990
2228 13 9176
3910 3 4095
2828 2 7202
5358 3 6925
4682 5 4094
2923 2 7983
5193 3 9228
5193 2 4698
2029 14 9311
5103 5 4195
3491 2 9252
3217 4 4349
2004 1 3864
5004 2 6018
3351 2 3878
5318 2 5002
3379 1 3864
2906 3 5485
2607 20 4898
4507 2 7211
4171 1 8962
4041 1 7124
1939 2 9312
2733 1 4362
3065 5 4552
2896 3 4922
4210 3 6259
2258 3 4335
4786 3 7280
4786 2 6135
3760 3 8077
3325 3 7667
3473 3 8059
2846 2 7223
5433 2 5674
4508 2 9256
4508 2 8766
4353 3 4612
2016 2 7193
4347 3 9313
3083 2 9165
4687 1 6736
1951 3 9314
2150 4 4349
2356 2 5369
5610 6 9120
3026 2 6224
2497 3 7594
4735 1 7820
2887 3 6376
4113 8 9315
4113 9 8002
4113 9 9114
2553 3 4837
3147 1 4454
3134 1 4999
5623 1 4456
2766 3 8803
5226 29 5510
5226 2 9268
3528 3 8782
4144 3 5302
2406 3 7550
3678 3 6281
3678 2 6989
4613 2 8287
3972 3 8741
3150 29 9316
2306 3 8918
2410 3 4995
5193 3 7603
5193 2 4420
3936 1 4825
4715 3 6679
3259 2 9265
2900 1 4852
4583 2 7905
4583 2 9129
3834 3 7059
3834 3 4802
4124 3 9231
3131 2 5786
3824 3 7692
2078 2 5978
3154 1 9183
2424 1 7944
2442 1 7824
3505 3 8352
3505 5 5662
5699 3 8914
5054 3 7155
5660 2 5881
4231 2 7031
4242 2 8954
3197 3 4792
5572 5 4391
3411 1 3966
5087 17 4062
4870 3 8809
3072 1 7433
2797 1 4502
3952 2 4721
5470 3 9075
3168 2 8777
2661 3 8206
5216 3 8284
2820 3 9262
2544 3 9200
4785 2 9317
2608 3 5847
3125 1 5064
2330 10 9318
2518 3 9193
5233 1 5977
5499 1 4057
4764 2 6332
2303 1 4977
4508 2 7493
3275 2 8843
3225 3 8968
1951 3 5031
3374 3 7533
2356 2 5854
3853 2 8419
5610 6 5464
5610 7 4083
2773 2 4395
4113 8 6108
4113 9 4401
4113 9 7200
4443 33 9301
5358 3 6784
5418 3 8513
3347 3 4569
2125 2 6011
5542 2 5515
5381 3 9319
5193 3 9188
5262 3 9320
4583 3 7298
3882 3 9321
5004 2 8403
4649 1 3846
4456 3 5311
4556 2 7877
2078 3 6355
3979 2 6997
3029 2 9322
3591 3 7928
5533 2 7670
4318 1 4852
3377 2 9061
3966 2 8457
4761 1 5125
2824 5 4877
3345 3 6414
3345 2 4014
2708 1 4150
3959 1 4195
3065 2 7869
5087 44 3961
4270 20 4387
3717 2 4126
3952 3 6631
1902 3 6696
4762 2 3905
4311 1 5503
2775 10 5996
2877 5 3864
1949 5 4723
5259 1 4768
4434 5 4057
3473 3 8977
2059 20 5732
5682 1 5238
4508 3 7192
4508 2 7845
3083 10 9323
3994 11 7282
2142 2 7614
3179 2 8933
2356 3 5425
2356 2 6506
5610 7 8000
5610 7 7568
5324 2 6510
5324 2 8871
2773 2 9324
5569 1 4232
5706 2 9325
3231 3 7286
3673 1 7804
4113 8 6984
4113 9 9113
5011 2 8770
4807 4 4349
3634 2 7707
4359 2 5824
2650 4 4349
5358 2 4096
3810 5 4057
4921 2 8973
5307 1 5945
5002 1 6343
5262 2 9320
5520 2 8651
5188 34 6574
5500 59 4700
4168 3 5000
4954 15 9098
2255 2 5788
5471 2 9044
2424 2 8683
2439 3 9326
4400 3 8608
3221 3 6593
4033 29 7431
4542 2 8392
5454 2 3960
5119 1 4057
2111 31 9267
5154 3 9226
2820 3 4073
5370 2 4735
3265 2 9263
2518 3 6635
5550 59 4727
4508 3 8878
5693 3 8657
1921 3 7440
2587 5 4310
4913 1 7043
2128 27 7810
2883 5 8438
3566 2 5331
1991 1 4171
4739 3 8096
4113 8 7961
4113 9 5902
4113 9 8986
4113 9 4348
4113 9 7700
4252 2 5162
2471 3 8467
2649 3 4943
2870 3 8497
2928 1 4272
3678 3 8511
2501 11 4257
3864 1 4635
5193 3 4152
3182 2 7526
3469 3 5518
4871 2 7931
3346 2 8146
5128 2 6792
3688 2 8552
3504 2 6287
2788 3 8472
5004 2 8774
2897 2 5979
5423 2 8807
2929 2 4002
4140 1 4957
1940 5 5411
3598 2 5162
3979 2 9254
4507 3 8746
4507 2 8262
3962 4 5802
5085 25 5021
3505 2 8764
2470 44 4454
2282 2 8379
4033 29 9223
4607 4 3851
2495 2 9327
2179 1 4058
3122 1 4175
1884 2 9045
4209 3 7306
2061 3 9171
2767 2 4964
3578 2 5803
2017 2 6973
2151 2 7561
2517 3 9214
5167 3 8965
2775 5 6215
4086 13 8855
5370 3 7134
5370 2 4128
4702 3 5580
1942 3 8505
2309 3 7374
5257 1 4183
3442 1 4195
5610 6 8958
5610 6 8137
2308 2 6815
3725 1 3966
2921 1 4175
2304 3 5380
4449 4 4349
4503 2 4622
4113 8 6610
4113 9 8780
4113 9 7287
4501 10 9103
4875 2 4168
2828 3 8781
3939 1 6948
4147 3 5714
4550 10 8794
4549 3 4786
5359 4 6942
2131 1 3864
5246 1 8453
2612 2 7527
5305 3 6353
4852 5 3855
5522 2 8604
5262 2 7427
3346 2 7886
4583 2 8348
4265 5 6261
2320 2 5482
4531 1 4183
3648 3 5000
2840 1 4768
4260 24 6200
3743 1 4876
3029 11 5755
5256 3 5789
5256 2 4955
4033 31 9118
3592 34 4860
3390 1 6331
2246 3 9003
5699 2 9261
3025 2 7275
4892 3 9133
5660 2 8518
1939 2 9153
4605 3 8056
3997 2 8562
4933 20 4099
3564 5 3947
1963 3 5452
1999 2 7700
1956 2 7368
2600 1 5390
3512 1 4852
2258 3 8208
5286 1 4174
1952 2 9307
3953 24 3947
4786 2 7537
2518 3 9280
2500 3 6136
2280 3 9328
3967 2 7316
1921 3 6218
4332 3 3921
1951 2 7895
2142 60 8892
3451 3 5588
3187 3 8318
2356 2 5994
5120 14 5431
4739 3 8857
2887 1 4999
4996 1 4150
4113 8 9329
4113 9 7650
4075 5 8882
3950 3 4132
2259 3 8848
4072 2 4740
3271 2 5644
3229 3 4142
2306 2 9330
5381 2 4747
3532 2 4073
3491 3 8274
2720 2 9331
3259 3 9072
4502 2 6470
3882 2 9321
3105 2 6192
3738 2 8743
4467 2 9105
5309 1 4919
3014 2 8088
4400 2 7880
3591 3 4907
4567 2 8924
2691 24 4310
5510 1 4040
2096 1 3916
4635 24 4013
4013 3 8055
2784 2 5694
3158 1 3849
5420 2 4802
3345 2 9074
3013 3 7739
2767 3 5450
1999 2 5985
4143 4 4426
5470 3 9255
2380 2 3976
5108 1 6509
1942 2 4867
4508 3 9201
2166 19 7317
5610 6 5897
5610 7 8398
5610 7 6608
2308 2 5956
3120 20 8048
4113 8 9083
4113 8 9290
3356 1 3850
5487 1 4191
2410 3 8632
3250 3 6678
3655 3 9210
3021 1 4003
4083 3 5990
5262 3 7913
3882 2 6079
3188 1 5662
2939 3 6934
4170 3 9024
5471 3 6118
2439 3 8808
2948 1 7634
4507 2 4467
4507 2 9332
5179 2 6051
3029 2 8343
2251 2 4826
4290 3 8488
2094 1 5390
4978 5 9333
5501 5 4232
4825 2 4051
1939 2 4817
3345 2 5316
3854 3 3905
4491 2 5193
2722 3 6217
1963 3 8490
5470 2 8854
4944 1 4825
2624 1 4013
4434 3 8821
4434 3 8226
2280 3 4452
4653 2 4136
3227 3 9081
2842 1 4174
3101 2 5454
4561 20 4898
3171 1 4445
2271 3 5769
4118 2 7406
2356 3 3924
2356 3 9281
2356 2 9289
5610 6 5927
5610 6 4295
4511 1 4362
3328 1 4502
2821 3 8674
2172 1 4852
2314 29 8616
4113 8 8508
4113 8 7231
4113 9 9049
4113 9 4141
4113 9 9158
4113 9 9329
3336 2 8972
5169 3 5193
3455 3 7602
3640 2 9251
4078 2 7449
2311 1 6555
3089 1 4876
3887 3 5716
3347 3 9186
3289 3 8912
3208 1 3864
3798 5 4217
2393 3 8086
5381 2 5645
4781 5 5698
4921 3 9236
4116 30 5048
5346 3 7481
4361 1 4057
4942 5 6215
4324 3 7876
3879 5 3855
4456 3 9285
2337 10 9334
4321 2 6006
5594 4 3851
2078 2 5196
2869 2 7711
4601 1 9013
2424 3 8988
4507 3 8310
4507 19 6939
4250 29 7694
4005 1 4868
4379 13 9335
4998 10 6473
4033 31 8699
3592 3 6084
4243 1 6636
3025 2 7974
3255 3 7738
5664 3 6162
3027 5 4927
1888 2 8716
2017 2 4136
4609 3 7740
3845 3 6099
3663 1 4635
4785 2 5022
4786 2 7219
4786 2 9296
1942 2 6214
2734 3 6655
4508 2 8579
4309 3 8417
3498 5 4013
4718 1 4217
3225 2 4079
1951 2 7999
1951 2 6954
4048 5 7789
2375 1 3864
2874 4 3959
2459 51 4840
4031 3 4932
1913 2 7468
3186 5 7851
4113 8 6312
4113 9 7198
4113 9 9315
4113 9 8045
2860 3 4823
3336 3 9336
2927 5 5211
2007 3 9337
3496 2 4846
2463 10 9323
3678 2 5089
2042 1 7990
3843 1 4010
4921 3 8680
5330 3 4209
2210 1 3885
5451 4 4349
4428 3 6087
4898 3 5092
5262 2 9338
5520 2 7861
4937 4 3959
2510 3 8952
3882 2 8633
3834 3 6712
2929 2 8186
3530 1 6457
2078 2 4728
4814 1 4808
4507 3 6938
3029 2 9233
1987 2 7242
3505 3 4371
4596 3 4907
5285 1 4732
5261 1 3945
4892 3 5313
3674 2 5638
4242 3 9292
3345 2 9339
2127 5 3864
5401 5 4010
3685 3 8110
2915 4 3959
4142 3 7111
4329 1 8576
5243 24 4057
2859 3 7036
2411 2 5950
3952 3 8344
3067 1 3864
1942 2 4399
4166 1 4094
3017 5 8993
5610 6 8567
4839 2 6625
3231 5 4357
4739 2 6866
4113 8 7598
4113 9 8028
4113 9 8581
2353 2 9340
5032 2 9341
2766 3 9057
2409 28 4579
4604 5 8885
2174 1 6012
3528 3 9250
5358 2 9259
5114 2 5189
2306 3 8873
2312 5 4746
2410 2 6822
3532 2 9078
5262 2 9205
5520 3 4210
4920 3 7374
2235 3 9116
3824 3 7055
3622 1 4362
3897 1 4454
3230 5 4321
2869 2 9342
5256 2 6159
1987 3 4543
3505 2 8289
4505 3 4956
5551 51 8650
2282 2 9343
2027 3 7340
4801 27 8909
3763 3 4976
5660 3 7276
5660 2 7883
1939 3 9312
2632 1 6913
4231 2 8169
1910 10 7075
4019 3 7032
4156 1 4471
2008 2 5843
5656 19 3904
2151 3 8152
3497 2 8702
5605 2 8575
2279 3 9273
4086 2 8093
4585 2 5765
1936 5 4310
1949 3 8932
4785 3 9317
2382 5 8207
3668 3 6138
1917 2 4411
2794 5 3947
5555 1 5662
1921 19 7440
4330 3 4830
2399 3 7679
5610 6 9016
2773 3 8910
2668 2 9156
4113 8 7273
4113 8 7260
4113 8 8602
4113 8 7446
4113 9 8755
4113 9 5705
5578 2 6897
3569 2 4772
4903 3 7679
4638 3 8121
4394 1 4963
4403 2 7576
2410 3 5973
5193 3 7236
3270 2 4911
5262 3 9278
4727 1 4217
2929 3 3949
4375 1 5481
2078 2 5955
2439 2 8571
4507 3 8366
3029 3 8589
3029 3 8265
5066 3 9286
3429 3 5562
5256 2 9107
1987 2 8278
1987 2 9344
4290 24 5523
2717 5 4094
2511 5 6261
2179 3 5572
2750 1 8101
5276 2 4225
3345 2 7699
3345 2 7158
2665 1 4869
3564 3 5884
3831 3 6164
2431 5 4133
5605 3 7562
4838 2 8668
2064 18 6366
2249 3 6462
2279 2 8022
5470 3 9063
4086 13 7310
4210 2 4229
2049 3 7410
2820 2 4765
4785 3 8504
5152 2 8329
5692 1 7944
2518 3 8611
2280 2 9328
4764 5 4044
3967 3 7438
4189 24 5362
3128 1 4277
2253 2 6840
2414 3 8061
2005 20 4035
4332 3 9235
4554 3 6892
4650 10 6687
5610 6 4833
2308 2 7243
3026 3 5542
2773 2 9111
4431 2 9282
2095 20 4603
2821 11 4029
4232 3 7349
4113 8 8649
4113 8 9345
4113 8 8936
4113 9 5999
4113 9 9346
2790 5 9091
4359 3 9310
3649 1 4057
3639 2 7325
3304 1 3945
3245 1 5262
2549 1 4380
3532 2 8013
4921 2 4260
2686 2 8304
2844 1 4057
4428 3 3931
2899 1 6343
5194 1 8549
4920 2 6043
5416 3 8920
3834 3 7025
5471 2 5445
3029 3 9189
2251 3 7273
1987 2 8763
1875 1 9347
3505 3 6485
4370 1 4010
2027 14 9004
5699 2 8638
2318 2 8906
3025 3 4484
3544 10 9052
3922 11 8653
3705 3 8927
3587 1 4419
3951 3 7836
5284 37 8445
5284 22 8445
4605 2 5915
3345 3 9348
3345 2 9005
3345 2 8280
3564 3 7005
2008 2 8929
2111 3 5797
4577 2 8624
2661 3 7087
2765 2 7745
4278 5 6056
5669 24 4768
3392 5 7640
3092 3 9015
3092 19 5024
3667 1 3966
4407 3 7591
4560 3 4390
2653 3 7750
4650 3 6221
5610 6 3925
5610 6 7899
5610 7 5252
5610 7 5222
3026 3 9066
5120 2 9257
4113 8 4298
4113 8 5225
4113 9 8196
4113 9 6415
4113 9 3215
2649 3 7423
3676 2 7708
3998 3 9126
2932 5 4272
5093 5 3846
2705 1 4552
3452 3 7822
4116 39 5048
4271 2 4124
4971 3 6386
4587 2 8620
5262 3 6014
5262 3 9338
2354 1 4454
5300 5 3986
4077 3 5483
5123 3 7579
5379 2 6590
4705 2 4328
4169 3 9260
4507 3 9332
4507 2 7210
2552 1 3864
3093 4 8663
5111 1 5401
4033 29 7058
3592 11 7244
5696 1 7804
4627 1 3859
2495 2 4006
3619 5 4442
2267 10 7418
3705 3 5057
2750 20 8048
4231 3 6258
3345 3 9135
3559 1 4852
2455 2 9349
5470 2 8295
2248 5 4310
5150 1 3866
3053 3 9350
4786 2 4672
4521 1 4635
4309 2 9220
2034 5 4195
3942 2 4875
5051 3 9215
1921 2 8845
2271 3 4411
2317 3 9351
2317 2 8626
2317 2 9351
5610 7 9218
5610 7 9249
2056 2 8690
3026 2 5031
3545 1 5127
4739 3 7635
4113 8 5745
4113 9 9185
4113 9 7351
4404 1 9333
2870 2 7324
5661 2 7779
4072 2 7772
2515 2 9227
5305 2 6902
2961 24 9076
3415 1 3864
3195 2 9181
4473 1 4199
4321 5 3859
3292 1 5845
2379 1 4195
3779 1 4456
3131 3 6024
4095 2 5522
4869 5 4419
3029 2 4052
5066 3 4810
1987 3 6394
2282 3 8456
2495 3 9327
3956 3 4812
4907 2 8875
3544 10 7545
3593 1 3942
4945 1 6797
5523 1 4183
2008 3 7033
2802 1 3897
2064 18 8039
3933 1 4852
4993 2 5801
5216 5 6722
5576 1 8682
1949 2 4870
2681 3 7883
4785 3 7511
2547 2 4168
4413 24 4768
5628 1 5106
3942 3 8060
5617 2 7540
3445 2 8346
2161 1 3946
5610 7 9065
3680 3 9221
5181 1 4362
5659 3 4620
4031 2 9157
4739 3 9352
4517 1 9031
4113 8 5409
4113 8 9204
4113 9 4403
3233 2 6784
4857 1 4057
5633 5 9077
3496 2 6820
3676 1 4008
3704 1 3947
3950 2 4476
4132 3 8771
4147 2 5786
5546 1 5270
4078 3 9283
3678 3 6282
5124 1 4057
3347 2 4569
4872 2 9071
5381 2 9319
3532 2 9304
4921 2 8427
5193 3 3868
2793 1 4195
4244 3 5144
5262 3 8145
4168 2 4209
3882 3 6711
3738 1 3961
3004 1 3961
4002 24 9192
4291 3 5651
2869 3 9342
2439 3 9222
4507 2 7693
3223 2 9053
2282 2 4316
3525 3 7715
2062 1 4108
5189 2 5570
4825 1 5275
4835 2 9025
2505 3 5154
3345 3 8666
4337 1 4963
5263 5 5916
2008 3 9353
3284 3 6570
4609 2 6167
2517 3 7769
5167 2 7435
2455 3 8717
3952 3 7165
2661 5 4369
3050 1 6555
1924 2 7780
4706 1 4471
5548 2 9354
4702 2 9264
2229 2 9275
4434 3 8732
2319 31 7702
3819 1 3897
3942 3 8209
3045 5 4057
5610 6 7518
2056 5 8101
5120 3 8546
4113 8 7902
4113 8 5136
4113 8 4988
4113 9 6786
4113 9 8880
4113 9 8629
2860 2 4939
3745 2 4515
2353 2 9309
2007 2 9337
5168 2 7687
2766 3 7149
4163 1 4963
5070 3 9297
3970 4 9355
2213 39 7174
3347 3 8911
5155 1 4057
2410 3 8363
5644 17 3981
2277 1 4380
5153 1 4471
4502 3 9356
3019 1 4454
2038 3 8326
5520 2 5375
5520 5 4195
3882 2 5444
3132 2 5416
3834 3 8697
3581 3 5323
2840 1 4024
3163 2 9212
4169 1 4232
2439 2 9326
3979 2 7154
3591 2 6458
5711 1 4013
3620 3 7582
3599 1 3961
3397 2 5277
1939 3 5060
1989 5 6564
3345 2 7866
3345 2 9035
3617 1 3849
2665 3 4281
3890 20 4770
4912 3 8730
4912 2 7698
2285 2 7434
5208 1 5390
1981 1 4013
4966 3 8976
3931 1 4442
4656 2 4786
4786 2 8224
5548 3 9354
5227 2 6637
4840 5 5362
4332 2 7938
3374 1 3961
2587 3 8158
3872 1 8946
5610 6 7897
5610 6 8063
5610 6 9357
5610 7 8673
2308 2 8212
5255 5 4768
4113 8 4937
3775 4 3959
2353 2 7290
5053 1 3864
3037 1 4024
4359 3 8526
3490 2 5532
2870 3 6450
2228 1 4453
3868 1 4471
5359 4 9355
3218 3 4021
2410 3 9084
2823 23 951
3437 1 8202
5429 17 4410
3329 1 4272
4626 1 4391
4146 1 7103
4502 2 9356
3504 2 5928
4162 1 5105
3895 1 4852
4757 24 6056
3353 1 4077
3522 1 4391
1899 1 4416
4274 2 9306
3237 3 8454
2853 3 4234
4507 3 4467
4507 3 8904
4507 2 5505
5690 1 4416
5365 1 5421
1987 2 5353
2195 1 4150
5699 2 3889
2468 5 4455
3025 2 7991
4013 2 6057
5660 3 9224
3600 1 3846
2646 2 6332
4855 2 9154
2915 5 6457
4326 2 5162
3943 5 7212
4981 3 4970
5370 3 6495
5370 2 8765
2491 2 5578
4785 2 8705
4785 2 6101
3341 2 7220
3080 4 4349
3337 3 6915
3337 3 4283
3337 2 6721
4012 5 7417
4508 2 7747
3968 3 4547
3442 3 3880
5413 1 4050
3942 3 6864
3942 3 4750
3124 3 8114
4332 3 7644
4332 3 7751
2189 1 3864
3451 2 6372
2399 24 4347
2356 3 8462
5610 7 9357
2308 2 6246
4968 24 7417
3231 3 9067
3335 1 3864
4113 8 7700
4113 9 8116
4113 9 9345
4113 9 8083
2667 2 6087
5270 4 3959
4373 5 7713
4132 2 4576
2576 1 7588
2463 3 7601
2936 5 9358
3998 2 8236
2140 1 4496
5418 2 9043
1897 2 5439
2159 2 9211
5486 2 4446
5004 2 6456
4077 1 5161
5594 4 6682
3230 3 9305
2255 2 8275
4507 2 4368
3221 2 5684
5256 3 9240
5699 3 4655
5699 2 8715
5147 2 4910
1914 1 4150
2680 1 4057
2898 3 8729
5636 5 4768
5656 2 3904
1999 2 6364
4305 1 8939
2279 3 6884
2279 2 7491
2455 3 9349
5235 3 4446
4131 3 4670
1927 1 9246
3295 2 8991
3540 1 6349
4508 3 6658
3442 2 3880
3942 3 7566
4653 24 4013
2238 2 9217
2166 11 7317
4845 1 4876
5610 6 7071
4165 2 7220
4113 8 8827
4113 9 8826
4113 9 4400
4113 9 8758
2667 1 5258
3836 1 5161
5222 3 9070
5534 4 4349
5570 1 4232
2388 3 6668
4645 5 6261
2649 3 5823
4359 3 8496
4359 3 5507
2130 2 7636
5226 29 9291
2057 1 6868
3975 1 3864
4613 3 4546
2306 3 9330
4872 2 4636
4872 2 6351
2029 16 9311
5614 3 4155
5520 2 4356
4530 2 9149
4115 24 3895
3973 2 8241
3509 1 3961
3123 3 9266
2078 3 7053
3827 10 4523
3647 5 4191
4507 2 7505
3029 3 7400
2412 3 7882
2690 2 8189
3104 2 7948
5189 3 8151
5427 5 5019
3345 2 9269
2952 1 4391
2151 3 4418
2517 3 4441
5470 2 7509
5470 2 9359
5319 2 7718
2491 4 3959
4813 5 5161
1942 3 8822
3473 3 8955
3967 2 6436
4560 2 4786
2401 1 7417
2261 31 8980
3225 3 9248
5610 7 9300
3026 34 7519
2787 1 4010
5324 3 5590
2497 3 9360
2497 2 9360
5706 3 9325
3121 2 8753
4113 8 6475
4113 8 8385
4113 9 8798
4113 9 5704
4113 9 8959
4557 24 8586
2704 3 6644
4803 5 4044
2302 2 4895
5169 2 5087
2553 2 5990
3496 2 8802
3134 2 7757
3649 3 7660
2421 3 7573
2870 5 8998
4550 2 5117
2341 3 4414
2297 1 4057
4403 3 9139
5556 1 4380
4819 5 3846
3529 21 7502
4961 1 4362
5603 1 4362
5345 2 4857
5408 5 4362
3354 1 3846
5694 2 5679
2331 5 4479
3029 3 6998
3029 2 8016
2917 3 7831
3592 19 9099
4668 1 7079
3861 2 7214
4364 1 7915
4237 24 4453
4294 10 4836
4231 2 7110
5608 1 7531
3832 2 4715
3497 3 5244
2249 2 9294
3952 3 9361
5470 2 6976
2562 1 5662
2390 1 9242
1924 2 5533
2544 2 8537
3053 2 9350
2006 2 9362
4508 2 5768
3968 3 8024
2377 1 4901
2837 1 3897
1951 2 9314
3551 1 8939
2356 2 6606
4355 3 6918
3335 31 9094
2314 4 3959
4113 8 5343
2353 3 6382
3336 2 9146
5378 1 4044
4372 5 3963
4319 1 4635
2649 2 6631
2087 10 9125
5661 5 4347
3371 1 4013
4500 1 4217
4133 3 8213
4550 3 5764
3586 5 4534
5129 1 5106
5644 44 4815
5644 39 6112
5017 1 7079
5103 2 8460
4864 1 3916
2170 10 9177
1953 2 8832
4428 3 6155
2332 10 9334
2113 3 9182
2398 1 7630
4170 5 4013
3622 2 6045
4110 3 6650
2078 3 7270
3029 3 5054
1987 3 9344
4366 2 7684
2571 5 6358
2687 2 5117
3025 2 6124
4850 3 6625
2307 2 4363
4671 2 5562
1939 2 5182
3047 1 3897
4676 2 9134
3255 3 8330
3013 2 9244
4622 15 9140
4870 3 8853
2700 1 3888
4609 2 5017
4609 2 6551
2151 2 5479
1938 3 7034
5470 3 9123
4809 1 8250
3341 3 3909
1918 2 5363
3076 2 8416
2000 2 5851
3431 2 4494
4508 2 5665
3942 2 8879
3083 3 8081
2032 2 8135
3227 5 6271
5038 2 6503
5610 6 9203
5610 6 5635
5610 7 8750
4219 1 3864
2773 3 6070
2157 1 4635
5073 1 4010
5097 2 8382
3121 2 5079
4722 1 4957
2314 25 4221
4113 9 8783
3336 2 8801
3336 2 9336
5014 1 3916
5521 1 3864
3496 2 4802
4359 3 8949
2936 1 9358
2228 31 7354
5226 2 4792
4733 3 8951
4365 2 8759
2566 1 4272
2410 2 9021
1908 3 8400
5193 2 3978
5103 3 4637
4715 2 3943
2682 24 6343
5262 2 9229
3980 5 6694
4583 3 6904
5177 1 4108
3686 22 7483
2788 2 8472
4705 3 4328
4507 3 8309
4986 2 7398
2470 17 8432
2282 3 9343
2586 27 8510
5699 2 6488
2687 3 9143
4313 5 3972
5316 4 3851
3695 1 5061
3345 2 6091
3345 2 9348
2218 1 4362
5076 2 4967
3874 1 4768
3583 3 4493
5470 3 9359
4965 1 4191
2258 2 8208
3438 2 6335
2518 2 4074
2319 25 4221
4508 2 4051
2019 2 7928
5425 1 6555
3942 2 9299
5051 3 9216
5038 2 5930
3374 2 7533
2587 3 4720
5610 7 8615
5610 7 4138
2056 2 8982
4905 5 8877
2540 1 6343
4739 3 6414
4739 3 7016
4113 8 4962
4113 8 9069
3160 1 4294
4373 3 9047
5032 3 9341
4104 2 8181
4317 1 4991
4183 2 3977
2463 2 5825
4903 2 9303
3439 3 6872
2290 3 7858
2830 10 9318
3358 59 7173
3532 2 7235
2472 10 7008
4924 2 8603
5151 3 9148
5520 2 8903
3882 2 7503
4215 3 5751
2869 2 6117
4776 2 7679
3821 1 8349
1987 2 9059
4387 2 4385
4379 18 9335
4033 29 8327
2499 3 8516
3698 3 5990
2021 2 6766
4006 20 4387
4605 2 4173
4019 5 3993
3345 3 9339
4054 5 6723
3013 2 6528
2767 3 4965
3952 3 8983
2547 3 7137
2879 20 4898
2500 2 9308
5583 1 4796
5372 3 7844
4893 3 3939
4347 2 9313
5610 7 6581
5610 7 5123
3026 3 4614
5490 1 6736
3231 2 9112
5334 3 5010
3121 3 4777
2540 3 5743
4113 8 8362
4113 8 8800
4113 9 5594
2353 3 9340
4183 3 5821
3691 3 6706
2133 2 9196
3232 3 8711
2515 3 7945
2290 3 5342
2290 18 7965
3347 2 7821
4909 1 4057
2149 2 5555
3936 20 4251
4559 5 4217
2110 11 7968
2720 3 9331
5614 2 5050
4428 3 5470
5300 2 7458
5345 3 5753
2843 1 3961
1940 2 7958
2078 3 7735
4810 3 7667
2869 3 8341
3151 2 9279
4493 3 7863
3592 19 8819
3861 2 5402
2916 19 9142
5368 21 6397
4313 2 5273
3377 5 5662
3190 1 4377
3025 3 8789
4013 3 7992
5354 1 5807
4059 3 6300
4088 13 7995
4231 2 6858
3345 3 9293
3345 2 4819
3345 2 4544
3343 25 4221
4261 3 5949
4572 3 7912
3858 1 5061
4984 1 3961
2064 18 8395
2517 3 6950
4257 1 4150
5370 2 5735
2491 5 4764
4720 15 4076
3256 1 5873
5601 1 4058
3076 2 9363
4508 2 8285
3968 3 8734
3942 3 8248
2746 1 7370
3767 2 8026
4332 3 5119
1951 2 3852
5610 6 7941
5610 7 8436
2056 2 4460
2056 2 8268
4165 2 9364
3222 1 4808
2773 3 9324
4113 8 7943
4113 9 5255
4113 9 9365
2766 3 7548
3984 2 9302
1980 3 6668
5178 27 7180
3146 1 4442
5193 3 4948
3259 5 8349
5262 3 8785
3658 3 5869
3771 1 5386
2744 1 4362
2473 1 4362
2869 3 7971
2831 5 4362
4507 2 5978
2181 1 7915
4563 1 4442
4596 2 4168
5386 2 8975
2904 2 7835
5295 2 7766
1939 2 6627
4676 3 5841
2064 18 8791
1956 2 9054
5470 3 6885
3757 3 9274
1978 2 8716
2896 1 4217
5370 2 9145
3576 3 5016
2604 1 5227
2518 3 9234
4992 3 8984
4508 2 5630
3968 2 8660
3330 2 8869
3180 3 6052
4355 3 8736
3026 3 8647
3906 3 4346
2497 2 5742
2190 1 8245
2874 1 7321
3121 3 8754
4449 2 5126
2314 31 5546
2314 14 7195
4113 9 5547
4113 9 4839
5212 5 8468
2007 3 5406
4359 3 6790
3639 2 8950
5616 5 4861
2341 3 9128
2689 2 7859
3226 1 6400
3347 3 9271
5203 2 8804
3150 31 9316
4733 2 5866
3398 10 8772
5193 3 7552
4967 2 5416
4920 5 6331
2076 3 5145
4100 5 4050
3801 1 7804
2559 2 9023
2235 3 7126
2222 1 8652
2078 3 9232
4643 3 8761
4507 3 7301
5066 5 6855
4238 2 6138
4042 1 8305
3592 19 7712
4983 4 4349
5699 2 8242
5699 5 4222
5043 1 4963
5201 5 8945
3360 29 8665
2505 2 8129
3677 3 7698
4073 3 4543
3255 2 8330
3345 3 8532
3345 2 8204
2008 2 9353
5174 3 7888
4545 5 8586
3751 1 5623
2955 1 4199
5040 1 4108
5530 1 4851
4143 24 5523
4788 3 8345
5606 1 9347
4993 2 8328
5216 2 4724
4210 5 4825
4040 1 8940
3341 3 4637
2286 2 6536
4434 2 4283
3076 3 9270
3076 2 9027
4508 2 7590
4508 2 5171
5051 2 8098
5610 7 5954
5084 2 7724
4985 1 4013
4739 2 9352
2314 10 4020
4232 3 7616
4113 8 9365
4113 8 9346
4113 9 5998
2667 3 6155
3808 3 7981
5302 2 8692
5198 1 3864
2563 1 4852
3640 2 4306
4823 2 7550
4903 3 9127
3347 3 6929
3156 10 6591
3113 44 3961
3182 4 5367
4583 2 7925
3351 2 7240
4030 1 4174
2078 2 6713
5253 3 6592
4507 3 8501
4507 2 6522
1987 3 5655
5579 1 4471
2495 2 6325
3861 5 4999
2916 31 9163
5699 3 8852
2013 1 3864
4243 3 8503
3006 1 9137
3255 2 4720
3161 1 4093
5443 1 4977
1938 2 4968
3817 2 7047
2567 1 6137
2380 29 8838
2006 3 9362
3076 3 9363
3967 3 4610
5433 2 7373
2000 3 6216
4508 2 5130
5034 1 4852
4368 5 4526
3942 3 9038
3451 2 8450
2474 3 6693
4355 3 8934
4165 3 9364
5389 5 4931
4113 8 5904
4113 8 8360
4113 9 5592
3696 3 9008
2208 1 5726
3652 5 6263
3766 5 5910
4752 3 3936
4860 1 4050
4147 2 3939
4638 2 9168
3087 1 4800
3452 2 3871
2960 1 4174
3323 10 7847
1906 3 7054
3412 3 8401
3686 44 3961
5004 3 9238
2078 3 8148
4114 2 7878
3014 3 9033
3014 2 8531
5328 24 6190
3151 2 4531
2160 1 4332
5253 3 5564
4507 2 7486
3029 3 9322
3815 2 9287
1987 3 6801
2690 3 6999
4366 3 7684
2246 3 9108
3038 1 4454
3500 1 5258
3951 3 9272
4231 2 4599
4216 3 8132
4209 2 6434
5287 1 5413
5104 1 4616
3952 3 8058
3952 2 9361
4974 1 5213
0 0 21
0 0 23
0 0 24
0 0 25
0 0 26
0 0 28
0 0 29
1 0 33
2 0 34
2 0 35
2 0 36
2 0 37
2 0 38
2 0 39
2 0 40
2 0 42
2 0 43
2 0 24
3 0 45
3 0 46
3 0 48
3 0 49
3 0 50
3 0 51
3 0 54
3 0 55
3 0 56
3 0 57
4 0 64
4 0 65
4 0 66
4 0 68
4 0 69
4 0 70
4 0 58
4 0 59
4 0 60
4 0 61
4 0 62
4 0 63
5 0 72
5 0 74
5 0 75
5 0 76
5 0 77
5 0 78
5 0 80
6 0 72
6 0 75
6 0 82
6 0 83
6 0 84
6 0 85
6 0 86
6 0 87
6 0 89
6 0 90
6 0 91
6 0 92
7 0 96
7 0 97
7 0 98
7 0 99
7 0 100
7 0 101
7 0 102
7 0 93
7 0 94
8 0 104
8 0 105
8 0 106
8 0 107
8 0 108
8 0 109
8 0 111
8 0 112
8 0 113
8 0 114
8 0 51
8 0 55
9 0 115
9 0 116
9 0 79
10 0 96
10 0 43
10 0 118
10 0 119
10 0 120
10 0 121
10 0 122
10 0 123
10 0 124
10 0 126
11 0 129
11 0 130
11 0 131
11 0 132
11 0 133
11 0 135
11 0 136
11 0 74
11 0 79
11 0 80
11 0 55
11 0 87
11 0 127
12 0 138
12 0 139
12 0 140
12 0 142
12 0 143
12 0 144
12 0 145
12 0 146
12 0 147
12 0 148
12 0 149
12 0 150
12 0 151
12 0 152
12 0 153
13 0 160
13 0 162
13 0 164
13 0 165
13 0 166
13 0 154
13 0 156
13 0 157
13 0 158
13 0 159
14 0 98
14 0 131
14 0 167
14 0 168
14 0 169
14 0 171
14 0 172
14 0 173
14 0 174
14 0 175
14 0 176
14 0 177
14 0 178
14 0 180
14 0 181
14 0 182
14 0 183
15 0 133
15 0 137
15 0 78
15 0 79
15 0 184
15 0 185
15 0 186
15 0 187
16 0 192
16 0 193
16 0 194
16 0 52
16 0 188
16 0 190
17 0 201
17 0 195
17 0 36
17 0 197
18 0 130
18 0 135
18 0 74
18 0 202
18 0 203
18 0 204
18 0 206
18 0 79
18 0 207
18 0 177
19 0 102
19 0 208
19 0 209
19 0 210
19 0 211
19 0 212
19 0 214
19 0 215
19 0 216
19 0 219
19 0 220
19 0 125
20 0 225
20 0 34
20 0 226
20 0 36
20 0 228
20 0 229
20 0 109
20 0 52
20 0 221
20 0 222
20 0 223
21 0 230
21 0 231
21 0 232
21 0 233
21 0 74
21 0 234
21 0 236
21 0 110
22 0 135
22 0 72
22 0 74
22 0 75
22 0 237
22 0 238
22 0 79
22 0 80
22 0 239
22 0 87
23 0 3
23 0 240
23 0 241
23 0 242
23 0 243
23 0 244
23 0 245
23 0 246
23 0 247
23 0 248
23 0 250
23 0 251
24 0 34
24 0 40
24 0 137
24 0 104
24 0 80
24 0 187
24 0 252
24 0 253
24 0 254
25 0 256
25 0 257
25 0 258
25 0 260
25 0 262
25 0 263
25 0 28
26 0 130
26 0 135
26 0 266
26 0 77
26 0 47
26 0 80
26 0 185
27 0 133
27 0 267
27 0 171
27 0 268
27 0 269
27 0 79
27 0 55
28 0 227
28 0 265
28 0 13
28 0 271
28 0 273
28 0 274
28 0 275
28 0 276
28 0 277
28 0 155
28 0 254
29 0 96
29 0 44
29 0 210
29 0 52
29 0 278
29 0 279
29 0 280
29 0 281
29 0 282
29 0 283
29 0 221
30 0 288
30 0 289
30 0 34
30 0 290
30 0 291
30 0 165
30 0 40
30 0 42
30 0 285
30 0 284
30 0 253
30 0 286
30 0 287
31 0 293
31 0 294
31 0 295
31 0 296
31 0 297
31 0 52
31 0 221
32 0 298
33 0 199
33 0 267
33 0 301
33 0 302
33 0 47
33 0 208
33 0 303
33 0 210
33 0 305
34 0 164
34 0 306
34 0 308
34 0 309
34 0 310
34 0 311
34 0 312
34 0 313
34 0 314
34 0 316
34 0 317
35 0 119
35 0 293
35 0 118
35 0 55
36 0 320
36 0 321
36 0 322
36 0 323
36 0 324
36 0 325
36 0 6
36 0 326
36 0 327
36 0 328
36 0 319
37 0 330
37 0 331
37 0 332
37 0 333
37 0 334
37 0 15
37 0 335
37 0 336
37 0 338
37 0 339
37 0 340
37 0 341
37 0 342
37 0 343
37 0 344
37 0 345
38 0 346
38 0 250
38 0 347
38 0 348
38 0 349
38 0 351
39 0 96
39 0 352
39 0 353
39 0 354
39 0 355
39 0 133
39 0 41
39 0 55
40 0 96
40 0 196
40 0 356
40 0 70
40 0 357
40 0 359
40 0 360
40 0 361
40 0 46
40 0 118
40 0 24
41 0 191
41 0 250
41 0 362
41 0 7
42 0 135
42 0 74
42 0 202
42 0 204
42 0 363
42 0 365
42 0 366
42 0 367
42 0 81
42 0 369
42 0 370
42 0 371
42 0 372
42 0 87
43 0 171
43 0 79
43 0 80
43 0 373
43 0 374
43 0 87
43 0 375
44 0 377
44 0 74
44 0 77
44 0 79
44 0 115
44 0 185
44 0 378
44 0 254
44 0 127
45 0 66
45 0 381
45 0 379
45 0 380
45 0 61
45 0 254
46 0 384
46 0 385
46 0 386
46 0 74
46 0 78
46 0 16
46 0 54
46 0 382
46 0 383
47 0 387
47 0 388
47 0 389
47 0 390
47 0 391
47 0 392
47 0 105
47 0 46
47 0 52
47 0 55
47 0 187
48 0 36
48 0 393
48 0 42
48 0 394
48 0 209
48 0 242
48 0 346
49 0 396
49 0 397
49 0 398
49 0 399
49 0 208
49 0 401
49 0 402
49 0 403
49 0 119
49 0 218
50 0 98
50 0 132
50 0 74
50 0 404
50 0 87
50 0 127
51 0 407
51 0 132
51 0 133
51 0 72
51 0 74
51 0 237
51 0 405
51 0 406
51 0 87
51 0 409
51 0 410
51 0 127
52 0 416
52 0 417
52 0 419
52 0 420
52 0 70
52 0 422
52 0 424
52 0 425
52 0 426
52 0 376
52 0 411
52 0 412
52 0 413
52 0 414
52 0 415
53 0 37
53 0 391
53 0 105
53 0 427
53 0 428
53 0 109
53 0 429
53 0 430
53 0 55
54 0 96
54 0 46
54 0 302
54 0 303
54 0 431
54 0 432
54 0 118
54 0 185
55 0 98
55 0 232
55 0 206
55 0 433
55 0 434
55 0 435
55 0 436
55 0 184
55 0 185
56 0 96
56 0 100
56 0 293
56 0 72
56 0 443
56 0 438
56 0 439
56 0 440
56 0 441
56 0 442
56 0 155
56 0 444
56 0 445
56 0 447
57 0 33
57 0 450
57 0 449
57 0 451
57 0 197
57 0 452
57 0 453
57 0 456
57 0 457
57 0 458
57 0 460
57 0 461
57 0 462
57 0 465
57 0 158
58 0 165
58 0 467
58 0 469
58 0 470
58 0 471
58 0 472
58 0 473
58 0 61
59 0 477
59 0 43
59 0 52
59 0 474
59 0 475
59 0 476
59 0 445
59 0 478
59 0 479
60 0 480
60 0 481
60 0 36
60 0 40
60 0 141
60 0 242
61 0 482
61 0 67
61 0 356
61 0 484
61 0 486
61 0 487
61 0 490
61 0 491
61 0 492
62 0 96
62 0 493
62 0 494
62 0 47
62 0 208
62 0 495
62 0 210
63 0 257
63 0 260
63 0 487
63 0 496
63 0 497
63 0 498
63 0 275
63 0 500
63 0 502
63 0 503
63 0 26
64 0 128
64 0 130
64 0 135
64 0 73
64 0 77
64 0 80
64 0 81
64 0 507
65 0 128
65 0 512
65 0 513
65 0 67
65 0 419
65 0 514
65 0 422
65 0 515
65 0 517
65 0 518
65 0 520
65 0 521
65 0 156
65 0 509
65 0 510
66 0 36
66 0 295
66 0 392
66 0 522
66 0 107
66 0 523
66 0 524
66 0 526
66 0 527
66 0 528
66 0 529
66 0 55
66 0 60
67 0 42
67 0 241
67 0 242
67 0 532
67 0 245
67 0 533
67 0 535
67 0 536
67 0 250
67 0 285
68 0 66
68 0 72
68 0 80
68 0 117
68 0 22
68 0 185
68 0 538
68 0 539
68 0 254
69 0 544
69 0 257
69 0 541
69 0 545
69 0 546
69 0 542
69 0 331
69 0 13
69 0 275
69 0 25
69 0 221
69 0 446
70 0 547
70 0 548
70 0 549
70 0 550
70 0 551
70 0 552
70 0 553
70 0 171
70 0 555
70 0 556
70 0 557
70 0 558
70 0 559
70 0 126
71 0 96
71 0 130
71 0 133
71 0 102
71 0 171
71 0 47
71 0 374
71 0 376
71 0 254
72 0 562
72 0 564
72 0 565
72 0 566
72 0 93
73 0 133
73 0 391
73 0 40
73 0 105
73 0 107
73 0 567
73 0 568
73 0 569
73 0 570
73 0 571
73 0 572
73 0 573
74 0 576
74 0 577
74 0 578
74 0 579
74 0 580
74 0 460
74 0 119
74 0 314
74 0 155
74 0 220
74 0 574
75 0 134
75 0 583
75 0 584
75 0 75
75 0 76
75 0 79
75 0 55
76 0 199
76 0 585
76 0 587
76 0 588
76 0 589
76 0 208
76 0 212
77 0 70
77 0 590
77 0 591
77 0 592
77 0 593
77 0 594
77 0 596
77 0 597
77 0 600
77 0 601
77 0 602
77 0 606
78 0 608
78 0 609
78 0 159
78 0 610
78 0 611
78 0 612
78 0 613
78 0 614
78 0 615
78 0 617
78 0 106
78 0 618
78 0 619
78 0 620
78 0 607
79 0 641
79 0 642
79 0 643
79 0 644
79 0 645
79 0 646
79 0 36
79 0 44
79 0 622
79 0 624
79 0 625
79 0 626
79 0 627
79 0 628
79 0 629
79 0 630
79 0 631
79 0 632
79 0 633
79 0 634
79 0 636
79 0 637
79 0 639
80 0 242
80 0 52
80 0 190
80 0 647
81 0 648
81 0 649
81 0 650
81 0 651
81 0 652
81 0 653
81 0 655
81 0 210
81 0 242
81 0 474
81 0 252
81 0 221
82 0 96
82 0 208
82 0 432
82 0 657
82 0 658
82 0 659
82 0 213
82 0 218
82 0 220
82 0 125
83 0 66
83 0 132
83 0 74
83 0 81
83 0 115
83 0 372
83 0 87
83 0 185
83 0 127
84 0 453
84 0 614
84 0 663
84 0 45
84 0 111
84 0 48
84 0 54
84 0 151
84 0 664
84 0 667
84 0 669
84 0 670
84 0 511
85 0 267
85 0 47
85 0 303
85 0 671
85 0 118
85 0 55
85 0 127
86 0 672
86 0 673
86 0 675
86 0 133
87 0 224
87 0 546
87 0 164
87 0 677
87 0 679
87 0 680
87 0 681
87 0 682
87 0 683
87 0 684
87 0 685
87 0 688
87 0 689
87 0 307
87 0 275
87 0 541
88 0 690
88 0 74
88 0 691
88 0 535
89 0 516
89 0 105
89 0 111
89 0 697
89 0 670
89 0 223
90 0 700
90 0 134
90 0 135
90 0 74
90 0 77
90 0 206
90 0 118
90 0 184
90 0 185
90 0 698
90 0 699
90 0 572
90 0 127
91 0 133
91 0 74
91 0 399
91 0 52
91 0 87
91 0 26
91 0 701
91 0 702
92 0 705
92 0 706
92 0 707
92 0 708
92 0 197
92 0 165
92 0 709
92 0 710
92 0 711
92 0 523
92 0 208
92 0 703
92 0 575
93 0 80
93 0 538
93 0 78
94 0 96
94 0 354
94 0 708
94 0 357
94 0 105
94 0 55
94 0 187
94 0 572
95 0 712
95 0 354
95 0 133
95 0 686
96 0 102
96 0 199
96 0 713
96 0 267
96 0 78
96 0 47
96 0 303
96 0 52
97 0 608
97 0 67
97 0 715
97 0 716
97 0 717
97 0 718
97 0 670
98 0 46
98 0 720
98 0 498
98 0 55
98 0 24
98 0 445
98 0 287
99 0 325
99 0 391
99 0 42
99 0 302
99 0 78
99 0 305
99 0 723
99 0 725
99 0 726
100 0 732
100 0 196
100 0 197
100 0 198
100 0 582
100 0 733
100 0 460
100 0 729
100 0 314
100 0 155
100 0 156
100 0 509
100 0 730
101 0 736
101 0 737
101 0 291
101 0 391
101 0 155
101 0 733
101 0 734
101 0 735
102 0 97
102 0 545
102 0 738
102 0 739
102 0 325
102 0 52
102 0 151
102 0 250
103 0 7
103 0 393
103 0 12
103 0 34
103 0 42
103 0 315
103 0 325
103 0 741
103 0 742
103 0 743
103 0 744
103 0 745
103 0 746
103 0 747
103 0 749
103 0 750
103 0 751
103 0 752
103 0 753
104 0 105
104 0 528
104 0 755
104 0 756
104 0 757
105 0 96
105 0 99
105 0 101
105 0 759
105 0 78
105 0 79
105 0 760
105 0 566
105 0 87
105 0 758
105 0 761
105 0 762
105 0 93
106 0 768
106 0 769
106 0 770
106 0 100
106 0 107
106 0 46
106 0 767
106 0 155
106 0 764
106 0 765
106 0 766
106 0 763
107 0 96
107 0 771
107 0 772
107 0 773
107 0 774
107 0 775
107 0 776
107 0 52
107 0 245
107 0 250
107 0 285
108 0 105
108 0 36
108 0 777
108 0 191
109 0 774
109 0 778
109 0 779
109 0 780
109 0 781
109 0 782
109 0 783
109 0 784
109 0 785
109 0 786
109 0 787
109 0 788
110 0 128
110 0 418
110 0 797
110 0 789
110 0 790
110 0 791
110 0 792
110 0 601
110 0 793
110 0 795
110 0 796
110 0 157
110 0 62
111 0 96
111 0 257
111 0 259
111 0 798
111 0 499
111 0 116
111 0 799
111 0 28
111 0 542
111 0 191
112 0 96
112 0 800
112 0 801
112 0 802
112 0 493
112 0 216
112 0 477
113 0 289
113 0 34
113 0 803
113 0 805
113 0 806
113 0 807
113 0 42
113 0 459
113 0 209
113 0 242
113 0 211
113 0 245
113 0 285
114 0 96
114 0 137
114 0 809
114 0 270
114 0 81
114 0 118
115 0 560
115 0 134
115 0 171
115 0 126
116 0 160
116 0 810
116 0 811
116 0 812
116 0 813
116 0 814
116 0 815
116 0 816
116 0 817
116 0 819
116 0 148
116 0 820
117 0 827
117 0 708
117 0 199
117 0 361
117 0 111
117 0 208
117 0 528
117 0 210
117 0 824
117 0 821
117 0 822
117 0 823
117 0 24
117 0 825
117 0 826
117 0 187
117 0 767
118 0 96
118 0 100
118 0 133
118 0 118
118 0 119
118 0 445
119 0 96
119 0 829
119 0 828
119 0 133
120 0 832
120 0 41
120 0 79
120 0 80
120 0 115
120 0 831
120 0 118
120 0 188
120 0 830
120 0 63
121 0 833
121 0 834
121 0 836
121 0 754
121 0 756
121 0 118
121 0 504
122 0 837
122 0 838
122 0 839
122 0 840
122 0 715
122 0 48
122 0 114
122 0 252
122 0 159
123 0 66
123 0 72
123 0 104
123 0 137
123 0 841
123 0 842
123 0 237
123 0 79
123 0 185
123 0 378
123 0 91
123 0 254
124 0 131
124 0 132
124 0 75
124 0 237
124 0 372
124 0 373
124 0 87
124 0 378
124 0 91
124 0 127
125 0 843
125 0 844
125 0 845
125 0 846
125 0 855
125 0 848
125 0 849
125 0 850
125 0 851
125 0 309
125 0 853
125 0 854
125 0 510
126 0 131
126 0 376
126 0 261
126 0 135
126 0 74
126 0 206
126 0 79
126 0 87
126 0 184
126 0 185
127 0 130
127 0 135
127 0 75
127 0 171
127 0 364
127 0 206
127 0 79
127 0 81
127 0 118
127 0 87
127 0 184
127 0 377
128 0 98
128 0 261
128 0 135
128 0 73
128 0 77
128 0 79
128 0 373
128 0 374
128 0 185
128 0 698
128 0 254
129 0 0
129 0 98
129 0 4
129 0 446
129 0 13
129 0 334
129 0 254
129 0 857
129 0 185
129 0 858
129 0 859
129 0 860
129 0 861
129 0 126
130 0 98
130 0 132
130 0 133
130 0 74
130 0 80
130 0 115
130 0 377
130 0 539
130 0 862
131 0 472
131 0 22
131 0 863
131 0 24
131 0 61
131 0 127
132 0 870
132 0 871
132 0 427
132 0 242
132 0 55
132 0 118
132 0 119
133 0 516
133 0 293
133 0 875
133 0 876
133 0 877
133 0 46
133 0 878
133 0 48
133 0 54
133 0 57
133 0 154
134 0 880
134 0 36
134 0 221
134 0 879
135 0 161
135 0 227
135 0 617
135 0 686
135 0 882
135 0 307
135 0 277
135 0 887
135 0 888
135 0 890
135 0 891
135 0 799
136 0 896
136 0 895
136 0 90
136 0 892
136 0 893
136 0 894
136 0 191
137 0 80
137 0 81
137 0 77
137 0 87
138 0 832
138 0 900
138 0 389
138 0 137
138 0 777
138 0 75
138 0 76
138 0 267
138 0 78
138 0 115
139 0 75
139 0 759
139 0 79
139 0 373
139 0 758
139 0 566
140 0 901
140 0 134
140 0 902
140 0 74
140 0 237
140 0 79
140 0 47
140 0 87
140 0 254
140 0 127
141 0 165
141 0 733
141 0 361
141 0 905
141 0 906
141 0 907
141 0 109
141 0 909
141 0 910
141 0 911
141 0 912
141 0 914
141 0 508
141 0 157
141 0 286
142 0 772
142 0 109
142 0 915
142 0 118
142 0 254
142 0 699
142 0 126
143 0 66
143 0 171
143 0 79
143 0 917
143 0 87
144 0 134
144 0 41
144 0 45
144 0 560
144 0 917
144 0 918
144 0 188
145 0 772
145 0 102
145 0 79
145 0 52
145 0 919
145 0 920
145 0 921
145 0 922
145 0 923
146 0 928
146 0 929
146 0 930
146 0 35
146 0 293
146 0 104
146 0 42
146 0 43
146 0 655
146 0 926
146 0 54
146 0 55
146 0 27
146 0 924
146 0 925
146 0 126
146 0 927
147 0 931
147 0 102
147 0 7
147 0 871
147 0 302
147 0 47
147 0 17
147 0 242
147 0 564
147 0 118
147 0 126
148 0 936
148 0 938
148 0 939
148 0 940
148 0 942
148 0 943
148 0 945
149 0 36
149 0 37
149 0 391
149 0 109
149 0 46
150 0 36
150 0 805
150 0 947
150 0 948
150 0 949
151 0 832
151 0 954
151 0 98
151 0 900
151 0 955
151 0 137
151 0 75
151 0 206
151 0 79
151 0 238
151 0 373
151 0 950
151 0 951
151 0 952
151 0 185
151 0 90
151 0 953
152 0 96
152 0 352
152 0 66
152 0 385
152 0 72
152 0 137
152 0 74
152 0 43
152 0 268
152 0 237
152 0 81
152 0 52
152 0 116
152 0 24
152 0 27
152 0 956
152 0 957
153 0 835
153 0 100
153 0 870
153 0 968
153 0 969
153 0 970
153 0 971
153 0 973
153 0 974
153 0 211
154 0 134
154 0 976
154 0 721
154 0 977
154 0 978
154 0 472
154 0 863
155 0 674
155 0 232
155 0 979
155 0 980
155 0 981
155 0 982
155 0 983
155 0 984
155 0 377
155 0 987
155 0 988
156 0 34
156 0 45
156 0 495
156 0 989
156 0 990
156 0 159
157 0 998
157 0 999
157 0 1000
157 0 44
157 0 527
157 0 54
157 0 475
157 0 221
158 0 513
158 0 516
158 0 517
158 0 159
158 0 163
158 0 422
158 0 187
158 0 196
158 0 708
158 0 1003
158 0 1004
158 0 1005
158 0 1006
158 0 111
158 0 1007
158 0 1008
158 0 1009
158 0 1010
158 0 508
158 0 509
159 0 481
159 0 199
159 0 393
159 0 654
159 0 401
159 0 242
159 0 1012
159 0 1013
159 0 220
160 0 708
160 0 133
160 0 102
160 0 199
160 0 46
160 0 52
160 0 55
160 0 57
160 0 572
160 0 413
161 0 608
161 0 36
161 0 356
161 0 357
161 0 72
161 0 105
161 0 361
161 0 107
161 0 46
161 0 1014
161 0 119
161 0 765
161 0 190
162 0 36
162 0 102
162 0 105
162 0 109
162 0 46
162 0 302
162 0 918
162 0 1016
163 0 41
163 0 1018
163 0 1017
164 0 674
164 0 473
164 0 66
164 0 979
165 0 196
165 0 105
165 0 107
165 0 878
165 0 16
165 0 498
165 0 54
165 0 799
166 0 34
166 0 930
166 0 100
166 0 36
166 0 42
166 0 362
166 0 109
166 0 654
166 0 52
166 0 250
166 0 507
166 0 285
167 0 1024
167 0 289
167 0 740
167 0 774
167 0 42
167 0 941
167 0 879
167 0 945
167 0 531
167 0 211
167 0 1023
168 0 96
168 0 1025
168 0 1026
168 0 808
168 0 528
168 0 89
169 0 928
169 0 1027
169 0 1028
169 0 197
169 0 1029
169 0 1030
169 0 1031
169 0 1032
169 0 1033
169 0 1034
169 0 308
170 0 60
170 0 477
171 0 548
171 0 1035
171 0 1036
171 0 1037
171 0 1038
171 0 1039
171 0 1040
171 0 1041
171 0 1042
171 0 893
172 0 354
172 0 36
172 0 145
172 0 883
172 0 52
172 0 277
172 0 1045
172 0 1046
172 0 1047
172 0 445
172 0 286
173 0 34
173 0 36
173 0 104
173 0 883
173 0 1048
173 0 1049
173 0 1050
173 0 1051
173 0 126
174 0 1056
174 0 1058
174 0 1059
174 0 1060
174 0 650
174 0 271
174 0 118
174 0 221
174 0 1053
174 0 1054
174 0 1055
175 0 96
175 0 376
175 0 772
175 0 102
175 0 841
175 0 52
175 0 184
175 0 126
175 0 127
176 0 257
176 0 34
176 0 483
176 0 36
176 0 1057
176 0 1062
176 0 879
176 0 498
176 0 23
176 0 28
176 0 191
177 0 712
177 0 109
177 0 989
177 0 210
177 0 125
177 0 119
177 0 221
177 0 286
178 0 1064
178 0 1065
178 0 1066
178 0 1067
178 0 1068
178 0 1069
178 0 1070
178 0 1071
178 0 276
178 0 798
179 0 37
179 0 332
179 0 1072
179 0 1073
179 0 1074
179 0 20
179 0 52
179 0 474
179 0 956
180 0 35
180 0 1077
181 0 131
181 0 36
181 0 1082
181 0 137
181 0 1079
181 0 24
181 0 1080
181 0 1083
182 0 456
182 0 1039
182 0 1087
182 0 22
182 0 854
182 0 56
182 0 474
182 0 1085
182 0 1086
182 0 223
183 0 1089
183 0 1090
183 0 1091
183 0 36
183 0 388
183 0 105
183 0 141
183 0 52
183 0 151
184 0 1092
184 0 133
184 0 293
184 0 1093
184 0 109
184 0 110
184 0 52
184 0 765
184 0 190
185 0 770
185 0 325
185 0 776
185 0 1097
185 0 1098
185 0 1099
185 0 46
185 0 210
185 0 212
185 0 823
185 0 219
185 0 124
185 0 286
186 0 36
186 0 357
186 0 1105
186 0 1106
186 0 1107
186 0 1108
186 0 55
186 0 442
186 0 191
187 0 555
187 0 300
187 0 1109
187 0 1110
187 0 1111
187 0 1112
187 0 1113
187 0 1114
187 0 126
188 0 740
188 0 1115
188 0 505
188 0 217
188 0 219
188 0 1117
188 0 446
188 0 1118
189 0 1120
189 0 1121
189 0 1122
189 0 1123
189 0 776
189 0 303
189 0 208
189 0 214
189 0 118
189 0 215
189 0 1119
190 0 1125
190 0 1126
190 0 1127
190 0 1128
190 0 1129
190 0 1130
190 0 1131
190 0 1132
190 0 1133
190 0 1134
190 0 1135
190 0 305
190 0 1015
190 0 219
191 0 577
191 0 770
191 0 199
191 0 1100
191 0 303
191 0 47
191 0 1136
191 0 659
191 0 118
192 0 46
192 0 1138
192 0 474
192 0 187
192 0 252
192 0 413
192 0 223
193 0 382
193 0 72
193 0 906
193 0 302
193 0 378
193 0 305
193 0 1141
193 0 280
193 0 1145
193 0 90
193 0 1144
193 0 254
194 0 1152
194 0 545
194 0 3
194 0 325
194 0 7
194 0 393
194 0 12
194 0 1146
194 0 1147
194 0 1149
194 0 1150
194 0 1151
195 0 96
195 0 1153
195 0 1154
195 0 74
195 0 75
195 0 171
195 0 79
195 0 47
195 0 81
195 0 115
195 0 118
195 0 87
195 0 127
196 0 192
196 0 1155
196 0 1156
196 0 445
196 0 254
197 0 4
197 0 1157
197 0 41
197 0 44
197 0 13
197 0 52
197 0 569
197 0 445
198 0 806
198 0 1158
198 0 1159
198 0 1160
198 0 1161
198 0 1162
198 0 1163
198 0 1165
198 0 1166
198 0 1167
198 0 243
198 0 532
198 0 535
198 0 536
198 0 250
198 0 347
199 0 96
199 0 36
199 0 581
199 0 70
199 0 102
199 0 46
199 0 212
199 0 119
199 0 60
200 0 897
200 0 171
200 0 87
200 0 1016
200 0 538
200 0 380
201 0 1168
201 0 1169
201 0 1170
201 0 1171
201 0 1172
201 0 1023
202 0 295
202 0 231
202 0 957
202 0 80
202 0 498
202 0 1174
202 0 1175
202 0 1176
202 0 1177
202 0 1178
202 0 891
202 0 445
202 0 767
203 0 541
203 0 53
203 0 1094
204 0 224
204 0 771
204 0 36
204 0 427
204 0 303
204 0 445
205 0 96
205 0 772
205 0 41
205 0 575
205 0 78
205 0 79
205 0 118
205 0 89
205 0 1180
205 0 286
205 0 95
206 0 1183
206 0 1092
206 0 105
206 0 109
206 0 46
206 0 55
206 0 154
206 0 1181
206 0 1182
206 0 607
207 0 832
207 0 1188
207 0 75
207 0 237
207 0 79
207 0 951
207 0 87
207 0 184
207 0 91
208 0 608
208 0 257
208 0 498
208 0 883
208 0 277
208 0 85
209 0 800
209 0 581
209 0 395
209 0 1077
209 0 218
209 0 220
210 0 376
210 0 134
210 0 135
210 0 74
210 0 79
210 0 184
210 0 185
210 0 254
211 0 98
211 0 99
211 0 101
211 0 1190
211 0 135
211 0 759
211 0 761
211 0 566
211 0 87
211 0 184
211 0 377
211 0 758
211 0 127
212 0 196
212 0 1191
212 0 1192
212 0 297
212 0 1193
212 0 719
212 0 51
212 0 53
213 0 128
213 0 325
213 0 968
213 0 1195
213 0 1196
213 0 77
213 0 47
213 0 126
213 0 223
214 0 267
214 0 1198
214 0 78
214 0 1199
214 0 115
214 0 87
215 0 132
215 0 135
215 0 77
215 0 81
215 0 1201
215 0 87
216 0 73
216 0 74
216 0 77
216 0 81
216 0 692
216 0 1204
216 0 1205
216 0 87
216 0 1206
217 0 96
217 0 267
217 0 55
217 0 376
217 0 1208
217 0 254
217 0 127
218 0 67
218 0 1209
218 0 426
218 0 107
218 0 74
218 0 601
218 0 1210
218 0 1211
218 0 1212
218 0 735
219 0 1216
219 0 289
219 0 1215
219 0 1217
219 0 36
219 0 806
219 0 7
219 0 42
219 0 655
219 0 211
219 0 1213
219 0 927
220 0 386
220 0 1218
220 0 1219
220 0 136
220 0 45
220 0 52
220 0 694
220 0 55
220 0 126
221 0 354
221 0 36
221 0 105
221 0 46
221 0 111
221 0 53
221 0 57
221 0 221
221 0 159
222 0 450
222 0 1220
222 0 1221
222 0 1222
222 0 1223
222 0 362
222 0 109
222 0 947
223 0 98
223 0 80
223 0 404
223 0 118
223 0 376
224 0 3
224 0 1225
224 0 1226
224 0 1227
224 0 109
224 0 654
224 0 655
224 0 755
224 0 1118
225 0 73
225 0 202
225 0 75
225 0 1229
225 0 115
225 0 372
225 0 87
226 0 131
226 0 483
226 0 72
226 0 104
226 0 137
226 0 237
226 0 957
226 0 117
226 0 22
226 0 24
226 0 252
226 0 413
227 0 1153
227 0 46
227 0 1230
227 0 1231
227 0 61
227 0 118
227 0 920
227 0 125
228 0 1040
228 0 1239
228 0 1240
228 0 1241
228 0 1242
228 0 575
229 0 98
229 0 131
229 0 72
229 0 73
229 0 78
229 0 81
229 0 87
229 0 698
229 0 185
229 0 538
229 0 1244
229 0 1245
230 0 802
230 0 772
230 0 902
230 0 776
230 0 714
230 0 79
230 0 47
230 0 303
230 0 210
230 0 118
230 0 253
231 0 1248
231 0 1249
231 0 1247
231 0 1251
231 0 36
231 0 42
231 0 362
231 0 426
231 0 53
231 0 250
231 0 191
232 0 1252
232 0 1253
232 0 1254
232 0 1255
232 0 1256
232 0 105
232 0 46
232 0 1183
233 0 385
233 0 98
233 0 131
233 0 132
233 0 1218
233 0 137
233 0 1257
233 0 1258
233 0 79
233 0 951
233 0 184
233 0 185
234 0 859
234 0 74
234 0 171
234 0 364
234 0 1259
234 0 1260
234 0 52
234 0 918
234 0 87
234 0 539
234 0 61
235 0 102
235 0 1261
235 0 1262
235 0 1263
235 0 1172
235 0 920
235 0 219
235 0 1180
236 0 482
236 0 486
236 0 582
236 0 1264
236 0 465
236 0 1265
236 0 52
236 0 314
236 0 477
237 0 41
237 0 75
237 0 1259
237 0 45
237 0 1260
237 0 1266
237 0 917
237 0 87
237 0 63
238 0 0
238 0 8
238 0 10
238 0 13
238 0 307
238 0 329
238 0 330
238 0 971
238 0 332
238 0 333
238 0 337
238 0 344
238 0 345
238 0 1267
238 0 1268
238 0 1269
238 0 1270
238 0 1271
238 0 1272
238 0 1273
239 0 133
239 0 74
239 0 206
239 0 79
239 0 919
239 0 915
239 0 87
239 0 184
240 0 1280
240 0 897
240 0 130
240 0 558
240 0 176
240 0 438
240 0 1278
240 0 442
240 0 1276
240 0 1277
240 0 126
240 0 1279
241 0 96
241 0 1281
241 0 1282
241 0 102
241 0 136
241 0 906
241 0 1098
241 0 494
241 0 208
241 0 376
242 0 450
242 0 1220
242 0 1029
242 0 1284
242 0 1286
242 0 1287
242 0 1288
242 0 1289
242 0 1290
242 0 1291
242 0 1292
242 0 947
242 0 1147
242 0 924
242 0 286
243 0 544
243 0 257
243 0 1057
243 0 26
243 0 1293
243 0 1294
243 0 879
243 0 499
243 0 276
243 0 1278
243 0 442
243 0 542
244 0 192
244 0 1093
244 0 261
244 0 1295
244 0 1296
244 0 118
245 0 1283
245 0 165
245 0 102
245 0 776
245 0 1012
245 0 119
245 0 280
245 0 286
246 0 353
246 0 354
246 0 355
246 0 385
246 0 37
246 0 41
246 0 1298
246 0 499
246 0 252
246 0 221
247 0 130
247 0 137
247 0 377
247 0 110
247 0 115
247 0 184
247 0 185
247 0 1018
248 0 740
248 0 805
248 0 1299
248 0 1300
248 0 1301
248 0 1302
249 0 96
249 0 738
249 0 36
249 0 41
249 0 1303
249 0 253
250 0 1304
250 0 1305
250 0 764
251 0 73
251 0 171
251 0 363
251 0 206
251 0 79
251 0 1201
251 0 1202
251 0 87
251 0 377
252 0 96
252 0 128
252 0 802
252 0 1312
252 0 1030
252 0 302
252 0 119
252 0 1309
252 0 1310
252 0 1311
253 0 66
253 0 1317
253 0 1199
253 0 953
253 0 445
254 0 257
254 0 1318
254 0 109
254 0 13
254 0 498
254 0 499
255 0 35
255 0 197
255 0 6
255 0 7
255 0 1319
255 0 1320
255 0 1321
255 0 331
255 0 13
255 0 14
255 0 333
255 0 857
256 0 96
256 0 98
256 0 1322
256 0 399
256 0 373
256 0 377
256 0 254
257 0 1261
257 0 302
257 0 398
257 0 212
257 0 1172
257 0 118
257 0 218
257 0 1119
258 0 36
258 0 1325
258 0 110
258 0 1326
258 0 1327
258 0 1328
258 0 275
258 0 438
258 0 187
258 0 863
259 0 96
259 0 805
259 0 241
259 0 1329
259 0 1331
259 0 190
260 0 1249
260 0 34
260 0 36
260 0 228
260 0 52
260 0 1333
260 0 1334
261 0 483
261 0 261
261 0 844
261 0 1338
261 0 21
261 0 854
261 0 1335
261 0 1336
261 0 1337
261 0 474
261 0 1339
261 0 479
262 0 1342
262 0 1063
262 0 531
262 0 756
262 0 119
262 0 1340
262 0 1341
262 0 286
263 0 96
263 0 133
263 0 134
263 0 102
263 0 998
263 0 52
263 0 250
264 0 66
264 0 98
264 0 133
264 0 74
264 0 77
264 0 115
264 0 117
264 0 373
264 0 87
264 0 127
265 0 1345
265 0 1346
265 0 1347
265 0 36
265 0 1349
265 0 102
265 0 1350
265 0 1351
265 0 109
265 0 52
265 0 278
266 0 96
266 0 36
266 0 133
266 0 102
266 0 136
266 0 105
266 0 107
266 0 235
266 0 78
266 0 46
266 0 80
266 0 52
266 0 118
266 0 920
267 0 1057
267 0 1353
267 0 1354
267 0 361
267 0 25
268 0 1355
268 0 1356
268 0 1357
268 0 1358
268 0 79
268 0 184
268 0 377
268 0 538
268 0 382
269 0 34
269 0 36
269 0 362
269 0 109
269 0 1362
270 0 681
270 0 1363
270 0 1365
271 0 200
271 0 1333
271 0 1367
271 0 1368
271 0 1369
271 0 1370
271 0 1371
271 0 1372
271 0 1373
271 0 1375
272 0 36
272 0 392
272 0 241
272 0 242
272 0 347
272 0 1148
273 0 1376
273 0 1377
273 0 1378
273 0 1379
273 0 1381
273 0 1382
273 0 1383
274 0 223
274 0 163
274 0 453
274 0 1253
274 0 615
274 0 1384
274 0 1386
274 0 1387
274 0 1388
274 0 141
274 0 1390
274 0 53
274 0 863
274 0 695
274 0 56
274 0 159
275 0 78
275 0 46
275 0 47
275 0 1391
275 0 1392
275 0 1393
275 0 1140
275 0 1395
275 0 280
275 0 863
276 0 41
276 0 105
276 0 1259
276 0 46
276 0 399
276 0 1397
276 0 1398
276 0 1399
276 0 1400
276 0 413
276 0 863
277 0 1253
277 0 43
277 0 1402
277 0 347
277 0 188
277 0 190
278 0 194
278 0 171
278 0 235
278 0 528
278 0 469
278 0 863
278 0 55
278 0 188
278 0 127
279 0 66
279 0 131
279 0 135
279 0 73
279 0 75
279 0 1403
280 0 325
280 0 102
280 0 138
280 0 1103
280 0 788
280 0 55
280 0 187
281 0 483
281 0 1315
281 0 37
281 0 109
281 0 878
281 0 1405
281 0 1404
281 0 956
281 0 445
281 0 1406
281 0 1407
282 0 96
282 0 98
282 0 135
282 0 74
282 0 75
282 0 80
282 0 185
283 0 96
283 0 1408
283 0 1001
283 0 332
283 0 13
283 0 118
284 0 200
284 0 21
284 0 1374
284 0 1311
285 0 210
285 0 242
285 0 243
286 0 128
286 0 1409
286 0 130
286 0 1410
286 0 1411
286 0 1412
286 0 1414
286 0 135
286 0 137
286 0 361
286 0 77
286 0 237
286 0 80
286 0 376
287 0 1218
287 0 838
287 0 1415
287 0 1418
287 0 821
287 0 918
287 0 572
288 0 99
288 0 1316
288 0 1419
288 0 1420
288 0 78
288 0 566
288 0 758
288 0 93
289 0 5
289 0 806
289 0 7
289 0 1029
289 0 1422
289 0 241
289 0 245
289 0 217
289 0 1117
290 0 1185
290 0 1122
290 0 1186
290 0 41
290 0 1423
290 0 1424
290 0 52
290 0 118
290 0 184
290 0 699
290 0 700
291 0 105
291 0 1259
291 0 46
291 0 80
291 0 52
291 0 118
291 0 55
291 0 863
291 0 127
292 0 96
292 0 1184
292 0 46
292 0 655
292 0 1425
292 0 1426
292 0 1427
292 0 1428
292 0 125
292 0 543
293 0 36
293 0 947
293 0 52
293 0 1429
293 0 949
293 0 1431
293 0 1432
293 0 1433
293 0 1434
293 0 1435
294 0 128
294 0 136
294 0 267
294 0 235
294 0 979
294 0 87
294 0 1436
295 0 1131
295 0 46
295 0 210
295 0 827
295 0 1437
295 0 1438
296 0 902
296 0 8
296 0 147
296 0 21
296 0 22
296 0 1439
296 0 1440
296 0 1441
296 0 1442
296 0 1443
296 0 1444
296 0 681
296 0 939
296 0 307
296 0 53
296 0 184
296 0 329
296 0 988
296 0 110
296 0 886
297 0 1447
297 0 325
297 0 1446
297 0 1167
298 0 128
298 0 136
298 0 137
298 0 1448
298 0 1449
298 0 1450
298 0 77
298 0 206
298 0 1451
298 0 80
298 0 1452
298 0 118
298 0 376
299 0 928
299 0 289
299 0 36
299 0 1445
299 0 42
299 0 747
299 0 1454
299 0 241
299 0 348
299 0 284
300 0 0
300 0 5
300 0 331
300 0 460
300 0 1422
300 0 1455
300 0 1275
300 0 732
300 0 478
301 0 134
301 0 79
301 0 560
301 0 976
301 0 917
301 0 127
302 0 1408
302 0 98
302 0 130
302 0 137
302 0 1258
302 0 268
302 0 270
302 0 81
302 0 1457
302 0 692
302 0 185
303 0 96
303 0 105
303 0 46
303 0 1459
303 0 280
303 0 859
303 0 254
304 0 72
304 0 1257
304 0 74
304 0 236
304 0 46
304 0 52
304 0 117
304 0 1461
304 0 55
304 0 252
304 0 61
304 0 127
305 0 79
305 0 1199
305 0 437
305 0 87
305 0 184
305 0 185
305 0 538
306 0 1463
306 0 98
306 0 923
306 0 267
306 0 1230
306 0 399
306 0 1462
306 0 919
306 0 91
306 0 254
307 0 134
307 0 75
307 0 77
307 0 399
307 0 55
307 0 1464
307 0 377
307 0 63
308 0 96
308 0 66
308 0 1026
308 0 78
308 0 87
308 0 1465
308 0 1466
309 0 96
309 0 740
309 0 392
309 0 105
309 0 523
309 0 652
309 0 46
309 0 1103
309 0 946
309 0 250
309 0 190
310 0 551
310 0 171
310 0 145
310 0 433
310 0 115
310 0 118
310 0 87
310 0 1468
310 0 1469
310 0 126
311 0 96
311 0 673
311 0 35
311 0 196
311 0 197
311 0 752
311 0 118
311 0 438
311 0 24
311 0 729
311 0 474
311 0 187
311 0 253
311 0 1470
312 0 1472
312 0 1474
312 0 1475
312 0 3
312 0 1150
313 0 1330
313 0 1476
313 0 805
314 0 98
314 0 130
314 0 134
314 0 135
314 0 77
314 0 79
314 0 80
314 0 81
314 0 87
314 0 185
315 0 1026
315 0 1477
315 0 1478
315 0 1404
315 0 126
315 0 127
316 0 962
316 0 1481
316 0 1482
316 0 1484
316 0 1486
316 0 1010
316 0 314
316 0 763
316 0 510
317 0 36
317 0 295
317 0 765
317 0 107
317 0 46
317 0 1487
317 0 1488
317 0 24
317 0 474
317 0 956
317 0 221
317 0 190
318 0 241
318 0 210
318 0 1491
318 0 1489
318 0 1490
319 0 1495
319 0 104
319 0 109
319 0 1492
319 0 277
319 0 1493
319 0 1494
320 0 708
320 0 359
320 0 46
320 0 1138
320 0 1496
320 0 187
320 0 572
320 0 413
321 0 102
321 0 134
321 0 392
321 0 105
321 0 47
321 0 528
321 0 114
321 0 1174
321 0 55
321 0 861
321 0 863
322 0 96
322 0 102
322 0 118
322 0 376
322 0 1497
322 0 1498
322 0 216
323 0 115
323 0 863
323 0 87
323 0 184
323 0 1500
323 0 127
324 0 708
324 0 1097
324 0 1503
324 0 460
324 0 589
324 0 303
324 0 111
324 0 1175
324 0 1501
324 0 1502
324 0 863
325 0 66
325 0 72
325 0 74
325 0 237
325 0 79
325 0 87
325 0 88
325 0 539
326 0 1504
326 0 1409
326 0 133
326 0 1258
326 0 267
326 0 79
326 0 47
326 0 434
326 0 923
327 0 1505
327 0 131
327 0 133
327 0 135
327 0 109
327 0 238
327 0 80
327 0 22
327 0 184
327 0 377
327 0 538
328 0 134
328 0 79
328 0 81
328 0 374
328 0 87
328 0 184
329 0 96
329 0 98
329 0 1506
329 0 77
329 0 1200
329 0 87
329 0 185
330 0 96
330 0 80
330 0 118
330 0 55
330 0 538
331 0 199
331 0 303
331 0 304
331 0 215
331 0 187
331 0 1503
332 0 1508
332 0 293
332 0 517
332 0 295
332 0 1509
332 0 1510
332 0 1511
332 0 460
332 0 187
332 0 1138
332 0 1237
332 0 155
333 0 35
333 0 708
333 0 486
333 0 360
333 0 1512
333 0 1513
333 0 1514
333 0 1100
333 0 1515
333 0 46
333 0 1517
333 0 1136
333 0 442
333 0 158
334 0 1352
334 0 1293
334 0 1520
334 0 497
334 0 1521
334 0 275
334 0 500
334 0 1277
334 0 30
335 0 442
335 0 1522
336 0 134
336 0 73
336 0 74
336 0 87
336 0 377
336 0 127
337 0 267
337 0 1523
337 0 1524
337 0 1525
337 0 55
338 0 208
338 0 210
338 0 738
338 0 1342
339 0 864
339 0 35
339 0 36
339 0 1527
339 0 297
339 0 141
339 0 48
339 0 1526
339 0 471
340 0 1374
340 0 867
340 0 1534
340 0 1514
340 0 1105
340 0 1010
340 0 30
340 0 1528
340 0 1529
340 0 1530
340 0 1532
340 0 958
341 0 1536
341 0 196
341 0 36
341 0 615
341 0 1416
341 0 362
341 0 1514
341 0 1535
341 0 53
341 0 888
341 0 155
341 0 156
341 0 735
342 0 833
342 0 1538
342 0 1539
342 0 1540
342 0 102
342 0 906
342 0 78
342 0 47
342 0 119
342 0 920
343 0 224
343 0 1541
343 0 1543
343 0 1544
343 0 1545
343 0 1004
343 0 1325
343 0 462
343 0 883
343 0 1174
343 0 1047
343 0 223
344 0 1257
344 0 106
344 0 1547
344 0 878
344 0 46
344 0 1396
345 0 353
345 0 37
345 0 235
345 0 1550
345 0 80
345 0 118
345 0 22
345 0 90
346 0 577
346 0 754
346 0 659
346 0 476
346 0 445
347 0 96
347 0 100
347 0 38
347 0 756
347 0 53
348 0 26
349 0 232
349 0 377
349 0 79
349 0 22
349 0 185
349 0 538
349 0 799
350 0 1553
350 0 476
350 0 36
351 0 1248
351 0 535
351 0 7
351 0 1224
351 0 300
351 0 657
351 0 242
351 0 1554
351 0 245
351 0 55
351 0 1175
351 0 250
351 0 989
352 0 96
352 0 36
352 0 145
352 0 52
352 0 542
353 0 135
353 0 73
353 0 77
353 0 79
353 0 81
353 0 115
353 0 1557
353 0 87
353 0 127
354 0 1568
354 0 417
354 0 1565
354 0 520
354 0 1000
354 0 1516
354 0 1567
354 0 20
354 0 1560
354 0 1562
354 0 1564
354 0 157
354 0 1566
354 0 1407
355 0 1570
355 0 37
355 0 133
355 0 41
355 0 75
355 0 235
355 0 1324
355 0 270
355 0 57
355 0 859
355 0 252
356 0 96
356 0 98
356 0 557
356 0 79
356 0 118
356 0 184
356 0 126
357 0 1571
357 0 1572
357 0 1573
357 0 102
357 0 1574
357 0 1575
357 0 651
357 0 236
358 0 295
358 0 1576
358 0 137
358 0 361
358 0 1577
358 0 45
358 0 1235
358 0 1337
358 0 1469
359 0 1551
359 0 544
359 0 673
359 0 800
359 0 1580
359 0 1581
359 0 1582
359 0 1583
359 0 1584
359 0 55
359 0 442
359 0 1471
359 0 217
359 0 96
359 0 100
359 0 740
359 0 1518
359 0 1276
359 0 1277
360 0 135
360 0 72
360 0 73
360 0 171
360 0 77
360 0 80
360 0 81
361 0 96
361 0 304
361 0 1588
361 0 118
362 0 102
362 0 232
362 0 78
362 0 1589
362 0 1590
362 0 1591
362 0 377
362 0 91
363 0 141
363 0 46
363 0 47
363 0 276
363 0 280
363 0 1593
364 0 1185
364 0 36
364 0 1254
364 0 1322
364 0 1424
364 0 1399
364 0 1016
364 0 1595
364 0 60
364 0 1597
364 0 1596
365 0 96
365 0 325
365 0 393
365 0 395
365 0 52
365 0 216
366 0 192
366 0 1600
366 0 275
366 0 1598
366 0 1599
367 0 0
367 0 1601
367 0 1347
367 0 4
367 0 1348
367 0 13
367 0 334
367 0 654
367 0 1303
367 0 887
367 0 857
367 0 858
367 0 1051
367 0 860
367 0 445
367 0 254
368 0 418
368 0 36
368 0 356
368 0 523
368 0 46
368 0 114
368 0 850
368 0 279
368 0 57
368 0 155
369 0 134
369 0 377
369 0 74
369 0 75
369 0 560
369 0 434
369 0 115
369 0 185
369 0 254
369 0 127
370 0 130
370 0 1602
370 0 361
370 0 74
370 0 363
370 0 79
370 0 184
370 0 859
370 0 254
371 0 802
371 0 102
371 0 87
372 0 393
372 0 36
372 0 325
372 0 1276
373 0 98
373 0 1315
373 0 4
373 0 1604
373 0 1605
373 0 1606
373 0 136
373 0 1608
373 0 1609
373 0 972
373 0 973
373 0 185
374 0 96
374 0 102
374 0 1610
374 0 1261
374 0 494
374 0 1262
374 0 1363
374 0 1172
374 0 1589
375 0 128
375 0 135
375 0 72
375 0 74
375 0 1612
375 0 77
375 0 1613
375 0 79
375 0 1232
375 0 117
375 0 1557
375 0 87
375 0 88
376 0 34
376 0 930
376 0 1476
376 0 42
376 0 362
376 0 879
376 0 1615
376 0 1616
376 0 531
377 0 611
377 0 356
377 0 484
377 0 107
377 0 1517
377 0 1617
377 0 1586
377 0 1618
377 0 852
377 0 1620
377 0 1079
378 0 388
378 0 523
378 0 46
378 0 55
378 0 697
379 0 389
379 0 136
379 0 1448
379 0 117
379 0 126
379 0 127
380 0 305
380 0 266
380 0 1621
380 0 301
381 0 96
381 0 70
381 0 87
381 0 1623
381 0 120
381 0 1625
381 0 1626
381 0 1627
381 0 1628
381 0 1630
382 0 1632
382 0 134
382 0 267
382 0 46
382 0 1230
382 0 1231
382 0 1631
382 0 435
382 0 895
382 0 863
382 0 471
382 0 127
383 0 96
383 0 1633
383 0 136
383 0 74
383 0 560
383 0 1011
383 0 52
383 0 376
383 0 127
384 0 171
384 0 79
384 0 374
384 0 863
384 0 185
384 0 63
385 0 98
385 0 131
385 0 171
385 0 78
385 0 184
385 0 185
385 0 254
386 0 776
386 0 155
386 0 928
386 0 35
386 0 677
386 0 308
386 0 196
386 0 727
386 0 729
386 0 1502
386 0 1634
386 0 1635
386 0 1637
386 0 1638
386 0 1640
386 0 1641
386 0 1642
386 0 1643
386 0 1645
386 0 1646
386 0 1647
387 0 353
387 0 37
387 0 72
387 0 106
387 0 75
387 0 237
387 0 87
388 0 163
388 0 106
388 0 235
388 0 511
388 0 878
388 0 48
388 0 1648
388 0 1650
388 0 1556
388 0 190
388 0 159
389 0 192
389 0 1025
389 0 130
389 0 1258
389 0 77
389 0 81
389 0 1202
389 0 1652
389 0 87
389 0 538
389 0 253
390 0 1057
390 0 37
390 0 267
390 0 1653
390 0 1654
390 0 1656
390 0 1657
390 0 1658
390 0 1659
390 0 1660
390 0 1661
391 0 1091
391 0 134
391 0 135
391 0 74
391 0 75
391 0 87
392 0 257
392 0 1665
392 0 1666
392 0 1667
392 0 1668
392 0 189
392 0 445
392 0 191
393 0 325
393 0 1669
393 0 7
393 0 40
393 0 1670
393 0 654
393 0 442
393 0 756
393 0 213
393 0 250
393 0 347
394 0 98
394 0 376
394 0 75
394 0 171
394 0 206
394 0 79
394 0 118
394 0 87
394 0 184
394 0 538
395 0 928
395 0 35
395 0 195
395 0 165
395 0 196
395 0 198
395 0 478
395 0 1528
395 0 1671
395 0 1672
395 0 462
395 0 1136
395 0 24
395 0 1530
395 0 155
395 0 158
396 0 102
396 0 136
396 0 1547
396 0 1589
396 0 507
396 0 1502
397 0 161
397 0 257
397 0 1353
397 0 265
397 0 1676
397 0 1677
397 0 26
397 0 1660
398 0 257
398 0 1476
398 0 1678
398 0 1679
398 0 1680
398 0 799
399 0 96
399 0 102
399 0 105
399 0 267
399 0 1103
399 0 242
399 0 52
399 0 756
399 0 55
399 0 188
400 0 771
400 0 133
400 0 52
400 0 118
400 0 119
401 0 7
401 0 1687
401 0 9
401 0 1681
401 0 242
401 0 1554
401 0 1682
401 0 125
401 0 1683
401 0 1684
401 0 1685
401 0 1686
401 0 1148
401 0 477
402 0 163
402 0 196
402 0 617
402 0 362
402 0 1326
402 0 51
402 0 886
402 0 1688
402 0 1689
402 0 1467
403 0 708
403 0 199
403 0 776
403 0 302
403 0 303
403 0 304
403 0 494
403 0 822
403 0 280
403 0 1691
403 0 1503
404 0 1345
404 0 354
404 0 567
404 0 922
404 0 1693
405 0 1696
405 0 98
405 0 238
405 0 79
405 0 88
405 0 1694
405 0 1695
406 0 4
406 0 10
406 0 11
406 0 17
406 0 799
406 0 1698
406 0 1699
406 0 1700
406 0 1701
406 0 60
406 0 1348
406 0 971
406 0 333
406 0 337
406 0 343
406 0 498
406 0 1267
406 0 1269
406 0 1272
407 0 128
407 0 67
407 0 1702
407 0 1703
407 0 1704
407 0 426
407 0 1706
407 0 1707
407 0 1708
407 0 1709
407 0 1710
407 0 1711
407 0 790
407 0 1623
407 0 601
407 0 795
407 0 796
408 0 704
408 0 1088
408 0 517
408 0 358
408 0 295
408 0 616
408 0 878
408 0 111
408 0 1586
408 0 54
408 0 56
408 0 154
408 0 155
408 0 508
408 0 158
408 0 703
409 0 131
409 0 356
409 0 293
409 0 1445
409 0 1574
409 0 1713
409 0 852
409 0 22
409 0 24
409 0 221
410 0 74
410 0 13
410 0 270
410 0 1133
410 0 1714
410 0 1715
410 0 1716
410 0 477
410 0 445
411 0 640
411 0 36
411 0 1719
411 0 42
411 0 1720
411 0 624
411 0 21
411 0 1717
411 0 1718
411 0 632
411 0 1721
411 0 635
412 0 961
412 0 676
412 0 4
412 0 964
412 0 1639
412 0 393
412 0 1722
412 0 315
412 0 1724
412 0 1723
413 0 224
413 0 354
413 0 36
413 0 499
413 0 1045
413 0 1046
413 0 445
413 0 1726
414 0 1728
414 0 33
414 0 1729
414 0 195
414 0 967
414 0 508
415 0 803
415 0 36
415 0 7
415 0 42
415 0 1148
415 0 1214
416 0 929
416 0 34
416 0 228
416 0 36
416 0 1732
416 0 1733
416 0 1735
416 0 42
416 0 362
416 0 1140
417 0 96
417 0 1736
417 0 267
417 0 78
417 0 79
417 0 80
417 0 87
417 0 184
417 0 185
417 0 538
418 0 257
418 0 36
418 0 1737
418 0 141
418 0 1293
418 0 26
418 0 30
418 0 191
419 0 109
419 0 141
419 0 863
420 0 224
420 0 960
420 0 226
420 0 227
420 0 356
420 0 546
420 0 676
420 0 933
420 0 3842
420 0 3843
420 0 3844
420 0 3845
420 0 2572
420 0 3057
420 0 307
420 0 883
420 0 1269
420 0 541
421 0 35
421 0 196
421 0 100
421 0 1739
421 0 460
421 0 684
421 0 654
421 0 975
421 0 1740
421 0 498
421 0 307
421 0 886
421 0 1338
421 0 155
421 0 732
421 0 286
422 0 1185
422 0 134
422 0 171
422 0 1741
422 0 1742
422 0 560
422 0 1424
423 0 97
423 0 681
423 0 42
423 0 777
423 0 1743
423 0 1744
423 0 1746
423 0 1747
423 0 244
423 0 442
424 0 1502
424 0 46
424 0 47
424 0 114
424 0 118
424 0 155
424 0 989
424 0 126
425 0 1749
425 0 788
425 0 805
425 0 7
426 0 356
426 0 391
426 0 1036
426 0 109
426 0 155
426 0 1342
426 0 1311
427 0 133
427 0 787
427 0 1750
427 0 727
427 0 1752
428 0 1416
428 0 670
428 0 557
428 0 54
429 0 195
429 0 554
429 0 1754
429 0 729
429 0 442
429 0 60
429 0 1277
429 0 478
429 0 895
430 0 1756
430 0 105
430 0 1758
430 0 46
430 0 697
430 0 55
430 0 1755
430 0 571
430 0 187
430 0 764
430 0 1757
430 0 190
430 0 1759
431 0 354
431 0 516
431 0 293
431 0 389
431 0 105
431 0 109
431 0 46
431 0 766
431 0 112
431 0 52
431 0 54
431 0 55
431 0 190
432 0 1760
432 0 98
432 0 134
432 0 80
432 0 1200
432 0 114
432 0 254
432 0 87
432 0 539
432 0 126
433 0 1761
433 0 1764
433 0 1765
433 0 1766
433 0 1768
433 0 1771
433 0 1773
433 0 1774
433 0 49
434 0 608
434 0 353
434 0 554
434 0 468
435 0 36
435 0 1166
435 0 1776
435 0 1777
435 0 1778
435 0 211
435 0 250
435 0 285
435 0 286
436 0 74
436 0 171
436 0 79
436 0 919
436 0 185
436 0 542
436 0 127
437 0 964
437 0 36
437 0 111
438 0 1185
438 0 98
438 0 130
438 0 135
438 0 1258
438 0 55
438 0 376
439 0 385
439 0 809
439 0 1418
439 0 75
439 0 1783
439 0 1779
439 0 1780
439 0 1590
439 0 1782
439 0 1784
439 0 1785
439 0 1786
439 0 1787
439 0 1788
439 0 127
440 0 1312
440 0 356
440 0 261
440 0 358
440 0 1789
440 0 80
440 0 253
440 0 1791
441 0 1792
441 0 1793
441 0 293
441 0 389
441 0 391
441 0 712
441 0 105
441 0 45
441 0 46
441 0 528
441 0 118
441 0 55
441 0 56
441 0 188
441 0 190
442 0 96
442 0 293
442 0 107
442 0 46
442 0 696
442 0 120
442 0 571
443 0 131
443 0 77
443 0 47
443 0 80
443 0 433
443 0 87
444 0 1253
444 0 102
444 0 105
444 0 1133
444 0 941
444 0 1261
444 0 1172
444 0 219
445 0 897
445 0 133
445 0 135
445 0 81
445 0 118
445 0 87
446 0 1794
446 0 1795
446 0 1796
446 0 686
446 0 1105
446 0 498
446 0 275
446 0 1529
447 0 131
447 0 104
447 0 137
447 0 235
447 0 78
447 0 469
447 0 863
447 0 187
447 0 413
447 0 127
448 0 102
448 0 1798
448 0 118
448 0 55
448 0 473
448 0 858
448 0 190
449 0 20
449 0 52
449 0 729
449 0 476
449 0 254
450 0 325
450 0 229
450 0 1514
450 0 1802
450 0 1803
450 0 1389
450 0 1804
450 0 1662
451 0 135
451 0 66
451 0 1244
451 0 87
452 0 1806
452 0 115
452 0 951
452 0 184
452 0 377
453 0 608
453 0 105
453 0 523
453 0 109
453 0 46
453 0 1807
453 0 60
453 0 190
453 0 286
454 0 36
454 0 105
454 0 141
454 0 1808
454 0 1617
454 0 1140
455 0 545
455 0 104
455 0 1608
455 0 47
455 0 915
455 0 118
455 0 55
455 0 126
455 0 863
456 0 34
456 0 522
456 0 1810
456 0 147
456 0 788
456 0 1811
456 0 346
456 0 991
457 0 1812
457 0 1813
457 0 1815
457 0 1816
457 0 1817
457 0 511
458 0 96
458 0 227
458 0 1818
458 0 445
458 0 30
459 0 132
459 0 72
459 0 137
459 0 74
459 0 237
459 0 238
459 0 79
459 0 951
459 0 185
459 0 1819
459 0 1820
460 0 66
460 0 206
460 0 79
460 0 560
460 0 87
460 0 1821
460 0 830
461 0 3
461 0 4
461 0 36
461 0 329
461 0 42
461 0 332
461 0 13
461 0 334
461 0 273
461 0 337
461 0 277
461 0 1303
461 0 126
462 0 131
462 0 134
462 0 74
462 0 171
462 0 79
462 0 538
463 0 41
463 0 74
463 0 75
463 0 77
463 0 590
463 0 80
463 0 81
463 0 87
463 0 58
464 0 1315
464 0 109
464 0 245
464 0 126
464 0 127
465 0 800
465 0 1487
465 0 314
465 0 155
465 0 156
465 0 1822
465 0 1823
466 0 832
466 0 41
466 0 171
466 0 267
466 0 79
466 0 1461
466 0 184
466 0 254
466 0 127
467 0 1824
467 0 66
467 0 1412
467 0 135
467 0 72
467 0 237
467 0 87
467 0 539
468 0 1825
468 0 1412
468 0 361
468 0 171
468 0 78
468 0 79
468 0 87
468 0 376
468 0 538
468 0 254
468 0 127
469 0 36
469 0 376
469 0 47
469 0 304
469 0 184
469 0 185
470 0 227
470 0 4
470 0 1699
470 0 1828
470 0 1829
470 0 46
470 0 15
470 0 1422
470 0 118
470 0 343
470 0 1691
471 0 1345
471 0 1346
471 0 1347
471 0 1348
471 0 1830
471 0 1831
471 0 1832
471 0 1833
471 0 1834
471 0 1835
471 0 1836
471 0 1837
471 0 46
471 0 1838
472 0 1089
472 0 290
472 0 1839
472 0 1840
472 0 1841
472 0 1842
472 0 1843
472 0 1844
472 0 1845
472 0 1846
472 0 1847
472 0 1848
473 0 209
473 0 1297
473 0 52
473 0 726
473 0 118
473 0 184
474 0 96
474 0 2
474 0 1346
474 0 1419
474 0 118
474 0 507
475 0 1536
475 0 36
475 0 228
475 0 105
475 0 109
475 0 111
475 0 210
475 0 55
475 0 765
476 0 100
476 0 43
476 0 653
476 0 1262
476 0 210
476 0 211
476 0 217
477 0 1851
477 0 1853
477 0 46
477 0 53
477 0 54
477 0 55
477 0 24
477 0 1850
477 0 187
477 0 1852
477 0 413
477 0 1854
477 0 767
478 0 1856
478 0 1857
478 0 1858
478 0 473
478 0 47
478 0 399
478 0 916
478 0 118
478 0 87
478 0 184
478 0 185
478 0 378
478 0 406
478 0 860
478 0 254
479 0 512
479 0 1860
479 0 1861
479 0 422
479 0 105
479 0 695
479 0 46
479 0 111
479 0 878
479 0 1393
479 0 55
479 0 508
480 0 1315
480 0 933
480 0 102
480 0 304
480 0 915
480 0 277
480 0 254
481 0 422
481 0 295
481 0 1864
481 0 1865
481 0 852
481 0 821
481 0 56
481 0 1081
481 0 187
481 0 508
481 0 510
482 0 66
482 0 130
482 0 135
482 0 206
482 0 560
482 0 185
483 0 96
483 0 477
483 0 6
483 0 1224
483 0 1321
483 0 241
483 0 245
483 0 285
484 0 227
484 0 771
484 0 1828
484 0 1866
484 0 43
484 0 1867
484 0 13
484 0 498
484 0 915
484 0 442
484 0 1341
484 0 445
485 0 96
485 0 776
485 0 105
485 0 714
485 0 1868
485 0 45
485 0 46
485 0 47
485 0 301
485 0 1869
485 0 1870
485 0 1172
485 0 118
485 0 282
485 0 219
485 0 1180
486 0 36
486 0 105
486 0 46
486 0 112
486 0 1874
486 0 1875
486 0 1876
486 0 764
487 0 352
487 0 199
487 0 714
487 0 303
487 0 210
488 0 128
488 0 771
488 0 899
488 0 998
488 0 755
489 0 135
489 0 233
489 0 1258
489 0 1325
489 0 374
489 0 698
489 0 923
489 0 957
490 0 1734
490 0 362
490 0 879
490 0 1362
490 0 275
490 0 1491
490 0 1879
490 0 1533
491 0 192
491 0 1883
491 0 137
491 0 1385
491 0 1545
491 0 1821
491 0 854
491 0 55
491 0 1880
491 0 1881
491 0 1882
491 0 187
491 0 1725
492 0 135
492 0 267
492 0 1324
492 0 206
492 0 78
492 0 698
492 0 538
493 0 102
493 0 713
493 0 266
493 0 714
493 0 301
493 0 46
493 0 302
493 0 303
493 0 305
493 0 1297
493 0 52
493 0 920
494 0 1601
494 0 66
494 0 547
494 0 551
494 0 558
494 0 662
494 0 1142
494 0 893
494 0 1886
494 0 383
495 0 132
495 0 135
495 0 72
495 0 73
495 0 80
495 0 87
495 0 445
496 0 832
496 0 74
496 0 399
496 0 80
496 0 437
496 0 917
496 0 1397
496 0 538
496 0 830
496 0 1887
497 0 36
497 0 548
497 0 41
497 0 364
497 0 52
497 0 542
498 0 1888
498 0 363
498 0 79
498 0 1199
498 0 52
498 0 758
498 0 698
499 0 1889
499 0 135
499 0 74
499 0 80
499 0 377
499 0 538
500 0 96
500 0 1057
500 0 1891
500 0 1892
500 0 1893
500 0 40
500 0 109
500 0 47
500 0 118
500 0 120
500 0 474
500 0 445
501 0 1894
501 0 104
501 0 882
501 0 883
501 0 277
501 0 22
501 0 1174
501 0 1493
501 0 889
501 0 799
502 0 34
502 0 36
502 0 774
502 0 20
502 0 1397
503 0 35
503 0 293
503 0 40
503 0 114
503 0 245
503 0 24
504 0 355
504 0 1031
504 0 1897
504 0 1898
504 0 1804
504 0 213
504 0 1078
504 0 1020
504 0 1021
504 0 926
505 0 96
505 0 1122
505 0 133
505 0 43
505 0 1899
505 0 45
505 0 494
505 0 47
505 0 1651
505 0 118
505 0 126
506 0 34
506 0 36
506 0 9
506 0 42
506 0 1290
506 0 1901
506 0 1902
506 0 1903
506 0 242
506 0 211
506 0 883
507 0 228
507 0 105
507 0 765
507 0 939
507 0 109
507 0 1105
507 0 306
507 0 157
507 0 223
508 0 3
508 0 996
508 0 1029
508 0 9
508 0 42
508 0 12
508 0 749
508 0 1904
508 0 1905
508 0 1906
508 0 1907
508 0 1146
508 0 1148
509 0 608
509 0 867
509 0 36
509 0 1105
509 0 1812
509 0 1908
509 0 1909
509 0 1214
510 0 325
510 0 1445
510 0 44
510 0 788
510 0 1910
510 0 216
511 0 47
511 0 1911
511 0 1777
511 0 210
511 0 118
511 0 55
511 0 154
511 0 1020
512 0 576
512 0 1913
512 0 1915
512 0 1912
513 0 1916
513 0 404
513 0 66
513 0 132
514 0 1921
514 0 98
514 0 72
514 0 1549
514 0 237
514 0 88
514 0 1917
514 0 1919
515 0 1922
515 0 708
515 0 261
515 0 165
515 0 358
515 0 1197
515 0 438
515 0 442
516 0 675
516 0 1925
516 0 8
516 0 329
516 0 1608
516 0 332
516 0 972
516 0 334
516 0 15
516 0 335
516 0 337
516 0 973
516 0 1270
516 0 443
516 0 126
517 0 755
517 0 132
518 0 608
518 0 36
518 0 1926
518 0 1927
518 0 52
518 0 1662
519 0 0
519 0 257
519 0 356
519 0 1929
519 0 107
519 0 45
519 0 883
519 0 277
519 0 1175
519 0 190
519 0 223
520 0 192
520 0 419
520 0 1930
520 0 1931
520 0 1228
520 0 77
520 0 1613
520 0 1711
520 0 1232
520 0 1932
520 0 1202
520 0 1934
520 0 1935
520 0 1936
520 0 1937
520 0 1938
520 0 58
521 0 672
521 0 232
521 0 1325
521 0 1940
521 0 1439
522 0 145
522 0 146
522 0 147
522 0 820
522 0 1942
522 0 1943
522 0 1944
522 0 1946
522 0 1947
522 0 1948
523 0 257
523 0 293
523 0 1257
523 0 1949
523 0 858
523 0 275
523 0 22
523 0 24
523 0 26
523 0 221
523 0 445
524 0 354
524 0 329
524 0 1807
524 0 336
524 0 337
524 0 1267
524 0 1493
524 0 1272
524 0 345
524 0 1951
525 0 106
525 0 878
525 0 111
525 0 16
525 0 48
525 0 1650
525 0 1556
525 0 53
525 0 282
525 0 511
526 0 1952
526 0 161
526 0 353
526 0 72
526 0 74
526 0 492
526 0 46
526 0 52
526 0 55
526 0 221
527 0 66
527 0 133
527 0 1259
527 0 1231
527 0 467
527 0 87
527 0 830
528 0 128
528 0 1953
528 0 1955
528 0 1957
528 0 70
528 0 807
528 0 1958
528 0 1624
528 0 590
528 0 80
528 0 790
528 0 376
528 0 1627
528 0 1629
529 0 74
529 0 202
529 0 204
529 0 957
529 0 116
529 0 117
529 0 22
529 0 87
529 0 861
529 0 862
529 0 127
530 0 132
530 0 1959
530 0 137
530 0 74
530 0 171
530 0 361
530 0 79
531 0 70
531 0 1960
531 0 1961
531 0 1706
531 0 1962
531 0 1963
531 0 1964
531 0 790
531 0 791
531 0 795
532 0 96
532 0 52
532 0 118
532 0 119
533 0 133
533 0 46
533 0 80
533 0 118
533 0 445
534 0 228
534 0 1966
534 0 143
534 0 1967
534 0 1968
534 0 1042
534 0 1970
534 0 1236
534 0 1971
534 0 1972
534 0 727
534 0 25
534 0 474
534 0 223
535 0 227
535 0 36
535 0 275
535 0 1973
535 0 55
535 0 474
536 0 713
536 0 266
536 0 714
536 0 301
536 0 78
536 0 79
536 0 47
536 0 494
536 0 1974
536 0 184
536 0 185
537 0 325
537 0 7
537 0 1554
537 0 1975
537 0 1976
537 0 1977
537 0 1979
537 0 1980
538 0 0
538 0 192
538 0 1985
538 0 998
538 0 1350
538 0 712
538 0 42
538 0 45
538 0 1583
538 0 208
538 0 210
538 0 1981
538 0 1982
538 0 1983
539 0 66
539 0 1987
539 0 325
539 0 167
539 0 74
539 0 1771
539 0 52
539 0 1276
540 0 398
540 0 208
540 0 212
540 0 215
540 0 218
540 0 220
541 0 802
541 0 1988
541 0 199
541 0 1031
541 0 210
541 0 1589
541 0 438
541 0 118
542 0 1808
542 0 377
542 0 979
542 0 1989
543 0 391
543 0 3047
543 0 41
543 0 522
543 0 107
543 0 554
543 0 45
543 0 46
543 0 1001
543 0 1203
543 0 52
543 0 692
543 0 1204
543 0 55
543 0 2394
544 0 1991
544 0 1993
544 0 12
544 0 242
544 0 1147
545 0 96
545 0 42
545 0 1994
545 0 1995
545 0 208
545 0 209
545 0 212
545 0 124
545 0 125
545 0 1662
546 0 1888
546 0 1186
546 0 202
546 0 171
546 0 364
546 0 365
546 0 206
546 0 79
546 0 560
546 0 115
546 0 376
546 0 185
547 0 96
547 0 1153
547 0 130
547 0 1996
547 0 1997
547 0 118
547 0 87
548 0 7
548 0 237
548 0 1998
548 0 1999
548 0 80
548 0 176
548 0 727
549 0 1154
549 0 206
549 0 368
549 0 2000
549 0 2001
549 0 115
549 0 184
549 0 185
550 0 96
550 0 36
550 0 199
550 0 40
550 0 776
550 0 302
550 0 47
550 0 304
550 0 494
551 0 36
551 0 346
551 0 241
551 0 242
551 0 245
551 0 250
551 0 347
551 0 350
552 0 1794
552 0 933
552 0 329
552 0 13
552 0 498
552 0 275
552 0 25
552 0 799
553 0 544
553 0 73
553 0 78
553 0 80
553 0 87
553 0 185
553 0 1050
553 0 413
553 0 1278
554 0 459
554 0 629
554 0 2006
554 0 2007
554 0 2008
554 0 1721
554 0 442
554 0 2009
555 0 2016
555 0 2017
555 0 34
555 0 2018
555 0 2019
555 0 613
555 0 904
555 0 109
555 0 826
555 0 2012
555 0 2013
555 0 2014
555 0 2015
556 0 1443
556 0 388
556 0 2021
556 0 2022
556 0 2023
556 0 528
556 0 1328
556 0 52
556 0 438
556 0 190
557 0 192
557 0 66
557 0 72
557 0 2024
557 0 74
557 0 75
557 0 2025
557 0 87
557 0 127
558 0 36
558 0 102
558 0 2026
558 0 651
558 0 2027
558 0 2028
558 0 46
558 0 2029
558 0 1713
558 0 52
558 0 1174
558 0 60
559 0 34
559 0 163
559 0 483
559 0 1347
559 0 42
559 0 109
559 0 2030
559 0 2031
559 0 20
559 0 472
559 0 57
559 0 220
560 0 287
560 0 741
560 0 2032
560 0 2033
560 0 767
561 0 867
561 0 2034
561 0 2036
561 0 2037
561 0 2038
561 0 2039
561 0 2042
561 0 2043
561 0 2044
561 0 191
562 0 293
562 0 107
562 0 115
562 0 117
562 0 55
562 0 187
562 0 572
562 0 413
563 0 257
563 0 131
563 0 293
563 0 295
563 0 361
563 0 457
563 0 107
563 0 1083
563 0 112
563 0 2045
563 0 1234
563 0 1235
563 0 1237
563 0 187
563 0 413
563 0 2046
563 0 2047
564 0 353
564 0 132
564 0 230
564 0 105
564 0 361
564 0 237
564 0 46
564 0 22
564 0 572
564 0 957
565 0 2048
565 0 495
565 0 45
565 0 55
566 0 2049
566 0 1098
566 0 46
566 0 47
566 0 154
567 0 2051
567 0 740
567 0 325
567 0 394
567 0 756
567 0 216
567 0 217
568 0 2052
568 0 2053
568 0 2054
568 0 135
568 0 1576
568 0 1931
568 0 1932
568 0 77
568 0 1232
568 0 81
568 0 87
568 0 58
569 0 2055
569 0 2056
569 0 2057
569 0 396
569 0 1497
570 0 163
570 0 102
570 0 392
570 0 107
570 0 46
570 0 528
570 0 55
570 0 764
571 0 97
571 0 389
571 0 134
571 0 681
571 0 47
571 0 250
572 0 96
572 0 353
572 0 544
572 0 99
572 0 714
572 0 75
572 0 2059
572 0 237
572 0 118
572 0 184
572 0 1277
572 0 442
572 0 93
572 0 126
573 0 34
573 0 36
573 0 2060
573 0 109
573 0 111
573 0 155
573 0 156
573 0 221
573 0 959
574 0 867
574 0 36
574 0 42
574 0 362
574 0 109
574 0 2061
574 0 114
574 0 1526
574 0 286
575 0 96
575 0 1312
575 0 329
575 0 45
575 0 1046
576 0 356
576 0 165
576 0 516
576 0 708
576 0 1343
576 0 297
576 0 235
576 0 111
576 0 2063
576 0 2064
576 0 2065
576 0 2066
576 0 2067
576 0 1174
576 0 888
576 0 511
577 0 673
577 0 1346
577 0 1601
577 0 36
577 0 487
577 0 243
577 0 250
577 0 61
578 0 516
578 0 105
578 0 1545
578 0 107
578 0 109
578 0 46
578 0 528
578 0 1521
578 0 2068
578 0 821
579 0 36
579 0 1253
579 0 105
579 0 652
579 0 109
579 0 46
579 0 53
579 0 918
579 0 55
579 0 2069
579 0 188
580 0 391
580 0 41
580 0 105
580 0 528
580 0 241
580 0 55
580 0 347
580 0 190
581 0 74
581 0 75
581 0 46
581 0 87
581 0 956
581 0 254
582 0 1122
582 0 2074
582 0 1322
582 0 47
582 0 210
582 0 188
582 0 52
582 0 212
582 0 917
582 0 1523
582 0 2072
582 0 2073
582 0 826
582 0 124
583 0 41
583 0 75
583 0 377
583 0 2075
583 0 2076
583 0 2077
584 0 1536
584 0 2080
584 0 2081
584 0 1923
584 0 774
584 0 777
584 0 110
584 0 399
584 0 46
584 0 278
584 0 57
584 0 2078
584 0 2079
585 0 66
585 0 674
585 0 2083
585 0 2084
585 0 72
585 0 74
585 0 238
585 0 87
585 0 378
586 0 2086
586 0 1767
586 0 2087
586 0 754
586 0 55
586 0 223
587 0 87
587 0 133
587 0 78
587 0 79
588 0 192
588 0 129
588 0 261
588 0 358
588 0 263
588 0 2088
588 0 80
588 0 24
588 0 1082
588 0 253
588 0 1310
589 0 36
589 0 141
589 0 788
589 0 52
589 0 1140
589 0 188
590 0 96
590 0 650
590 0 267
590 0 1002
590 0 1694
590 0 2091
590 0 47
590 0 2092
590 0 1457
590 0 2093
590 0 1589
590 0 694
590 0 55
590 0 184
590 0 1278
591 0 66
591 0 774
591 0 2094
591 0 2096
591 0 145
591 0 146
591 0 147
591 0 2098
591 0 2099
591 0 1719
592 0 2051
592 0 390
592 0 1542
592 0 297
592 0 141
592 0 110
592 0 882
592 0 2100
592 0 1174
592 0 1047
592 0 568
592 0 2070
592 0 957
593 0 34
593 0 133
593 0 165
593 0 469
593 0 1973
593 0 2102
593 0 2103
593 0 1051
593 0 286
594 0 1952
594 0 66
594 0 547
594 0 548
594 0 551
594 0 2110
594 0 2107
594 0 145
594 0 1461
594 0 2104
594 0 2106
594 0 1435
594 0 2108
594 0 2109
594 0 478
594 0 2111
595 0 376
595 0 267
595 0 206
595 0 79
595 0 80
595 0 115
595 0 374
595 0 184
596 0 1088
596 0 2113
596 0 35
596 0 732
596 0 617
596 0 1545
596 0 460
596 0 883
596 0 22
596 0 252
596 0 158
597 0 96
597 0 2114
597 0 1123
597 0 1290
597 0 209
597 0 210
597 0 211
597 0 756
597 0 535
597 0 217
597 0 250
598 0 128
598 0 130
598 0 2116
598 0 77
598 0 301
598 0 118
598 0 445
598 0 190
599 0 2117
599 0 74
599 0 1084
599 0 1818
599 0 956
599 0 957
599 0 254
599 0 127
600 0 96
600 0 2118
600 0 2119
600 0 2120
600 0 2122
600 0 307
600 0 439
600 0 286
601 0 36
601 0 42
601 0 362
601 0 2124
601 0 2125
601 0 2126
601 0 2127
601 0 2128
601 0 2129
601 0 438
601 0 151
601 0 472
601 0 442
601 0 1276
601 0 286
602 0 74
602 0 2130
602 0 2131
602 0 2132
602 0 87
602 0 127
603 0 2133
603 0 271
604 0 96
604 0 577
604 0 2090
604 0 1551
604 0 659
604 0 566
604 0 438
604 0 118
604 0 761
604 0 254
605 0 132
605 0 361
605 0 1328
605 0 1138
605 0 1079
605 0 22
605 0 1078
605 0 24
605 0 2134
605 0 1080
605 0 571
605 0 2135
605 0 1950
606 0 75
606 0 171
606 0 237
606 0 46
606 0 1583
606 0 528
606 0 656
606 0 116
606 0 87
606 0 377
607 0 1751
607 0 269
607 0 1654
607 0 2071
607 0 2136
607 0 2137
607 0 2138
607 0 2139
607 0 2140
608 0 2144
608 0 2145
608 0 2146
608 0 2142
608 0 2143
609 0 1122
609 0 2147
609 0 2148
609 0 1188
609 0 1621
610 0 245
610 0 126
611 0 1088
611 0 280
611 0 453
611 0 2150
611 0 2151
611 0 2152
611 0 2153
611 0 111
611 0 1650
611 0 56
611 0 1497
611 0 159
612 0 354
612 0 1347
612 0 356
612 0 2154
612 0 2155
612 0 109
612 0 275
612 0 445
612 0 574
613 0 1315
613 0 1444
613 0 934
613 0 2156
613 0 2158
613 0 1493
613 0 314
614 0 1889
614 0 130
614 0 133
614 0 78
614 0 79
614 0 80
614 0 87
614 0 127
615 0 1185
615 0 1253
615 0 560
615 0 243
615 0 52
615 0 1523
615 0 250
615 0 188
616 0 923
616 0 134
616 0 2159
616 0 2160
616 0 254
616 0 919
616 0 859
616 0 830
617 0 132
617 0 708
617 0 295
617 0 361
617 0 74
617 0 1818
617 0 525
617 0 1393
617 0 1308
617 0 55
617 0 570
617 0 507
617 0 572
617 0 382
618 0 99
618 0 133
618 0 1736
618 0 171
618 0 560
618 0 118
619 0 770
619 0 102
619 0 358
619 0 713
619 0 589
619 0 302
619 0 303
619 0 52
619 0 280
619 0 1501
620 0 554
620 0 399
620 0 1392
620 0 2162
620 0 2164
620 0 2074
621 0 98
621 0 135
621 0 1258
621 0 1200
621 0 374
621 0 758
621 0 538
621 0 254
621 0 127
622 0 131
622 0 132
622 0 261
622 0 230
622 0 72
622 0 104
622 0 137
622 0 237
622 0 87
622 0 698
622 0 187
623 0 325
623 0 654
623 0 306
623 0 2165
623 0 2166
624 0 289
624 0 325
624 0 393
624 0 74
624 0 1641
624 0 1906
624 0 2167
624 0 2168
624 0 2169
624 0 2170
624 0 2171
625 0 102
625 0 777
625 0 52
625 0 188
625 0 2173
625 0 63
626 0 385
626 0 98
626 0 130
626 0 1258
626 0 203
626 0 79
626 0 117
626 0 87
626 0 127
627 0 96
627 0 2176
627 0 185
627 0 1820
627 0 263
627 0 237
627 0 79
627 0 80
627 0 89
627 0 1115
627 0 1244
627 0 2175
628 0 2177
628 0 2
628 0 199
628 0 776
628 0 47
628 0 118
628 0 1503
629 0 133
629 0 363
629 0 206
629 0 115
629 0 118
629 0 374
629 0 184
629 0 185
629 0 63
630 0 1057
630 0 1794
630 0 2178
630 0 1476
630 0 933
630 0 2179
630 0 2180
630 0 2181
630 0 497
630 0 498
630 0 500
630 0 277
630 0 1495
630 0 26
631 0 2182
631 0 135
631 0 72
631 0 2183
631 0 1258
631 0 79
631 0 80
631 0 81
631 0 919
631 0 87
631 0 185
631 0 538
631 0 254
632 0 70
632 0 871
632 0 1446
632 0 42
632 0 141
632 0 47
632 0 52
632 0 695
633 0 257
633 0 227
633 0 4
633 0 37
633 0 118
633 0 22
633 0 28
633 0 445
633 0 343
634 0 224
634 0 388
634 0 933
634 0 937
634 0 2185
634 0 686
634 0 498
634 0 882
634 0 308
634 0 277
635 0 32
635 0 96
635 0 102
635 0 41
635 0 105
635 0 46
635 0 47
635 0 52
635 0 87
635 0 55
635 0 184
635 0 91
636 0 130
636 0 547
636 0 134
636 0 75
636 0 79
636 0 118
636 0 374
637 0 1412
637 0 135
637 0 74
637 0 202
637 0 237
637 0 185
637 0 127
638 0 192
638 0 137
638 0 2186
638 0 45
638 0 1459
638 0 22
638 0 24
638 0 1114
638 0 187
639 0 897
639 0 257
639 0 258
639 0 2189
639 0 2190
639 0 2096
639 0 2034
639 0 275
640 0 1092
640 0 102
640 0 230
640 0 106
640 0 235
640 0 2191
640 0 2192
640 0 2193
640 0 1587
640 0 53
640 0 54
640 0 55
640 0 1174
640 0 607
641 0 2120
641 0 332
641 0 13
641 0 2194
641 0 2195
641 0 2196
641 0 2197
641 0 799
642 0 481
642 0 354
642 0 35
642 0 36
642 0 37
642 0 165
642 0 196
642 0 198
642 0 1330
642 0 2199
642 0 221
642 0 158
642 0 703
643 0 52
643 0 1303
643 0 191
644 0 96
644 0 418
644 0 196
644 0 38
644 0 200
644 0 1036
644 0 21
644 0 24
644 0 732
644 0 1374
645 0 96
645 0 66
645 0 548
645 0 41
645 0 459
645 0 1516
645 0 117
645 0 2201
645 0 442
645 0 126
646 0 257
646 0 275
646 0 788
646 0 501
646 0 499
647 0 128
647 0 130
647 0 78
647 0 80
647 0 55
647 0 87
648 0 79
648 0 80
648 0 81
648 0 115
648 0 87
648 0 127
649 0 1185
649 0 374
649 0 376
649 0 698
649 0 61
650 0 2207
650 0 2208
650 0 1956
650 0 70
650 0 790
650 0 1623
650 0 1624
650 0 2203
650 0 2204
650 0 2205
650 0 1599
651 0 96
651 0 673
651 0 2209
651 0 2210
651 0 2211
651 0 557
651 0 1997
651 0 239
651 0 1583
651 0 305
651 0 87
651 0 1240
651 0 442
651 0 1277
651 0 1278
652 0 2212
652 0 325
652 0 2213
652 0 7
652 0 655
652 0 47
652 0 756
652 0 250
653 0 832
653 0 1890
653 0 2214
653 0 2215
653 0 2216
653 0 2217
653 0 377
654 0 964
654 0 1094
654 0 2218
654 0 2219
654 0 2220
654 0 941
654 0 911
654 0 306
654 0 315
654 0 959
655 0 2221
655 0 2222
656 0 941
656 0 109
656 0 882
656 0 2197
656 0 799
657 0 96
657 0 36
657 0 871
657 0 788
657 0 119
657 0 347
658 0 391
658 0 332
658 0 45
658 0 2223
658 0 2224
658 0 2225
658 0 50
658 0 2226
658 0 2227
658 0 413
658 0 568
658 0 221
658 0 190
659 0 135
659 0 74
659 0 81
659 0 115
659 0 117
659 0 2229
659 0 87
660 0 257
660 0 1091
660 0 934
660 0 1691
660 0 1455
660 0 1999
660 0 498
660 0 1235
660 0 500
660 0 277
660 0 2230
660 0 1495
660 0 474
660 0 1083
660 0 1020
660 0 858
660 0 799
661 0 805
661 0 1161
661 0 1166
661 0 241
661 0 2231
661 0 2232
661 0 250
661 0 347
662 0 96
662 0 802
662 0 102
662 0 1031
662 0 776
662 0 714
662 0 47
662 0 208
662 0 210
662 0 212
662 0 118
662 0 2233
662 0 2015
663 0 96
663 0 134
663 0 74
663 0 75
663 0 79
663 0 399
663 0 373
663 0 87
663 0 254
663 0 127
664 0 231
664 0 860
664 0 460
664 0 46
664 0 1969
664 0 1235
664 0 22
664 0 24
664 0 57
664 0 156
664 0 863
665 0 1249
665 0 356
665 0 36
665 0 1453
665 0 2234
666 0 250
666 0 42
666 0 35
666 0 191
667 0 106
667 0 511
667 0 109
667 0 878
667 0 719
667 0 48
667 0 52
667 0 53
667 0 2235
667 0 2236
667 0 159
668 0 98
668 0 74
668 0 79
668 0 52
668 0 87
668 0 254
668 0 127
669 0 41
669 0 76
669 0 78
669 0 80
669 0 87
669 0 760
669 0 377
670 0 2240
670 0 2239
670 0 2241
670 0 100
670 0 36
670 0 681
670 0 2187
670 0 275
670 0 1046
670 0 151
670 0 2237
670 0 2238
670 0 1311
671 0 72
671 0 320
671 0 956
671 0 1199
672 0 2243
672 0 995
672 0 2245
672 0 2246
672 0 2247
672 0 2248
672 0 2249
672 0 2250
672 0 2251
672 0 846
672 0 309
672 0 60
673 0 1088
673 0 1664
673 0 388
673 0 293
673 0 1738
673 0 2252
673 0 109
673 0 46
673 0 527
673 0 2253
673 0 2254
673 0 498
673 0 474
673 0 1182
674 0 545
674 0 8
674 0 333
674 0 13
674 0 2255
674 0 2256
674 0 19
674 0 1268
674 0 55
674 0 857
674 0 441
674 0 378
674 0 895
675 0 74
675 0 47
675 0 1105
675 0 694
675 0 89
676 0 34
676 0 36
676 0 42
676 0 653
676 0 655
676 0 209
676 0 242
676 0 756
677 0 66
677 0 167
677 0 974
677 0 1073
677 0 2258
677 0 895
677 0 2260
677 0 118
677 0 183
677 0 956
677 0 861
677 0 254
677 0 127
678 0 267
678 0 78
678 0 723
678 0 1172
678 0 2261
679 0 35
679 0 1923
679 0 165
679 0 102
679 0 1514
679 0 715
679 0 875
679 0 1131
679 0 1136
679 0 52
679 0 1556
679 0 2263
679 0 2264
679 0 1594
679 0 2013
679 0 159
680 0 241
680 0 250
680 0 52
680 0 2265
681 0 96
681 0 1893
681 0 70
681 0 2267
681 0 432
681 0 694
681 0 87
681 0 824
681 0 2266
681 0 1627
681 0 2268
681 0 2269
681 0 2270
681 0 2271
682 0 102
682 0 712
682 0 105
682 0 141
682 0 55
682 0 119
683 0 996
683 0 36
683 0 740
683 0 2170
683 0 535
683 0 250
684 0 2272
684 0 2081
684 0 2273
684 0 2274
684 0 2275
684 0 134
684 0 1229
684 0 466
684 0 469
684 0 1397
684 0 1461
684 0 378
684 0 188
685 0 96
685 0 47
685 0 210
685 0 1589
685 0 118
685 0 120
686 0 2276
686 0 2278
686 0 137
686 0 1325
686 0 656
686 0 2064
686 0 55
686 0 572
686 0 413
686 0 382
687 0 355
687 0 261
687 0 2279
687 0 235
687 0 1772
687 0 1421
687 0 2028
687 0 956
688 0 96
688 0 192
688 0 1408
688 0 2083
688 0 1156
688 0 714
688 0 269
688 0 558
688 0 245
688 0 253
688 0 254
689 0 196
689 0 209
689 0 1236
689 0 507
689 0 125
690 0 1120
690 0 353
690 0 199
690 0 776
690 0 2282
690 0 2283
690 0 302
690 0 214
690 0 280
690 0 2015
690 0 1020
690 0 989
690 0 1503
691 0 78
691 0 46
691 0 79
691 0 919
691 0 87
691 0 377
692 0 196
692 0 708
692 0 678
692 0 105
692 0 2284
692 0 46
692 0 155
692 0 286
693 0 102
693 0 47
693 0 210
693 0 1172
693 0 118
693 0 122
694 0 102
694 0 2285
694 0 2287
694 0 208
694 0 212
694 0 822
694 0 280
695 0 80
695 0 2289
695 0 550
696 0 1798
696 0 145
696 0 882
696 0 2290
696 0 52
696 0 2291
696 0 55
696 0 221
697 0 105
697 0 141
697 0 46
697 0 52
697 0 53
697 0 55
698 0 66
698 0 130
698 0 41
698 0 115
698 0 118
698 0 374
698 0 376
699 0 261
699 0 137
699 0 878
699 0 50
699 0 118
699 0 282
699 0 187
699 0 413
700 0 132
700 0 133
700 0 293
700 0 137
700 0 110
700 0 46
700 0 1781
700 0 57
701 0 96
701 0 134
701 0 775
701 0 47
701 0 210
701 0 1523
701 0 52
701 0 1524
701 0 188
701 0 2173
702 0 257
702 0 356
702 0 485
702 0 1353
702 0 686
702 0 498
702 0 277
702 0 22
702 0 886
702 0 2299
702 0 1308
703 0 13
703 0 1268
703 0 52
703 0 118
703 0 2301
703 0 2300
703 0 445
703 0 2302
704 0 96
704 0 493
704 0 210
704 0 915
704 0 118
704 0 477
704 0 126
705 0 608
705 0 235
705 0 46
705 0 1102
705 0 53
705 0 887
705 0 765
706 0 2304
706 0 2303
706 0 165
706 0 295
706 0 456
706 0 111
706 0 1496
706 0 187
706 0 508
706 0 158
706 0 159
707 0 96
707 0 192
707 0 1408
707 0 227
707 0 2306
707 0 2308
707 0 2309
707 0 74
707 0 268
707 0 13
707 0 332
707 0 47
707 0 1042
707 0 87
707 0 1115
707 0 445
708 0 192
708 0 1154
708 0 2310
708 0 377
708 0 267
708 0 206
708 0 79
708 0 185
709 0 41
709 0 118
709 0 107
709 0 46
710 0 96
710 0 98
710 0 899
710 0 261
710 0 73
710 0 74
710 0 80
710 0 254
710 0 127
711 0 128
711 0 418
711 0 67
711 0 70
711 0 136
711 0 2312
711 0 2313
711 0 399
711 0 1776
711 0 55
711 0 793
711 0 795
711 0 60
712 0 2314
712 0 2316
712 0 1454
713 0 224
713 0 1730
713 0 36
713 0 712
713 0 109
713 0 2317
713 0 47
713 0 2318
713 0 52
714 0 738
714 0 133
714 0 102
714 0 588
714 0 1133
714 0 2323
714 0 52
714 0 119
714 0 220
715 0 356
715 0 5
715 0 331
715 0 13
715 0 654
715 0 1646
715 0 273
715 0 277
715 0 2325
715 0 729
715 0 1083
715 0 861
716 0 832
716 0 66
716 0 133
716 0 137
716 0 75
716 0 79
716 0 47
716 0 1202
716 0 117
716 0 87
716 0 154
716 0 2327
717 0 192
717 0 36
717 0 1267
717 0 502
717 0 378
717 0 189
717 0 126
718 0 131
718 0 36
718 0 1352
718 0 275
718 0 22
718 0 2046
718 0 24
718 0 28
718 0 254
718 0 127
719 0 98
719 0 133
719 0 135
719 0 72
719 0 73
719 0 77
719 0 206
719 0 79
719 0 87
719 0 184
719 0 185
720 0 1728
720 0 195
720 0 196
720 0 2330
720 0 462
720 0 2331
720 0 1496
720 0 2329
720 0 314
720 0 155
720 0 2332
720 0 2333
720 0 2334
721 0 163
721 0 196
721 0 453
721 0 2339
721 0 297
721 0 511
721 0 878
721 0 111
721 0 48
721 0 1105
721 0 1712
721 0 664
721 0 154
721 0 989
721 0 670
721 0 159
722 0 2272
722 0 1253
722 0 392
722 0 105
722 0 1260
722 0 109
722 0 52
722 0 2234
723 0 2114
723 0 707
723 0 261
723 0 136
723 0 52
723 0 475
723 0 253
724 0 96
724 0 708
724 0 199
724 0 107
724 0 301
724 0 46
724 0 2319
724 0 1297
724 0 210
724 0 376
724 0 1020
725 0 948
725 0 60
725 0 2341
726 0 96
726 0 1408
726 0 70
726 0 2343
726 0 522
726 0 529
727 0 96
727 0 2081
727 0 1051
727 0 377
727 0 2344
727 0 79
727 0 239
727 0 87
727 0 184
727 0 185
727 0 91
727 0 1278
728 0 1476
728 0 293
728 0 808
728 0 105
728 0 498
728 0 118
728 0 572
728 0 190
728 0 799
729 0 96
729 0 1538
729 0 804
729 0 102
729 0 199
729 0 2345
729 0 107
729 0 47
729 0 1178
729 0 989
730 0 66
730 0 131
730 0 132
730 0 230
730 0 72
730 0 74
730 0 1325
730 0 80
730 0 87
730 0 55
730 0 957
731 0 354
731 0 1315
731 0 105
731 0 777
731 0 2346
731 0 46
731 0 399
731 0 755
731 0 55
732 0 96
732 0 74
732 0 80
732 0 87
732 0 185
732 0 956
732 0 254
733 0 673
733 0 803
733 0 325
733 0 1867
733 0 588
733 0 2349
733 0 2350
733 0 751
733 0 2351
733 0 2352
733 0 217
733 0 1471
734 0 2065
734 0 2353
734 0 883
734 0 275
734 0 2354
734 0 2355
734 0 2356
734 0 2300
735 0 36
735 0 241
735 0 243
735 0 788
735 0 917
735 0 2357
735 0 2358
735 0 250
736 0 32
736 0 145
736 0 2130
736 0 499
736 0 2359
736 0 2360
736 0 2362
736 0 2363
737 0 2368
737 0 2369
737 0 546
737 0 963
737 0 356
737 0 164
737 0 676
737 0 1635
737 0 684
737 0 275
737 0 474
737 0 27
737 0 2364
737 0 541
737 0 2366
737 0 2367
738 0 127
738 0 2373
738 0 87
738 0 79
739 0 196
739 0 36
739 0 2375
739 0 55
739 0 1528
739 0 156
739 0 158
740 0 96
740 0 2376
740 0 2377
740 0 2379
740 0 2380
740 0 109
740 0 498
740 0 883
740 0 151
740 0 442
740 0 861
740 0 895
741 0 102
741 0 2382
741 0 655
741 0 2383
741 0 2384
741 0 210
741 0 563
741 0 253
742 0 267
742 0 110
742 0 80
742 0 2386
742 0 854
742 0 863
742 0 538
742 0 252
742 0 127
743 0 96
743 0 130
743 0 133
743 0 134
743 0 135
743 0 364
743 0 79
743 0 118
743 0 87
743 0 374
743 0 1403
743 0 127
744 0 2392
744 0 622
744 0 2388
744 0 2389
744 0 630
744 0 2391
744 0 632
744 0 2393
744 0 1754
744 0 254
745 0 96
745 0 869
745 0 870
745 0 47
745 0 371
745 0 212
745 0 215
745 0 218
745 0 2395
745 0 2396
745 0 2397
746 0 128
746 0 2398
746 0 382
746 0 483
746 0 196
746 0 1496
746 0 105
746 0 107
746 0 1586
746 0 22
746 0 890
746 0 24
746 0 56
746 0 158
746 0 2399
747 0 2400
747 0 2401
747 0 102
747 0 1258
747 0 267
747 0 171
747 0 270
747 0 79
747 0 560
747 0 55
748 0 133
748 0 74
748 0 75
748 0 78
748 0 79
748 0 373
748 0 538
749 0 2402
749 0 72
749 0 74
749 0 1258
749 0 79
749 0 919
749 0 372
749 0 87
749 0 185
749 0 698
749 0 127
750 0 2401
750 0 1122
750 0 1756
750 0 2403
750 0 1445
750 0 391
750 0 137
750 0 651
750 0 764
751 0 96
751 0 2404
751 0 293
751 0 102
751 0 1126
751 0 46
751 0 47
751 0 1777
751 0 210
751 0 52
751 0 119
752 0 96
752 0 127
752 0 87
752 0 79
753 0 2405
753 0 2407
753 0 2408
753 0 2410
753 0 2411
753 0 2412
753 0 2413
753 0 2414
753 0 2415
753 0 2416
753 0 2417
753 0 2418
753 0 2419
753 0 2420
753 0 2421
753 0 1371
754 0 516
754 0 109
754 0 46
754 0 1389
754 0 433
754 0 52
754 0 118
754 0 55
755 0 1248
755 0 418
755 0 67
755 0 426
755 0 396
755 0 1100
755 0 2422
755 0 2424
755 0 2425
755 0 2426
755 0 60
755 0 510
755 0 735
756 0 224
756 0 902
756 0 199
756 0 873
756 0 906
756 0 47
756 0 2427
756 0 2428
756 0 1854
756 0 575
757 0 36
757 0 391
757 0 109
757 0 46
757 0 141
757 0 878
757 0 53
757 0 55
757 0 190
758 0 2432
758 0 2433
758 0 2430
758 0 163
758 0 2434
758 0 2435
758 0 2436
758 0 295
758 0 40
758 0 2431
758 0 46
758 0 2224
758 0 467
758 0 1526
758 0 664
758 0 2046
758 0 511
759 0 96
759 0 2437
759 0 2438
759 0 242
759 0 276
759 0 374
759 0 535
759 0 378
759 0 347
760 0 1184
760 0 2439
760 0 652
760 0 945
760 0 757
761 0 34
761 0 36
761 0 2440
761 0 2219
761 0 1901
761 0 788
761 0 347
761 0 221
762 0 353
762 0 196
762 0 105
762 0 106
762 0 511
762 0 878
762 0 111
762 0 53
762 0 1494
762 0 55
762 0 154
762 0 190
762 0 223
763 0 134
763 0 363
763 0 364
763 0 365
763 0 80
763 0 1200
763 0 1523
763 0 87
764 0 2370
764 0 2371
764 0 1893
764 0 1036
764 0 2444
764 0 2445
764 0 21
764 0 1754
764 0 378
764 0 1115
764 0 893
764 0 126
765 0 34
765 0 42
765 0 2446
765 0 245
765 0 221
765 0 126
766 0 871
766 0 199
766 0 969
766 0 427
766 0 2448
766 0 210
767 0 96
767 0 499
767 0 36
767 0 118
768 0 66
768 0 1219
768 0 22
768 0 1277
768 0 127
769 0 1804
769 0 2451
769 0 155
769 0 156
769 0 158
769 0 35
769 0 165
769 0 57
769 0 314
769 0 196
769 0 197
769 0 198
769 0 460
769 0 462
769 0 727
769 0 472
769 0 474
769 0 735
769 0 486
769 0 1512
770 0 34
770 0 1091
770 0 100
770 0 356
770 0 388
770 0 517
770 0 457
770 0 474
770 0 1236
770 0 2453
770 0 2454
770 0 2455
770 0 57
770 0 442
770 0 155
770 0 286
771 0 96
771 0 800
771 0 1739
771 0 118
771 0 216
771 0 125
772 0 673
772 0 1346
772 0 36
772 0 2457
772 0 52
772 0 278
772 0 57
772 0 2458
772 0 2459
772 0 286
773 0 352
773 0 1730
773 0 133
773 0 41
773 0 2318
773 0 1523
773 0 2460
773 0 188
773 0 1854
774 0 512
774 0 513
774 0 515
774 0 1419
774 0 791
774 0 795
774 0 155
774 0 157
774 0 2462
774 0 2461
774 0 2463
774 0 2464
774 0 2465
774 0 2466
774 0 2467
774 0 422
774 0 1325
774 0 1483
774 0 844
774 0 727
774 0 1513
774 0 508
774 0 509
774 0 510
775 0 2468
775 0 102
775 0 2470
775 0 2471
775 0 1132
775 0 1365
775 0 1015
775 0 827
776 0 802
776 0 134
776 0 776
776 0 137
776 0 2472
776 0 1324
776 0 1869
776 0 302
776 0 47
776 0 16
776 0 303
776 0 118
776 0 254
777 0 325
777 0 42
777 0 362
777 0 211
777 0 152
778 0 1794
778 0 164
778 0 676
778 0 677
778 0 933
778 0 934
778 0 684
778 0 940
778 0 945
778 0 306
778 0 308
778 0 314
778 0 2365
778 0 2332
778 0 541
779 0 1889
779 0 1122
779 0 899
779 0 136
779 0 73
779 0 137
779 0 923
780 0 163
780 0 932
780 0 165
780 0 453
780 0 235
780 0 2476
780 0 909
780 0 2477
780 0 1712
780 0 2452
780 0 53
780 0 1528
780 0 159
781 0 1184
781 0 2016
781 0 228
781 0 105
781 0 107
781 0 652
781 0 46
781 0 2478
781 0 55
781 0 190
782 0 1549
782 0 13
782 0 2480
782 0 2481
782 0 2482
782 0 1268
782 0 25
782 0 956
782 0 2302
783 0 98
783 0 1959
783 0 72
783 0 75
783 0 78
783 0 79
783 0 2484
783 0 184
783 0 185
783 0 254
784 0 1412
784 0 135
784 0 377
784 0 77
784 0 79
784 0 87
784 0 185
784 0 127
785 0 674
785 0 132
785 0 41
785 0 75
785 0 238
785 0 151
785 0 377
785 0 255
786 0 580
786 0 70
786 0 874
786 0 303
786 0 208
786 0 212
786 0 2456
786 0 125
787 0 224
787 0 512
787 0 2051
787 0 708
787 0 390
787 0 391
787 0 510
787 0 46
787 0 112
787 0 2487
787 0 2489
787 0 2490
787 0 62
788 0 36
788 0 105
788 0 235
788 0 523
788 0 109
788 0 46
788 0 941
788 0 52
788 0 2491
788 0 2492
788 0 286
789 0 192
789 0 1889
789 0 130
789 0 133
789 0 358
789 0 361
789 0 376
789 0 57
789 0 187
789 0 2494
790 0 96
790 0 129
790 0 131
790 0 1352
790 0 178
790 0 2454
790 0 697
790 0 538
790 0 1084
791 0 928
791 0 961
791 0 34
791 0 229
791 0 1289
791 0 362
791 0 2219
791 0 752
791 0 306
791 0 1010
791 0 151
791 0 1528
791 0 315
791 0 1437
791 0 2495
792 0 832
792 0 2496
792 0 2497
792 0 2147
792 0 772
792 0 1188
792 0 134
792 0 102
792 0 75
792 0 1550
792 0 47
792 0 951
792 0 378
792 0 1820
792 0 255
793 0 353
793 0 137
793 0 1324
793 0 206
793 0 433
793 0 87
793 0 923
793 0 540
793 0 254
794 0 2498
794 0 360
794 0 46
794 0 1235
794 0 858
795 0 105
795 0 46
795 0 114
795 0 52
795 0 55
795 0 890
795 0 187
796 0 754
796 0 1748
796 0 1300
796 0 2499
797 0 129
797 0 548
797 0 2500
797 0 2501
797 0 2502
797 0 2503
797 0 1789
797 0 1036
797 0 2064
797 0 338
797 0 118
797 0 1082
797 0 476
797 0 253
797 0 1791
798 0 242
798 0 991
798 0 1029
798 0 535
799 0 134
799 0 775
799 0 102
799 0 755
799 0 1523
799 0 188
800 0 34
800 0 354
800 0 36
800 0 708
800 0 1347
800 0 1350
800 0 2504
800 0 42
800 0 109
800 0 654
800 0 1051
800 0 286
801 0 96
801 0 135
801 0 72
801 0 73
801 0 74
801 0 75
801 0 81
801 0 87
802 0 835
802 0 37
802 0 1739
802 0 332
802 0 109
802 0 334
802 0 460
802 0 2027
802 0 1427
802 0 1236
802 0 118
802 0 1144
802 0 1085
802 0 1118
803 0 130
803 0 1414
803 0 135
803 0 171
803 0 267
803 0 363
803 0 364
803 0 79
803 0 118
803 0 184
803 0 1403
804 0 932
804 0 2508
804 0 2509
804 0 141
804 0 2510
804 0 2511
804 0 2513
804 0 2514
804 0 2515
804 0 2516
804 0 277
805 0 346
805 0 2518
805 0 1022
806 0 130
806 0 263
806 0 73
806 0 77
806 0 206
806 0 79
806 0 87
806 0 184
806 0 185
807 0 102
807 0 467
807 0 52
807 0 1172
807 0 1523
807 0 61
807 0 863
808 0 98
808 0 435
808 0 2003
808 0 1011
808 0 2520
808 0 506
809 0 134
809 0 135
809 0 74
809 0 171
809 0 363
809 0 79
809 0 115
809 0 87
810 0 135
810 0 74
810 0 77
810 0 79
810 0 80
810 0 115
810 0 405
810 0 951
810 0 127
811 0 96
811 0 66
811 0 36
811 0 134
811 0 841
811 0 109
811 0 47
811 0 560
811 0 118
811 0 55
811 0 2523
811 0 126
812 0 2525
812 0 34
812 0 930
812 0 36
812 0 42
812 0 747
812 0 2060
812 0 109
812 0 1902
812 0 1615
812 0 531
812 0 285
813 0 192
813 0 1122
813 0 35
813 0 100
813 0 37
813 0 261
813 0 356
813 0 1515
813 0 558
813 0 1518
813 0 118
813 0 478
813 0 2527
814 0 163
814 0 2463
814 0 105
814 0 53
814 0 221
814 0 1663
815 0 754
815 0 1748
815 0 36
816 0 196
816 0 1580
816 0 657
816 0 307
816 0 1268
816 0 439
816 0 446
817 0 1312
817 0 129
817 0 2530
817 0 2438
817 0 1449
817 0 46
817 0 119
817 0 2268
817 0 445
818 0 34
818 0 3
818 0 1477
818 0 2533
818 0 362
818 0 523
818 0 2317
818 0 526
818 0 529
818 0 788
818 0 119
819 0 100
819 0 105
819 0 844
819 0 302
819 0 55
819 0 735
820 0 289
820 0 34
820 0 483
820 0 36
820 0 165
820 0 1217
820 0 2404
820 0 40
820 0 2534
820 0 42
820 0 2535
820 0 2536
820 0 462
820 0 1970
820 0 285
821 0 74
821 0 237
821 0 80
821 0 87
821 0 24
821 0 31
822 0 2401
822 0 78
822 0 2448
822 0 305
822 0 1621
822 0 1589
822 0 1499
823 0 1513
823 0 2537
823 0 1419
823 0 758
823 0 2462
824 0 738
824 0 1123
824 0 969
824 0 1290
824 0 2538
824 0 209
824 0 210
824 0 657
824 0 1554
825 0 192
825 0 352
825 0 2539
825 0 1327
825 0 499
825 0 52
825 0 118
825 0 55
825 0 1278
825 0 474
825 0 124
825 0 253
825 0 126
826 0 376
826 0 127
826 0 118
826 0 87
827 0 133
827 0 871
827 0 267
827 0 2540
827 0 494
827 0 79
827 0 80
827 0 431
827 0 560
827 0 1364
827 0 87
828 0 608
828 0 36
828 0 2429
829 0 4
829 0 804
829 0 1604
829 0 1608
829 0 329
829 0 332
829 0 973
829 0 334
829 0 2543
829 0 19
830 0 96
830 0 771
830 0 102
830 0 78
830 0 47
830 0 915
830 0 118
830 0 694
830 0 726
830 0 446
831 0 2084
831 0 2054
831 0 73
831 0 75
831 0 237
831 0 80
831 0 81
831 0 1202
831 0 2547
831 0 22
832 0 1156
832 0 261
832 0 73
832 0 74
832 0 80
832 0 2548
832 0 117
832 0 87
832 0 538
832 0 382
833 0 545
833 0 188
833 0 36
833 0 996
834 0 96
834 0 37
834 0 391
834 0 109
834 0 46
834 0 52
834 0 118
834 0 119
834 0 764
834 0 221
834 0 190
834 0 127
835 0 1698
835 0 1123
835 0 37
835 0 5
835 0 42
835 0 973
835 0 14
835 0 655
835 0 17
835 0 24
836 0 358
836 0 46
836 0 114
836 0 52
836 0 2550
836 0 219
837 0 1154
837 0 75
837 0 399
837 0 79
837 0 115
837 0 185
838 0 388
838 0 105
838 0 110
838 0 1327
838 0 114
838 0 882
838 0 2197
838 0 1438
838 0 799
839 0 1536
839 0 1923
839 0 132
839 0 165
839 0 197
839 0 1092
839 0 41
839 0 107
839 0 460
839 0 46
839 0 465
839 0 22
839 0 57
839 0 187
839 0 956
840 0 96
840 0 102
840 0 427
840 0 589
840 0 302
840 0 47
840 0 304
840 0 494
841 0 70
841 0 392
841 0 2508
841 0 2285
841 0 590
841 0 2556
841 0 912
841 0 306
841 0 2552
841 0 2553
841 0 2555
841 0 1212
841 0 1022
842 0 32
842 0 40
842 0 456
842 0 1804
842 0 2447
842 0 1136
842 0 883
842 0 21
842 0 854
842 0 474
842 0 1851
842 0 2557
842 0 478
842 0 223
843 0 2560
843 0 2561
843 0 386
843 0 2562
843 0 2564
843 0 2565
843 0 2313
843 0 1579
843 0 397
844 0 1345
844 0 1346
844 0 2276
844 0 550
844 0 202
844 0 1547
844 0 45
844 0 527
844 0 278
844 0 1337
844 0 286
845 0 356
845 0 1700
845 0 4
845 0 2567
845 0 1604
845 0 2568
845 0 2569
845 0 2570
845 0 2571
845 0 2572
845 0 2573
845 0 2575
846 0 1607
846 0 2576
846 0 210
846 0 242
846 0 52
846 0 1593
846 0 443
846 0 1020
846 0 2015
847 0 196
847 0 517
847 0 198
847 0 486
847 0 519
847 0 2578
847 0 2579
847 0 2452
847 0 2580
847 0 2581
847 0 727
847 0 472
847 0 729
847 0 732
848 0 1984
848 0 261
848 0 2535
848 0 80
848 0 242
848 0 2582
848 0 2584
848 0 1789
848 0 126
849 0 2147
849 0 772
849 0 171
849 0 184
849 0 380
850 0 1282
850 0 362
850 0 395
850 0 394
850 0 346
850 0 1514
850 0 1722
850 0 218
850 0 1307
850 0 1822
851 0 263
851 0 1069
851 0 254
851 0 2585
851 0 956
851 0 542
852 0 764
852 0 293
852 0 105
852 0 107
852 0 1174
852 0 2586
852 0 2587
852 0 252
852 0 190
852 0 1183
853 0 36
853 0 141
853 0 46
853 0 766
853 0 878
853 0 657
853 0 1168
853 0 670
854 0 0
854 0 321
854 0 4
854 0 6
854 0 358
854 0 329
854 0 13
854 0 334
854 0 337
854 0 342
854 0 1270
854 0 1272
854 0 2230
854 0 124
854 0 2588
855 0 2592
855 0 2593
855 0 732
855 0 517
855 0 198
855 0 519
855 0 582
855 0 2590
855 0 2579
855 0 727
855 0 728
855 0 729
855 0 314
855 0 155
855 0 508
855 0 509
855 0 574
855 0 2591
856 0 96
856 0 2595
856 0 841
856 0 77
856 0 2162
856 0 2163
856 0 254
856 0 376
856 0 126
857 0 836
857 0 1445
857 0 714
857 0 970
857 0 77
857 0 303
857 0 47
857 0 212
857 0 215
857 0 989
858 0 388
858 0 1541
858 0 389
858 0 2347
858 0 2254
858 0 2103
858 0 696
858 0 221
859 0 353
859 0 708
859 0 2598
859 0 2599
859 0 2600
859 0 1385
859 0 47
859 0 2064
859 0 54
859 0 1911
859 0 1020
860 0 2562
860 0 131
860 0 2602
860 0 2603
860 0 919
860 0 127
861 0 128
861 0 353
861 0 36
861 0 2469
861 0 102
861 0 105
861 0 906
861 0 523
861 0 1034
861 0 46
861 0 54
862 0 102
862 0 267
862 0 1261
862 0 302
862 0 78
862 0 303
862 0 1523
863 0 34
863 0 163
863 0 1543
863 0 1128
863 0 297
863 0 1003
863 0 1389
863 0 2606
863 0 1039
863 0 1615
863 0 2607
863 0 946
863 0 2451
863 0 2608
863 0 2609
863 0 1438
864 0 776
864 0 713
864 0 589
864 0 302
864 0 303
864 0 2002
864 0 2233
864 0 1119
865 0 480
865 0 36
865 0 805
865 0 2222
865 0 241
865 0 273
866 0 448
866 0 100
866 0 329
866 0 330
866 0 331
866 0 2505
866 0 337
866 0 2611
866 0 2612
866 0 438
867 0 133
867 0 391
867 0 235
867 0 46
867 0 542
867 0 127
868 0 295
868 0 78
868 0 46
868 0 55
868 0 863
869 0 227
869 0 331
869 0 332
869 0 13
869 0 1138
869 0 275
869 0 2613
869 0 887
869 0 956
869 0 445
870 0 1280
870 0 897
870 0 2614
870 0 2615
870 0 93
870 0 190
871 0 2051
871 0 1957
871 0 70
871 0 1623
871 0 1625
871 0 1306
871 0 2619
871 0 2620
871 0 2621
871 0 2622
872 0 713
872 0 2476
872 0 77
872 0 2285
872 0 2623
872 0 58
872 0 2075
872 0 1439
873 0 2624
873 0 354
873 0 1406
873 0 2254
873 0 498
873 0 500
873 0 22
873 0 254
873 0 223
874 0 96
874 0 2625
874 0 100
874 0 1156
874 0 422
874 0 136
874 0 77
874 0 80
874 0 178
874 0 404
874 0 2328
874 0 253
875 0 2626
875 0 838
875 0 297
875 0 106
875 0 235
875 0 2478
875 0 48
876 0 160
876 0 36
876 0 2629
876 0 2630
876 0 2631
876 0 2632
876 0 2633
876 0 362
876 0 2430
877 0 2634
877 0 2635
877 0 2636
877 0 1549
877 0 2414
877 0 499
877 0 507
878 0 66
878 0 36
878 0 548
878 0 102
878 0 105
878 0 267
878 0 46
878 0 47
878 0 1589
878 0 118
879 0 538
879 0 127
879 0 87
880 0 1018
880 0 135
880 0 105
880 0 74
880 0 77
880 0 55
880 0 117
880 0 87
880 0 538
880 0 923
881 0 1130
881 0 2637
881 0 210
881 0 1016
881 0 219
881 0 124
881 0 1023
882 0 1922
882 0 163
882 0 516
882 0 105
882 0 1545
882 0 107
882 0 2638
882 0 111
882 0 2640
882 0 24
882 0 187
883 0 673
883 0 134
883 0 39
883 0 46
883 0 406
883 0 1143
883 0 187
883 0 254
883 0 863
884 0 96
884 0 102
884 0 560
884 0 1523
884 0 52
884 0 118
884 0 2074
885 0 1536
885 0 355
885 0 36
885 0 197
885 0 165
885 0 486
885 0 1514
885 0 1804
885 0 1105
885 0 2642
885 0 2643
885 0 1397
885 0 438
885 0 30
886 0 96
886 0 74
886 0 859
887 0 493
888 0 96
888 0 608
888 0 1777
888 0 52
888 0 55
888 0 155
888 0 1662
888 0 223
889 0 704
889 0 289
889 0 34
889 0 35
889 0 928
889 0 165
889 0 329
889 0 42
889 0 459
889 0 1673
889 0 242
889 0 211
889 0 531
889 0 285
889 0 158
890 0 96
890 0 133
890 0 681
890 0 1388
890 0 654
890 0 2543
891 0 1728
891 0 195
891 0 200
891 0 2650
891 0 2649
891 0 1370
891 0 2651
891 0 1375
892 0 78
892 0 2655
892 0 1556
892 0 53
892 0 54
892 0 1175
892 0 1594
892 0 154
892 0 2652
892 0 2654
892 0 511
893 0 1312
893 0 2656
893 0 199
893 0 1010
893 0 1044
893 0 790
893 0 727
893 0 1080
893 0 442
893 0 253
893 0 1246
894 0 96
894 0 2657
894 0 98
894 0 136
894 0 77
894 0 80
894 0 372
894 0 404
894 0 118
894 0 374
894 0 376
894 0 126
895 0 66
895 0 134
895 0 74
895 0 79
895 0 80
895 0 254
895 0 127
896 0 96
896 0 102
896 0 714
896 0 589
896 0 78
896 0 47
896 0 2321
896 0 756
896 0 1589
897 0 288
897 0 2658
897 0 133
897 0 135
897 0 73
897 0 77
897 0 1325
897 0 79
897 0 919
897 0 377
897 0 382
898 0 159
898 0 2432
898 0 2659
898 0 295
898 0 456
898 0 105
898 0 1545
898 0 1325
898 0 1006
898 0 223
899 0 865
899 0 2660
899 0 293
899 0 1545
899 0 109
899 0 2066
899 0 275
899 0 1048
899 0 155
899 0 221
900 0 34
900 0 354
900 0 36
900 0 41
900 0 107
901 0 708
901 0 102
901 0 2663
901 0 136
901 0 2664
901 0 1148
901 0 1150
902 0 450
902 0 1923
902 0 1220
902 0 2665
902 0 2666
902 0 2668
902 0 2669
902 0 558
902 0 2670
902 0 22
902 0 1047
902 0 87
902 0 1878
903 0 135
903 0 363
903 0 206
903 0 80
903 0 434
903 0 374
903 0 185
904 0 2688
904 0 2679
904 0 2680
904 0 2671
904 0 2672
904 0 2673
904 0 2675
904 0 2676
904 0 2677
904 0 1942
904 0 1142
904 0 2678
904 0 2681
904 0 2682
904 0 2683
904 0 2685
904 0 2686
904 0 2687
905 0 128
905 0 2689
905 0 2690
905 0 109
905 0 48
905 0 1467
905 0 280
905 0 795
905 0 508
905 0 286
906 0 2691
906 0 2692
906 0 101
906 0 235
906 0 1421
906 0 566
906 0 93
906 0 1278
907 0 928
907 0 34
907 0 133
907 0 2693
907 0 42
907 0 118
907 0 184
907 0 286
908 0 1792
908 0 2696
908 0 267
908 0 184
908 0 377
908 0 126
908 0 575
909 0 192
909 0 132
909 0 38
909 0 72
909 0 264
909 0 2697
909 0 77
909 0 237
909 0 238
909 0 80
909 0 81
909 0 1202
909 0 87
909 0 58
910 0 257
910 0 137
910 0 2699
910 0 2700
910 0 237
910 0 2701
910 0 22
911 0 2304
911 0 1385
911 0 141
911 0 2702
911 0 2703
911 0 2704
911 0 2705
911 0 1650
911 0 1174
911 0 511
912 0 512
912 0 418
912 0 419
912 0 2018
912 0 295
912 0 136
912 0 522
912 0 46
912 0 1617
912 0 2706
912 0 2425
912 0 570
912 0 157
912 0 510
912 0 735
913 0 2272
913 0 356
913 0 37
913 0 466
913 0 2707
913 0 1526
913 0 56
913 0 61
914 0 672
914 0 674
914 0 2708
914 0 2710
914 0 2712
914 0 377
914 0 987
915 0 928
915 0 2017
915 0 2018
915 0 708
915 0 1289
915 0 1005
915 0 2013
915 0 1010
915 0 1012
915 0 157
915 0 1471
916 0 96
916 0 102
916 0 105
916 0 332
916 0 47
916 0 118
917 0 257
917 0 805
917 0 43
917 0 499
917 0 694
917 0 26
918 0 96
918 0 802
918 0 302
918 0 78
918 0 304
918 0 47
918 0 494
918 0 1395
918 0 406
919 0 773
919 0 102
919 0 1319
919 0 47
919 0 1396
919 0 1589
920 0 128
920 0 376
921 0 353
921 0 1122
921 0 998
921 0 878
921 0 1556
921 0 2714
921 0 2713
921 0 154
921 0 733
921 0 1406
922 0 165
922 0 102
922 0 906
922 0 716
922 0 878
922 0 48
922 0 52
922 0 53
922 0 920
922 0 154
922 0 2715
922 0 158
922 0 159
923 0 407
923 0 66
923 0 135
923 0 72
923 0 74
923 0 75
923 0 238
923 0 79
923 0 80
923 0 919
923 0 87
923 0 377
924 0 36
924 0 7
924 0 42
924 0 216
924 0 2716
925 0 613
925 0 105
925 0 906
925 0 1130
925 0 918
925 0 1180
925 0 863
926 0 802
926 0 267
926 0 79
926 0 47
927 0 36
927 0 109
927 0 141
927 0 112
927 0 52
927 0 55
928 0 1056
928 0 2472
928 0 41
928 0 301
928 0 47
928 0 1052
929 0 385
929 0 131
929 0 74
929 0 237
929 0 206
929 0 118
929 0 87
929 0 88
929 0 698
929 0 442
929 0 863
929 0 918
929 0 127
930 0 96
930 0 2717
930 0 135
930 0 493
930 0 78
930 0 118
930 0 1117
930 0 446
931 0 608
931 0 36
931 0 1477
931 0 362
931 0 2718
931 0 46
931 0 1812
931 0 60
931 0 1662
932 0 1315
932 0 804
932 0 9
932 0 655
932 0 209
932 0 657
932 0 378
932 0 477
933 0 320
933 0 104
933 0 1228
933 0 77
933 0 1202
933 0 115
933 0 58
934 0 96
934 0 1505
934 0 841
934 0 47
934 0 2320
934 0 435
934 0 1395
934 0 118
934 0 1341
934 0 126
935 0 257
935 0 36
935 0 356
935 0 2194
935 0 499
935 0 20
935 0 60
935 0 221
936 0 2720
936 0 2721
936 0 1027
936 0 1445
936 0 2120
936 0 2287
936 0 208
936 0 218
936 0 220
937 0 2723
937 0 2724
937 0 2725
937 0 774
937 0 782
937 0 146
937 0 788
937 0 820
937 0 1942
937 0 1947
938 0 1889
938 0 74
938 0 2635
938 0 117
938 0 87
938 0 376
938 0 540
939 0 99
939 0 101
939 0 72
939 0 115
939 0 1623
939 0 376
939 0 538
940 0 388
940 0 1444
940 0 1543
940 0 2727
940 0 617
940 0 2728
940 0 883
940 0 2067
940 0 1109
940 0 22
940 0 1047
941 0 354
941 0 1668
941 0 1541
941 0 2729
941 0 2347
941 0 2252
941 0 2290
942 0 774
942 0 2733
942 0 785
942 0 788
942 0 1719
943 0 1794
943 0 260
943 0 2180
943 0 1896
943 0 2734
943 0 2735
943 0 498
943 0 499
943 0 500
943 0 25
943 0 28
944 0 128
944 0 386
944 0 136
944 0 1579
944 0 494
944 0 80
944 0 1630
945 0 1184
945 0 133
945 0 102
945 0 776
945 0 652
945 0 210
945 0 242
945 0 118
945 0 1438
946 0 96
946 0 2736
946 0 2737
946 0 52
946 0 250
947 0 2147
947 0 78
947 0 79
947 0 80
947 0 527
947 0 55
947 0 87
947 0 376
948 0 676
948 0 453
948 0 677
948 0 615
948 0 111
948 0 306
948 0 2740
948 0 2741
948 0 2742
948 0 2743
948 0 56
949 0 130
949 0 77
949 0 206
949 0 79
949 0 561
949 0 374
949 0 87
949 0 184
949 0 185
949 0 538
950 0 1514
950 0 54
950 0 1015
950 0 2746
950 0 826
950 0 2747
950 0 159
951 0 109
951 0 46
951 0 277
951 0 2455
951 0 1691
951 0 190
951 0 223
952 0 704
952 0 163
952 0 196
952 0 516
952 0 519
952 0 615
952 0 1545
952 0 511
952 0 111
952 0 1712
952 0 1528
952 0 2750
952 0 159
953 0 2752
953 0 105
953 0 46
953 0 47
953 0 243
953 0 52
953 0 755
953 0 55
953 0 248
954 0 2753
954 0 100
954 0 293
954 0 109
954 0 882
954 0 946
954 0 118
954 0 55
954 0 1174
954 0 1850
955 0 1889
955 0 98
955 0 130
955 0 2435
955 0 133
955 0 361
955 0 1258
955 0 78
955 0 79
955 0 185
955 0 572
955 0 1917
956 0 1923
956 0 516
956 0 137
956 0 1545
956 0 926
956 0 1825
956 0 295
956 0 2476
956 0 438
956 0 57
956 0 61
956 0 451
956 0 2755
956 0 2505
956 0 460
956 0 462
956 0 2639
956 0 607
956 0 1136
956 0 1526
957 0 480
957 0 1122
957 0 2756
957 0 134
957 0 1392
957 0 1524
957 0 917
957 0 1240
957 0 2072
957 0 2074
958 0 1186
958 0 171
958 0 364
958 0 363
958 0 184
958 0 185
958 0 859
959 0 832
959 0 66
959 0 74
959 0 47
959 0 372
959 0 126
960 0 2757
960 0 73
960 0 377
960 0 78
960 0 80
960 0 81
960 0 560
960 0 1200
960 0 185
961 0 908
961 0 1559
961 0 411
961 0 35
961 0 36
961 0 165
961 0 42
961 0 52
961 0 2618
961 0 318
961 0 703
961 0 2758
961 0 1100
961 0 1502
961 0 97
961 0 1513
961 0 1901
961 0 878
961 0 508
962 0 2340
962 0 774
962 0 2759
962 0 1832
962 0 2760
962 0 2761
962 0 2762
962 0 2763
962 0 2765
962 0 782
962 0 2766
962 0 785
962 0 146
962 0 147
962 0 820
962 0 1777
962 0 1944
963 0 1664
963 0 939
963 0 2767
963 0 2768
963 0 52
963 0 854
963 0 695
963 0 2492
963 0 1662
964 0 1799
964 0 295
964 0 2769
964 0 275
964 0 890
964 0 2047
964 0 863
965 0 2770
965 0 2771
965 0 36
965 0 191
966 0 96
966 0 477
966 0 75
966 0 80
966 0 2772
966 0 2773
966 0 2774
966 0 87
966 0 635
966 0 413
966 0 126
966 0 127
967 0 932
967 0 36
967 0 1254
967 0 105
967 0 941
967 0 1523
967 0 277
968 0 738
968 0 102
968 0 427
968 0 941
968 0 1261
968 0 2512
968 0 945
968 0 210
968 0 52
968 0 2775
968 0 2776
968 0 219
969 0 261
969 0 134
969 0 74
969 0 1871
969 0 368
969 0 2001
969 0 115
969 0 52
969 0 917
969 0 1523
969 0 87
969 0 861
969 0 830
969 0 127
970 0 102
970 0 46
970 0 47
970 0 210
970 0 118
970 0 55
970 0 920
970 0 2777
971 0 98
971 0 102
971 0 2281
971 0 74
971 0 75
971 0 79
971 0 80
971 0 87
971 0 55
971 0 254
971 0 127
972 0 1061
972 0 134
972 0 72
972 0 79
972 0 87
973 0 2531
973 0 2780
973 0 2674
973 0 54
973 0 60
973 0 2781
973 0 191
974 0 36
974 0 110
974 0 830
974 0 469
974 0 221
974 0 190
974 0 799
975 0 2304
975 0 293
975 0 295
975 0 361
975 0 45
975 0 46
975 0 117
975 0 55
975 0 187
975 0 2782
975 0 863
976 0 2688
976 0 2784
976 0 67
976 0 2787
976 0 133
976 0 422
976 0 774
976 0 2788
976 0 2789
976 0 814
976 0 2674
976 0 2677
976 0 157
976 0 2783
977 0 243
977 0 36
977 0 2790
978 0 1091
978 0 902
978 0 235
978 0 332
978 0 47
978 0 944
978 0 1589
978 0 1174
978 0 858
978 0 2427
979 0 96
979 0 135
979 0 171
979 0 267
979 0 363
979 0 1231
979 0 184
979 0 185
980 0 389
980 0 391
980 0 2791
980 0 105
980 0 1742
980 0 47
980 0 55
980 0 1880
980 0 572
980 0 765
981 0 67
981 0 2149
981 0 110
981 0 46
981 0 950
981 0 1278
982 0 385
982 0 1122
982 0 1218
982 0 41
982 0 235
982 0 236
982 0 45
982 0 47
982 0 671
982 0 920
982 0 95
983 0 36
983 0 356
983 0 107
983 0 46
983 0 275
983 0 24
984 0 705
984 0 613
984 0 165
984 0 616
984 0 2793
984 0 2794
984 0 1804
984 0 2796
984 0 703
984 0 2743
984 0 154
984 0 158
984 0 159
985 0 353
985 0 1786
985 0 2214
985 0 141
985 0 1198
985 0 2798
985 0 282
986 0 1220
986 0 105
986 0 107
986 0 112
986 0 55
987 0 102
987 0 235
987 0 302
987 0 305
987 0 54
987 0 190
988 0 4
988 0 5
988 0 6
988 0 329
988 0 330
988 0 332
988 0 13
988 0 14
988 0 1422
988 0 273
988 0 498
988 0 307
988 0 1267
988 0 1109
988 0 445
989 0 2563
989 0 2799
989 0 2801
989 0 2803
989 0 2804
989 0 597
989 0 2807
989 0 2808
989 0 2810
989 0 2811
989 0 1372
989 0 2813
989 0 2814
990 0 106
990 0 235
990 0 1899
990 0 118
990 0 126
990 0 255
991 0 832
991 0 353
991 0 75
991 0 1325
991 0 117
992 0 2818
992 0 1091
992 0 36
992 0 740
992 0 996
992 0 7
992 0 2819
992 0 554
992 0 43
992 0 217
992 0 250
992 0 285
992 0 126
993 0 2820
993 0 293
993 0 37
993 0 2535
993 0 1807
993 0 2451
993 0 55
993 0 572
994 0 192
994 0 2822
994 0 39
994 0 104
994 0 378
994 0 2175
994 0 22
994 0 254
994 0 377
994 0 90
994 0 91
994 0 1754
994 0 126
994 0 863
995 0 832
995 0 353
995 0 928
995 0 483
995 0 198
995 0 1798
995 0 2158
995 0 21
995 0 310
995 0 1338
995 0 155
995 0 30
996 0 2336
996 0 40
996 0 2824
996 0 788
996 0 22
996 0 445
996 0 542
997 0 928
997 0 1664
997 0 678
997 0 1094
997 0 2118
997 0 2825
997 0 2826
997 0 654
997 0 306
997 0 531
997 0 541
998 0 34
998 0 732
998 0 196
998 0 519
998 0 2827
998 0 460
998 0 2828
998 0 2829
998 0 1617
998 0 307
998 0 2581
998 0 1530
998 0 155
998 0 156
998 0 2588
999 0 131
999 0 132
999 0 133
999 0 230
999 0 295
999 0 1080
999 0 361
999 0 237
999 0 1234
999 0 1235
999 0 116
999 0 469
999 0 22
999 0 24
999 0 538
999 0 861
999 0 127
1000 0 1272
1000 0 2371
1000 0 1828
1000 0 1893
1000 0 329
1000 0 330
1000 0 441
1000 0 335
1000 0 24
1000 0 89
1000 0 445
1000 0 2302
1001 0 66
1002 0 232
1002 0 377
1002 0 66
1002 0 130
1003 0 833
1003 0 1098
1003 0 301
1003 0 47
1003 0 209
1003 0 52
1003 0 446
1004 0 795
1004 0 417
1004 0 2464
1004 0 517
1004 0 453
1004 0 519
1004 0 966
1004 0 2832
1004 0 2833
1004 0 2835
1004 0 2836
1004 0 763
1004 0 732
1005 0 66
1005 0 74
1005 0 75
1005 0 171
1005 0 79
1005 0 2838
1005 0 87
1005 0 90
1005 0 254
1006 0 803
1006 0 1446
1006 0 776
1006 0 1224
1006 0 42
1006 0 1518
1006 0 209
1006 0 119
1007 0 802
1007 0 714
1007 0 589
1007 0 302
1007 0 303
1007 0 212
1008 0 704
1008 0 34
1008 0 35
1008 0 197
1008 0 2821
1008 0 1063
1008 0 1615
1008 0 1136
1008 0 53
1008 0 2840
1008 0 1594
1008 0 575
1009 0 386
1009 0 2562
1009 0 1228
1009 0 77
1009 0 397
1009 0 1612
1009 0 81
1009 0 1202
1009 0 87
1009 0 58
1010 0 96
1010 0 832
1010 0 1832
1010 0 105
1010 0 361
1010 0 109
1010 0 46
1010 0 52
1010 0 87
1010 0 572
1011 0 2560
1011 0 2561
1011 0 2562
1011 0 2689
1011 0 2564
1011 0 2810
1011 0 2313
1011 0 490
1011 0 1579
1011 0 1228
1011 0 77
1011 0 1612
1011 0 2846
1011 0 58
1011 0 2843
1011 0 2845
1011 0 2814
1012 0 96
1012 0 800
1012 0 199
1012 0 1319
1012 0 242
1012 0 52
1012 0 119
1013 0 2848
1013 0 2849
1013 0 714
1013 0 52
1013 0 376
1013 0 1277
1013 0 2847
1014 0 230
1014 0 72
1014 0 105
1014 0 74
1014 0 361
1014 0 237
1014 0 81
1014 0 1202
1014 0 117
1014 0 87
1014 0 254
1014 0 127
1015 0 184
1015 0 2850
1016 0 128
1016 0 130
1016 0 1570
1016 0 773
1016 0 2058
1016 0 78
1016 0 79
1016 0 185
1017 0 610
1017 0 2851
1017 0 2852
1017 0 453
1017 0 102
1017 0 2853
1017 0 1416
1017 0 1801
1017 0 2854
1017 0 2856
1017 0 1484
1017 0 2857
1017 0 53
1017 0 2014
1017 0 703
1018 0 131
1018 0 74
1018 0 75
1018 0 79
1018 0 254
1018 0 87
1018 0 185
1018 0 861
1018 0 126
1019 0 226
1019 0 227
1019 0 963
1019 0 2567
1019 0 10
1019 0 971
1019 0 2858
1019 0 13
1019 0 15
1019 0 17
1019 0 498
1019 0 307
1019 0 1267
1019 0 277
1019 0 887
1019 0 1271
1020 0 102
1020 0 2859
1020 0 47
1020 0 210
1020 0 242
1020 0 52
1020 0 219
1021 0 1856
1021 0 772
1021 0 235
1021 0 1143
1021 0 376
1021 0 538
1022 0 192
1022 0 1443
1022 0 356
1022 0 104
1022 0 1047
1022 0 118
1022 0 55
1022 0 378
1022 0 286
1023 0 1153
1023 0 202
1023 0 171
1023 0 204
1023 0 206
1023 0 2862
1023 0 184
1023 0 185
1024 0 1018
1024 0 133
1024 0 87
1025 0 36
1025 0 105
1025 0 1322
1025 0 107
1025 0 46
1026 0 2526
1026 0 40
1026 0 74
1026 0 2863
1026 0 2864
1026 0 2865
1026 0 916
1026 0 951
1026 0 282
1026 0 124
1026 0 1310
1027 0 1153
1027 0 66
1027 0 134
1027 0 72
1027 0 74
1027 0 171
1027 0 79
1027 0 2867
1027 0 52
1027 0 374
1027 0 127
1028 0 132
1028 0 1258
1028 0 1324
1028 0 237
1028 0 78
1028 0 270
1028 0 185
1028 0 923
1029 0 192
1029 0 129
1029 0 66
1029 0 385
1029 0 132
1029 0 261
1029 0 899
1029 0 40
1029 0 202
1029 0 1037
1029 0 1040
1029 0 2175
1029 0 2868
1029 0 87
1029 0 253
1029 0 1310
1029 0 127
1030 0 928
1030 0 289
1030 0 34
1030 0 1664
1030 0 42
1030 0 2795
1030 0 2253
1030 0 2869
1030 0 1182
1031 0 264
1031 0 171
1031 0 2868
1031 0 2870
1031 0 254
1032 0 295
1032 0 617
1032 0 2702
1032 0 1586
1032 0 187
1032 0 510
1033 0 544
1033 0 133
1033 0 977
1033 0 115
1033 0 762
1033 0 380
1033 0 1277
1034 0 774
1034 0 782
1034 0 785
1034 0 2771
1034 0 788
1034 0 2872
1034 0 2873
1034 0 2874
1034 0 2875
1034 0 2876
1035 0 377
1035 0 206
1035 0 79
1035 0 115
1035 0 1590
1035 0 184
1035 0 185
1036 0 832
1036 0 1186
1036 0 134
1036 0 109
1036 0 1742
1036 0 976
1036 0 54
1036 0 377
1036 0 91
1036 0 2877
1036 0 126
1036 0 286
1037 0 96
1037 0 2880
1037 0 2881
1037 0 806
1037 0 7
1037 0 42
1037 0 1266
1037 0 211
1037 0 532
1037 0 250
1038 0 2883
1038 0 36
1038 0 447
1038 0 334
1038 0 558
1038 0 879
1038 0 883
1038 0 889
1038 0 442
1038 0 2235
1038 0 956
1038 0 477
1038 0 30
1038 0 191
1039 0 2884
1039 0 109
1039 0 2254
1039 0 527
1039 0 277
1039 0 1046
1039 0 221
1040 0 2886
1040 0 232
1040 0 979
1040 0 184
1040 0 377
1041 0 1122
1041 0 493
1041 0 722
1041 0 2162
1041 0 1172
1041 0 1877
1041 0 1974
1041 0 121
1041 0 124
1042 0 388
1042 0 2694
1042 0 2887
1042 0 2347
1042 0 1100
1042 0 1136
1042 0 2067
1042 0 221
1043 0 37
1043 0 2888
1043 0 2889
1043 0 2890
1043 0 2252
1043 0 55
1044 0 195
1044 0 2819
1044 0 38
1044 0 200
1044 0 1352
1044 0 2891
1044 0 2892
1044 0 2893
1044 0 2894
1044 0 2895
1044 0 1105
1044 0 151
1044 0 442
1044 0 1723
1044 0 30
1045 0 2465
1045 0 516
1045 0 422
1045 0 2855
1045 0 904
1045 0 1005
1045 0 2897
1045 0 883
1045 0 53
1045 0 795
1045 0 508
1046 0 1122
1046 0 100
1046 0 165
1046 0 261
1046 0 903
1046 0 1502
1046 0 926
1046 0 118
1046 0 445
1046 0 158
1046 0 191
1047 0 874
1047 0 441
1047 0 2861
1047 0 210
1047 0 2899
1047 0 118
1047 0 89
1047 0 125
1047 0 2073
1048 0 96
1048 0 352
1048 0 133
1048 0 782
1048 0 47
1048 0 1593
1048 0 505
1048 0 1118
1049 0 1122
1049 0 36
1049 0 42
1049 0 210
1049 0 534
1049 0 217
1049 0 286
1050 0 776
1050 0 302
1050 0 47
1050 0 2448
1050 0 305
1050 0 52
1050 0 1524
1050 0 863
1051 0 37
1051 0 2472
1051 0 364
1051 0 564
1051 0 95
1052 0 227
1052 0 36
1052 0 13
1052 0 499
1052 0 788
1052 0 2133
1052 0 445
1053 0 676
1053 0 105
1053 0 2665
1053 0 684
1053 0 1324
1053 0 2669
1053 0 272
1053 0 2900
1053 0 2613
1053 0 24
1053 0 1081
1053 0 957
1053 0 30
1054 0 109
1054 0 52
1054 0 2903
1054 0 2904
1054 0 445
1054 0 1662
1055 0 576
1055 0 199
1055 0 52
1055 0 1912
1055 0 2907
1056 0 1728
1056 0 195
1056 0 196
1056 0 200
1056 0 105
1056 0 1036
1056 0 1528
1056 0 2909
1057 0 391
1057 0 105
1057 0 235
1057 0 110
1057 0 46
1057 0 399
1057 0 528
1057 0 1396
1057 0 55
1057 0 764
1057 0 2910
1058 0 202
1058 0 371
1059 0 1760
1059 0 548
1059 0 261
1059 0 806
1059 0 1162
1059 0 80
1059 0 243
1059 0 245
1059 0 126
1059 0 2911
1060 0 161
1060 0 196
1060 0 485
1060 0 516
1060 0 685
1060 0 111
1060 0 882
1060 0 275
1060 0 883
1060 0 1528
1060 0 155
1061 0 1748
1061 0 1300
1062 0 96
1062 0 98
1062 0 1445
1062 0 102
1062 0 47
1062 0 209
1062 0 242
1062 0 216
1063 0 1122
1063 0 2210
1063 0 493
1063 0 1997
1063 0 722
1063 0 2162
1063 0 1239
1063 0 1240
1063 0 2072
1063 0 2074
1063 0 124
1064 0 2912
1064 0 1697
1064 0 1186
1064 0 2913
1064 0 2914
1064 0 2915
1064 0 2916
1064 0 391
1064 0 105
1064 0 267
1064 0 46
1064 0 87
1065 0 1889
1065 0 387
1065 0 133
1065 0 73
1065 0 80
1065 0 560
1065 0 55
1066 0 128
1066 0 130
1066 0 899
1066 0 2917
1066 0 1960
1066 0 361
1066 0 80
1066 0 55
1066 0 570
1067 0 320
1067 0 164
1067 0 516
1067 0 2660
1067 0 2918
1067 0 936
1067 0 297
1067 0 1545
1067 0 2826
1067 0 684
1067 0 2856
1067 0 2919
1067 0 2920
1067 0 1712
1067 0 498
1068 0 1536
1068 0 35
1068 0 196
1068 0 165
1068 0 358
1068 0 582
1068 0 1502
1068 0 2089
1068 0 1514
1068 0 299
1068 0 508
1068 0 57
1068 0 155
1068 0 156
1068 0 286
1069 0 802
1069 0 325
1069 0 102
1069 0 776
1069 0 1261
1069 0 302
1069 0 118
1070 0 230
1070 0 2921
1070 0 74
1070 0 22
1070 0 895
1070 0 922
1070 0 829
1070 0 127
1071 0 230
1071 0 104
1071 0 137
1071 0 233
1071 0 2922
1071 0 2923
1071 0 2924
1071 0 2925
1071 0 20
1071 0 55
1071 0 24
1071 0 572
1071 0 957
1071 0 574
1072 0 130
1072 0 132
1072 0 72
1072 0 137
1072 0 74
1072 0 75
1072 0 237
1072 0 87
1073 0 608
1073 0 865
1073 0 1088
1073 0 163
1073 0 36
1073 0 613
1073 0 614
1073 0 617
1073 0 141
1073 0 2926
1073 0 1586
1073 0 664
1074 0 104
1074 0 41
1074 0 137
1074 0 107
1074 0 361
1074 0 1324
1074 0 46
1074 0 2927
1074 0 1589
1074 0 24
1074 0 187
1074 0 863
1075 0 132
1075 0 134
1075 0 135
1075 0 74
1075 0 206
1075 0 79
1075 0 80
1075 0 117
1075 0 374
1075 0 87
1075 0 185
1075 0 127
1076 0 708
1076 0 107
1076 0 111
1076 0 2928
1076 0 1078
1076 0 2135
1076 0 56
1076 0 1083
1077 0 352
1077 0 36
1077 0 357
1077 0 2604
1077 0 2929
1077 0 276
1077 0 52
1077 0 1310
1078 0 483
1078 0 36
1078 0 105
1078 0 109
1078 0 527
1078 0 114
1078 0 52
1078 0 1662
1078 0 895
1079 0 992
1079 0 994
1079 0 1730
1079 0 1256
1079 0 427
1079 0 524
1079 0 119
1079 0 1115
1080 0 673
1080 0 2819
1080 0 104
1080 0 681
1080 0 235
1080 0 2610
1080 0 2930
1080 0 1236
1080 0 55
1080 0 24
1080 0 442
1080 0 1277
1080 0 1278
1080 0 223
1081 0 422
1081 0 2638
1081 0 2932
1081 0 2933
1081 0 2934
1082 0 134
1082 0 102
1082 0 527
1082 0 114
1082 0 52
1082 0 756
1082 0 119
1082 0 2199
1082 0 1401
1082 0 1466
1082 0 188
1083 0 1145
1083 0 1188
1083 0 206
1083 0 79
1083 0 399
1083 0 2935
1083 0 115
1083 0 2936
1083 0 437
1083 0 406
1083 0 919
1083 0 184
1083 0 185
1083 0 1143
1083 0 2485
1084 0 98
1084 0 78
1084 0 79
1084 0 46
1084 0 47
1084 0 923
1084 0 572
1085 0 36
1085 0 1989
1085 0 391
1085 0 718
1085 0 2096
1085 0 670
1085 0 191
1086 0 97
1086 0 294
1086 0 52
1086 0 55
1086 0 189
1086 0 2937
1086 0 221
1087 0 161
1087 0 155
1087 0 293
1087 0 22
1088 0 2593
1088 0 418
1088 0 419
1088 0 196
1088 0 422
1088 0 519
1088 0 843
1088 0 846
1088 0 53
1088 0 1528
1088 0 795
1088 0 156
1088 0 510
1089 0 608
1089 0 36
1089 0 141
1089 0 1453
1089 0 306
1089 0 250
1089 0 2939
1089 0 2938
1090 0 102
1090 0 2504
1090 0 52
1090 0 2940
1090 0 2941
1090 0 2942
1091 0 1057
1091 0 40
1091 0 275
1091 0 501
1091 0 28
1091 0 2943
1092 0 257
1092 0 1057
1092 0 1571
1092 0 883
1092 0 26
1093 0 257
1093 0 2946
1093 0 2947
1093 0 932
1093 0 1677
1093 0 883
1093 0 277
1093 0 2649
1094 0 36
1094 0 2949
1094 0 109
1094 0 48
1094 0 52
1094 0 53
1094 0 22
1094 0 1144
1094 0 670
1094 0 2463
1095 0 2950
1095 0 329
1095 0 2506
1095 0 332
1095 0 13
1095 0 191
1096 0 2951
1096 0 1523
1096 0 804
1096 0 871
1097 0 832
1097 0 1218
1097 0 389
1097 0 2598
1097 0 2952
1097 0 233
1097 0 106
1097 0 2953
1097 0 2131
1097 0 1141
1097 0 2327
1097 0 252
1097 0 1469
1098 0 2116
1098 0 102
1098 0 78
1098 0 47
1098 0 1594
1098 0 1589
1098 0 118
1098 0 55
1098 0 1144
1098 0 282
1098 0 575
1099 0 1440
1099 0 1851
1099 0 1218
1099 0 2020
1099 0 1257
1099 0 2954
1099 0 235
1099 0 2955
1099 0 2956
1099 0 878
1099 0 1395
1099 0 1587
1099 0 378
1099 0 91
1100 0 192
1100 0 385
1100 0 41
1100 0 46
1100 0 2064
1100 0 53
1100 0 22
1100 0 252
1101 0 261
1101 0 230
1101 0 361
1101 0 107
1101 0 109
1101 0 110
1101 0 399
1101 0 1325
1101 0 22
1101 0 55
1101 0 24
1101 0 1174
1101 0 957
1102 0 102
1102 0 2855
1102 0 2959
1102 0 1135
1102 0 2960
1102 0 2961
1102 0 2654
1103 0 72
1103 0 2698
1103 0 237
1103 0 80
1103 0 115
1103 0 116
1103 0 276
1103 0 87
1103 0 88
1103 0 539
1104 0 1325
1104 0 1854
1104 0 2577
1104 0 2962
1104 0 147
1104 0 788
1104 0 55
1104 0 30
1105 0 774
1105 0 2764
1105 0 785
1105 0 146
1105 0 147
1105 0 1140
1105 0 2963
1105 0 2964
1105 0 1719
1105 0 1944
1105 0 2781
1106 0 2965
1106 0 221
1106 0 126
1106 0 445
1107 0 96
1107 0 66
1107 0 548
1107 0 134
1107 0 74
1107 0 2967
1107 0 2966
1107 0 183
1108 0 961
1108 0 34
1108 0 195
1108 0 100
1108 0 228
1108 0 362
1108 0 1514
1108 0 315
1108 0 735
1108 0 52
1108 0 1528
1108 0 155
1108 0 511
1109 0 129
1109 0 899
1109 0 261
1109 0 2504
1109 0 366
1109 0 1558
1109 0 253
1109 0 254
1110 0 1672
1110 0 459
1110 0 51
1110 0 2968
1110 0 2969
1110 0 2970
1110 0 2971
1110 0 2972
1110 0 959
1111 0 2274
1111 0 36
1111 0 788
1111 0 2973
1111 0 478
1112 0 1220
1112 0 293
1112 0 1292
1112 0 13
1112 0 498
1112 0 883
1112 0 799
1112 0 947
1112 0 1492
1112 0 2975
1112 0 445
1112 0 2974
1112 0 223
1113 0 2976
1113 0 2977
1113 0 98
1113 0 1336
1113 0 132
1113 0 2978
1113 0 230
1113 0 2979
1113 0 361
1113 0 74
1113 0 2155
1113 0 237
1113 0 24
1114 0 2980
1114 0 38
1114 0 915
1114 0 2260
1114 0 118
1114 0 956
1114 0 254
1115 0 96
1115 0 2823
1115 0 1353
1115 0 1777
1115 0 2648
1115 0 155
1116 0 96
1116 0 358
1116 0 679
1116 0 136
1116 0 361
1116 0 682
1116 0 653
1116 0 1328
1116 0 242
1116 0 114
1116 0 211
1116 0 2551
1117 0 389
1117 0 294
1117 0 295
1117 0 2982
1117 0 2983
1117 0 74
1117 0 46
1117 0 2937
1118 0 1345
1118 0 36
1118 0 2245
1118 0 2984
1118 0 2058
1118 0 109
1118 0 110
1118 0 143
1118 0 55
1119 0 34
1119 0 36
1119 0 37
1119 0 105
1119 0 42
1119 0 2986
1119 0 109
1119 0 52
1119 0 55
1119 0 252
1120 0 769
1120 0 35
1120 0 36
1120 0 165
1120 0 388
1120 0 2597
1120 0 1514
1120 0 107
1120 0 1802
1120 0 141
1120 0 46
1120 0 2987
1120 0 2988
1120 0 2989
1120 0 882
1120 0 2741
1120 0 438
1121 0 771
1121 0 36
1121 0 2120
1121 0 45
1121 0 654
1121 0 2991
1121 0 1042
1121 0 438
1121 0 2648
1121 0 446
1122 0 1342
1122 0 102
1122 0 1832
1122 0 105
1122 0 109
1122 0 1133
1122 0 114
1122 0 2199
1122 0 477
1122 0 286
1123 0 2597
1123 0 2890
1123 0 46
1123 0 2719
1123 0 2992
1123 0 1235
1123 0 2517
1123 0 221
1123 0 1343
1124 0 833
1124 0 906
1124 0 305
1124 0 1556
1124 0 2996
1124 0 118
1124 0 55
1124 0 1144
1124 0 282
1125 0 673
1125 0 132
1125 0 41
1125 0 558
1125 0 2414
1125 0 1073
1125 0 2997
1125 0 2998
1125 0 2999
1125 0 24
1125 0 3001
1126 0 98
1126 0 919
1126 0 438
1126 0 87
1126 0 184
1126 0 185
1126 0 3002
1126 0 1277
1127 0 832
1127 0 1026
1127 0 900
1127 0 68
1127 0 399
1127 0 3004
1127 0 1469
1128 0 3008
1128 0 897
1128 0 867
1128 0 227
1128 0 590
1128 0 2771
1128 0 277
1128 0 3007
1128 0 60
1128 0 3005
1128 0 3006
1128 0 959
1129 0 1186
1129 0 135
1129 0 267
1129 0 171
1129 0 1230
1129 0 79
1129 0 560
1129 0 1424
1130 0 928
1130 0 1217
1130 0 34
1130 0 35
1130 0 196
1130 0 3009
1130 0 2505
1130 0 42
1130 0 622
1130 0 623
1130 0 624
1130 0 211
1130 0 630
1130 0 1721
1130 0 2492
1130 0 735
1131 0 104
1131 0 109
1131 0 45
1131 0 110
1131 0 111
1131 0 863
1131 0 252
1131 0 127
1132 0 1440
1132 0 3012
1132 0 613
1132 0 3014
1132 0 904
1132 0 3016
1132 0 1130
1132 0 3017
1132 0 989
1133 0 224
1133 0 164
1133 0 932
1133 0 3018
1133 0 941
1133 0 686
1133 0 496
1133 0 277
1133 0 1115
1133 0 221
1134 0 1538
1134 0 47
1134 0 1395
1134 0 756
1134 0 118
1134 0 504
1135 0 2507
1135 0 45
1135 0 469
1135 0 22
1135 0 55
1135 0 56
1135 0 57
1135 0 187
1136 0 899
1136 0 3019
1136 0 3020
1136 0 2804
1136 0 2806
1136 0 2810
1136 0 1372
1136 0 2814
1137 0 96
1137 0 167
1137 0 203
1137 0 79
1137 0 1040
1137 0 721
1137 0 1231
1137 0 2071
1137 0 1821
1138 0 36
1138 0 52
1139 0 35
1139 0 732
1139 0 1545
1139 0 110
1139 0 462
1139 0 46
1139 0 1969
1139 0 3022
1139 0 24
1139 0 1114
1139 0 572
1140 0 102
1140 0 42
1140 0 47
1140 0 3023
1140 0 243
1140 0 1523
1140 0 250
1141 0 128
1141 0 353
1141 0 133
1141 0 102
1141 0 998
1141 0 776
1141 0 3024
1141 0 1589
1141 0 280
1141 0 282
1141 0 989
1142 0 608
1142 0 2671
1142 0 1105
1142 0 3025
1142 0 3026
1142 0 3027
1142 0 3028
1142 0 1851
1142 0 2686
1143 0 133
1143 0 102
1143 0 267
1143 0 78
1143 0 118
1143 0 184
1143 0 185
1144 0 545
1144 0 355
1144 0 100
1144 0 197
1144 0 446
1144 0 1700
1144 0 334
1144 0 1583
1144 0 1809
1144 0 3029
1144 0 55
1144 0 857
1144 0 858
1144 0 254
1145 0 36
1145 0 788
1145 0 3030
1146 0 97
1146 0 104
1146 0 141
1146 0 46
1146 0 110
1146 0 2703
1146 0 850
1146 0 3031
1146 0 22
1146 0 55
1146 0 1174
1147 0 705
1147 0 102
1147 0 3036
1147 0 3032
1147 0 3034
1147 0 3035
1147 0 2748
1147 0 511
1148 0 133
1148 0 41
1148 0 105
1148 0 235
1148 0 236
1148 0 267
1148 0 46
1148 0 878
1148 0 114
1148 0 52
1148 0 53
1148 0 951
1149 0 1889
1149 0 130
1149 0 2083
1149 0 261
1149 0 522
1149 0 269
1149 0 79
1149 0 80
1149 0 81
1149 0 561
1150 0 1218
1150 0 197
1150 0 165
1150 0 1031
1150 0 456
1150 0 41
1150 0 46
1150 0 462
1150 0 2102
1150 0 1496
1150 0 3037
1151 0 2347
1151 0 237
1151 0 16
1151 0 53
1151 0 22
1151 0 407
1151 0 221
1151 0 190
1152 0 2199
1152 0 756
1152 0 286
1152 0 439
1153 0 353
1153 0 136
1153 0 2030
1153 0 498
1153 0 445
1154 0 377
1154 0 75
1154 0 78
1154 0 79
1154 0 406
1154 0 87
1154 0 184
1154 0 185
1154 0 91
1155 0 196
1155 0 519
1155 0 200
1155 0 690
1155 0 275
1155 0 2579
1155 0 727
1155 0 155
1155 0 156
1156 0 293
1156 0 1416
1156 0 46
1156 0 882
1156 0 883
1156 0 888
1156 0 2587
1157 0 1
1157 0 3042
1157 0 3
1157 0 771
1157 0 1446
1157 0 7
1157 0 871
1157 0 746
1157 0 2172
1157 0 242
1157 0 18
1157 0 1554
1157 0 1907
1157 0 2235
1157 0 1148
1158 0 608
1158 0 3043
1158 0 3044
1158 0 3045
1158 0 41
1158 0 46
1158 0 54
1158 0 2744
1158 0 507
1158 0 60
1159 0 512
1159 0 610
1159 0 196
1159 0 516
1159 0 517
1159 0 511
1159 0 111
1159 0 1712
1159 0 1586
1159 0 53
1159 0 56
1159 0 57
1159 0 158
1159 0 159
1160 0 832
1160 0 106
1160 0 1494
1160 0 1590
1160 0 91
1160 0 1181
1161 0 32
1161 0 66
1161 0 3047
1161 0 40
1161 0 1231
1161 0 243
1161 0 1461
1161 0 187
1161 0 252
1162 0 1153
1162 0 1154
1162 0 901
1162 0 3048
1162 0 79
1162 0 115
1162 0 406
1162 0 2935
1162 0 184
1163 0 1315
1163 0 902
1163 0 494
1163 0 47
1163 0 754
1163 0 1144
1163 0 126
1164 0 1153
1164 0 583
1164 0 76
1164 0 78
1164 0 47
1164 0 2159
1164 0 185
1164 0 127
1165 0 608
1165 0 2434
1165 0 36
1165 0 102
1165 0 391
1165 0 518
1165 0 105
1165 0 46
1165 0 187
1166 0 34
1166 0 803
1166 0 36
1166 0 7
1166 0 362
1166 0 1290
1166 0 655
1166 0 211
1166 0 216
1166 0 250
1166 0 1214
1167 0 98
1167 0 2297
1167 0 377
1167 0 74
1167 0 77
1167 0 237
1167 0 1651
1167 0 919
1167 0 185
1168 0 1696
1168 0 132
1168 0 36
1168 0 134
1168 0 3049
1168 0 171
1168 0 126
1169 0 137
1169 0 3050
1169 0 237
1169 0 399
1169 0 87
1169 0 539
1169 0 254
1169 0 127
1170 0 66
1170 0 132
1170 0 79
1170 0 87
1170 0 539
1170 0 540
1170 0 254
1171 0 389
1171 0 165
1171 0 105
1171 0 45
1171 0 399
1171 0 467
1171 0 1396
1171 0 190
1172 0 388
1172 0 165
1172 0 3051
1172 0 109
1172 0 46
1172 0 51
1172 0 1174
1172 0 55
1172 0 154
1173 0 98
1173 0 135
1173 0 171
1173 0 363
1173 0 364
1173 0 365
1173 0 3052
1173 0 81
1173 0 374
1173 0 185
1174 0 135
1174 0 73
1174 0 75
1174 0 145
1174 0 374
1174 0 87
1174 0 185
1175 0 66
1175 0 72
1175 0 75
1175 0 79
1175 0 87
1175 0 91
1175 0 540
1175 0 127
1176 0 1091
1176 0 228
1176 0 1416
1176 0 109
1176 0 766
1176 0 3055
1176 0 3056
1176 0 3057
1176 0 52
1176 0 286
1177 0 608
1177 0 1952
1177 0 613
1177 0 568
1177 0 74
1177 0 363
1177 0 1875
1177 0 184
1177 0 127
1178 0 3003
1178 0 2566
1178 0 1612
1178 0 77
1178 0 81
1178 0 2546
1178 0 117
1178 0 661
1178 0 2843
1179 0 771
1179 0 302
1179 0 47
1179 0 1872
1179 0 210
1179 0 3058
1179 0 3059
1179 0 3060
1179 0 3061
1179 0 120
1179 0 282
1179 0 1503
1180 0 35
1180 0 196
1180 0 165
1180 0 615
1180 0 2888
1180 0 1389
1180 0 111
1180 0 48
1180 0 719
1180 0 752
1180 0 3062
1180 0 24
1180 0 2587
1180 0 159
1181 0 2341
1181 0 491
1181 0 1776
1181 0 2130
1181 0 2419
1181 0 3063
1181 0 3064
1181 0 3065
1181 0 3066
1181 0 3067
1181 0 3068
1181 0 3069
1181 0 3070
1182 0 184
1182 0 141
1183 0 131
1183 0 134
1183 0 1065
1183 0 171
1183 0 267
1183 0 78
1183 0 47
1183 0 55
1183 0 382
1184 0 1056
1184 0 392
1184 0 46
1184 0 47
1184 0 1589
1184 0 55
1184 0 1178
1184 0 91
1185 0 388
1185 0 133
1185 0 392
1185 0 652
1185 0 46
1185 0 1103
1185 0 528
1185 0 755
1185 0 1140
1185 0 55
1185 0 187
1186 0 928
1186 0 961
1186 0 3073
1186 0 3074
1186 0 196
1186 0 358
1186 0 40
1186 0 42
1186 0 844
1186 0 307
1187 0 577
1187 0 2328
1187 0 1507
1187 0 197
1187 0 102
1187 0 906
1187 0 47
1187 0 118
1187 0 920
1187 0 1276
1188 0 928
1188 0 1216
1188 0 3075
1188 0 36
1188 0 741
1188 0 3076
1188 0 3077
1188 0 1288
1188 0 393
1188 0 1641
1188 0 395
1188 0 1993
1188 0 1165
1188 0 242
1188 0 1214
1189 0 224
1189 0 771
1189 0 35
1189 0 228
1189 0 3078
1189 0 3079
1189 0 3080
1189 0 3081
1189 0 1738
1189 0 2314
1189 0 2315
1189 0 2987
1189 0 3083
1189 0 306
1189 0 2199
1190 0 257
1190 0 260
1190 0 1353
1190 0 1294
1190 0 498
1190 0 499
1190 0 28
1191 0 1798
1191 0 391
1191 0 3085
1191 0 878
1191 0 2992
1191 0 51
1191 0 764
1192 0 513
1192 0 2786
1192 0 484
1192 0 2406
1192 0 2408
1192 0 1322
1192 0 3086
1192 0 1776
1192 0 3089
1192 0 2418
1192 0 3091
1192 0 52
1192 0 3065
1192 0 411
1193 0 929
1193 0 34
1193 0 1315
1193 0 2275
1193 0 2434
1193 0 2631
1193 0 106
1193 0 109
1193 0 1325
1193 0 3092
1193 0 3093
1193 0 3094
1193 0 3095
1193 0 318
1194 0 899
1194 0 73
1194 0 366
1194 0 79
1194 0 80
1194 0 117
1194 0 185
1195 0 295
1195 0 2023
1195 0 107
1195 0 235
1195 0 46
1195 0 1103
1195 0 2290
1195 0 1396
1195 0 53
1195 0 190
1195 0 159
1196 0 135
1197 0 160
1197 0 961
1197 0 3098
1197 0 198
1197 0 1798
1197 0 297
1197 0 2194
1197 0 1531
1197 0 3096
1197 0 3097
1197 0 314
1197 0 155
1197 0 156
1197 0 509
1198 0 994
1198 0 35
1198 0 36
1198 0 197
1198 0 1091
1198 0 1730
1198 0 1001
1198 0 526
1198 0 52
1198 0 445
1199 0 361
1199 0 46
1199 0 528
1199 0 252
1199 0 190
1199 0 863
1200 0 354
1200 0 133
1200 0 776
1200 0 105
1200 0 2281
1200 0 46
1200 0 304
1200 0 52
1200 0 55
1200 0 3099
1201 0 1132
1201 0 716
1201 0 219
1201 0 941
1201 0 2491
1201 0 3100
1201 0 3101
1201 0 3102
1202 0 608
1202 0 803
1202 0 677
1202 0 362
1202 0 1290
1202 0 462
1202 0 209
1202 0 632
1202 0 1721
1202 0 2009
1203 0 3104
1203 0 245
1203 0 109
1203 0 445
1204 0 3105
1204 0 3106
1204 0 362
1204 0 941
1204 0 287
1205 0 96
1205 0 130
1205 0 3107
1205 0 76
1205 0 301
1205 0 118
1205 0 376
1205 0 441
1205 0 2269
1206 0 3110
1206 0 3112
1206 0 3113
1206 0 3114
1206 0 147
1206 0 1883
1206 0 2781
1207 0 184
1207 0 377
1207 0 98
1207 0 951
1208 0 96
1208 0 210
1208 0 119
1208 0 57
1208 0 1756
1208 0 2078
1209 0 36
1209 0 356
1209 0 241
1209 0 243
1209 0 52
1209 0 347
1210 0 1889
1210 0 134
1210 0 1258
1210 0 79
1210 0 376
1210 0 538
1210 0 700
1211 0 1027
1211 0 2120
1211 0 3117
1211 0 16
1211 0 401
1211 0 1075
1211 0 53
1211 0 55
1211 0 190
1212 0 96
1212 0 1283
1212 0 102
1212 0 806
1212 0 776
1212 0 589
1212 0 494
1212 0 303
1212 0 210
1212 0 216
1212 0 217
1213 0 708
1213 0 1095
1213 0 105
1213 0 107
1213 0 141
1213 0 46
1213 0 1103
1213 0 2064
1213 0 2703
1213 0 882
1213 0 53
1213 0 54
1213 0 55
1213 0 572
1213 0 670
1214 0 1088
1214 0 1091
1214 0 1543
1214 0 1580
1214 0 45
1214 0 878
1214 0 48
1214 0 54
1214 0 154
1214 0 670
1214 0 159
1215 0 98
1215 0 1060
1215 0 135
1215 0 73
1215 0 1258
1215 0 75
1215 0 79
1215 0 372
1215 0 87
1216 0 3110
1216 0 813
1216 0 2414
1216 0 3119
1216 0 2096
1216 0 3120
1216 0 1042
1216 0 147
1216 0 3121
1216 0 3122
1216 0 150
1216 0 151
1216 0 1592
1216 0 3123
1217 0 289
1217 0 34
1217 0 100
1217 0 102
1217 0 395
1217 0 655
1217 0 1425
1217 0 3124
1217 0 3125
1218 0 1416
1218 0 1545
1218 0 1556
1218 0 282
1218 0 158
1218 0 159
1218 0 163
1218 0 165
1218 0 46
1218 0 48
1218 0 52
1218 0 53
1218 0 695
1218 0 196
1218 0 2628
1218 0 715
1218 0 2653
1218 0 105
1218 0 878
1218 0 111
1219 0 3130
1219 0 936
1219 0 1354
1219 0 941
1219 0 3126
1219 0 3127
1219 0 3128
1219 0 3129
1219 0 2554
1219 0 3131
1219 0 3132
1220 0 102
1220 0 137
1220 0 78
1220 0 47
1220 0 302
1220 0 1589
1220 0 118
1220 0 187
1220 0 1180
1220 0 253
1220 0 126
1221 0 774
1221 0 1995
1221 0 300
1221 0 141
1221 0 782
1222 0 1409
1222 0 135
1222 0 377
1222 0 74
1222 0 75
1222 0 80
1222 0 185
1223 0 96
1223 0 1091
1223 0 357
1223 0 361
1223 0 78
1223 0 80
1223 0 118
1224 0 3136
1224 0 3137
1224 0 3138
1224 0 3139
1224 0 676
1224 0 3140
1224 0 617
1224 0 235
1224 0 2638
1224 0 1982
1224 0 3134
1224 0 541
1224 0 1630
1224 0 3135
1225 0 673
1225 0 36
1225 0 3141
1225 0 47
1225 0 118
1225 0 87
1225 0 438
1225 0 286
1226 0 96
1226 0 3142
1226 0 3048
1226 0 78
1226 0 79
1226 0 118
1226 0 538
1226 0 1244
1227 0 3143
1227 0 3144
1227 0 199
1227 0 1010
1227 0 318
1228 0 446
1228 0 105
1228 0 107
1228 0 46
1228 0 475
1228 0 190
1229 0 1440
1229 0 2595
1229 0 841
1229 0 3145
1229 0 3146
1229 0 3147
1229 0 2162
1229 0 244
1229 0 1461
1229 0 2074
1229 0 190
1230 0 1820
1230 0 102
1230 0 55
1230 0 119
1230 0 286
1230 0 126
1230 0 127
1231 0 1984
1231 0 705
1231 0 34
1231 0 35
1231 0 36
1231 0 1446
1231 0 2476
1231 0 208
1231 0 703
1232 0 133
1232 0 1130
1232 0 1324
1232 0 46
1232 0 431
1232 0 1391
1232 0 52
1232 0 118
1232 0 1144
1232 0 1593
1233 0 102
1233 0 776
1233 0 1673
1233 0 427
1233 0 3148
1233 0 1869
1233 0 210
1233 0 1015
1233 0 280
1233 0 1594
1233 0 2559
1234 0 1569
1234 0 36
1234 0 519
1234 0 616
1234 0 681
1234 0 945
1234 0 882
1234 0 1586
1234 0 895
1234 0 56
1234 0 157
1234 0 735
1235 0 96
1235 0 132
1235 0 901
1235 0 1188
1235 0 3149
1235 0 3150
1235 0 79
1235 0 115
1235 0 951
1235 0 184
1235 0 185
1235 0 254
1236 0 102
1236 0 41
1236 0 105
1236 0 754
1236 0 52
1236 0 118
1236 0 822
1236 0 575
1237 0 196
1237 0 165
1237 0 2695
1237 0 104
1237 0 233
1237 0 91
1237 0 3151
1237 0 433
1237 0 1496
1237 0 154
1237 0 187
1237 0 860
1237 0 1406
1237 0 895
1238 0 64
1238 0 512
1238 0 418
1238 0 419
1238 0 2464
1238 0 70
1238 0 422
1238 0 136
1238 0 912
1238 0 3152
1238 0 3153
1238 0 1559
1238 0 2616
1238 0 601
1238 0 795
1238 0 508
1238 0 510
1239 0 36
1239 0 104
1239 0 46
1239 0 2065
1239 0 3155
1239 0 22
1239 0 55
1239 0 57
1239 0 187
1239 0 252
1239 0 1406
1240 0 385
1240 0 674
1240 0 39
1240 0 2953
1240 0 2815
1240 0 52
1240 0 3156
1240 0 863
1240 0 24
1240 0 1145
1240 0 1178
1240 0 477
1240 0 127
1241 0 2817
1241 0 133
1241 0 137
1241 0 1419
1241 0 76
1241 0 206
1241 0 916
1241 0 3157
1241 0 184
1241 0 185
1241 0 923
1242 0 39
1242 0 622
1242 0 1494
1242 0 567
1242 0 1112
1242 0 3158
1242 0 3159
1243 0 353
1243 0 130
1243 0 35
1243 0 708
1243 0 293
1243 0 1406
1243 0 712
1243 0 137
1243 0 118
1243 0 254
1244 0 130
1244 0 1080
1244 0 135
1244 0 1324
1244 0 78
1244 0 46
1244 0 47
1244 0 560
1244 0 561
1244 0 374
1244 0 184
1244 0 538
1244 0 863
1245 0 1347
1245 0 105
1245 0 107
1245 0 46
1245 0 111
1245 0 3160
1245 0 159
1246 0 1255
1246 0 105
1246 0 110
1246 0 46
1246 0 112
1246 0 47
1246 0 382
1246 0 863
1247 0 320
1247 0 1698
1247 0 835
1247 0 1827
1247 0 331
1247 0 1739
1247 0 14
1247 0 16
1247 0 17
1247 0 307
1247 0 2613
1247 0 1270
1247 0 1271
1248 0 3047
1248 0 74
1248 0 46
1248 0 55
1248 0 87
1248 0 378
1248 0 187
1249 0 163
1249 0 422
1249 0 615
1249 0 1325
1249 0 111
1249 0 508
1250 0 36
1250 0 394
1250 0 1810
1250 0 2199
1250 0 346
1251 0 3162
1251 0 1163
1252 0 96
1252 0 1122
1252 0 133
1252 0 3163
1252 0 3164
1253 0 130
1253 0 134
1253 0 135
1253 0 1258
1253 0 78
1253 0 206
1253 0 87
1253 0 184
1253 0 185
1253 0 538
1253 0 698
1254 0 96
1254 0 1311
1254 0 807
1254 0 366
1254 0 80
1254 0 276
1254 0 117
1254 0 87
1254 0 127
1255 0 224
1255 0 36
1255 0 109
1255 0 685
1255 0 52
1255 0 2197
1255 0 3166
1255 0 3167
1256 0 102
1256 0 199
1256 0 391
1256 0 267
1256 0 305
1256 0 2161
1256 0 190
1257 0 224
1257 0 165
1257 0 615
1257 0 141
1257 0 878
1257 0 719
1257 0 51
1257 0 54
1258 0 163
1258 0 297
1258 0 1325
1258 0 46
1258 0 719
1258 0 48
1258 0 878
1258 0 51
1258 0 53
1258 0 154
1259 0 3170
1259 0 3171
1259 0 3172
1259 0 229
1259 0 3173
1259 0 715
1259 0 1003
1259 0 1004
1259 0 57
1259 0 187
1259 0 223
1260 0 354
1260 0 387
1260 0 37
1260 0 293
1260 0 41
1260 0 141
1260 0 1870
1260 0 2290
1260 0 55
1260 0 221
1261 0 1730
1261 0 3174
1261 0 3175
1261 0 904
1261 0 3176
1261 0 3177
1261 0 2477
1261 0 1136
1261 0 1624
1261 0 735
1262 0 96
1262 0 185
1262 0 377
1262 0 3179
1262 0 206
1262 0 239
1262 0 2910
1262 0 1781
1262 0 184
1262 0 57
1262 0 413
1262 0 1278
1263 0 1032
1263 0 1435
1263 0 36
1263 0 41
1263 0 556
1263 0 949
1263 0 1973
1263 0 196
1263 0 1220
1263 0 459
1263 0 478
1263 0 2786
1263 0 3180
1263 0 2541
1263 0 3181
1263 0 3182
1263 0 3183
1263 0 3184
1263 0 3185
1264 0 96
1264 0 130
1264 0 47
1264 0 80
1264 0 81
1264 0 1200
1264 0 1871
1264 0 374
1264 0 376
1264 0 185
1264 0 127
1265 0 96
1265 0 770
1265 0 1756
1265 0 1092
1265 0 776
1265 0 109
1265 0 210
1265 0 52
1265 0 118
1265 0 55
1265 0 1020
1265 0 989
1266 0 37
1266 0 391
1266 0 105
1266 0 523
1266 0 141
1266 0 46
1266 0 1396
1266 0 2103
1266 0 55
1266 0 56
1266 0 187
1267 0 96
1267 0 102
1267 0 199
1267 0 426
1267 0 79
1267 0 303
1267 0 3188
1267 0 3189
1267 0 118
1267 0 376
1268 0 96
1268 0 133
1268 0 43
1268 0 715
1268 0 2163
1268 0 694
1268 0 119
1268 0 3190
1268 0 1018
1268 0 126
1268 0 1407
1269 0 356
1269 0 1797
1269 0 1260
1269 0 46
1269 0 111
1269 0 223
1270 0 1664
1270 0 44
1270 0 109
1270 0 2604
1270 0 1168
1270 0 3192
1270 0 3193
1270 0 3194
1270 0 3195
1270 0 159
1271 0 708
1271 0 1092
1271 0 199
1271 0 712
1271 0 1516
1271 0 109
1271 0 301
1271 0 52
1271 0 118
1271 0 54
1271 0 920
1271 0 575
1272 0 98
1272 0 74
1272 0 267
1272 0 79
1272 0 368
1272 0 721
1272 0 185
1273 0 36
1273 0 776
1273 0 302
1273 0 467
1273 0 212
1273 0 821
1274 0 131
1274 0 137
1274 0 2058
1274 0 1393
1274 0 117
1274 0 1141
1274 0 3197
1274 0 923
1274 0 3196
1274 0 413
1274 0 2719
1275 0 3200
1275 0 3201
1275 0 3202
1275 0 1863
1275 0 3118
1275 0 2481
1275 0 3123
1275 0 2038
1275 0 988
1275 0 3198
1275 0 3199
1276 0 320
1276 0 257
1276 0 1795
1276 0 164
1276 0 3203
1276 0 332
1276 0 13
1276 0 1036
1276 0 498
1276 0 275
1276 0 499
1277 0 325
1277 0 393
1277 0 46
1277 0 243
1277 0 52
1277 0 1115
1278 0 135
1278 0 75
1278 0 238
1278 0 79
1278 0 87
1278 0 184
1279 0 900
1279 0 102
1279 0 1868
1279 0 1389
1279 0 1395
1279 0 55
1279 0 282
1279 0 219
1280 0 2337
1280 0 66
1280 0 2915
1280 0 3205
1280 0 203
1280 0 893
1280 0 558
1280 0 540
1280 0 61
1281 0 1949
1281 0 21
1281 0 1310
1282 0 1856
1282 0 356
1282 0 3206
1282 0 2921
1282 0 1549
1282 0 46
1282 0 1073
1282 0 726
1283 0 2913
1283 0 261
1283 0 3207
1283 0 3208
1283 0 364
1283 0 254
1284 0 66
1284 0 74
1284 0 1228
1284 0 1229
1284 0 127
1285 0 96
1285 0 1186
1285 0 134
1285 0 3209
1285 0 364
1285 0 80
1285 0 1200
1285 0 2548
1285 0 374
1285 0 185
1286 0 105
1286 0 45
1286 0 110
1286 0 113
1286 0 55
1286 0 56
1286 0 1401
1286 0 187
1286 0 188
1287 0 608
1287 0 2433
1287 0 34
1287 0 1662
1287 0 109
1287 0 1752
1287 0 1342
1287 0 286
1288 0 66
1288 0 2441
1288 0 1821
1288 0 2602
1288 0 3210
1288 0 3211
1288 0 917
1288 0 1659
1288 0 699
1289 0 608
1289 0 105
1289 0 107
1289 0 110
1289 0 46
1289 0 1139
1289 0 2489
1289 0 571
1289 0 765
1290 0 199
1290 0 776
1290 0 1098
1290 0 525
1290 0 208
1290 0 209
1290 0 210
1290 0 212
1290 0 118
1290 0 822
1290 0 1502
1291 0 608
1291 0 36
1291 0 2058
1291 0 243
1291 0 188
1292 0 102
1292 0 776
1292 0 560
1292 0 305
1292 0 920
1293 0 399
1293 0 79
1293 0 47
1293 0 1199
1293 0 759
1293 0 93
1293 0 862
1294 0 130
1294 0 133
1294 0 1324
1294 0 3213
1294 0 78
1294 0 239
1294 0 184
1294 0 185
1295 0 1186
1295 0 130
1295 0 538
1295 0 79
1296 0 48
1296 0 608
1296 0 1693
1296 0 998
1297 0 2116
1297 0 1868
1297 0 302
1297 0 46
1297 0 560
1297 0 1391
1297 0 1589
1298 0 832
1298 0 75
1298 0 76
1298 0 3215
1298 0 3216
1298 0 951
1298 0 473
1298 0 1469
1299 0 134
1299 0 714
1299 0 301
1299 0 78
1299 0 79
1299 0 47
1299 0 206
1299 0 3217
1299 0 184
1300 0 98
1300 0 132
1300 0 135
1300 0 72
1300 0 73
1300 0 1258
1300 0 78
1300 0 80
1300 0 87
1300 0 185
1301 0 32
1301 0 192
1301 0 256
1301 0 257
1301 0 275
1301 0 52
1301 0 499
1301 0 26
1301 0 30
1302 0 96
1302 0 100
1302 0 72
1302 0 136
1302 0 74
1302 0 75
1302 0 269
1302 0 1651
1302 0 87
1302 0 120
1302 0 377
1303 0 353
1303 0 385
1303 0 497
1303 0 114
1303 0 3218
1303 0 3219
1303 0 2997
1303 0 24
1303 0 1855
1304 0 130
1304 0 74
1304 0 76
1304 0 77
1304 0 78
1304 0 185
1305 0 263
1305 0 41
1305 0 267
1305 0 560
1305 0 1424
1305 0 115
1305 0 118
1305 0 58
1306 0 1664
1306 0 2144
1306 0 3008
1306 0 2826
1306 0 878
1306 0 624
1306 0 1717
1306 0 54
1306 0 3158
1306 0 24
1306 0 378
1306 0 895
1307 0 96
1307 0 98
1307 0 102
1308 0 109
1308 0 46
1308 0 47
1308 0 276
1308 0 858
1309 0 295
1309 0 40
1309 0 50
1309 0 1235
1309 0 2066
1309 0 1237
1309 0 3220
1309 0 3221
1309 0 3222
1309 0 2298
1309 0 507
1309 0 3223
1310 0 97
1310 0 771
1310 0 164
1310 0 1039
1310 0 118
1310 0 24
1310 0 443
1310 0 286
1311 0 96
1311 0 1697
1311 0 263
1311 0 41
1311 0 74
1311 0 80
1311 0 210
1311 0 2175
1312 0 98
1312 0 72
1312 0 75
1312 0 237
1312 0 79
1312 0 1202
1312 0 115
1312 0 87
1312 0 184
1312 0 377
1312 0 127
1313 0 96
1313 0 1122
1313 0 99
1313 0 3226
1313 0 2877
1313 0 493
1313 0 976
1313 0 3224
1313 0 120
1313 0 3225
1313 0 2074
1313 0 2717
1314 0 96
1314 0 36
1314 0 133
1314 0 105
1314 0 46
1314 0 47
1314 0 52
1314 0 118
1315 0 516
1315 0 295
1315 0 104
1315 0 108
1315 0 48
1315 0 56
1315 0 57
1315 0 159
1316 0 132
1316 0 133
1316 0 134
1316 0 171
1316 0 87
1316 0 185
1316 0 63
1317 0 96
1317 0 771
1317 0 199
1317 0 2027
1317 0 47
1317 0 16
1317 0 52
1317 0 2841
1317 0 3227
1317 0 286
1318 0 128
1318 0 773
1318 0 136
1318 0 104
1318 0 2540
1318 0 78
1318 0 80
1318 0 1011
1318 0 376
1318 0 570
1318 0 413
1318 0 382
1319 0 196
1319 0 998
1319 0 1496
1319 0 2590
1319 0 2281
1319 0 843
1319 0 460
1319 0 21
1319 0 24
1319 0 56
1319 0 3230
1319 0 732
1319 0 574
1320 0 1408
1320 0 899
1320 0 74
1320 0 554
1320 0 1034
1320 0 1325
1320 0 80
1320 0 81
1320 0 371
1321 0 96
1321 0 130
1321 0 376
1321 0 1448
1321 0 267
1321 0 79
1321 0 1651
1321 0 118
1321 0 184
1321 0 538
1322 0 2592
1322 0 3232
1322 0 3233
1322 0 3234
1322 0 3236
1322 0 3237
1322 0 3238
1322 0 2590
1322 0 2281
1322 0 574
1323 0 98
1323 0 131
1323 0 104
1323 0 78
1323 0 79
1323 0 81
1323 0 118
1323 0 185
1323 0 538
1324 0 295
1324 0 136
1324 0 3239
1324 0 208
1324 0 2323
1324 0 212
1324 0 52
1324 0 213
1325 0 96
1325 0 353
1325 0 1889
1325 0 110
1325 0 78
1325 0 47
1325 0 494
1325 0 1781
1325 0 1020
1325 0 413
1325 0 254
1326 0 96
1326 0 102
1326 0 391
1326 0 1126
1326 0 105
1326 0 3241
1326 0 427
1326 0 46
1326 0 47
1326 0 1854
1327 0 133
1327 0 171
1327 0 267
1327 0 47
1327 0 118
1327 0 247
1328 0 96
1328 0 3242
1328 0 3243
1328 0 3244
1328 0 219
1328 0 208
1328 0 1777
1328 0 824
1328 0 827
1328 0 1438
1329 0 296
1329 0 429
1329 0 3245
1329 0 399
1329 0 1231
1329 0 1397
1329 0 572
1329 0 895
1330 0 96
1330 0 34
1330 0 391
1330 0 105
1330 0 107
1330 0 46
1330 0 52
1330 0 277
1330 0 221
1330 0 190
1331 0 36
1331 0 325
1331 0 42
1331 0 298
1331 0 3247
1331 0 3248
1331 0 3249
1331 0 249
1332 0 66
1332 0 1122
1332 0 72
1332 0 74
1332 0 238
1332 0 47
1332 0 1040
1332 0 3251
1332 0 118
1332 0 87
1332 0 120
1332 0 1788
1332 0 126
1333 0 1029
1333 0 208
1333 0 209
1333 0 210
1333 0 242
1333 0 212
1333 0 3253
1333 0 3254
1333 0 535
1333 0 216
1333 0 3255
1333 0 347
1333 0 2878
1334 0 361
1334 0 107
1334 0 1324
1334 0 46
1334 0 465
1334 0 55
1334 0 127
1335 0 2083
1335 0 923
1335 0 261
1335 0 269
1335 0 2548
1335 0 118
1335 0 3256
1335 0 91
1335 0 127
1336 0 35
1336 0 3258
1336 0 42
1336 0 2317
1336 0 398
1336 0 2736
1336 0 401
1336 0 402
1336 0 3257
1336 0 1722
1336 0 1307
1336 0 3260
1337 0 392
1337 0 552
1337 0 2504
1337 0 46
1337 0 47
1337 0 87
1337 0 190
1338 0 3040
1338 0 769
1338 0 35
1338 0 165
1338 0 2057
1338 0 1803
1338 0 2067
1338 0 888
1339 0 354
1339 0 293
1339 0 295
1339 0 876
1339 0 112
1339 0 275
1339 0 52
1339 0 187
1339 0 732
1339 0 445
1339 0 190
1340 0 3265
1340 0 3266
1340 0 3267
1340 0 3268
1340 0 3269
1340 0 1734
1340 0 3270
1340 0 3271
1340 0 362
1340 0 1973
1341 0 224
1341 0 1057
1341 0 2661
1341 0 3272
1341 0 1833
1341 0 3273
1341 0 883
1341 0 277
1342 0 3274
1342 0 3277
1342 0 3278
1342 0 3279
1342 0 3280
1343 0 608
1343 0 2882
1343 0 4
1343 0 38
1343 0 3079
1343 0 8
1343 0 329
1343 0 337
1343 0 3281
1343 0 3282
1343 0 1754
1344 0 208
1344 0 658
1344 0 1075
1344 0 1076
1344 0 2995
1344 0 3284
1344 0 218
1345 0 1312
1345 0 3287
1345 0 295
1345 0 104
1345 0 3079
1345 0 1042
1345 0 1618
1345 0 21
1345 0 3285
1345 0 3286
1345 0 2298
1345 0 187
1345 0 223
1346 0 367
1346 0 119
1346 0 3290
1346 0 124
1346 0 286
1346 0 1311
1347 0 2113
1347 0 356
1347 0 357
1347 0 361
1347 0 457
1347 0 107
1347 0 2090
1347 0 3291
1347 0 3292
1347 0 24
1347 0 155
1347 0 156
1347 0 3293
1347 0 863
1348 0 96
1348 0 3235
1348 0 499
1348 0 119
1348 0 24
1348 0 474
1348 0 445
1348 0 126
1349 0 293
1349 0 111
1349 0 53
1349 0 57
1349 0 3294
1349 0 223
1350 0 3296
1350 0 3297
1350 0 70
1350 0 3208
1350 0 1229
1350 0 789
1350 0 60
1350 0 157
1350 0 3295
1351 0 36
1351 0 133
1351 0 105
1351 0 109
1351 0 46
1351 0 114
1352 0 96
1352 0 1186
1352 0 771
1352 0 133
1352 0 134
1352 0 80
1352 0 560
1352 0 52
1353 0 98
1353 0 133
1353 0 134
1353 0 135
1353 0 171
1353 0 2603
1353 0 206
1353 0 87
1353 0 377
1354 0 352
1354 0 738
1354 0 891
1354 0 1255
1354 0 110
1354 0 1039
1354 0 475
1354 0 221
1355 0 257
1355 0 227
1355 0 36
1355 0 38
1355 0 487
1355 0 498
1355 0 499
1355 0 887
1355 0 221
1355 0 30
1355 0 1311
1356 0 2912
1356 0 1186
1356 0 66
1356 0 1413
1356 0 3302
1356 0 135
1356 0 3303
1356 0 3052
1356 0 237
1356 0 1463
1357 0 41
1357 0 830
1357 0 52
1357 0 55
1357 0 118
1357 0 87
1357 0 1524
1357 0 1821
1357 0 542
1358 0 90
1358 0 133
1358 0 137
1358 0 74
1358 0 399
1358 0 81
1358 0 117
1358 0 55
1358 0 377
1358 0 58
1359 0 224
1359 0 608
1359 0 3304
1359 0 3305
1359 0 53
1359 0 511
1360 0 96
1360 0 354
1360 0 802
1360 0 267
1360 0 302
1360 0 46
1360 0 915
1360 0 254
1361 0 354
1361 0 131
1361 0 3306
1361 0 46
1361 0 47
1361 0 1135
1361 0 22
1361 0 279
1361 0 764
1362 0 2520
1362 0 538
1362 0 1258
1363 0 295
1363 0 457
1363 0 3308
1363 0 109
1363 0 46
1363 0 210
1363 0 2066
1363 0 52
1363 0 1080
1364 0 36
1364 0 2469
1364 0 102
1364 0 230
1364 0 1126
1364 0 105
1364 0 1131
1364 0 44
1364 0 716
1364 0 1262
1364 0 3309
1364 0 16
1364 0 52
1364 0 53
1364 0 1015
1364 0 282
1364 0 155
1364 0 863
1365 0 2400
1365 0 98
1365 0 185
1365 0 3048
1365 0 74
1365 0 79
1365 0 2128
1365 0 437
1365 0 184
1365 0 89
1365 0 1244
1366 0 3171
1366 0 764
1366 0 107
1366 0 46
1366 0 304
1366 0 528
1366 0 722
1366 0 1396
1366 0 1621
1366 0 54
1366 0 55
1366 0 1305
1366 0 572
1366 0 2910
1367 0 130
1367 0 134
1367 0 135
1367 0 171
1367 0 2603
1367 0 77
1367 0 46
1367 0 206
1367 0 81
1367 0 117
1367 0 374
1367 0 87
1367 0 185
1367 0 698
1368 0 738
1368 0 36
1368 0 102
1368 0 1256
1368 0 109
1368 0 941
1368 0 52
1368 0 2519
1369 0 928
1369 0 393
1369 0 937
1369 0 2508
1369 0 1388
1369 0 3311
1369 0 3312
1369 0 3102
1370 0 132
1370 0 134
1370 0 74
1370 0 399
1370 0 81
1370 0 378
1370 0 254
1371 0 2564
1371 0 133
1371 0 232
1371 0 1228
1371 0 1325
1371 0 81
1371 0 145
1371 0 3313
1371 0 377
1371 0 58
1372 0 96
1372 0 34
1372 0 2819
1372 0 36
1372 0 199
1372 0 43
1372 0 45
1372 0 654
1372 0 22
1372 0 118
1372 0 60
1372 0 989
1373 0 2401
1373 0 131
1373 0 102
1373 0 777
1373 0 1257
1373 0 267
1373 0 78
1373 0 47
1374 0 771
1374 0 2499
1374 0 7
1374 0 393
1374 0 241
1374 0 991
1375 0 772
1375 0 773
1375 0 133
1375 0 102
1375 0 41
1375 0 1259
1375 0 1231
1375 0 1589
1376 0 640
1376 0 36
1376 0 293
1376 0 102
1376 0 511
1376 0 118
1376 0 55
1376 0 221
1376 0 286
1376 0 223
1377 0 1153
1377 0 391
1377 0 105
1377 0 46
1377 0 528
1377 0 3315
1377 0 190
1377 0 765
1377 0 382
1377 0 863
1378 0 800
1378 0 131
1378 0 132
1378 0 202
1378 0 237
1378 0 78
1378 0 1020
1378 0 2749
1379 0 161
1379 0 257
1379 0 131
1379 0 1542
1379 0 1896
1379 0 265
1379 0 457
1379 0 111
1379 0 16
1379 0 498
1379 0 1235
1379 0 2613
1379 0 2302
1379 0 858
1379 0 2046
1379 0 799
1380 0 257
1380 0 259
1380 0 36
1380 0 53
1380 0 3317
1380 0 542
1381 0 2752
1381 0 245
1381 0 1311
1382 0 96
1382 0 1315
1382 0 40
1382 0 841
1382 0 303
1382 0 830
1382 0 915
1382 0 61
1382 0 254
1383 0 105
1383 0 44
1383 0 1104
1383 0 1777
1383 0 1526
1383 0 219
1383 0 188
1383 0 221
1383 0 190
1384 0 136
1384 0 105
1384 0 109
1384 0 46
1384 0 528
1384 0 2995
1384 0 254
1384 0 219
1384 0 124
1384 0 190
1385 0 96
1385 0 354
1385 0 1091
1385 0 388
1385 0 293
1385 0 199
1385 0 107
1385 0 46
1385 0 1103
1385 0 1502
1386 0 36
1386 0 37
1386 0 391
1386 0 392
1386 0 105
1386 0 46
1386 0 1103
1386 0 145
1386 0 530
1386 0 1042
1386 0 3318
1386 0 572
1386 0 766
1386 0 863
1387 0 4
1387 0 36
1387 0 2118
1387 0 1607
1387 0 329
1387 0 1739
1387 0 332
1387 0 109
1387 0 334
1387 0 975
1387 0 337
1387 0 498
1387 0 307
1387 0 1267
1387 0 1499
1388 0 171
1389 0 96
1389 0 1315
1389 0 133
1389 0 1318
1389 0 104
1389 0 681
1389 0 334
1389 0 1395
1389 0 438
1389 0 3319
1389 0 857
1389 0 442
1389 0 1244
1389 0 2557
1390 0 36
1390 0 2884
1390 0 46
1390 0 850
1390 0 1140
1390 0 1526
1391 0 1188
1391 0 72
1391 0 74
1391 0 75
1391 0 1258
1391 0 80
1391 0 830
1391 0 87
1391 0 254
1392 0 928
1392 0 289
1392 0 34
1392 0 1217
1392 0 2118
1392 0 42
1392 0 109
1392 0 366
1392 0 879
1392 0 285
1393 0 196
1393 0 517
1393 0 198
1393 0 486
1393 0 2281
1393 0 460
1393 0 2030
1393 0 2578
1393 0 727
1393 0 3320
1393 0 314
1393 0 156
1394 0 96
1394 0 37
1394 0 105
1394 0 432
1394 0 118
1394 0 55
1394 0 124
1394 0 254
1395 0 96
1395 0 354
1395 0 133
1395 0 102
1395 0 41
1395 0 105
1395 0 46
1395 0 304
1395 0 52
1395 0 188
1396 0 868
1396 0 134
1396 0 560
1396 0 376
1396 0 1020
1396 0 63
1396 0 159
1397 0 96
1397 0 863
1398 0 3041
1398 0 1348
1398 0 2504
1398 0 202
1398 0 368
1398 0 371
1398 0 662
1398 0 3322
1399 0 130
1399 0 135
1399 0 171
1399 0 363
1399 0 79
1399 0 87
1399 0 184
1399 0 185
1399 0 538
1400 0 163
1400 0 388
1400 0 293
1400 0 391
1400 0 1095
1400 0 105
1400 0 46
1400 0 112
1400 0 55
1401 0 708
1401 0 136
1401 0 105
1401 0 107
1401 0 46
1401 0 111
1401 0 187
1401 0 572
1401 0 863
1402 0 1408
1402 0 98
1402 0 132
1402 0 1477
1402 0 177
1402 0 721
1402 0 116
1402 0 87
1402 0 185
1402 0 3323
1403 0 1186
1403 0 1156
1403 0 134
1403 0 171
1403 0 365
1403 0 79
1403 0 47
1403 0 118
1403 0 1462
1403 0 3324
1404 0 353
1404 0 1315
1404 0 36
1404 0 75
1404 0 110
1404 0 468
1404 0 2070
1404 0 184
1404 0 3325
1404 0 187
1404 0 413
1404 0 895
1405 0 72
1405 0 74
1405 0 171
1405 0 237
1405 0 87
1406 0 391
1406 0 392
1406 0 105
1406 0 429
1406 0 46
1406 0 1363
1406 0 52
1406 0 2777
1406 0 3326
1406 0 190
1407 0 96
1407 0 992
1407 0 738
1407 0 1477
1407 0 2342
1407 0 1095
1407 0 392
1407 0 524
1407 0 525
1407 0 529
1407 0 52
1407 0 119
1407 0 1020
1408 0 2436
1408 0 617
1408 0 141
1408 0 695
1408 0 2299
1408 0 3327
1409 0 3329
1409 0 3330
1409 0 3331
1409 0 3332
1409 0 133
1409 0 3027
1409 0 277
1409 0 473
1410 0 1857
1410 0 98
1410 0 1889
1410 0 177
1410 0 2261
1410 0 87
1410 0 127
1411 0 98
1411 0 132
1411 0 135
1411 0 72
1411 0 237
1412 0 67
1412 0 1764
1412 0 391
1412 0 136
1412 0 105
1412 0 46
1412 0 1678
1412 0 863
1412 0 55
1412 0 703
1413 0 96
1413 0 131
1413 0 3333
1413 0 72
1413 0 74
1413 0 75
1413 0 203
1413 0 237
1413 0 79
1413 0 116
1413 0 87
1413 0 184
1413 0 185
1414 0 353
1414 0 2020
1414 0 1416
1414 0 235
1414 0 2643
1414 0 52
1414 0 53
1414 0 863
1414 0 55
1414 0 1240
1414 0 1396
1414 0 858
1414 0 219
1414 0 223
1415 0 388
1415 0 3012
1415 0 3334
1415 0 3335
1415 0 1130
1415 0 1389
1415 0 47
1415 0 282
1415 0 1180
1415 0 1502
1415 0 2652
1416 0 293
1416 0 3336
1416 0 3053
1416 0 118
1416 0 55
1416 0 472
1416 0 57
1416 0 1341
1417 0 96
1417 0 833
1417 0 102
1417 0 1126
1417 0 3337
1417 0 3338
1417 0 301
1417 0 47
1417 0 304
1417 0 210
1417 0 118
1417 0 1015
1417 0 1144
1417 0 190
1418 0 196
1418 0 261
1418 0 1310
1419 0 992
1419 0 393
1419 0 210
1419 0 52
1419 0 346
1419 0 991
1420 0 133
1420 0 1551
1420 0 20
1420 0 286
1420 0 34
1420 0 36
1420 0 37
1420 0 293
1420 0 40
1420 0 54
1420 0 956
1420 0 452
1420 0 1220
1420 0 854
1420 0 355
1420 0 356
1420 0 1891
1420 0 998
1420 0 253
1421 0 672
1421 0 1575
1421 0 979
1421 0 788
1421 0 377
1421 0 1439
1422 0 1216
1422 0 395
1422 0 300
1422 0 3340
1422 0 398
1422 0 3341
1422 0 2736
1422 0 1075
1422 0 212
1422 0 216
1422 0 218
1422 0 126
1423 0 131
1423 0 72
1423 0 861
1423 0 77
1423 0 237
1423 0 957
1423 0 3151
1423 0 117
1423 0 87
1423 0 24
1423 0 858
1423 0 88
1423 0 413
1423 0 127
1424 0 80
1424 0 372
1424 0 87
1425 0 652
1425 0 1040
1425 0 52
1425 0 55
1425 0 119
1426 0 128
1426 0 1570
1426 0 2562
1426 0 2054
1426 0 1258
1426 0 77
1426 0 397
1426 0 1232
1427 0 96
1427 0 1253
1427 0 102
1427 0 105
1427 0 523
1427 0 114
1427 0 91
1428 0 164
1428 0 2180
1428 0 879
1428 0 499
1428 0 500
1428 0 2325
1428 0 55
1428 0 191
1429 0 568
1429 0 523
1429 0 52
1429 0 141
1430 0 1315
1430 0 36
1430 0 105
1430 0 681
1430 0 2069
1430 0 127
1431 0 102
1431 0 3246
1431 0 3343
1431 0 1523
1431 0 212
1431 0 219
1432 0 131
1432 0 132
1432 0 137
1432 0 1789
1432 0 79
1432 0 80
1432 0 919
1432 0 3344
1432 0 117
1432 0 87
1432 0 957
1433 0 0
1433 0 2882
1433 0 933
1433 0 934
1433 0 935
1433 0 937
1433 0 1999
1433 0 273
1433 0 3346
1433 0 277
1434 0 0
1434 0 6
1434 0 43
1434 0 334
1434 0 655
1434 0 2256
1434 0 209
1434 0 337
1434 0 3348
1434 0 118
1434 0 1272
1434 0 1118
1434 0 1082
1434 0 253
1434 0 446
1435 0 1344
1435 0 130
1435 0 74
1435 0 107
1435 0 77
1435 0 1200
1435 0 2064
1435 0 118
1435 0 378
1436 0 137
1436 0 171
1436 0 79
1436 0 55
1436 0 87
1436 0 184
1436 0 185
1437 0 98
1437 0 130
1437 0 376
1437 0 363
1437 0 78
1437 0 206
1437 0 118
1437 0 184
1437 0 185
1438 0 133
1438 0 230
1438 0 391
1438 0 105
1438 0 107
1438 0 46
1438 0 114
1438 0 3349
1438 0 3350
1438 0 55
1438 0 1080
1438 0 190
1438 0 863
1439 0 358
1439 0 494
1439 0 210
1439 0 118
1439 0 3354
1439 0 124
1440 0 96
1440 0 3359
1440 0 808
1440 0 107
1440 0 3358
1440 0 495
1440 0 80
1440 0 2484
1440 0 3355
1440 0 3356
1440 0 3357
1440 0 286
1440 0 863
1441 0 738
1441 0 102
1441 0 906
1441 0 109
1441 0 47
1441 0 118
1441 0 989
1442 0 3360
1442 0 66
1442 0 72
1442 0 254
1442 0 539
1442 0 126
1443 0 1057
1443 0 3361
1443 0 3362
1443 0 3363
1443 0 3364
1443 0 141
1443 0 2577
1443 0 882
1444 0 320
1444 0 1495
1444 0 3203
1444 0 1636
1444 0 2085
1444 0 3365
1444 0 3367
1444 0 3368
1444 0 3369
1444 0 2474
1444 0 524
1444 0 308
1444 0 500
1444 0 502
1444 0 852
1444 0 1046
1444 0 1493
1445 0 96
1445 0 3
1445 0 902
1445 0 7
1445 0 42
1445 0 944
1445 0 209
1445 0 215
1445 0 154
1445 0 446
1446 0 128
1446 0 866
1446 0 1570
1446 0 165
1446 0 102
1446 0 197
1446 0 1031
1446 0 137
1446 0 3370
1446 0 459
1446 0 1100
1446 0 3371
1446 0 3372
1446 0 3354
1447 0 353
1447 0 321
1447 0 38
1447 0 2823
1447 0 2950
1447 0 2157
1447 0 3374
1447 0 465
1447 0 1267
1447 0 22
1447 0 24
1448 0 128
1448 0 1088
1448 0 422
1448 0 2406
1448 0 2063
1448 0 1776
1448 0 3375
1448 0 3376
1448 0 883
1448 0 1493
1448 0 727
1448 0 889
1448 0 2330
1448 0 799
1449 0 929
1449 0 90
1449 0 42
1449 0 1662
1449 0 1554
1449 0 3092
1449 0 1397
1449 0 314
1449 0 507
1449 0 286
1450 0 159
1450 0 3175
1450 0 1546
1450 0 2506
1450 0 1326
1450 0 3377
1450 0 1555
1450 0 2645
1450 0 24
1450 0 56
1450 0 413
1450 0 223
1451 0 3384
1451 0 549
1451 0 3183
1451 0 880
1451 0 2098
1451 0 3378
1451 0 3379
1451 0 1429
1451 0 3380
1451 0 254
1451 0 3382
1451 0 3383
1451 0 3386
1451 0 3389
1451 0 3388
1451 0 893
1451 0 478
1452 0 774
1452 0 359
1452 0 2760
1452 0 788
1452 0 21
1452 0 1236
1452 0 57
1452 0 60
1452 0 3390
1452 0 447
1453 0 1140
1453 0 346
1453 0 36
1453 0 2318
1454 0 135
1454 0 137
1454 0 1258
1454 0 1324
1454 0 77
1454 0 87
1454 0 185
1454 0 698
1454 0 923
1455 0 96
1455 0 1041
1455 0 151
1455 0 442
1455 0 3391
1456 0 388
1456 0 104
1456 0 877
1456 0 24
1456 0 223
1457 0 66
1457 0 130
1457 0 3394
1457 0 135
1457 0 2602
1457 0 79
1457 0 80
1457 0 560
1457 0 376
1458 0 899
1458 0 132
1458 0 2758
1458 0 135
1458 0 74
1458 0 80
1458 0 469
1458 0 87
1458 0 2234
1459 0 3395
1459 0 3396
1460 0 36
1460 0 388
1460 0 105
1460 0 297
1460 0 109
1460 0 1389
1460 0 2254
1460 0 52
1460 0 118
1460 0 55
1460 0 703
1461 0 131
1461 0 356
1461 0 134
1461 0 41
1461 0 267
1461 0 80
1461 0 560
1461 0 54
1461 0 22
1461 0 863
1462 0 388
1462 0 104
1462 0 106
1462 0 876
1462 0 111
1462 0 2290
1462 0 22
1462 0 252
1463 0 928
1463 0 165
1463 0 3269
1463 0 3398
1463 0 3399
1463 0 362
1463 0 1514
1463 0 1010
1463 0 315
1464 0 608
1464 0 97
1464 0 36
1464 0 43
1464 0 189
1465 0 3400
1465 0 526
1465 0 241
1465 0 242
1465 0 756
1465 0 726
1465 0 991
1466 0 161
1466 0 163
1466 0 484
1466 0 296
1466 0 3401
1466 0 491
1466 0 2414
1466 0 3088
1466 0 145
1466 0 2418
1466 0 499
1466 0 21
1466 0 2719
1467 0 129
1467 0 3233
1467 0 261
1467 0 3403
1467 0 3404
1467 0 3405
1467 0 3406
1467 0 3223
1467 0 2649
1467 0 574
1467 0 767
1468 0 32
1468 0 72
1468 0 267
1468 0 2700
1468 0 237
1468 0 207
1468 0 2065
1468 0 254
1469 0 36
1469 0 740
1469 0 2414
1469 0 145
1469 0 3351
1469 0 2040
1469 0 1117
1470 0 104
1470 0 137
1470 0 74
1470 0 233
1470 0 842
1470 0 2923
1470 0 399
1470 0 145
1470 0 433
1470 0 1141
1470 0 55
1470 0 378
1470 0 957
1470 0 1918
1471 0 96
1471 0 3020
1471 0 79
1471 0 239
1471 0 115
1471 0 1278
1471 0 118
1471 0 87
1471 0 120
1471 0 377
1471 0 184
1472 0 66
1472 0 1325
1472 0 117
1473 0 96
1473 0 74
1473 0 43
1473 0 302
1473 0 126
1474 0 1416
1474 0 105
1474 0 2512
1474 0 1777
1474 0 476
1474 0 1023
1475 0 96
1475 0 976
1475 0 115
1475 0 52
1475 0 87
1475 0 119
1476 0 1347
1476 0 681
1476 0 275
1476 0 277
1476 0 1973
1476 0 1278
1476 0 223
1477 0 419
1477 0 511
1477 0 719
1477 0 3410
1477 0 3412
1477 0 3413
1477 0 3415
1477 0 3416
1477 0 670
1477 0 1343
1478 0 289
1478 0 34
1478 0 36
1478 0 40
1478 0 1225
1478 0 42
1478 0 43
1478 0 1673
1478 0 45
1478 0 2060
1478 0 3418
1479 0 2273
1479 0 772
1479 0 137
1479 0 696
1479 0 1048
1479 0 187
1479 0 572
1479 0 190
1480 0 196
1480 0 36
1480 0 198
1480 0 3083
1480 0 727
1480 0 154
1480 0 3420
1480 0 3422
1481 0 3424
1481 0 1153
1481 0 171
1481 0 302
1481 0 55
1481 0 184
1481 0 859
1481 0 863
1482 0 1825
1482 0 3425
1482 0 167
1482 0 104
1482 0 202
1482 0 204
1482 0 79
1482 0 3196
1482 0 413
1483 0 928
1483 0 3426
1483 0 164
1483 0 36
1483 0 229
1483 0 932
1483 0 1222
1483 0 306
1483 0 52
1483 0 2554
1483 0 1022
1484 0 2147
1484 0 133
1484 0 134
1484 0 267
1484 0 46
1484 0 55
1484 0 184
1485 0 418
1485 0 3427
1485 0 3428
1485 0 2565
1485 0 70
1485 0 3429
1485 0 1960
1485 0 590
1486 0 66
1486 0 72
1486 0 238
1486 0 79
1486 0 87
1486 0 539
1486 0 540
1487 0 480
1487 0 1122
1487 0 772
1487 0 3430
1487 0 46
1487 0 1775
1487 0 1392
1487 0 243
1487 0 2995
1487 0 118
1487 0 216
1488 0 96
1488 0 3431
1488 0 77
1488 0 373
1488 0 124
1489 0 135
1489 0 72
1489 0 73
1489 0 75
1489 0 78
1489 0 79
1489 0 127
1490 0 3432
1490 0 254
1491 0 35
1491 0 154
1491 0 3433
1491 0 3434
1491 0 250
1491 0 3037
1492 0 96
1492 0 3436
1492 0 1238
1492 0 527
1493 0 325
1493 0 395
1493 0 3438
1493 0 3439
1493 0 2516
1493 0 1148
1494 0 224
1494 0 297
1494 0 3440
1494 0 2066
1494 0 883
1494 0 3186
1494 0 1493
1494 0 1046
1494 0 55
1494 0 187
1494 0 765
1494 0 223
1495 0 131
1495 0 133
1495 0 105
1495 0 2602
1495 0 107
1495 0 46
1495 0 47
1495 0 3441
1495 0 114
1495 0 3442
1495 0 863
1495 0 63
1496 0 197
1496 0 46
1496 0 526
1496 0 20
1496 0 52
1496 0 1204
1496 0 1662
1496 0 223
1497 0 385
1497 0 1283
1497 0 494
1497 0 2323
1497 0 124
1498 0 134
1498 0 364
1498 0 79
1498 0 80
1498 0 118
1498 0 538
1498 0 830
1499 0 0
1499 0 96
1499 0 835
1499 0 1315
1499 0 199
1499 0 8
1499 0 1739
1499 0 332
1499 0 337
1499 0 915
1499 0 3443
1499 0 118
1499 0 3356
1500 0 928
1500 0 36
1500 0 133
1500 0 624
1500 0 2772
1500 0 3349
1500 0 1181
1500 0 3444
1500 0 1754
1500 0 637
1501 0 1122
1501 0 772
1501 0 235
1501 0 1868
1501 0 301
1501 0 305
1501 0 118
1502 0 36
1502 0 1259
1502 0 45
1502 0 46
1502 0 1231
1502 0 3446
1502 0 1016
1502 0 863
1503 0 102
1503 0 41
1503 0 171
1503 0 976
1503 0 87
1503 0 2232
1503 0 3447
1504 0 353
1504 0 107
1504 0 109
1504 0 46
1504 0 1235
1504 0 52
1504 0 1396
1504 0 2877
1504 0 1662
1504 0 863
1505 0 96
1505 0 102
1505 0 267
1505 0 78
1505 0 305
1505 0 118
1505 0 190
1506 0 130
1506 0 80
1506 0 372
1506 0 374
1506 0 87
1507 0 353
1507 0 45
1507 0 2226
1507 0 20
1507 0 413
1507 0 57
1507 0 1114
1507 0 187
1507 0 61
1507 0 382
1507 0 159
1508 0 516
1508 0 3448
1508 0 422
1508 0 295
1508 0 1545
1508 0 187
1508 0 621
1508 0 1006
1508 0 888
1508 0 155
1508 0 508
1508 0 3262
1509 0 131
1509 0 132
1509 0 1412
1509 0 230
1509 0 137
1509 0 110
1509 0 22
1509 0 472
1509 0 2777
1509 0 861
1510 0 356
1510 0 357
1510 0 360
1510 0 105
1510 0 107
1510 0 1517
1510 0 46
1510 0 275
1510 0 52
1510 0 1079
1510 0 1308
1510 0 55
1510 0 3450
1510 0 3451
1510 0 572
1511 0 353
1511 0 1542
1511 0 74
1511 0 78
1511 0 116
1511 0 276
1511 0 1369
1511 0 1754
1511 0 1756
1512 0 135
1512 0 78
1512 0 79
1512 0 185
1512 0 254
1512 0 127
1513 0 67
1513 0 70
1513 0 71
1513 0 136
1513 0 908
1513 0 3084
1513 0 3453
1513 0 1565
1514 0 2020
1514 0 1545
1514 0 523
1514 0 109
1514 0 46
1514 0 1103
1514 0 528
1514 0 821
1514 0 55
1514 0 572
1515 0 241
1515 0 34
1515 0 42
1515 0 325
1516 0 2296
1516 0 3456
1516 0 3457
1516 0 3458
1516 0 36
1516 0 3459
1516 0 2246
1516 0 1479
1516 0 843
1516 0 845
1516 0 846
1516 0 2292
1516 0 309
1516 0 853
1516 0 1372
1516 0 2294
1516 0 60
1517 0 1570
1517 0 70
1517 0 135
1517 0 73
1517 0 1623
1517 0 601
1517 0 378
1517 0 127
1518 0 35
1518 0 36
1518 0 165
1518 0 486
1518 0 2531
1518 0 3460
1518 0 3461
1518 0 2674
1518 0 20
1518 0 1236
1518 0 1526
1518 0 2683
1518 0 252
1518 0 735
1519 0 1986
1519 0 197
1519 0 102
1519 0 1126
1519 0 906
1519 0 875
1519 0 109
1519 0 53
1519 0 118
1519 0 438
1520 0 608
1520 0 36
1520 0 362
1520 0 141
1520 0 1140
1520 0 2647
1520 0 568
1521 0 96
1521 0 3462
1521 0 75
1521 0 43
1521 0 493
1521 0 47
1521 0 52
1521 0 118
1521 0 126
1522 0 3463
1522 0 237
1522 0 238
1522 0 254
1523 0 2627
1523 0 708
1523 0 1253
1523 0 392
1523 0 105
1523 0 1389
1523 0 46
1523 0 528
1523 0 764
1524 0 357
1524 0 358
1524 0 361
1524 0 3244
1524 0 80
1524 0 1368
1524 0 1308
1524 0 253
1524 0 863
1525 0 109
1525 0 46
1525 0 527
1525 0 141
1525 0 1140
1526 0 1091
1526 0 2597
1526 0 295
1526 0 106
1526 0 47
1526 0 696
1526 0 442
1527 0 1347
1527 0 36
1527 0 1349
1527 0 166
1527 0 3300
1527 0 3466
1527 0 1303
1527 0 541
1527 0 191
1528 0 961
1528 0 100
1528 0 746
1528 0 438
1528 0 1046
1528 0 287
1529 0 163
1529 0 1315
1529 0 2341
1529 0 230
1529 0 297
1529 0 1257
1529 0 2252
1529 0 3469
1529 0 2514
1529 0 1972
1530 0 481
1530 0 354
1530 0 36
1530 0 109
1530 0 55
1530 0 2199
1530 0 1662
1531 0 1504
1531 0 133
1531 0 134
1531 0 104
1531 0 137
1531 0 233
1531 0 2056
1531 0 1231
1531 0 374
1532 0 96
1532 0 832
1532 0 130
1532 0 133
1532 0 72
1532 0 74
1532 0 75
1532 0 237
1532 0 115
1532 0 951
1532 0 127
1533 0 712
1533 0 145
1533 0 233
1533 0 133
1534 0 2722
1534 0 1352
1534 0 617
1534 0 3470
1534 0 3409
1534 0 2461
1535 0 1127
1535 0 136
1535 0 2512
1535 0 3473
1535 0 53
1535 0 3127
1535 0 2554
1536 0 3476
1536 0 1386
1536 0 2243
1536 0 2036
1537 0 385
1537 0 132
1537 0 80
1537 0 81
1537 0 1918
1537 0 117
1537 0 3477
1537 0 254
1538 0 196
1538 0 3480
1538 0 3174
1538 0 462
1538 0 21
1538 0 3479
1538 0 1528
1539 0 2884
1539 0 40
1539 0 107
1539 0 530
1539 0 20
1539 0 956
1539 0 735
1540 0 2020
1540 0 72
1540 0 137
1540 0 75
1540 0 237
1540 0 78
1540 0 79
1540 0 1359
1540 0 88
1540 0 538
1541 0 128
1541 0 133
1541 0 80
1541 0 538
1541 0 127
1542 0 96
1542 0 293
1542 0 1095
1542 0 2601
1542 0 107
1542 0 46
1542 0 878
1542 0 114
1542 0 55
1542 0 764
1542 0 190
1543 0 257
1543 0 227
1543 0 487
1543 0 104
1543 0 275
1543 0 883
1543 0 729
1543 0 445
1543 0 223
1544 0 1088
1544 0 1091
1544 0 516
1544 0 109
1544 0 3352
1544 0 3482
1544 0 3483
1544 0 511
1545 0 133
1545 0 134
1545 0 104
1545 0 915
1545 0 564
1545 0 22
1545 0 477
1546 0 608
1546 0 1672
1546 0 2031
1546 0 20
1546 0 22
1546 0 1528
1546 0 3484
1546 0 155
1546 0 2492
1546 0 479
1547 0 1115
1547 0 427
1547 0 209
1547 0 210
1547 0 1172
1547 0 250
1547 0 219
1547 0 1980
1547 0 3485
1547 0 1854
1547 0 543
1548 0 171
1548 0 239
1548 0 81
1548 0 116
1548 0 55
1548 0 87
1548 0 184
1549 0 385
1549 0 130
1549 0 1889
1549 0 2953
1549 0 78
1549 0 145
1549 0 2071
1549 0 252
1550 0 1442
1550 0 35
1550 0 2340
1550 0 197
1550 0 1502
1550 0 1031
1550 0 40
1550 0 1979
1550 0 727
1550 0 653
1550 0 1327
1550 0 439
1550 0 280
1550 0 443
1550 0 286
1550 0 3487
1551 0 3488
1551 0 3489
1551 0 163
1551 0 356
1551 0 1114
1551 0 519
1551 0 361
1551 0 522
1551 0 875
1551 0 844
1551 0 46
1551 0 1617
1551 0 854
1551 0 314
1551 0 155
1551 0 1308
1551 0 957
1551 0 763
1552 0 128
1552 0 389
1552 0 199
1552 0 136
1552 0 361
1552 0 776
1552 0 107
1552 0 1324
1552 0 46
1552 0 242
1552 0 118
1552 0 571
1552 0 764
1552 0 190
1552 0 863
1553 0 1409
1553 0 2147
1553 0 171
1553 0 863
1554 0 802
1554 0 3490
1554 0 804
1554 0 199
1554 0 776
1554 0 714
1554 0 589
1554 0 398
1554 0 303
1554 0 208
1554 0 47
1554 0 210
1554 0 1297
1554 0 3189
1554 0 1503
1555 0 2890
1555 0 1101
1556 0 1122
1556 0 301
1556 0 45
1556 0 212
1556 0 54
1556 0 55
1556 0 2015
1556 0 2013
1556 0 703
1557 0 46
1557 0 2290
1557 0 22
1557 0 55
1557 0 957
1558 0 449
1558 0 418
1558 0 707
1558 0 164
1558 0 676
1558 0 2829
1558 0 2030
1558 0 2299
1558 0 57
1558 0 2330
1558 0 155
1558 0 158
1558 0 959
1559 0 96
1559 0 1760
1559 0 3491
1559 0 137
1559 0 841
1559 0 301
1559 0 184
1559 0 185
1559 0 255
1560 0 804
1560 0 932
1560 0 902
1560 0 3492
1560 0 873
1560 0 2058
1560 0 235
1560 0 941
1560 0 945
1560 0 210
1560 0 914
1560 0 52
1561 0 704
1561 0 289
1561 0 35
1561 0 165
1561 0 2694
1561 0 3494
1561 0 752
1561 0 2012
1562 0 2501
1562 0 1448
1562 0 239
1562 0 433
1562 0 472
1562 0 442
1562 0 1278
1563 0 96
1563 0 1889
1563 0 98
1563 0 74
1563 0 80
1563 0 81
1563 0 919
1563 0 117
1563 0 118
1563 0 55
1564 0 36
1564 0 325
1564 0 3495
1564 0 1225
1564 0 211
1564 0 632
1564 0 2009
1564 0 442
1564 0 286
1565 0 512
1565 0 615
1565 0 3496
1565 0 2415
1565 0 3375
1565 0 1010
1565 0 1586
1565 0 3220
1565 0 1079
1565 0 2365
1565 0 541
1565 0 2423
1566 0 96
1566 0 1414
1566 0 72
1566 0 3241
1566 0 1258
1566 0 1324
1566 0 80
1566 0 1200
1566 0 694
1566 0 127
1567 0 96
1567 0 776
1567 0 3498
1567 0 2289
1567 0 119
1567 0 1624
1567 0 601
1567 0 124
1567 0 735
1568 0 96
1568 0 291
1568 0 36
1568 0 199
1568 0 361
1568 0 74
1568 0 941
1568 0 1969
1568 0 277
1568 0 1078
1569 0 2786
1569 0 492
1569 0 3501
1569 0 3500
1569 0 3502
1569 0 2360
1570 0 1345
1570 0 131
1570 0 41
1570 0 105
1570 0 46
1570 0 78
1570 0 366
1570 0 527
1571 0 128
1571 0 513
1571 0 104
1571 0 2058
1571 0 108
1571 0 111
1571 0 1712
1571 0 1009
1571 0 3186
1571 0 3503
1571 0 2644
1571 0 154
1571 0 187
1571 0 159
1572 0 96
1572 0 770
1572 0 708
1572 0 295
1572 0 361
1572 0 107
1572 0 237
1572 0 55
1572 0 187
1572 0 572
1573 0 230
1573 0 2054
1573 0 75
1573 0 237
1573 0 80
1573 0 373
1573 0 87
1573 0 184
1574 0 171
1574 0 364
1574 0 206
1574 0 78
1574 0 80
1574 0 79
1574 0 3504
1574 0 374
1575 0 96
1575 0 131
1575 0 102
1575 0 105
1575 0 171
1575 0 1324
1575 0 3505
1575 0 87
1575 0 2269
1575 0 254
1576 0 291
1576 0 1030
1576 0 1449
1576 0 426
1576 0 2089
1576 0 178
1576 0 3508
1576 0 157
1577 0 128
1577 0 1153
1577 0 133
1577 0 102
1577 0 115
1577 0 87
1578 0 738
1578 0 2184
1578 0 523
1578 0 235
1578 0 715
1578 0 114
1578 0 52
1578 0 1079
1578 0 55
1578 0 1342
1579 0 80
1579 0 74
1580 0 4
1580 0 871
1580 0 456
1580 0 2858
1580 0 427
1580 0 971
1580 0 1262
1580 0 47
1580 0 305
1580 0 242
1580 0 280
1580 0 155
1581 0 257
1581 0 1058
1581 0 650
1581 0 271
1581 0 754
1581 0 118
1581 0 505
1581 0 1052
1581 0 1053
1581 0 2302
1581 0 1055
1582 0 96
1582 0 808
1582 0 137
1582 0 1258
1582 0 267
1582 0 363
1582 0 77
1582 0 206
1582 0 79
1582 0 433
1582 0 538
1582 0 923
1582 0 863
1583 0 265
1583 0 2950
1583 0 382
1583 0 2302
1584 0 34
1584 0 293
1584 0 391
1584 0 392
1584 0 105
1584 0 46
1584 0 2161
1584 0 52
1584 0 57
1584 0 764
1584 0 190
1585 0 704
1585 0 289
1585 0 928
1585 0 100
1585 0 197
1585 0 3494
1585 0 1289
1585 0 945
1585 0 3511
1585 0 3512
1585 0 2522
1585 0 1022
1586 0 131
1586 0 135
1586 0 77
1586 0 206
1586 0 79
1586 0 919
1586 0 117
1586 0 373
1586 0 87
1586 0 185
1587 0 774
1587 0 2890
1587 0 2123
1587 0 715
1587 0 2194
1587 0 147
1587 0 3514
1587 0 3515
1588 0 1216
1588 0 129
1588 0 132
1588 0 325
1588 0 453
1588 0 7
1588 0 1029
1588 0 2887
1588 0 1388
1588 0 209
1588 0 735
1588 0 1073
1588 0 507
1588 0 3516
1588 0 957
1588 0 2175
1588 0 63
1589 0 36
1589 0 105
1589 0 46
1589 0 114
1589 0 243
1589 0 52
1589 0 55
1589 0 188
1590 0 133
1590 0 105
1590 0 1259
1590 0 46
1590 0 305
1590 0 1589
1590 0 1016
1590 0 282
1590 0 61
1591 0 419
1591 0 36
1591 0 483
1591 0 105
1591 0 457
1591 0 187
1591 0 46
1591 0 55
1591 0 24
1591 0 57
1591 0 155
1591 0 572
1591 0 221
1591 0 1374
1591 0 3517
1592 0 554
1592 0 77
1592 0 2064
1592 0 923
1592 0 3519
1593 0 3520
1593 0 109
1593 0 1103
1593 0 688
1593 0 306
1593 0 882
1593 0 52
1593 0 222
1594 0 1186
1594 0 171
1594 0 267
1594 0 363
1594 0 79
1594 0 560
1594 0 118
1594 0 184
1594 0 185
1594 0 538
1594 0 254
1595 0 2048
1595 0 3522
1595 0 1859
1595 0 3523
1595 0 2023
1595 0 1545
1595 0 878
1595 0 2290
1596 0 159
1596 0 3525
1596 0 3526
1596 0 3527
1596 0 105
1596 0 235
1596 0 45
1596 0 110
1596 0 1469
1596 0 1526
1596 0 1181
1596 0 223
1597 0 66
1597 0 2566
1597 0 232
1597 0 73
1597 0 74
1597 0 399
1597 0 81
1597 0 951
1597 0 377
1597 0 58
1597 0 127
1598 0 1140
1598 0 147
1598 0 36
1599 0 899
1599 0 1955
1599 0 1956
1599 0 3428
1599 0 807
1599 0 3528
1599 0 1322
1599 0 3244
1599 0 590
1599 0 1487
1600 0 96
1600 0 2116
1600 0 3338
1600 0 3530
1600 0 3531
1600 0 653
1600 0 3532
1600 0 2319
1600 0 3533
1600 0 3534
1600 0 916
1600 0 3481
1601 0 96
1601 0 66
1601 0 131
1601 0 137
1601 0 237
1601 0 117
1601 0 185
1602 0 1092
1602 0 295
1602 0 266
1602 0 78
1602 0 46
1602 0 47
1602 0 3535
1602 0 1589
1602 0 55
1603 0 96
1603 0 36
1603 0 528
1603 0 118
1603 0 55
1603 0 190
1603 0 159
1604 0 96
1604 0 36
1604 0 293
1604 0 499
1604 0 729
1604 0 55
1604 0 57
1604 0 474
1604 0 957
1605 0 130
1605 0 73
1605 0 77
1605 0 80
1605 0 117
1605 0 87
1605 0 58
1606 0 358
1606 0 1607
1606 0 1324
1606 0 1678
1606 0 87
1606 0 253
1606 0 1082
1606 0 1083
1606 0 445
1606 0 1310
1607 0 483
1607 0 517
1607 0 1136
1607 0 1585
1607 0 3537
1607 0 3538
1607 0 3539
1607 0 3540
1607 0 727
1607 0 728
1607 0 155
1607 0 732
1607 0 509
1608 0 906
1608 0 715
1608 0 878
1608 0 1395
1608 0 1556
1608 0 282
1608 0 159
1609 0 674
1609 0 3543
1609 0 3544
1609 0 203
1609 0 919
1609 0 3546
1609 0 3542
1609 0 183
1609 0 184
1609 0 185
1609 0 2106
1609 0 3547
1609 0 540
1609 0 862
1610 0 102
1610 0 105
1610 0 46
1610 0 47
1610 0 52
1610 0 863
1611 0 36
1611 0 613
1611 0 109
1611 0 141
1611 0 47
1611 0 53
1611 0 56
1611 0 57
1611 0 3548
1611 0 1437
1611 0 223
1612 0 128
1612 0 1923
1612 0 453
1612 0 136
1612 0 462
1612 0 1555
1612 0 118
1612 0 1528
1612 0 57
1612 0 541
1612 0 159
1613 0 708
1613 0 613
1613 0 165
1613 0 3036
1613 0 1502
1614 0 96
1614 0 133
1614 0 135
1614 0 79
1614 0 80
1614 0 115
1614 0 87
1615 0 96
1615 0 102
1615 0 427
1615 0 243
1615 0 244
1615 0 119
1615 0 247
1615 0 124
1615 0 126
1616 0 372
1616 0 2214
1616 0 548
1616 0 87
1617 0 3550
1617 0 134
1617 0 171
1617 0 81
1617 0 1233
1617 0 87
1617 0 88
1617 0 254
1618 0 131
1618 0 376
1618 0 137
1618 0 1325
1618 0 81
1618 0 723
1618 0 184
1618 0 698
1619 0 3072
1619 0 1253
1619 0 391
1619 0 392
1619 0 295
1619 0 46
1619 0 755
1619 0 190
1619 0 799
1620 0 2048
1620 0 66
1620 0 36
1620 0 354
1621 0 3553
1621 0 3554
1621 0 3555
1621 0 356
1621 0 261
1621 0 1131
1621 0 113
1621 0 946
1621 0 52
1621 0 1397
1621 0 1526
1621 0 2292
1621 0 1240
1621 0 378
1622 0 96
1622 0 3556
1622 0 3558
1622 0 472
1622 0 40
1622 0 433
1622 0 2835
1622 0 276
1622 0 1044
1622 0 24
1622 0 957
1623 0 26
1623 0 3559
1623 0 3560
1623 0 105
1623 0 1466
1623 0 190
1624 0 3561
1624 0 2285
1624 0 1198
1624 0 366
1624 0 3024
1624 0 2806
1624 0 2488
1625 0 80
1625 0 130
1625 0 78
1625 0 919
1626 0 130
1626 0 131
1626 0 132
1626 0 78
1626 0 79
1626 0 372
1626 0 185
1626 0 538
1627 0 1184
1627 0 3493
1627 0 1127
1627 0 392
1627 0 3562
1627 0 3563
1627 0 3564
1627 0 3565
1627 0 3566
1627 0 1135
1627 0 944
1627 0 2959
1627 0 2960
1627 0 222
1628 0 96
1628 0 1122
1628 0 2074
1628 0 134
1628 0 3569
1628 0 2162
1628 0 1523
1628 0 1754
1629 0 1218
1629 0 392
1629 0 105
1629 0 1103
1629 0 3570
1629 0 1140
1629 0 53
1629 0 1556
1629 0 1752
1629 0 154
1629 0 891
1630 0 130
1630 0 102
1630 0 902
1630 0 427
1630 0 303
1630 0 210
1630 0 216
1631 0 134
1631 0 528
1631 0 114
1631 0 1397
1631 0 55
1631 0 1020
1631 0 861
1631 0 126
1632 0 320
1632 0 3575
1632 0 1604
1632 0 5
1632 0 678
1632 0 1608
1632 0 971
1632 0 1740
1632 0 307
1632 0 3571
1632 0 3572
1632 0 3573
1632 0 1271
1632 0 1272
1632 0 3574
1632 0 314
1633 0 133
1633 0 361
1633 0 74
1633 0 75
1633 0 79
1633 0 80
1633 0 87
1633 0 127
1634 0 96
1634 0 134
1634 0 104
1634 0 267
1634 0 47
1634 0 433
1634 0 118
1634 0 185
1634 0 413
1635 0 832
1635 0 2434
1635 0 133
1635 0 1255
1635 0 105
1635 0 109
1635 0 52
1635 0 91
1636 0 163
1636 0 1253
1636 0 1797
1636 0 391
1636 0 1255
1636 0 105
1636 0 235
1636 0 109
1636 0 863
1637 0 36
1637 0 105
1637 0 235
1637 0 46
1637 0 110
1637 0 52
1637 0 53
1637 0 55
1637 0 154
1637 0 223
1638 0 1890
1638 0 135
1638 0 41
1638 0 75
1638 0 366
1638 0 80
1638 0 371
1638 0 373
1638 0 1141
1638 0 87
1638 0 3576
1638 0 1788
1638 0 127
1639 0 1697
1639 0 74
1639 0 3020
1639 0 270
1639 0 206
1639 0 1806
1639 0 406
1639 0 87
1639 0 184
1639 0 3578
1640 0 293
1640 0 557
1640 0 438
1640 0 474
1640 0 187
1640 0 765
1641 0 712
1641 0 105
1641 0 2028
1641 0 301
1641 0 46
1641 0 2719
1641 0 305
1641 0 114
1641 0 1875
1641 0 159
1642 0 483
1642 0 74
1642 0 21
1642 0 22
1642 0 159
1643 0 228
1643 0 1732
1643 0 782
1643 0 241
1643 0 788
1643 0 1140
1643 0 250
1643 0 347
1643 0 60
1644 0 832
1644 0 66
1644 0 675
1644 0 3582
1644 0 1580
1644 0 1583
1644 0 3580
1644 0 3452
1644 0 3581
1644 0 542
1644 0 3583
1645 0 3584
1645 0 6
1645 0 934
1645 0 968
1645 0 10
1645 0 331
1645 0 971
1645 0 334
1645 0 15
1645 0 2158
1645 0 273
1645 0 2235
1645 0 2589
1646 0 96
1646 0 1547
1646 0 1388
1646 0 653
1646 0 575
1647 0 105
1647 0 3585
1647 0 223
1648 0 34
1648 0 98
1648 0 55
1648 0 1303
1648 0 2522
1648 0 2719
1649 0 98
1649 0 110
1649 0 78
1649 0 47
1650 0 3592
1650 0 3586
1650 0 3587
1650 0 3589
1651 0 3168
1651 0 3170
1651 0 2984
1651 0 3594
1651 0 3595
1651 0 44
1651 0 1548
1651 0 46
1651 0 463
1651 0 51
1652 0 132
1652 0 230
1652 0 267
1652 0 237
1652 0 1549
1652 0 80
1652 0 405
1652 0 22
1652 0 2071
1652 0 3516
1652 0 539
1652 0 956
1653 0 135
1653 0 1258
1653 0 171
1653 0 363
1653 0 206
1653 0 79
1653 0 3598
1653 0 434
1653 0 115
1653 0 373
1653 0 184
1653 0 185
1653 0 923
1654 0 548
1654 0 141
1654 0 126
1654 0 127
1655 0 291
1655 0 100
1655 0 2949
1655 0 3600
1655 0 1586
1655 0 883
1655 0 314
1655 0 382
1655 0 511
1656 0 3601
1656 0 3602
1656 0 3603
1656 0 3604
1657 0 163
1657 0 295
1657 0 107
1657 0 523
1657 0 112
1657 0 3605
1657 0 3606
1657 0 190
1658 0 96
1658 0 1412
1658 0 72
1658 0 237
1658 0 79
1658 0 1199
1658 0 539
1659 0 1986
1659 0 2469
1659 0 1126
1659 0 906
1659 0 2797
1659 0 210
1659 0 1015
1659 0 1502
1659 0 2015
1660 0 2499
1660 0 241
1660 0 242
1660 0 726
1660 0 250
1661 0 3608
1661 0 3609
1661 0 715
1662 0 3610
1662 0 241
1662 0 250
1662 0 1115
1663 0 3426
1663 0 676
1663 0 677
1663 0 939
1663 0 940
1663 0 221
1663 0 795
1663 0 541
1664 0 2120
1664 0 523
1664 0 2905
1664 0 3612
1664 0 3069
1664 0 190
1665 0 135
1665 0 1258
1665 0 363
1665 0 76
1665 0 206
1665 0 79
1665 0 434
1665 0 184
1665 0 185
1665 0 538
1665 0 699
1665 0 63
1665 0 127
1666 0 608
1666 0 35
1666 0 2216
1666 0 141
1666 0 462
1666 0 752
1666 0 2963
1666 0 1140
1666 0 3613
1666 0 3614
1667 0 1254
1667 0 871
1667 0 1606
1667 0 2567
1667 0 971
1667 0 2543
1667 0 114
1667 0 1523
1667 0 119
1667 0 1016
1667 0 441
1667 0 3615
1668 0 96
1668 0 3616
1669 0 3618
1669 0 1124
1669 0 3621
1669 0 3622
1669 0 210
1670 0 36
1671 0 897
1671 0 132
1671 0 484
1671 0 3623
1672 0 128
1672 0 385
1672 0 674
1672 0 135
1672 0 2311
1672 0 3624
1672 0 75
1672 0 45
1672 0 951
1672 0 1465
1672 0 58
1672 0 127
1673 0 1153
1673 0 2338
1673 0 772
1673 0 776
1673 0 47
1673 0 437
1673 0 118
1673 0 55
1673 0 1525
1673 0 859
1674 0 96
1674 0 133
1674 0 357
1674 0 135
1674 0 74
1674 0 87
1674 0 120
1674 0 127
1675 0 512
1675 0 2593
1675 0 196
1675 0 519
1675 0 1528
1675 0 3626
1675 0 460
1675 0 844
1675 0 1136
1675 0 2706
1675 0 727
1675 0 856
1675 0 601
1675 0 795
1675 0 508
1675 0 735
1676 0 2662
1676 0 104
1676 0 776
1676 0 235
1676 0 334
1676 0 878
1676 0 114
1676 0 90
1677 0 96
1677 0 35
1677 0 36
1677 0 388
1677 0 1030
1677 0 1256
1677 0 107
1677 0 3627
1677 0 1389
1677 0 46
1677 0 2605
1677 0 528
1677 0 752
1677 0 118
1677 0 119
1677 0 442
1677 0 572
1678 0 419
1678 0 36
1678 0 1477
1678 0 42
1678 0 522
1678 0 1389
1678 0 111
1678 0 475
1678 0 286
1679 0 1401
1679 0 538
1679 0 1258
1680 0 1411
1680 0 74
1680 0 1293
1680 0 1294
1680 0 3629
1680 0 542
1681 0 2785
1681 0 2276
1681 0 551
1681 0 3631
1681 0 3632
1681 0 3633
1681 0 3634
1681 0 3636
1681 0 3637
1681 0 3638
1681 0 3639
1682 0 1545
1682 0 1677
1682 0 2065
1682 0 2353
1682 0 883
1682 0 223
1683 0 353
1683 0 865
1683 0 1923
1683 0 196
1683 0 197
1683 0 3398
1683 0 1136
1683 0 1010
1683 0 438
1683 0 1528
1683 0 158
1684 0 1217
1684 0 450
1684 0 36
1684 0 1225
1684 0 42
1684 0 655
1684 0 1878
1684 0 285
1685 0 96
1685 0 738
1685 0 196
1685 0 998
1685 0 53
1685 0 119
1685 0 3643
1685 0 510
1685 0 1535
1686 0 608
1686 0 36
1686 0 141
1686 0 1140
1686 0 2647
1686 0 568
1686 0 2429
1687 0 70
1687 0 124
1687 0 2289
1687 0 119
1687 0 3644
1687 0 3645
1688 0 577
1688 0 1236
1688 0 119
1688 0 729
1688 0 3646
1689 0 608
1689 0 3553
1689 0 2371
1689 0 1988
1689 0 3570
1689 0 951
1690 0 128
1690 0 2311
1690 0 74
1690 0 75
1690 0 45
1690 0 3647
1690 0 951
1690 0 87
1690 0 377
1690 0 90
1690 0 127
1691 0 133
1691 0 74
1691 0 77
1691 0 81
1691 0 863
1691 0 87
1691 0 127
1692 0 356
1692 0 197
1692 0 165
1692 0 199
1692 0 358
1692 0 776
1692 0 208
1692 0 212
1692 0 54
1692 0 280
1692 0 1278
1692 0 2013
1692 0 158
1692 0 159
1693 0 102
1693 0 70
1693 0 136
1693 0 120
1693 0 1630
1694 0 2336
1694 0 3648
1694 0 66
1694 0 74
1694 0 363
1694 0 238
1694 0 79
1694 0 435
1694 0 2485
1694 0 185
1694 0 90
1694 0 1787
1694 0 126
1695 0 673
1695 0 107
1695 0 109
1695 0 47
1696 0 257
1696 0 1677
1696 0 882
1696 0 883
1696 0 277
1696 0 22
1696 0 799
1697 0 2003
1698 0 288
1698 0 131
1698 0 132
1698 0 133
1698 0 389
1698 0 74
1698 0 237
1698 0 399
1698 0 957
1698 0 254
1699 0 159
1699 0 3650
1699 0 45
1699 0 1807
1699 0 3282
1699 0 3347
1699 0 3580
1699 0 223
1700 0 1091
1700 0 3651
1700 0 3652
1700 0 1128
1700 0 297
1700 0 1003
1700 0 878
1700 0 1650
1700 0 279
1700 0 1467
1700 0 252
1700 0 3423
1701 0 96
1701 0 133
1701 0 134
1701 0 40
1701 0 109
1701 0 47
1701 0 560
1701 0 915
1701 0 52
1701 0 1589
1701 0 1502
1702 0 32
1702 0 161
1702 0 196
1702 0 3653
1702 0 3654
1702 0 3655
1702 0 3656
1702 0 3657
1702 0 362
1702 0 3658
1702 0 2669
1702 0 2031
1702 0 883
1702 0 1333
1702 0 729
1702 0 474
1702 0 3292
1702 0 3517
1703 0 41
1703 0 45
1703 0 52
1703 0 87
1703 0 539
1703 0 540
1704 0 96
1704 0 385
1704 0 132
1704 0 134
1704 0 1255
1704 0 79
1704 0 47
1704 0 114
1704 0 52
1704 0 184
1704 0 252
1705 0 353
1705 0 131
1705 0 104
1705 0 137
1705 0 361
1705 0 1324
1705 0 1325
1705 0 957
1705 0 1487
1705 0 22
1705 0 1081
1705 0 187
1705 0 1308
1705 0 413
1706 0 1183
1706 0 1253
1706 0 392
1706 0 105
1706 0 1416
1706 0 46
1706 0 187
1706 0 863
1707 0 70
1707 0 3659
1707 0 3660
1707 0 1623
1707 0 601
1707 0 2268
1708 0 36
1708 0 1126
1708 0 774
1708 0 3661
1708 0 782
1708 0 2063
1708 0 2577
1708 0 2683
1709 0 132
1709 0 516
1709 0 295
1709 0 3151
1709 0 275
1709 0 1235
1709 0 117
1709 0 22
1709 0 989
1710 0 1258
1710 0 77
1710 0 1202
1710 0 1306
1710 0 863
1711 0 352
1711 0 608
1711 0 1091
1711 0 141
1711 0 47
1711 0 55
1711 0 920
1711 0 2586
1711 0 2429
1711 0 3423
1712 0 391
1712 0 392
1712 0 1386
1712 0 107
1712 0 1103
1712 0 112
1712 0 528
1712 0 3664
1712 0 1396
1712 0 764
1712 0 190
1713 0 133
1713 0 102
1713 0 42
1713 0 267
1713 0 652
1713 0 47
1713 0 431
1713 0 118
1714 0 1888
1714 0 98
1714 0 1410
1714 0 3142
1714 0 714
1714 0 171
1714 0 269
1714 0 210
1714 0 3442
1714 0 184
1714 0 185
1715 0 3298
1715 0 163
1715 0 100
1715 0 708
1715 0 518
1715 0 235
1715 0 2795
1715 0 46
1715 0 1103
1715 0 50
1715 0 882
1715 0 53
1715 0 821
1715 0 799
1716 0 1798
1716 0 42
1716 0 1836
1716 0 45
1716 0 3261
1716 0 2998
1716 0 119
1716 0 125
1716 0 286
1716 0 895
1717 0 96
1717 0 802
1717 0 35
1717 0 1033
1717 0 1324
1717 0 118
1717 0 90
1717 0 187
1717 0 767
1718 0 199
1718 0 776
1718 0 302
1718 0 303
1718 0 47
1718 0 494
1718 0 659
1718 0 118
1718 0 2839
1719 0 2498
1719 0 131
1719 0 483
1719 0 230
1719 0 231
1719 0 1416
1719 0 2985
1719 0 2353
1719 0 3667
1719 0 276
1719 0 22
1719 0 24
1719 0 891
1719 0 223
1720 0 1091
1720 0 645
1720 0 3434
1720 0 623
1720 0 145
1720 0 625
1720 0 3668
1720 0 3669
1720 0 2966
1720 0 3670
1720 0 2360
1721 0 36
1721 0 332
1721 0 2892
1721 0 498
1721 0 307
1721 0 887
1721 0 1144
1721 0 1020
1722 0 3672
1722 0 564
1722 0 3671
1723 0 136
1723 0 2161
1723 0 196
1723 0 20
1724 0 164
1724 0 933
1724 0 36
1724 0 941
1724 0 887
1724 0 3673
1724 0 3674
1724 0 3675
1724 0 1308
1724 0 895
1725 0 563
1725 0 2003
1726 0 96
1726 0 738
1726 0 43
1726 0 80
1726 0 210
1726 0 242
1726 0 118
1726 0 477
1727 0 2434
1727 0 105
1727 0 109
1727 0 46
1727 0 467
1727 0 52
1727 0 1461
1727 0 918
1727 0 252
1727 0 61
1727 0 1662
1728 0 96
1728 0 194
1728 0 36
1728 0 171
1728 0 267
1728 0 2162
1728 0 1461
1728 0 118
1729 0 163
1729 0 1128
1729 0 105
1729 0 906
1729 0 3678
1729 0 473
1729 0 670
1730 0 3680
1730 0 1901
1730 0 3679
1731 0 2401
1731 0 391
1731 0 1255
1731 0 105
1731 0 78
1731 0 305
1731 0 1589
1731 0 1974
1731 0 282
1732 0 2498
1732 0 3684
1732 0 485
1732 0 3686
1732 0 487
1732 0 3687
1732 0 685
1732 0 3022
1732 0 22
1732 0 445
1733 0 288
1733 0 36
1733 0 7
1733 0 3688
1733 0 3689
1733 0 240
1733 0 1329
1733 0 242
1733 0 217
1734 0 66
1734 0 1315
1734 0 72
1734 0 1448
1734 0 492
1734 0 399
1734 0 145
1734 0 433
1734 0 2835
1734 0 245
1734 0 1110
1734 0 1754
1735 0 34
1735 0 131
1735 0 196
1735 0 1122
1735 0 210
1735 0 24
1735 0 190
1736 0 2696
1736 0 171
1736 0 55
1736 0 118
1736 0 254
1736 0 859
1736 0 830
1737 0 391
1737 0 392
1737 0 105
1737 0 3690
1737 0 107
1737 0 46
1737 0 1103
1737 0 2739
1737 0 1396
1738 0 134
1738 0 1545
1738 0 171
1738 0 235
1738 0 858
1738 0 187
1738 0 286
1739 0 2469
1739 0 102
1739 0 1255
1739 0 1128
1739 0 44
1739 0 3692
1739 0 878
1739 0 111
1739 0 1168
1739 0 3441
1739 0 55
1739 0 1175
1739 0 2910
1740 0 105
1740 0 1545
1740 0 1259
1740 0 46
1740 0 1231
1740 0 2992
1740 0 467
1740 0 2643
1740 0 55
1740 0 1662
1741 0 70
1741 0 136
1741 0 808
1741 0 1448
1741 0 46
1741 0 80
1741 0 117
1741 0 120
1741 0 2269
1742 0 1248
1742 0 876
1742 0 3693
1742 0 3694
1742 0 154
1742 0 1883
1742 0 1021
1744 0 128
1744 0 102
1744 0 232
1744 0 906
1744 0 3695
1744 0 979
1744 0 980
1744 0 1556
1744 0 282
1744 0 60
1745 0 257
1745 0 3365
1745 0 235
1745 0 3696
1745 0 2065
1745 0 3697
1745 0 307
1745 0 3698
1745 0 501
1745 0 1592
1745 0 799
1746 0 171
1746 0 364
1746 0 79
1746 0 437
1746 0 1814
1746 0 184
1746 0 185
1747 0 832
1747 0 377
1747 0 77
1747 0 184
1747 0 185
1748 0 3298
1748 0 107
1748 0 1003
1748 0 2385
1748 0 3699
1748 0 3700
1748 0 3353
1748 0 2298
1748 0 1691
1749 0 66
1749 0 98
1749 0 131
1749 0 72
1749 0 232
1749 0 377
1749 0 87
1749 0 184
1749 0 185
1749 0 442
1749 0 1276
1749 0 1278
1749 0 127
1750 0 1095
1750 0 105
1750 0 3186
1750 0 2900
1750 0 55
1750 0 571
1751 0 196
1751 0 74
1751 0 3701
1751 0 22
1751 0 87
1751 0 3702
1751 0 185
1751 0 58
1752 0 102
1752 0 105
1752 0 210
1752 0 52
1752 0 3703
1752 0 697
1752 0 190
1753 0 96
1753 0 771
1753 0 1254
1753 0 755
1753 0 52
1753 0 3579
1754 0 128
1754 0 515
1754 0 426
1754 0 791
1754 0 2028
1754 0 3704
1754 0 54
1754 0 790
1754 0 376
1754 0 3705
1754 0 795
1754 0 415
1755 0 827
1755 0 940
1755 0 3707
1755 0 3708
1755 0 1438
1756 0 34
1756 0 483
1756 0 196
1756 0 200
1756 0 939
1756 0 1100
1756 0 52
1756 0 314
1756 0 155
1756 0 763
1756 0 3709
1756 0 479
1757 0 385
1757 0 66
1757 0 446
1757 0 75
1757 0 334
1757 0 399
1757 0 276
1757 0 126
1758 0 105
1758 0 953
1758 0 36
1758 0 102
1759 0 3712
1759 0 3235
1759 0 196
1759 0 519
1759 0 967
1759 0 462
1759 0 2030
1759 0 2579
1759 0 2649
1759 0 314
1759 0 508
1759 0 510
1759 0 3711
1760 0 3713
1760 0 3714
1760 0 35
1760 0 293
1760 0 3597
1760 0 624
1760 0 50
1760 0 629
1760 0 2008
1760 0 1721
1760 0 2142
1760 0 2143
1761 0 35
1761 0 3715
1761 0 197
1761 0 104
1761 0 105
1761 0 1416
1761 0 109
1761 0 46
1761 0 57
1761 0 1051
1761 0 158
1762 0 3716
1762 0 834
1762 0 948
1762 0 805
1763 0 98
1763 0 137
1763 0 74
1763 0 1324
1763 0 276
1763 0 22
1763 0 378
1763 0 923
1763 0 127
1764 0 96
1764 0 389
1764 0 3717
1764 0 232
1764 0 459
1764 0 45
1764 0 141
1764 0 56
1764 0 154
1764 0 413
1765 0 32
1765 0 353
1765 0 355
1765 0 1859
1765 0 1190
1765 0 1545
1765 0 2730
1765 0 2604
1765 0 950
1765 0 759
1765 0 282
1766 0 192
1766 0 827
1766 0 36
1766 0 197
1766 0 3719
1766 0 956
1766 0 107
1766 0 459
1766 0 1426
1766 0 438
1766 0 1046
1766 0 1496
1766 0 442
1766 0 187
1766 0 220
1767 0 66
1767 0 130
1767 0 131
1767 0 136
1767 0 74
1767 0 202
1767 0 109
1767 0 80
1767 0 382
1767 0 127
1768 0 802
1768 0 580
1768 0 776
1768 0 42
1768 0 243
1768 0 504
1768 0 250
1769 0 97
1769 0 36
1769 0 740
1769 0 836
1769 0 242
1769 0 726
1769 0 347
1770 0 993
1770 0 228
1770 0 36
1770 0 998
1770 0 2340
1770 0 44
1770 0 879
1770 0 1752
1770 0 221
1771 0 923
1771 0 1051
1771 0 202
1771 0 363
1771 0 204
1771 0 80
1771 0 185
1771 0 859
1772 0 3720
1772 0 3721
1772 0 3722
1772 0 3724
1772 0 3386
1773 0 515
1773 0 422
1773 0 1513
1773 0 3498
1773 0 3725
1773 0 1011
1773 0 3191
1773 0 601
1773 0 794
1773 0 1628
1773 0 735
1774 0 795
1774 0 769
1774 0 418
1774 0 67
1774 0 1092
1774 0 422
1774 0 1482
1774 0 109
1774 0 3727
1774 0 531
1774 0 2579
1774 0 2264
1774 0 601
1774 0 155
1775 0 864
1775 0 109
1775 0 16
1775 0 1650
1775 0 54
1775 0 55
1775 0 990
1775 0 159
1776 0 165
1776 0 235
1776 0 3407
1776 0 2193
1776 0 3729
1776 0 3730
1776 0 3731
1776 0 3732
1776 0 252
1776 0 3677
1776 0 607
1777 0 231
1777 0 1385
1777 0 107
1777 0 3245
1777 0 46
1777 0 254
1777 0 863
1778 0 96
1778 0 776
1778 0 235
1778 0 1869
1778 0 118
1778 0 854
1778 0 282
1778 0 732
1779 0 128
1779 0 1956
1779 0 358
1779 0 366
1779 0 1711
1779 0 594
1779 0 3737
1779 0 3738
1779 0 3739
1780 0 608
1780 0 36
1780 0 102
1780 0 141
1780 0 52
1780 0 53
1780 0 54
1780 0 1108
1780 0 154
1781 0 102
1781 0 105
1781 0 46
1781 0 52
1781 0 1589
1781 0 3156
1781 0 282
1781 0 188
1781 0 863
1782 0 163
1782 0 1315
1782 0 870
1782 0 527
1782 0 1972
1782 0 472
1782 0 313
1782 0 476
1783 0 128
1783 0 2311
1783 0 80
1783 0 1624
1783 0 796
1783 0 3741
1784 0 241
1784 0 213
1784 0 1151
1785 0 224
1785 0 3681
1785 0 2826
1785 0 971
1785 0 460
1785 0 1338
1785 0 1646
1785 0 2674
1785 0 1237
1785 0 438
1785 0 343
1785 0 24
1785 0 314
1785 0 732
1786 0 96
1786 0 385
1786 0 1604
1786 0 78
1786 0 1589
1786 0 1144
1786 0 2782
1787 0 3745
1787 0 962
1787 0 3746
1787 0 3747
1787 0 3748
1787 0 3749
1787 0 3750
1787 0 1512
1787 0 3751
1787 0 362
1787 0 3752
1787 0 3753
1787 0 2969
1787 0 763
1787 0 3742
1787 0 959
1788 0 196
1788 0 486
1788 0 967
1788 0 460
1788 0 2453
1788 0 727
1788 0 24
1788 0 155
1788 0 509
1788 0 2264
1788 0 479
1789 0 358
1789 0 102
1789 0 395
1789 0 2736
1789 0 306
1789 0 2168
1789 0 3034
1789 0 1022
1790 0 96
1790 0 1446
1790 0 391
1790 0 105
1790 0 46
1790 0 765
1791 0 36
1791 0 105
1791 0 106
1791 0 361
1791 0 46
1791 0 110
1791 0 111
1791 0 55
1791 0 413
1791 0 159
1792 0 96
1792 0 1253
1792 0 295
1792 0 105
1792 0 1389
1792 0 46
1792 0 1615
1792 0 528
1792 0 722
1792 0 764
1792 0 446
1793 0 353
1793 0 389
1793 0 839
1793 0 3755
1793 0 45
1793 0 46
1793 0 1197
1793 0 1043
1793 0 276
1793 0 52
1793 0 55
1794 0 165
1794 0 391
1794 0 105
1794 0 107
1794 0 46
1794 0 462
1794 0 1039
1794 0 1298
1794 0 52
1794 0 118
1795 0 257
1795 0 109
1795 0 879
1795 0 1105
1795 0 498
1795 0 883
1795 0 277
1795 0 799
1796 0 578
1796 0 803
1796 0 36
1796 0 2089
1796 0 42
1796 0 3756
1796 0 209
1796 0 210
1796 0 531
1796 0 657
1796 0 756
1796 0 1777
1796 0 286
1796 0 927
1797 0 483
1797 0 3757
1797 0 3758
1797 0 22
1797 0 472
1797 0 1179
1798 0 356
1798 0 231
1798 0 360
1798 0 105
1798 0 361
1798 0 107
1798 0 2281
1798 0 1078
1798 0 863
1799 0 832
1799 0 98
1799 0 1412
1799 0 137
1799 0 75
1799 0 267
1799 0 206
1799 0 79
1799 0 3760
1799 0 184
1800 0 353
1800 0 1122
1800 0 134
1800 0 3145
1800 0 236
1800 0 493
1800 0 3533
1800 0 1974
1800 0 55
1800 0 1240
1801 0 104
1801 0 136
1801 0 137
1801 0 765
1801 0 524
1801 0 46
1801 0 111
1801 0 118
1801 0 413
1802 0 98
1802 0 74
1802 0 79
1802 0 80
1802 0 3761
1802 0 373
1802 0 538
1802 0 923
1803 0 96
1803 0 560
1803 0 3762
1803 0 52
1803 0 756
1803 0 118
1803 0 254
1803 0 126
1804 0 135
1804 0 267
1804 0 363
1804 0 3213
1804 0 206
1804 0 78
1804 0 434
1804 0 3763
1804 0 374
1804 0 184
1804 0 538
1804 0 413
1805 0 1092
1805 0 293
1805 0 1541
1805 0 109
1805 0 1104
1805 0 2353
1805 0 55
1805 0 1341
1806 0 2946
1806 0 36
1806 0 3767
1806 0 275
1806 0 3769
1806 0 3765
1806 0 3766
1806 0 887
1806 0 3768
1806 0 1209
1806 0 3770
1807 0 1122
1807 0 137
1807 0 267
1807 0 75
1807 0 1868
1807 0 3533
1807 0 3506
1807 0 55
1807 0 121
1807 0 1239
1807 0 3771
1807 0 572
1808 0 3772
1808 0 517
1808 0 2856
1808 0 314
1808 0 460
1808 0 1328
1808 0 1968
1808 0 1236
1808 0 22
1808 0 854
1808 0 474
1808 0 155
1808 0 732
1808 0 3773
1809 0 481
1809 0 34
1809 0 133
1809 0 231
1809 0 40
1809 0 457
1809 0 107
1809 0 209
1809 0 1234
1809 0 1235
1809 0 1397
1809 0 858
1809 0 572
1809 0 3774
1810 0 35
1810 0 644
1810 0 165
1810 0 70
1810 0 1671
1810 0 632
1810 0 844
1810 0 462
1810 0 2703
1810 0 54
1810 0 24
1810 0 3775
1811 0 72
1811 0 74
1811 0 1258
1811 0 1324
1811 0 80
1811 0 916
1811 0 1144
1811 0 857
1811 0 923
1811 0 254
1811 0 127
1812 0 3776
1812 0 165
1812 0 105
1812 0 235
1812 0 111
1812 0 2065
1812 0 22
1812 0 187
1812 0 223
1813 0 923
1813 0 133
1813 0 105
1813 0 137
1813 0 1258
1813 0 1324
1813 0 78
1813 0 22
1813 0 55
1813 0 187
1813 0 572
1813 0 863
1814 0 354
1814 0 1858
1814 0 107
1814 0 2478
1814 0 118
1814 0 55
1814 0 1183
1815 0 3777
1815 0 3778
1815 0 453
1815 0 1712
1815 0 191
1816 0 1057
1816 0 2531
1816 0 3779
1816 0 3780
1816 0 166
1816 0 1351
1816 0 3781
1816 0 20
1816 0 279
1816 0 1051
1816 0 1725
1817 0 132
1817 0 72
1817 0 74
1817 0 1258
1817 0 81
1817 0 957
1818 0 74
1818 0 187
1818 0 55
1819 0 354
1819 0 356
1819 0 37
1819 0 133
1819 0 1092
1819 0 2020
1819 0 41
1819 0 74
1819 0 1783
1819 0 1082
1819 0 27
1819 0 1310
1820 0 131
1820 0 133
1820 0 230
1820 0 137
1820 0 237
1820 0 110
1820 0 1651
1820 0 55
1820 0 184
1820 0 185
1820 0 282
1820 0 923
1820 0 252
1820 0 159
1821 0 96
1821 0 352
1821 0 772
1821 0 302
1821 0 47
1821 0 304
1821 0 278
1821 0 254
1822 0 97
1822 0 1122
1822 0 36
1822 0 1401
1822 0 217
1822 0 250
1822 0 188
1823 0 1024
1823 0 611
1823 0 776
1823 0 713
1823 0 3016
1823 0 302
1823 0 920
1823 0 280
1823 0 1594
1823 0 2652
1823 0 2013
1823 0 1502
1823 0 703
1824 0 3008
1824 0 104
1824 0 51
1824 0 1494
1824 0 1114
1824 0 187
1824 0 158
1824 0 159
1825 0 36
1825 0 708
1825 0 3783
1825 0 105
1825 0 46
1825 0 3605
1825 0 122
1825 0 476
1826 0 545
1826 0 1315
1826 0 4
1826 0 446
1826 0 6
1826 0 3784
1826 0 13
1826 0 15
1826 0 242
1826 0 441
1826 0 285
1826 0 126
1827 0 483
1827 0 196
1827 0 1347
1827 0 3785
1827 0 893
1827 0 883
1827 0 278
1827 0 729
1827 0 155
1827 0 445
1827 0 735
1828 0 1952
1828 0 1798
1828 0 3787
1828 0 2060
1828 0 3788
1828 0 2094
1828 0 879
1828 0 1616
1828 0 3789
1828 0 3791
1828 0 3792
1828 0 2429
1829 0 165
1829 0 48
1829 0 3793
1829 0 3794
1829 0 883
1829 0 2451
1829 0 3795
1829 0 1433
1830 0 867
1830 0 36
1830 0 2665
1830 0 499
1830 0 3796
1830 0 30
1830 0 191
1831 0 96
1831 0 655
1831 0 1167
1831 0 1745
1831 0 242
1831 0 245
1831 0 726
1831 0 254
1831 0 3798
1831 0 217
1831 0 126
1832 0 76
1832 0 206
1832 0 79
1832 0 374
1832 0 377
1832 0 538
1833 0 1315
1833 0 100
1833 0 934
1833 0 8
1833 0 2158
1833 0 3470
1833 0 273
1833 0 498
1833 0 277
1833 0 3801
1833 0 3802
1833 0 3803
1834 0 1760
1834 0 2976
1834 0 931
1834 0 2787
1834 0 2279
1834 0 3805
1834 0 1161
1834 0 555
1834 0 1036
1834 0 1743
1834 0 893
1834 0 126
1835 0 192
1835 0 738
1835 0 102
1835 0 1126
1835 0 235
1835 0 78
1835 0 1015
1835 0 1171
1835 0 55
1835 0 920
1835 0 91
1836 0 770
1836 0 1156
1836 0 261
1836 0 526
1836 0 276
1836 0 404
1836 0 3359
1836 0 673
1836 0 40
1836 0 957
1836 0 192
1836 0 80
1836 0 87
1836 0 91
1836 0 352
1836 0 102
1836 0 237
1836 0 117
1836 0 378
1836 0 127
1837 0 418
1837 0 301
1837 0 77
1837 0 22
1837 0 87
1837 0 376
1837 0 127
1838 0 803
1838 0 324
1838 0 1290
1838 0 655
1838 0 1554
1838 0 211
1838 0 1682
1838 0 1975
1838 0 2170
1838 0 3806
1838 0 3807
1839 0 1857
1839 0 66
1839 0 135
1839 0 1452
1839 0 237
1839 0 1549
1839 0 79
1839 0 1651
1839 0 184
1839 0 377
1839 0 955
1840 0 832
1840 0 292
1840 0 133
1840 0 165
1840 0 389
1840 0 41
1840 0 105
1840 0 1580
1840 0 45
1840 0 48
1840 0 1777
1840 0 55
1840 0 56
1840 0 442
1841 0 802
1841 0 3810
1841 0 388
1841 0 293
1841 0 772
1841 0 1092
1841 0 303
1841 0 55
1841 0 118
1841 0 54
1842 0 96
1842 0 130
1842 0 99
1842 0 131
1842 0 101
1842 0 3811
1842 0 1421
1842 0 79
1842 0 80
1842 0 1199
1842 0 88
1842 0 185
1842 0 126
1842 0 216
1843 0 0
1843 0 545
1843 0 1315
1843 0 3812
1843 0 3813
1843 0 3814
1843 0 2255
1843 0 242
1843 0 1427
1843 0 2005
1843 0 857
1843 0 1275
1844 0 1446
1844 0 3815
1844 0 776
1844 0 3817
1844 0 3818
1844 0 589
1844 0 1869
1844 0 212
1844 0 1076
1844 0 214
1844 0 1690
1844 0 827
1844 0 2013
1845 0 66
1845 0 98
1845 0 132
1845 0 167
1845 0 798
1845 0 951
1845 0 3217
1845 0 254
1845 0 1047
1845 0 406
1845 0 55
1845 0 1143
1845 0 253
1845 0 126
1845 0 1919
1846 0 832
1846 0 1538
1846 0 1315
1846 0 235
1846 0 3819
1846 0 47
1846 0 114
1846 0 754
1846 0 1556
1846 0 118
1846 0 694
1846 0 1590
1846 0 282
1846 0 91
1846 0 830
1846 0 3551
1847 0 1156
1847 0 134
1847 0 102
1847 0 1261
1847 0 3569
1847 0 210
1848 0 66
1848 0 132
1848 0 552
1848 0 74
1848 0 204
1848 0 365
1848 0 3820
1848 0 3821
1848 0 660
1848 0 127
1849 0 98
1849 0 263
1849 0 270
1849 0 3822
1849 0 1395
1849 0 951
1850 0 132
1850 0 133
1850 0 237
1850 0 910
1850 0 975
1850 0 3823
1850 0 499
1850 0 22
1850 0 445
1851 0 1315
1851 0 46
1851 0 47
1851 0 1015
1851 0 1395
1851 0 1461
1851 0 87
1851 0 2427
1851 0 254
1851 0 863
1852 0 1315
1852 0 1092
1852 0 754
1852 0 118
1852 0 254
1852 0 446
1853 0 2976
1853 0 325
1853 0 774
1853 0 1798
1853 0 40
1853 0 188
1853 0 52
1853 0 252
1853 0 119
1853 0 856
1853 0 1401
1853 0 124
1854 0 900
1854 0 377
1854 0 809
1854 0 270
1854 0 3824
1854 0 305
1854 0 115
1854 0 1556
1854 0 1589
1854 0 185
1854 0 671
1855 0 227
1855 0 196
1855 0 485
1855 0 1476
1855 0 487
1855 0 3630
1855 0 3825
1855 0 1618
1855 0 275
1855 0 22
1855 0 887
1855 0 1526
1855 0 155
1855 0 445
1856 0 712
1856 0 106
1856 0 2058
1856 0 495
1856 0 55
1856 0 56
1856 0 413
1857 0 1540
1857 0 271
1857 0 275
1857 0 1140
1857 0 499
1857 0 441
1858 0 1183
1858 0 391
1858 0 392
1858 0 105
1858 0 46
1858 0 55
1858 0 863
1859 0 516
1859 0 295
1859 0 1095
1859 0 107
1859 0 3826
1859 0 52
1859 0 765
1860 0 96
1860 0 135
1860 0 1258
1860 0 47
1861 0 73
1861 0 1612
1861 0 77
1861 0 141
1861 0 1232
1861 0 81
1861 0 1202
1861 0 55
1861 0 87
1862 0 225
1862 0 3201
1862 0 1444
1862 0 677
1862 0 1992
1862 0 654
1862 0 944
1862 0 657
1862 0 2975
1862 0 223
1863 0 1956
1863 0 3428
1863 0 358
1863 0 998
1863 0 3528
1863 0 1322
1863 0 366
1863 0 1487
1863 0 3827
1863 0 2293
1863 0 3453
1863 0 254
1864 0 388
1864 0 391
1864 0 105
1864 0 109
1864 0 45
1864 0 46
1864 0 878
1864 0 1555
1864 0 53
1864 0 159
1865 0 2429
1865 0 1140
1865 0 141
1866 0 1441
1866 0 2210
1866 0 133
1866 0 980
1866 0 3829
1866 0 3831
1866 0 377
1866 0 2076
1866 0 1439
1867 0 3714
1867 0 644
1867 0 3834
1867 0 1291
1867 0 3832
1867 0 632
1867 0 2234
1867 0 2686
1867 0 2847
1868 0 224
1868 0 1536
1868 0 1664
1868 0 1891
1868 0 36
1868 0 197
1868 0 109
1868 0 956
1868 0 221
1869 0 1347
1869 0 708
1869 0 293
1869 0 1092
1869 0 105
1869 0 107
1869 0 46
1869 0 1328
1869 0 54
1869 0 55
1869 0 572
1869 0 2910
1870 0 3840
1870 0 509
1870 0 3841
1870 0 519
1870 0 1034
1870 0 908
1870 0 2617
1870 0 196
1870 0 844
1870 0 727
1870 0 100
1870 0 486
1870 0 1513
1870 0 3837
1870 0 508
1870 0 763
1870 0 3836
1870 0 3709
1870 0 3838
1870 0 3839
1871 0 1216
1871 0 1
1871 0 3
1871 0 2532
1871 0 1029
1871 0 741
1871 0 1990
1871 0 1991
1871 0 1289
1871 0 1641
1871 0 3494
1871 0 12
1871 0 1906
