0 4250
1 490
2 260 1676 12960
3 213 1698 3295
4 659
6 5
7 140 4263 5727
8 777 831 4169 4173 5346 8209 8347 9887 10936
9 5 288 399
12 633
13 1388
14 5 539 673 2529 6224
15 6059
16 10054
17 601 942 2070 5088
18 9 1402 6048 11497
21 3003
22 2683
23 5
24 2238
25 5 290 467 487 505 708 709 1323 1845 2938 4983 7304 10715 10895 10898 13866
26 496 13441
27 11245
28 5 2012 3172 4382 4481 7187 9767 13867
29 13868
30 8
32 1492
34 643
35 6988
36 1460
37 3079 5799
38 4978
39 533 1538 1955 2898 2901 3885 4775 7028 7555 8568 8938 9299 11744 13870
40 510
41 867
43 5853
44 681
45 3351
46 5814
47 91
48 2102 5145 13871
49 2002
50 103 1676 8678
51 288 9740
52 5
53 1374
54 510 901
55 793
56 196
57 998 5481
58 12232
61 5819
62 1093
63 4045 4657
64 7250
65 8
66 3694
67 5 265 347 413 2548 3437 6921 7118 12771
68 274 326 3016 3090 3523 4805 13873
69 8208
70 11660
72 19 65 266 551 823 950 1076 1223 1428 1592 1755 2297 2375 4745 5040 6388 8867 9468 11602 13874 13875
73 103
74 644
75 515 533
76 103
77 2565
78 12989
79 3073 3885
81 13876
82 164 363 13877
83 5
84 2297
85 6 81 170 171 200 224 226 266 362 649 677 738 756 846 861 966 967 969 972 973 1128 1151 1310 1407 1412 1439 1444 1518 1740 1770 1794 1814 1912 1923 1931 1932 1948 1950 1955 2005 2049 2159 2171 2244 2248 2362 2377 2584 2590 2768 2772 2821 2868 2902 2907 2908 2989 3048 3050 3053 3217 3254 3295 3320 3325 3466 3527 3559 3563 3710 3714 3753 3802 3979 4080 4081 4168 4197 4255 4344 4381 4459 4523 4680 4794 4838 4901 4934 4995 5189 5193 5214 5308 5346 5449 5464 5597 5605 5739 5895 6001 6082 6444 6663 6854 7132 7649 8015 8056 8182 8347 8436 8437 8447 8453 8477 8528 8568 8604 8714 8765 8771 8929 8949 9126 9242 9304 9679 9896 10074 10300 10303 10381 10436 10557 10869 10932 10935 10939 10985 11273 11295 11403 11414 11687 11785 12066 12462 12464 12469 12478 12521 12572 13061 13154 13651 13707 13743 13796 13879 13880 13881 13882 13883 13884 13885 13886 13889 13890 13891 13892 13893 13894 13895 13896 13897 13900 13901 13902 13903 13904 13905 13906 13907 13908 13909 13910 13912 13913 13914 13915 13917 13919 13920 13921 13923 13924 13925 13926 13927 13928 13929 13930 13931 13932
86 1151
87 1915
89 212
90 2638
91 5
92 1570
93 4353
94 8883
95 265
96 632
97 1849 2324 5687
98 349 447 490 2580 3727 4036
99 5222
100 11
101 1374 6974
102 13934
104 8684 12887
105 205
106 1 2 3
107 4
110 5
111 5
112 8 1046
113 10 11
114 8 14 15 16 81 90 637 1027 1047 1048 1050 1051 1052 1053 1054
116 18
118 20
119 21
120 22
121 23
122 24
123 25
124 5 26
125 27
126 28 29
127 2324 3073 3940
129 31 32 34 35 558 727 1056 1057 1058 1059
131 37
132 38
134 5
135 40
136 41
137 5
138 1060
139 44
140 45 46 47 48 50 51 52 53 54 55
141 56 57 58 59 60
142 61
143 62
144 63 64
145 66
146 67 68 69 1061
147 71
148 72
149 73
150 74 75
151 76
152 8 77
153 78
154 79
155 80 81
156 82
157 7 65 83 84 1062 1065
158 5
160 5 86 1066
161 87 129 1067
162 5
163 88 89
165 91
166 5 93 1982
167 94
168 95
170 97
171 98
172 99
173 100
175 5
176 15 101 102
177 103
178 104
179 10 105
180 107
182 110
183 1069
184 111
185 8
186 112
187 113
188 114
189 115
190 116
191 5
192 117
193 8 702 1070 1073 1075
194 5 888 1076 1077 1078
195 119
196 120
198 5
200 8 123 124
201 125
202 126
203 127
204 128
205 103 130 1081
206 133
208 135
209 5 136 348 1084 1086
210 137
211 138 139
212 73 140 141 142 143
213 144
214 5
215 5 145 146 1087 1088 1089 1090 1091 1092
217 148
218 149
219 150
220 151
221 152 153
222 154 155 157 158 1094 1095
223 243 244 245 283 284 285 1096 1097 1098 1100 1101 1102
224 159
226 161 162
228 164
229 165
230 166
231 167 168 169 170 221 538 830 1103 1104 1105 1106 1107 1108 1109 1110
233 120 173 174 177 178 179 180
234 181
235 182 183 184 185 1111 1112
236 186
237 187
238 188
239 189 190 191
240 192
242 49 110 140 141 164 193 194 195 203 226 243 245 601 614 951 1058 1113 1114 1116 1117 1118 1119 1120 1121 1122 1123 1125 1126 1127 1128 1131 1132 1133 1134 1135 1136 1137 1139 1140 1141
243 196
244 197 198 200
245 7 202
246 203
247 204
248 91
249 103
250 205 206 207 429 592 1195 1523 1527 1532 1533 1534 1535 1536 2045 2635 3268 5316 5994
251 208
252 5
253 5055
254 209
255 210
256 211
257 212
258 213
259 214
261 215 216 217
262 218
263 5 219 220 222 223 225 543 1103 1143 1144 1145 1147 1148 1149 1150 1151 1152 1153 13699
265 18
266 95
267 5
268 203
269 227
270 228
271 228 231 232 703 1155 1156
272 233
273 234
274 1 235
275 236
277 5 103 238 400 1158 1159 1160 1161 1162 1163 1164
278 9308
279 239
280 5
281 240
282 241
283 242
284 243 244 245
285 246 247 249 250 678
288 253 254 255
289 256
290 257
291 258
292 259
293 81 260 261 1166 1167 1168 5983
294 262
295 103
296 10 15 61 76 95 105 106 220 262 263 264 282 455 533 609 618 631 915 970 1151 1154 1169 1170 1171 1172 1174 1176 1177 1178 1179 1180 1182 1183 1184 1186 1188 1189 1190 1191 1192 1193 1194 1195 1196 1197 1199 1200 1201 1202 1205 1206 1207 1208 1209 1211 1213 1215 1216 1217 1218 1219 1220 1221 1222 1223 1224 1225 1227 1228 13936 13937
297 65 265 267 268 1077 1229 1230 1231 1233 1234 1235 1236
298 269 591 2671 4562
299 270
300 242
301 271
302 272
304 274
305 275
306 226
308 277
309 5 220 264 278 279 280 281 282 715 1237 1238 1239
310 284 285
311 183
312 286
313 287
314 288
315 289 290
316 81
317 291 292
318 90
319 293 294
320 295
321 296
323 298
324 299 301 302 304 489 583 1240 1242 1243
325 24
327 306 307
328 308
329 309 310 311
330 113 312 313 314
331 303 304 315 545 1323
333 317
334 318 319 321 322 323 324 548 643 1244 1245 1246
336 84
337 5103
338 5 73 327 328 329
339 7
340 330 331
341 5 561 1247 1248 1249
342 332
343 126 333 334 966 1250 6874
344 335
345 336
346 8
347 338
348 339
349 340 341
350 275
352 342
353 5
354 343
355 344 345
356 300 1628
357 346
358 348 847 1251 1252 1253 1254 1255 1256
359 349
360 350
362 352
363 5 353 354
364 355
365 5 356
366 357 358 359 360
367 13704
368 5
370 231
371 8
372 361
374 363
375 269
376 364
377 365
378 366
379 367
380 368 370
381 75
382 126 371
383 164
384 139
385 8
386 372
387 373
389 5
390 377 378 1257
392 286 379
393 19
394 380 381
395 290
396 3424
397 382
398 1258 1259 1260
399 1261
400 383
401 125 384
402 310
403 5
404 288 351 387
405 13939
406 18 347 388 389 390 391 1262
407 392
408 393
409 394 395 396 397 398
410 5 399
411 400
412 5 402 403 1265
413 404 405
414 5
415 81 407 408 1266 1267 1268 1269
416 409
418 5
419 411 412 1271 1273
420 413
421 414
424 417
425 419 420
426 421
427 422
429 424
430 425 426
431 427 428
432 429 430
433 431
436 268 434
437 121
438 435
440 81 1581
441 95 436 437 438 631 1061 1174
442 439
443 5
445 441
446 442 443
447 444
448 445
449 446 1274
450 447
451 73 231 449
452 5
453 450
454 451
455 5
456 453
457 105
458 454
459 447 455
460 456
461 22 457 458 459
462 10 356 460 461 462 1276 1277 1278 1279 1280 1281
463 5 10 24 81 90 95 103 241 242 288 385 400 451 463 464 465 689 740 750 779 790 843 888 1102 1105 1282 1284 1285 1286 1287 1289 1290 1291 1292 1293 1294 1295 1296 1297 1298 1299 1300 1301 1303 1304 1305 1306 1307 1308 1309
464 7
465 349
466 128 466 467 468 951 1300 1308 1310 1312
468 470 471
469 56
470 472
472 474 475
473 284 476 477
474 349
475 479
476 5
477 114 480
478 483
479 484
481 10 103 113 356 437 451 465 487 488 489 768 966 1024 1313 1314 1315 1316 1317 1319 1320 1321 1322 1323 1324 1325 1326 1327 1328 1330 1331 5103
482 10 103 275 490 491 745 1061 1110 1334 1336
483 492 493 494 1337
484 495 901
485 10 103 157 191 249 349 356 437 438 451 464 635 808 923 1061 1230 1341 1344 1345 1346 1347 1348 1349 1350 1351 1353 1354 1355 1357 1358 1359 1361 1362 1363 1365 1366 1367 1370 1371 1372 12063
487 496
488 497
490 499
491 501
492 355 502 1373
493 503
494 504 505 506
496 508
497 290
498 509
500 13749
501 511
502 512
503 513
505 515 732 1374
506 496
507 516
508 517
509 518
510 519 520
511 521
512 522
513 65 175 178 525 526
514 81
515 454
516 1108
517 4
518 527
519 528
520 529 530 531
521 532
522 445 533
523 534
524 535
525 536 537
527 303
528 68
529 538 539
530 541 542
531 543
532 544
533 545
534 5 546 702
535 547
536 5 15 105 117 451 557 618 1196 1375 1377 1378 1379
537 171 224 549 550 551 552 553 555 830 831 1380 1381 4169 4173 5346 6443 6444 6445
538 349 386 394 445 556 599 635 643 666 698 1024 1384 1386 1387 1388 1389 1390 1391 1392 1393 1394 1395 5606
539 558
540 559 560
542 562
543 563
544 564
545 565
546 566 567
547 10 103 568 569 570 571 1397 1398
548 5 385 558 572 647 755 1158 1399 1400 1401 1402 1404 1405 1406 1408 1409
549 349
550 250 539
551 573 574
552 575
553 576
554 7 10 12 72 81 95 160 172 255 262 269 275 351 355 385 405 413 422 431 467 577 594 690 845 868 1061 1141 1186 1212 1213 1410 1411 1413 1414 1416 1418 1420 1421 1422 1423 1425 1426 1430 1432 1433 1434 1436 1437 1438 1439 1441 1442 1444 1445 1446 1447 1449 1451 1452 1738
555 437
556 578
557 149 583
558 584
560 241
561 5
562 588
563 589
564 393
565 590
566 591
567 5
568 592
569 413 487 595 596
570 597
571 598
572 599
573 422
574 346
577 602
579 603 604
580 5
582 606 607
583 608 763 1453 1454 1455 1456 1457
585 349
586 4
587 8 67 628 1458 1459
588 335
589 610
590 385 564 719
591 612
592 614
593 615 616
594 73 82 617 1461
595 618
597 621
599 8 269 451 543 623 624 1463 1464
600 6 106 506 564 626 627 1466 1467 1469 1470
601 24
602 628
603 629
604 630
605 631
606 578
607 1471 1472
608 632
609 127
610 376
611 62 266 349 455 634 1473 1474 1475 1476
612 110
613 90 290 349 533 635 636 638 639 708 712 1479 1480 1481 1482
614 642
615 643
616 644
617 110 222 223 310 580 645 1484 1485 1487 1488 1489 3900 4701
618 431 647
619 290 539 649 650 651
622 265 349 654 1490 1491
624 105 618 843 850
625 656 657
626 272
627 445 467 763 1494
628 658
630 5 660
631 605
632 662
633 663 664
634 665
635 5
636 204 666
637 5
638 90 667
639 436 668
640 5 10 77 290 335 513 589 669 670 671 864 1024 1156 1343 1360 1496 1497 1498 1499 1500 1501 1502 1503 1504 1505 1506 1507 1508 1509 1510 1511 1513 1514
641 5
642 251 672 673 674 675 676 677 678
643 356
644 213 679 680 845
645 506 681 1516
646 10 259
647 682 683
648 684 1518
649 685
650 95 299 687
651 688 1520
652 160
653 114 126 151 268 690 691 692 693 694 695 727 737 969 970 972 1195 1334 1335 1522 1523 1524 1526 1527 1530 1531 1532 1533 1534 1535 1536 1538 1539 2616 3196 3263 3347 5787
654 95 349
655 696
656 697
657 698
658 613 1431 1540 1541 1542
659 699 1543
660 5
661 700 701
662 22 103
663 592
664 451 702 703 1544 1545
667 705
668 5 706
669 707 708 709
670 5
671 710
672 712 713
673 264 282 714 715
674 523 793 1644 3034 3432
675 8
676 5 718
677 719
678 110 395 720 721 722
680 91 209 445 519 533 717 723 1546 1547 1548 1549
681 724
682 725
684 726
685 727 728 729 1550 1551 1552 1553 1554 1555
686 357
689 510
690 114 645
691 445 539 732 733 1556 1557
693 735
694 65 120 268 475 526 881 1086 1235 1282 1558 1559 1563 1564 1566 1567
695 739 740
696 5
697 389
698 413 741 742 1328
699 763 1568
700 745
701 5 196 746 845
702 747
703 8
704 748
705 749
706 288 751 1569 1570 1572 1573
707 752 753 754
709 5
710 756
711 758 759 761 1574 1575 1576 1577
712 762
714 8 11 53 56 90 643 1071 1579 1580 1581 4143
715 5
716 764
717 5
718 765
719 326 766 767 768 806 1481 1582
720 5
721 769
722 5 63 1583 7865
723 770
724 5
725 349
727 773 774
728 775 776
729 777
730 778
731 779
732 5
733 780
734 781
736 783
737 273 784 785
738 5 172 338 482 787 807 886 1584 1585 1586 1587 1588 1589 1590 1591
739 788 789
740 790
742 288
743 791
744 792
745 793
746 389
747 794
748 795
749 796
750 797
751 798
752 799
753 800
754 5 801 2791 3099 3368 4582 5297
755 802
756 349
757 103
758 803
759 5 240 804
760 5 805
762 303 806
763 807
764 22
765 808
767 810
769 812
770 813 814
771 0 816 1592
772 817
773 818 819
774 820
776 822 824 825
777 826
778 827
779 582
780 828
781 829
782 5
783 830 831 832 833 834 835
784 7 103 105 109 117 125 152 249 265 349 365 406 480 482 519 575 717 730 776 836 866 935 942 1093 1124 1132 1165 1310 1335 1593 1595 1597 1598 1599 1600 1601 1602 1604 1605 1607 1608 1609 1611 1612 1613 1614 1616 1617 1619 1620 1621 1623 1624 1625 1626 1627 1628 1629 1630 1631 1633 1634 1635 1636 1637 1638 1639 1640 1641 1642 1643 1645 1647 1650 1651 1652 1654 1655 1657 1658 1659 1660 1662 1663 4386 13941
785 176 359 838 1666 1667 1668 1669 1670 1671 1672
786 750
788 634
789 105 840 841
790 0 2 4 8 10 11 12 18 51 65 66 68 72 73 75 81 90 95 106 110 111 127 140 151 152 163 164 173 177 184 185 213 227 228 231 236 237 240 246 249 259 265 266 269 275 281 288 303 321 329 340 346 349 351 356 358 385 393 394 395 396 397 398 400 413 420 433 445 451 461 465 466 470 474 484 487 490 505 506 510 513 519 525 529 533 535 539 543 557 558 560 564 568 574 578 580 594 599 601 617 624 627 631 633 645 650 651 653 662 673 681 689 702 703 718 727 728 730 732 746 767 776 793 801 805 833 843 845 850 866 872 889 894 918 924 930 937 940 968 972 1008 1011 1020 1024 1046 1056 1095 1113 1117 1127 1142 1174 1187 1204 1208 1211 1235 1244 1272 1302 1308 1332 1344 1374 1375 1383 1398 1406 1418 1432 1473 1479 1489 1516 1518 1525 1533 1551 1552 1559 1560 1569 1587 1622 1643 1645 1646 1662 1665 1701 1716 1727 1732 1751 1752 1755 1759 1772 1784 1801 1805 1809 1818 1835 1838 1840 1845 1867 1876 1883 1926 1937 1954 1971 2043 2049 2086 2118 2138 2183 2190 2223 2233 2244 2256 2257 2281 2297 2334 2344 2349 2356 2370 2374 2375 2403 2410 2423 2442 2456 2510 2533 2559 2570 2571 2580 2581 2608 2612 2614 2638 2663 2670 2672 2675 2685 2689 2691 2701 2739 2751 2756 2765 2789 2806 2814 2848 2850 2852 2874 2899 2911 2912 2922 3001 3071 3077 3082 3099 3102 3143 3145 3149 3154 3165 3169 3172 3174 3212 3214 3224 3248 3261 3302 3318 3332 3352 3360 3375 3417 3436 3465 3477 3532 3545 3561 3572 3653 3694 3710 3719 3726 3748 3774 3805 3817 3836 3849 3853 3877 3882 3904 3908 3927 3933 3941 3944 3949 3973 4014 4023 4030 4082 4218 4222 4225 4241 4245 4249 4274 4278 4287 4293 4326 4378 4443 4465 4516 4529 4542 4549 4617 4621 4626 4628 4716 4743 4768 4772 4774 4775 4838 4864 4883 4899 4910 4912 4926 4973 4999 5000 5021 5037 5042 5044 5047 5055 5062 5063 5065 5084 5091 5145 5146 5180 5199 5299 5300 5328 5329 5350 5397 5445 5496 5513 5556 5579 5628 5651 5652 5698 5703 5737 5753 5763 5764 5797 5842 5850 5868 5869 5889 5933 6029 6030 6056 6067 6096 6114 6121 6139 6169 6275 6281 6296 6323 6380 6412 6414 6443 6449 6510 6529 6597 6612 6618 6633 6636 6650 6704 6708 6722 6743 6758 6789 6813 6899 6936 6976 6996 7040 7150 7219 7311 7373 7379 7466 7512 7515 7522 7547 7551 7559 7660 7661 7683 7714 7752 7828 7853 7894 7985 8003 8097 8141 8144 8165 8216 8266 8314 8324 8336 8383 8400 8443 8447 8480 8496 8561 8567 8598 8628 8640 8664 8703 8930 8931 8998 9002 9006 9114 9139 9185 9277 9329 9388 9440 9448 9467 9530 9574 9617 9688 9698 9715 9749 9781 9794 9838 9841 9860 9888 9901 9922 9923 9931 10064 10075 10092 10169 10323 10545 10600 10656 10727 10756 10875 10912 11026 11320 11321 11379 11383 11393 11406 11409 11430 11462 11680 11712 11744 11747 11822 11867 11980 12062 12092 12095 12139 12216 12271 12511 12735 12770 13238 13328 13358 13367 13369 13442 13452 13551 13657 13812 13942 13943 13944 13945 13946 13947 13948 13949 13950 13951 13952
791 842 1673 1675
792 757 1117 1122 1676
793 843
794 405 844 845 846 847
795 848
796 24 628 849 850
797 807
798 283 346 851 852 854 1677 1678 1679 1680 1681
799 313
800 855 856
801 857
802 5
803 858
804 862
805 5 863
806 864 865
807 5 8 866 867
808 868
809 869
810 5 870 871
811 872
812 5 873 874 875 1169 1222 1682 1683 1684 1685 1686 1687 1689 1690 1693 1694 1695 1697 4106 10857
813 878
814 533
815 72 879 880 1699
816 90 529
817 525 881
818 385
819 5
820 882 883
821 884
822 885 886
823 72 887
824 888 889
825 5
826 5
827 890
828 578
829 5 826
830 891
831 893
833 895
834 896
836 592
837 897
838 9703
839 898 899 900 901 902 903
840 822 904 906 907 908 909 910
841 56 139 283 301 329 330 422 445 533 675 719 753 860 866 911 1050 1110 1252 1272 1340 1701 1702 1703 1705 1706 1708 1709 1711 1714 1715 1716 1717 1718 1719 1720 1721 1722 1724 1725 1727 1728 1730 1731 1732 1733 1734 1735 1736 1737 1738 1739 1741 1745 1746 1748 1751 1752 1753 1754 1755 1756 1757 1761 1762 1766 1769 1771 1772 1773
842 912 913 914
843 915 1774
846 918
847 919
848 920
849 921
850 922
851 24
853 924
854 925
855 926
856 927
857 928
858 8 437 506 929 930
860 434 774 931 932
861 933
862 5
863 935
864 349
865 936
866 938
869 149 163 198 391 495 699 939 940 1270 1729 1775 1776 1777 1778 1779 1780 1781 1782 1783
870 615
871 941
872 942
873 6027
875 943 944 945
876 167 755 946 3996 6560 9617 12578
877 5
878 5 8 149 198 391 947 948 1784 1786 13953
879 854 949
880 950
881 952
882 953
883 954
885 290
886 955
887 5 956 957 958
888 956
890 212
892 861 960
893 8 166 298 349 395 571 786 961 1787 1788 1789 1790 1791 1792 1793 1794 1795 1796 1798 1799
894 356 679 962
895 963
896 964
897 514
898 125
899 965
900 756
901 966
902 5
903 213 434 772 967 968 969 972 973
904 18 974 1650 1800
905 312
906 18 61 105 106 149 163 319 391 400 436 445 510 599 631 651 898 975 1179 1196 1198 1201 1252 1344 1527 1566 1729 1752 1780 1781 1801 1802 1803 1804 1807 1809 1810 1811 1813 2688 4703
907 91 1814 1815
908 5 241 976 977 978 1261 1816 1818
909 979
910 980 982 983 984
911 985
912 568 986 987 988
913 989
914 990 991 992 993
915 5
916 994
917 614 995
918 836
919 7 606 1819 1820 1821
920 996
921 5
923 590 998 1351 1822 1823 1824
924 395
925 529 999 1000 1001 1826 1827
926 5
928 1002
929 5 8 1003 1829 1830 1831
930 90 1004
931 652
932 1005 1006 1832
934 1009
935 1010
936 5
937 5
938 1011
939 1012
941 601 691
942 1013
943 1014
944 1015
946 1017
947 231
949 696
951 242 1019 1020 1596
952 5
953 1021
954 158 487
955 32 1834 1835 1836 1837
957 1025
958 10 63 95 103 149 200 269 349 400 495 523 651 1026 1027 1084 1110 1163 1234 1457 1838 1839 1841 1842 2170 5787 13750
959 484 1029 1030 1031 12351
960 502 1236 1843 1844 1845 1846
961 5 151
962 1032
963 12 65 330 467 487 567 678 772 894 898 1010 1077 1493 1653 1848 1849 1850 1852 1853 3306 5990
964 1034
965 141
967 1035
968 593 1036 1037 1038
969 128
970 1039
971 1040
972 62 1041 1334 1856
973 1042 1043
974 1044 1045 2637
975 1014
976 7
977 1857 1858
978 900
979 1859
980 1110 1860
982 114 240 1862 1863 1864 1866 1867
983 1868
984 1869
985 672 1870
986 1871
987 1872
988 1873
989 591 1374 1875 1876 1877
991 329
992 5 1880
993 5
994 1344
995 1882
996 1883
997 1884
998 1885
999 959 1886
1000 1887
1001 13954
1002 329 1888
1003 1889
1004 8 75 77 113 335 651 690 752 843 919 951 1358 1371 1459 1727 1786 1890 1891 1894 1895 1896 1897 1899 1900 1902 1903 1905 1906 1907 1908 1909 1910 1911 1912 1913 1914 1915 1917 1918 1920 1923 1924 1926 4116 12651 13751
1005 5 209 966 1513 1794 1927 1930 1932 1934 1938 1939 1940 1941 1942 1943 1945 1946
1006 5
1007 1949 1950 1951
1009 1952
1010 1953
1011 1954
1012 20 238 1477 1955 1956
1013 288
1014 5
1016 889
1017 1798
1018 103 275 1957
1021 1959 1960 1961
1022 10 393 853 1301 1872 1962 1963 1964 1965 1966 1967
1023 1301
1025 1968
1026 1969
1027 375 1970
1028 114 126 326 692 836 854 951 1271 1794 1917 1971 1972 1973 1974 1975 1976 1977
1029 350
1030 1890 1978
1031 349
1033 1980
1035 795 1982
1036 103 127 1983 1984 1985
1037 42 237 1073 1987 1988 1989 1992 1994 1995 1996
1038 1999
1039 5
1040 2000
1042 45 2002 2003 2004 2005
1043 10 275 1609 2006
1044 2007 2008
1045 514
1046 413
1047 813
1048 2009
1050 10 95 349 351 1336 1545 1681 1739 2011 2013 2014
1051 2015 2016
1053 2018
1054 275 1375 1377
1055 24
1056 2020
1057 2021
1058 5
1059 5 56 963 1219 2022 2023
1060 2024 2025 2026 2027 2028 2029 13752
1061 2030
1062 702
1063 529
1064 2031 2032 2033 2034
1065 273 2035
1068 5 2039
1069 2040
1072 103 752 1536 2042 2043 2044 2045 2046 2047 2048 2050 2052
1073 2053
1074 2054
1076 2055 2056
1077 866
1078 5 745 2057
1079 10
1080 2058 2059
1081 877 1966
1082 2061
1083 266
1084 2062
1085 1884 2063 2064
1086 203 2065
1088 2067
1089 5 6 24 87 103 138 184 429 433 467 513 583 631 741 771 805 1010 1101 1115 1130 1300 1332 1411 1578 1645 1646 1683 1709 1786 1946 2059 2069 2070 2071 2072 2074 2075 2076 2077 2078 2079 2080 2081 2082 2083 2084 2085 2086 2087 2088 2089 2091 2092 2093 2094 2095 2096 2097 2098 2099 2100 2101 2102 2103 2104 2105 2106 2107 2233 3951 5635 13753 13754
1090 10
1091 2108
1094 10 2110
1096 348
1097 275 355 2112
1098 251 266 514 672 675 676 678 1130 2113 2115
1099 2116 2117
1100 2118
1102 2120
1103 2121
1105 702
1106 5
1107 8 91 95 103 126 234 269 348 349 358 362 389 391 397 496 519 557 594 643 645 662 713 717 724 727 742 763 846 853 854 881 971 1008 1010 1061 1070 1084 1086 1204 1311 1335 1392 1396 1423 1451 1470 1486 1546 1560 1609 1722 1776 1810 1849 1855 2015 2114 2124 2125 2126 2129 2130 2133 2134 2135 2136 2137 2138 2139 2140 2142 2144 2146 2147 2148 2149 2152 2153 2154 2155 2156 2158 2160 2161 2162 2163 2165 2166 2167 2168 2169 2170 2171 2172 2173 2174 2175 2176 2177 2178 2179 2180 2181 2182 2183 2184 2185 2186 2187 2188 2189 2191 2193 2194 2195 2196 2197 2198 2199 2200 2201 2204 2205 2208 2209 2210 2212 2215 2216 2218 2219 2220 2221 2222 2224 2225 2226 2229 2231 2232 2234 2235 2236 2237 2240 2241 2243 2245 2246 2247 2248 2249 2250 2251 2252 2253 2254 2255 2256 2257 2258 2259 2260 2261 2262 2263 2264 2265 2266 2267 2268 2269 2270 2271 2272 2273 2274 2275 2276 2277 2278 2279 2280 2282 2283 2284 2287 2289 2291 2292 2293
1109 2294 2295
1110 1280
1111 284 336
1112 158
1113 1077
1114 102
1115 10 36 120 177 351 467 510 1014 1046 1374 1486 1847 2087 2298 2299 2300 2762 3505 4363 5405 6299 8633
1117 24 2301
1118 5 1344 1869 2302 2304
1119 103
1120 2306
1121 69 123 304 489 494 1010 1117 1121 1636 2087 2111 2307 2308 2310 2311 2312 2313 2314 2315 2316 2317 2318 2319 2320 2321 2322 2323 2325 2326 2328 2329 2330 2331 2332 2333 2336 2338 2339 12176
1122 32
1123 2340
1124 2341
1125 1077 2342 2344
1126 675
1127 5 918 2345 2346
1128 290 455 2347 2348 2350 2351 2352
1129 2353
1130 2354
1131 2355
1132 2357
1133 90
1134 2358
1135 8
1136 23 396 1103 1539 2359 2360 2361 2362 2363 2365 2366 2367 2368 2984 3267 4075 4086 4095
1137 1428 2370
1138 5
1139 796
1140 2371
1141 1562
1142 800
1143 5 1027 1229 1560 1652 2124 2372 2373 2374 2375 2376
1144 637
1146 2377
1147 2378
1149 2379
1150 1882
1151 2380
1152 240
1153 2381
1154 56
1155 5 2382 12309
1157 2383
1159 2384
1160 617 704 806 1024 1860 2385 2386 2387 2388 2389 2390 2391 2392 2393 2394
1161 1809
1162 1814 13755
1164 1553 2395
1165 5
1166 265 467 643 679 732 887 2396 2399 2402 2403 2404 2405
1167 951
1168 5
1169 103
1170 774 2406 2407 2408
1171 684 1418 2410 2411 2413
1172 220
1173 5 236 349 1344 1641 2301 2415 2416
1174 799
1175 81
1176 209 1650
1177 845 1395
1178 12 400 2418
1179 1028
1180 2041
1181 2419
1182 1932
1183 2420
1184 5
1185 1014 1272 2015 2421 2423 2424 2425 2426
1186 1371 1607 2427 2428
1187 1033
1188 255 2429 2430 2431
1189 2433 2434
1190 5
1191 2435 2437 13757
1192 2438
1193 2439
1194 935 1681 7412
1195 5
1196 1622 2440
1197 393
1198 2441
1199 400
1200 918
1201 265
1202 8
1203 2443
1205 476 2444
1206 2060
1207 396
1208 414 1785
1210 1061 1232 2113 2376 2447 2449 2450 2451 2452
1211 2453
1213 1298
1214 2455
1215 218 1493 1643 2456
1216 5
1217 5
1218 62
1219 2457
1220 1977
1221 451
1223 1321
1224 158
1225 2459
1226 396
1227 2460
1228 2461
1229 447
1230 2462
1231 6 1230 2463
1232 753 2160 2464 2465 2466 2470 2471 2472
1233 2473
1234 490 2474 2475
1235 2280
1236 95
1237 5 533 1114 2476 2477 2478 2479 2480 2481 2482 2483 2484 2485 2486 2487 13106
1238 2488
1239 5
1240 763
1241 2489
1242 2490 2492 2493
1244 2494
1245 2495
1246 1481
1247 1795
1248 90 2498
1249 2499
1250 1211
1251 2500 2501
1252 248
1253 802
1254 601
1255 275
1256 117 2502
1257 1775 2503 2504 2505 2506 3171
1259 2508
1260 643
1261 8
1262 17
1263 2510
1264 451 1341
1265 2511
1266 644 1294 1477 2244 2392 2512 2513 2514 2515 2516 2519 2520 2521 2522
1267 220 266 268 2523
1268 68
1269 2525 2526 2527
1270 445 467 678 763 854 890 2529 10938 13957
1271 1481
1272 2531
1273 833 2532 2533
1274 2535
1275 2536
1276 5
1277 15 160 226 1332 1336 2140 2538
1278 269
1279 2540
1280 2327
1281 496
1282 2541 2542 2543 2544
1284 5 1840
1285 2545
1286 8 2446
1287 2547
1288 5 578 601 2548
1289 2549
1290 10
1291 405 434 440 690 845 846 907 970 971 973 1110 1211 1420 1423 1426 2552 2553 2555 2556 2557
1292 273 533 1752 2558
1293 2559
1295 110 2560 2561
1296 283 284 285 290 349 893 2422 2563 2564
1297 568 898 7819
1298 5 475 519 952 2565 2566 2567 2568 2569 2570
1299 1253 2571 2572
1300 455
1301 2574
1302 1340 2575
1303 2576
1304 539 2577
1305 90
1306 2578 2579
1307 898 2238
1308 2581
1309 506 2582
1310 103 2583
1311 1095
1312 699
1313 2584
1314 5
1315 2586 2587 2588 2590
1316 2591
1318 90
1320 62
1321 506 2019 2577
1322 2173
1323 1298 2594
1324 17 269 289 356 1066 2556 2595 2596 2597 2598
1325 2599
1326 2600
1328 799
1330 2604 2606
1331 2607
1332 1308
1333 2608 2609
1335 1849 1947
1336 10 451
1337 2610
1338 2611
1339 2612
1340 447
1341 2613
1342 767 955
1343 400
1344 2614
1345 5
1346 2615
1347 2616
1348 5
1349 2617 2618
1350 395
1351 2619
1352 269
1353 6 337 601 1021 1351
1354 8
1355 5
1356 2621
1358 1926 2622 2623 2624
1359 8 24 75 103 114 269 451 763 1289 1344 1345 1486 1627 1741 2256 2416 2625 2626 2627 2628 2629 2630 2631 2632 2633 2634 4645
1361 6 1141 1613 2627 2635 13160
1362 2712
1363 2638 2639
1365 1477
1366 2640
1369 2642
1370 76 2643
1371 179 966
1372 2645
1373 1418 1419 1420
1374 342
1375 2646 2647
1376 5 1460 1518 1765 2037 2316 2648 2650 2651 2652 2653 2654 2655 2656 2659
1377 2660
1378 5
1379 330
1380 2661
1381 2374
1382 2303 2662
1383 1056 2590
1384 12 349 894
1385 5 313 618 727 1809 2454 2665 2666 2667 2668 2670 2671 2672 2673 2675
1387 5
1388 217 1266 2123
1389 2677
1390 5 81 260 2613
1391 103
1392 22
1393 5 10 1741 2342 2678 2679
1394 385
1395 2681
1396 5
1397 2682
1398 2683
1399 2684
1400 819
1401 5 349 451 1201 2686 2687 2689 2690 2691 4755
1402 2692
1404 1840
1405 106 937 1325
1406 2694
1407 5 238 349 631 689 1375 1460 2696
1408 5
1410 102
1411 2698
1412 482 2700
1413 2701 2702
1414 618
1415 240
1416 574
1417 887
1419 2703
1421 304 2704
1422 1654 2705
1423 2706
1424 2707
1426 157
1427 1106
1428 2708
1429 5 10
1430 707 2709 2711
1431 866
1432 2349
1433 2712
1434 2713
1435 1539
1436 24 1709 2406
1437 5 2715
1438 631 2716
1439 5
1440 196 2718 2719
1441 2618
1442 2720
1443 103
1444 2721
1445 245
1446 2722
1447 1415
1448 2723
1449 2724
1451 2725
1452 5 1244
1455 5 346
1456 240 1613 2726 7887 7958
1457 74
1458 2345
1459 1207
1460 539
1461 8
1462 1478 2727
1463 2728
1464 8 90
1465 2729
1466 2731
1467 196
1468 2732
1469 77
1470 5 349 356 850 2734 2735
1471 5
1472 1109
1473 5
1474 2736
1475 2737
1476 2739
1477 351
1478 631 2740
1479 36
1480 586
1481 263 349 1840
1482 8
1483 2741
1484 236 2742
1485 90
1486 2743
1487 717
1489 2746
1490 2064 2747 2748 2749
1492 2206 2751
1493 2752 2753
1494 2755
1495 5 104
1497 2757
1499 5
1500 2759
1501 2760
1502 653 1653 2761 2762
1503 1093
1504 1804
1505 863
1506 2763
1507 72 269
1508 2764
1509 2765
1510 2766
1511 1382 2042 2193 2767 2769 2771 2772 2773 2774 2775 2776 2777 2778 2779 2780 2781 2782 2783 13758
1513 578
1514 126 2784
1515 5
1518 2787
1519 1801
1520 1648 1658 2788
1522 10 413 1271 2285 2789
1523 123
1524 269
1525 2791
1526 5 10 321 464 703 2792 2794 2795 2796 2797 2798 2800
1527 2801
1528 106 2802
1529 2803
1530 827
1531 6 2804
1532 2805
1533 2806
1534 1545
1535 1652 2497
1536 2808
1537 1179 2559 6969 9729 13759
1539 5 103 266 422 645 1756 2559 2811 2812 2813
1541 1493
1542 275
1543 349
1544 5 6 182 265 293 298 349 385 451 552 714 745 750 767 807 930 1024 1271 1292 1301 1402 1451 1458 1465 1524 1630 1879 1910 1926 1928 2116 2293 2342 2380 2775 2814 2815 2816 2820 2821 2822 2823 2824 2825 2826 2827 2829 2830 2831 2832 2834 2837 2838 2841 2842 2843 2844 2845 2847 2849 2850 2851 2852 2855 2857 2858 2862 2863 2864 2865
1545 2069 2866
1546 2867
1547 2868
1548 2869
1551 63 465 1795 2257 2872 2873 2874
1552 260 265 738 1344 1646 2112 2530 2840 2875 2877 2878 2879 2880 2881 2882 2883 2884 2885 2886 2887 2889 2890 2891 2893 2894 2896 2897
1553 2233
1554 2723
1555 2913
1556 5 356 696 726 953 1018 1071 1245 1361 1721 1990 2698 2914 2915 2916 2917 2919 2921 2922 2923 2925 2926 2927 2928 2929 2930 2931 2932 2935 2936 2937 2938 2940 2941 2942 2943 2944 2945 2946 2947 2948 2950 2953 2956 2957 2958 2959 2961 2962 2963 2964 2965 2966 2968 2969 2971 2973 6958
1557 1992
1558 1302
1559 36
1561 88
1562 1570
1563 2612
1564 1164
1565 269
1566 10 131 850
1567 7
1569 846 2225 2228
1570 1538
1571 679
1572 2975
1573 860 1332 2976 2977
1574 5 349 2786 2979
1575 2980
1576 349 2981
1577 5 105 160 719 1887 2387 2630 2983 2986 2988 2989 2991
1578 2993 2994
1579 5
1580 2995
1581 2997
1583 81
1584 2998
1585 398 2999 3000
1586 240
1587 81 3001 3002
1588 8
1589 519 3003
1590 3004
1591 3005
1592 3006 3007
1593 13959
1594 1344
1595 5 3008
1597 18 356
1598 1468
1599 451
1601 961
1602 465 3012 3013 3015 3016
1603 3018
1604 400 2456
1605 3019
1610 445
1612 482 1010 1462
1613 3020
1614 3021
1616 3023
1618 90 3024 3025
1619 3026
1620 3027
1621 3028
1623 1276 3029 3030 3031
1625 3033
1626 827
1627 151
1628 730 3034
1629 305 321 394 510 562 727 1860 2259 2349 2406 2498 3036 3038 3039 3041 4381
1630 388 1738 3042 3043
1631 2449 3045
1632 3047 3049 3050 3051 3052 3054 3055
1633 3056
1634 3057
1635 533
1636 329 3058
1637 1460
1638 3059 3060
1639 81 3061
1640 513 1860
1641 804 1723 1724 1725 3062 3064 13724
1642 3065
1643 10
1644 3067 3068
1645 884
1646 95
1647 3069
1648 3070
1649 3072
1650 3073 3074
1651 3075 3076
1652 5
1653 363
1654 2728
1655 2635
1656 248
1657 6
1658 8 2459
1659 961
1660 1148
1661 95 106 204 516 618 631 681 854 1061 1179 1196 1198 1350 1468 2011 2785 3078 3079 3080 3081 3082 3083 3084 3085 3086 3087 3088
1662 3090 3091
1663 2799
1664 259
1665 5
1666 506 2866 3092 3093
1667 3094
1668 5 531 702 1698 1987 2728 2764 3095 3096 3097 9355
1669 130
1671 1349
1672 5 3100
1673 565 575 732 2787 3101 3102 3103 3104 3105 3106 3107 3108 3110 3111 3112 3113 3114
1674 1062 3115
1675 137 968 2238 2830 3116
1676 747
1677 3117
1678 721
1679 368
1680 5 1801
1681 2582 3118 3119
1682 349
1683 5
1684 533 1809 3120
1685 3121 3122
1686 2922
1687 95 130
1688 790
1689 1028
1690 3123
1691 385 3124
1692 3125
1693 5 3021 3127 3128 3129 3130
1695 5
1696 81
1697 73 167
1698 3131 3132
1699 601
1700 644 2753
1701 3133
1702 72 117 169 389 562 578 793 881 1157 1389 1392 1486 1558 1732 2013 2450 2532 2760 3037 3134 3135 3137 3138 3139 3141 3142 3143 3145 3146 3147 3148 3150
1703 3152 3153
1704 3154
1705 8 436
1706 2587
1707 242 1202 1372 3155 3156 3158 3159 3161
1708 3755
1709 3162 3163
1710 422 3164
1711 1011
1712 2844 3165
1713 890
1714 446 1847 3166
1715 477
1716 290 3167
1717 1011
1718 445
1719 12 90 337 431 591 796 836 1229 1652 3168 3169 3170 3171
1720 496
1721 3173
1722 3174
1723 5
1724 5 867 3175 3176
1725 438
1726 126 413
1728 356 1148 3177
1729 3178
1730 2874 3179
1731 5 3180
1732 1374
1733 106
1734 901
1735 343 1603
1736 81
1737 5 103
1739 268 451 510 995 1061 1179 3182 3184 3185 3187 3188 3189 3190 3191 3193 3194 3195 9454
1740 12 995 2255 2293
1744 2696
1745 32 126 177 227 234 388 389 737 995 1083 1235 1270 1667 1806 1971 2099 2125 2247 2497 2591 2868 3196 3197 3198 3199 3200 3201 3203 3204 3205 3206 3207 3208 3209 3210 3211 3212 3214 3215 3216 3217 3218 3219 3220 3221 3222 3223 3224 3225 3226 3228 3229 4146 9359
1746 404 3230
1747 8 10 18 149 163 242 263 266 330 401 437 505 805 894 950 1110 1334 1458 1460 1581 1794 1801 1849 1905 2093 2227 2233 2344 2372 2403 2525 3026 3198 3231 3233 3234 3235 3236 3237 3239 3240 3243 3245 3249 3250 3251 3252 3254 3256 3257 3258 3259 3261 3262 3263 3264 3265 3266 3267 3268 3269 3270
1748 1066 2660 3271 3272
1749 1432 3273
1750 5 1040 1281 1702 1861 3274 3275 3276 3277 3278 3279 3280 3281
1752 533
1753 15 213 580 971 973 2041 2174 2238 2821 2899 2989 3037 3282 3284 3285 3286 3287 3288 3289 3290 3291 3292 3293 3294 3295 3296
1754 448
1755 349 1358
1756 342
1757 3297
1758 65 854 901 1643 1933 3298
1759 487 662 681 691 1323 3299 3300 3301 3302
1760 593 988 1622 3303
1761 3304
1762 349
1764 3305
1765 3267 3306 3307
1766 3308
1768 299
1769 1891
1770 1840 3309
1773 5 3312
1774 1488 3313
1775 95 204 691 1457 3314 3315 3318
1776 6564 7716
1778 3143
1779 5
1780 3319
1782 3320
1783 5 618 627 3321 3322
1784 1732
1785 2552
1786 1516
1787 3324 3325
1788 105 618
1789 3327
1791 601
1792 8
1793 3328
1794 3330
1795 3331
1796 1010
1797 3332 3333 3335 3336
1798 248
1799 3337
1801 3339
1803 743
1804 5 772 774 873 1052 1271 1852 3340 3341 3342 3343 3344 3346 3347
1805 63 2580
1806 1298
1807 3349
1808 3350
1809 3351
1810 3352 3353
1811 5
1812 3354
1815 237 1622 1814 3073 3356 3357 3358 3360 3363 3364 3366
1816 75 385 493 633 719 745 1061 1174 1464 1552 2155 2439 3071 3299 3367 3368 3369 3370 3372 3373
1817 5
1818 97
1819 5 395 591 594 1142 3378 7820
1820 385 581 718 2238 3392 3393 3394 3395 3396
1821 5
1822 3397
1823 5 1169 1622 2350 3399 3400 3401 3402 3403
1824 5 347 1232 1252 2497 2725 2868 3405 3406
1825 35
1826 76 3415
1827 2902 3418
1828 134
1829 3420
1830 349 2443 3424
1831 1466 1467
1832 3426
1833 942
1834 3429
1835 599
1836 3430
1837 2462 3432 3433
1839 5
1840 1990 3441 3442 3443
1842 564
1843 10 351 1477 2346
1844 3444
1845 349
1846 5 12 126 304 591 689 894 1320 1613 1751 2101 2789 3099 3445 3448 3449 3450 3451 3454 3455 3457 3458 3459 3465 3466 3469 3471 3472
1847 2146
1848 3480
1849 10
1850 266
1851 3482 3484 3485 3487 3488
1852 998
1853 5
1854 10
1855 3489
1856 4114
1857 5 549 551 552 562 1732 2588 3052 3490 3491 3492 3493 3495 3497 3503
1859 1207
1860 299 3505
1861 903 1230 3229
1863 8
1864 243 244 3507
1866 5 506 826 3513
1867 3515
1868 10 496 836 1921 1983 1994 2385 2405 3519 3520 3525 3526 3527 3529 3530 3531 3533 3534 3535 3536 3537 3538
1869 1301
1871 5
1872 5 15 106 806 1082 1483 1484 2092 2186 2298 2497 3201 3405 3549 3550 3551 3552 3558 3562 3566 3568 3569 3571 3572 3574 3575 3576 3577 3578 3579 3580 7877
1873 490
1874 51 168 169 565 1043 1581 1877 3247 3249 3584 3585 3586 3587 8105 8526
1875 3591
1876 3592
1877 114
1878 8 103
1879 5 3597
1880 62 220 238 1716 1909 2235 2244 3583 4036 6399
1881 3599
1882 106
1883 5
1886 5
1887 358 1270 1775 3609 3610 3611 3612 3613 3614
1888 888 1616 3616 3617 3618
1889 2297
1890 5 703 3622
1891 413 1014
1892 103
1894 3627
1895 7863
1896 5
1897 5 238
1898 95
1899 184 1141
1900 3635
1901 2663
1902 624 2288 3090 3417 3638
1903 519 533 894 1461 1709 3641
1905 431
1906 5 77 155 373 1456 3059 3179 3648 3656
1907 851
1908 1835 3660
1909 3663
1910 2303
1911 3666
1912 3671
1913 2780
1914 3682 3684
1915 3686
1916 62 952 1008 2020 3234
1918 3694
1919 3695
1920 3697
1921 3701
1922 8 568 3702 3703 3704
1923 2674
1925 6
1926 5 8 24 68 413 720 1344 1578 1622 2634 2737 2891 3105 3390 3419 3707 3709 3710 3711 3712 3715 3718 3723 3724 3729 3731 5999
1927 3491
1928 3263
1929 1335
1930 3737 3738
1932 644
1933 3741
1934 413 3743 3744
1936 836
1937 343
1938 941
1939 1142
1941 564 1467
1942 351
1944 81 289 631 786 1314 3311 3748
1945 216
1947 3750
1948 3752
1949 5
1950 3753
1951 3754 3755
1953 19
1954 5 3759
1955 5 1300
1957 599
1958 8
1959 3766
1960 3768
1961 5 77 240 358 519 691 937 942 1814 3219 3300 3769 3772 3774 3776 3778 3779 3783 3784 3786 13738
1962 95
1963 3264 3787
1964 103
1966 2458
1967 510 2255 3789 3790 3791 3792
1968 3169
1969 268 3793 3794 3795
1970 68
1971 2108 3115
1972 681 1313 1314 3796
1973 894
1974 464
1976 213 405 967 968 970 971 973 1423 2756 2912 3799 3800 3801 3802 3804 3805 3806 3807 3808 3809 3810 3811
1977 1834
1979 756 1840 3533 3701
1980 5
1981 1128
1983 10
1984 1469 3816 3817 13760
1985 3150
1986 3818
1987 3819 3820
1988 3821
1989 3823
1990 5 1110 3824
1991 5 15 609 1061 1174 1198 1466 1787 2293 2297 2375 3473 3613 3774 3825
1992 6 32 180 267 505 727 806 945 1229 1230 1271 1282 1652 1805 2375 2807 3691 3826 3827 3828 3829 3830 3831 3832 3833 3834 3835 3836 3837 3938 4839 7807
1993 3839
1994 474 3840
1995 8 451 2633
1996 3842
1998 1331
1999 3843 8796
2000 1027
2001 5
2003 356
2004 3844
2005 558
2007 3846
2008 10
2009 3847
2011 5 3334 3848
2012 3849
2013 139 3850
2015 3851
2016 1415
2017 1460
2018 8 95 750 1349 1792 2560 3852
2019 594 1613 2544
2020 3853
2021 5 2967 3854 3855 3857
2022 8 521 1851 2853 2865 2967 3726 3858 3859 3860 3861 3862 3863 3864 3865 3867 3871 3873 3874 3875 3876 3879 3880 3881 3882 3884 3886 3887 3888 13739 13740
2023 767
2024 157
2025 5
2026 1516
2027 5 12 90 126 310 347 419 431 438 487 641 644 720 734 918 1077 1141 1697 1794 1984 2183 2784 2835 3523 3720 3860 3890 3892 3893 3894 3895 3896 3897 3898 3899 3900 3901 13960
2028 3902
2029 18
2030 631
2033 3904
2034 1297
2035 3069
2037 3905 3906
2038 1209
2039 130
2040 3907
2041 8 141 196 203 451 561 890 1109 1440 1641 1849 2040 2086 2303 3332 3395 3908 3909 3910 3911 3912 3913 3914 3915 3916 3917 3918 3919 3920 3921 3922 3923 3924 3926 3927 3928 3930 3934 3935 5527
2042 5 285 3318 3936
2043 199 310 1179 1196 3579 3938 3939 3940 3941
2044 5
2045 8 249 516 824 875 876 877 1411 1487 2293 2848 3273 3942 3943 3944 3945 3946 3947 3949 3950 3952 3954 3955 3957 3958
2046 1646 1653 1809 3172
2047 464 774 3959
2048 3960
2049 8 10 121
2051 3962 3963 3964
2052 10
2053 385 464
2054 3965 3966 3967
2055 5 12 240 854 1156 1658 2788 3968 3969 3970 3971 3972
2057 3973 3974
2058 709 793 805 1020 3286 3975 3976 3979 3980 6095 6725 6847 13761
2059 411
2060 702
2061 1290
2062 18 356
2063 1488 3981
2064 702
2065 5 3982
2066 3436
2067 299
2068 513 3984
2069 3985
2071 3986
2072 11 655 3071 3987
2073 5 6 65 139 348 349 510 514 574 580 582 645 653 772 954 1027 1374 2101 2256 2891 3261 3988 3989 3990 3991 3992 3993 3994 3995
2074 2811
2075 3996
2076 266 951 1351 1358 3998 3999
2077 1876
2078 1066 3391 4000 4001 4002 4003
2079 141 203 680 4004
2080 4005
2081 911
2082 4006
2083 4007
2084 178 266 1012 1086 1108 1345 1752 1775 2257
2085 1237
2086 1563 4008
2087 1775 3208
2088 4009
2089 102
2090 467 601 1847 2245
2092 4011
2093 95
2094 4012 4912 6327 6328
2095 95 244
2096 2685 2891
2097 117
2098 1203
2100 801 4019
2101 506 4020
2102 3998
2103 5
2104 1100 2335 2598 3172 4021
2105 3908
2106 2649
2108 349
2109 266 394 510 516 3252 3399 4023 4024 4026 4027 4028 4029
2110 8 95 105 106 275 349 394 395 455 475 582 717 740 793 806 893 1110 1169 1179 1198 1453 1466 1617 1644 1809 2297 2387 3003 3287 3321 3569 3579 4010 4021 4031 4032 4034 4035 4036 4037 4038 4039 4040 4041 4042 4330
2111 68
2112 65
2113 2795
2115 4044
2116 196 243 244 245 349 358 433 581 592 853 900 964 1026 1138 1565 1645 1757 1814 2093 2233 2395 3204 4046 4047 4048 4259
2117 4050
2118 24 94 172 248 351 1442 2835 4030 4051 4052 4053
2120 4055
2121 413
2122 4056
2123 3955
2124 72
2125 173 2011 2368 3200 4059 4060 8964
2126 4061
2127 3836
2128 355
2129 3124
2131 82
2132 103
2133 169 170 213 220 434 440 510 544 591 601 844 845 967 968 971 972 1143 1419 1435 1536 1581 1623 1890 1913 2007 2159 2238 2316 2768 2785 2891 2898 2899 2912 3113 3164 3323 3437 3490 3743 3930 4063 4064 4065 4066 4067 4068 4069 4070 4071 4072 4074 4077 4078 4079 4081 4082 4083 4085 4086 4088 4089 4090 4091 4092 4094 4095 4097 4098 4099 4100 4101 4102 4103 4104 4105 4107 5001
2136 5
2137 463 641 850 918 4111
2138 230 766 1837 2627 3174 4112 4113 4114 4115 4116 4118 4119 4120 5138 6218 6602
2139 5
2140 3016
2141 5 1196 2660 2750 4045 4123
2142 3462
2143 288 1438
2144 1225
2146 103 349
2147 901 4127
2149 3900
2150 5
2151 4129
2152 4130
2153 4131 4132
2154 1903
2155 4133
2156 3908
2157 5 265 395 413 445 601 763 793 925 1242 2007 2296 2416 3178 3826 4134 4135 4137 4138 4140 4141 4144 4145 4146 4148 4149 4151 4152 4153 4154 11363 13764
2158 4156
2159 3529 4158 4159 4161
2160 8 103 451 1798 4164
2161 269
2162 4165
2163 171 224 592 3533 4166 4167 4168 4169 4171 4172 4173
2164 312 655 672 854 1024 1095 1311 1358 1580 3058 4174 4176 4177
2165 2672
2166 2591 13961
2167 1389
2168 4178 7869
2169 4179 4180
2170 403 1147 4181 4182
2171 1769 4184
2172 4185
2173 73
2174 8
2175 1926
2176 4187
2178 349
2179 4188
2180 645
2181 4189 4191
2182 170 171 257 413 1344 4081 4168 4169 4170 4171 4172 4173 4192 4194 4195 4196
2183 4198 4199 4200
2184 2235
2185 262 265 445 644 1488 1539 1852 3198 3300 3729 3770 4201 4202 4205 4206 4207 4208 4209 4210 4211 4213 4214 4216 4217 4218
2186 4219
2187 601
2188 539
2189 1415 2141 2994 4220 4221 4223
2190 4226
2191 4227
2192 12 351 437 3316 4230 4232 4233
2193 955 3090
2194 1142
2195 349
2196 179
2197 4234
2198 2580
2199 938
2200 5 8 81 236 349 356 467 529 823 1258 1466 2290 2765 3008 3289 4236 4237 4238 4239 4240 4241 4242 4243 4245 4246 4248 4249 4251 4961
2201 4252
2202 5 4253 4254
2203 5
2204 386 1335
2205 269 4255
2206 8
2207 4256
2208 1058 3272
2209 1987 4257 4258
2210 2357
2211 5 90 140 141 2333 2568 3042 3930 4259 4260 4261 4263 4264
2212 4266
2213 4267
2214 2052
2215 5 260 786 1071 1990 2713 3099 4268
2216 1849
2217 1062 4269
2218 5 10 114 185 226 240 451 519 581 720 743 862 1109 1122 1129 1131 1211 1313 1419 1425 1632 1772 1970 2220 2598 2784 2915 3001 3255 3756 4021 4045 4270 4271 4272 4273 4274 4275 4278 4280 4281 4282 4284 4285
2220 8
2222 2551
2223 5
2224 2804
2225 95
2226 2483
2227 763 3760 4288
2228 4289
2229 42 681
2231 690
2232 5
2233 4291
2234 363
2235 4292
2236 4293
2237 863
2238 578 890 1344
2239 104
2240 393 4294
2241 4295 4296
2242 1458 3118
2243 4202
2244 4297
2245 81 655 2805
2246 2407 4298
2247 772
2248 3028
2249 10 12 547 1356 4299 4300 4301
2251 5 1759
2252 4303
2253 4304
2255 1344
2257 90
2259 139
2260 1021 1487 1972 2758 3436 4306 4307 4308
2261 5 3058
2262 3233 3457
2263 1147
2264 636
2265 5
2266 4310
2267 4311
2268 4312
2269 5 1455 4313 4315 4316 4317 4318
2271 4319 4320
2272 4321
2273 4322
2274 4324
2275 4325
2277 5 1101 1742 2712 3088
2278 568
2279 4331 4333
2280 496 951 3233
2281 4334
2283 4337
2285 496
2286 5 4338
2287 5
2288 4340
2289 2784 3814
2291 1033 3010 4345 4347 4348
2292 77 228 274 627 772 1212 1545 1767 1794 4014 4350 4351 4352 4354 4356 4357 4358 4362 4364 4365 4367 4371 4372 4373 4374 4375 4376 13765
2293 73
2294 10
2295 3471 4383
2296 496 3290
2297 1374 4385
2298 5
2299 2303
2300 2303 2764
2301 596
2302 5
2303 4390
2304 557 568 596 644 852 994 1931 4115 4330
2305 139
2306 4396
2307 3701
2308 645 666 1336
2309 3268 13766
2310 681 4401
2311 4402
2313 62 533 1108
2314 2122 4164
2317 3352
2318 1786 2850 4241 4404 4405
2319 414 1419 1420 1421 1426 4061 4406 4407
2320 2821 4408
2321 654 4409 4410 4412
2322 3290
2323 1694 1695
2324 24
2325 1481
2326 1438 3744
2327 105 290 618
2328 4413
2329 81
2330 2019
2331 90
2332 530 1929 3309
2333 81
2334 4414
2335 5
2336 5 451 679
2337 624
2338 2789
2340 2443
2341 5
2342 1056
2343 1627
2344 403 536 1427 3714 4415
2345 90 196 240 244 255 329 360 429 480 504 539 592 690 692 734 1167 1168 1221 1256 1282 1313 1344 1414 1431 1723 1866 1867 2472 2610 2736 2898 3070 3231 3241 3254 3365 3404 4284 4299 4300 4364 4383 4416 4417 4418 4419 4420 4421 4423 4425 4427 4429 4431 4432 4433 4434 4435 4436 4437 4439 4441 4442 4443 4444 4445 4446 4447 4448 4449 4450 4451 4453 4455 4456 4459 4460 5361 6361 8912
2347 2732
2348 4462
2349 4463
2350 1099
2351 3321 4464
2353 568
2354 1142 4465
2355 2257
2356 4466
2358 4188 4215 4467
2359 1466
2360 4468
2361 4469
2364 103
2365 3340
2367 8
2368 591 1378
2369 212
2370 1061 1179 4471
2371 5
2373 4473
2374 2775
2375 4474 4475
2376 4476
2377 4478
2378 3735 4491 4492
2379 5
2380 3735
2381 1046
2382 802
2384 385 4494
2386 1332 2490 4495 4496 4497 4498 4499
2387 203 2565
2388 4501 4502
2389 2927 4503
2390 2801
2391 4086
2393 95
2394 1374
2395 10 539 862 981 1389 2328 3066 3249 3271 4038 4045 4278 4368 4504 4506 4508 4510 4511 4512 4515
2396 6 160 170 224 465 510 593 1220 1246 1302 1668 2281 2510 2624 2933 2984 3229 3360 3625 4025 4167 4315 4431 4518 4519 4520 4521 4525 4526 4528 4529 4530 4531 4532 4533 4534 4535 4536 4537 4538 4540 4542 4543 4545 4546 4548 4550 4552 4553 4554 13963
2397 5 24 26 31 32 35 62 81 87 110 128 131 138 139 169 184 213 220 227 240 249 261 290 346 349 390 394 404 405 406 433 434 448 481 482 487 496 533 539 544 562 576 591 599 601 612 627 643 645 689 707 717 733 736 749 753 756 763 764 774 785 786 793 806 830 845 862 866 875 889 950 968 969 970 971 972 973 1020 1076 1130 1132 1151 1165 1237 1271 1282 1302 1313 1323 1331 1334 1340 1358 1377 1389 1391 1413 1423 1432 1446 1475 1485 1487 1506 1538 1546 1552 1584 1590 1632 1633 1634 1636 1644 1716 1722 1732 1738 1739 1740 1765 1794 1815 1849 1917 1931 1933 1970 1999 2007 2011 2041 2159 2162 2170 2172 2220 2233 2238 2244 2255 2289 2315 2316 2377 2385 2552 2559 2614 2621 2648 2649 2650 2651 2652 2653 2654 2656 2657 2685 2769 2784 2835 2865 2898 2899 2904 2906 2911 2912 3042 3079 3127 3143 3185 3214 3246 3247 3249 3255 3257 3261 3267 3276 3283 3338 3439 3445 3498 3503 3561 3583 3586 3729 3743 3987 4025 4031 4047 4052 4076 4099 4189 4258 4274 4327 4363 4461 4508 4512 4514 4515 4568 4571 4576 4583 4615 4664 4720 4761 4795 4796 4817 4875 4912 4926 4982 4995 4999 5000 5037 5114 5176 5214 5286 5405 5424 5633 5655 5693 5820 6011 6102 6107 6130 6220 6327 6356 6366 6390 6393 6440 6443 6529 6539 6543 6547 6577 6580 6726 6862 6905 6933 6961 7051 7235 7286 7339 7402 7421 7541 7550 7597 7688 7725 7788 7959 8169 8187 8499 8528 8554 8567 8623 8911 8929 9186 9297 9343 9380 9457 9551 9577 9580 9589 9762 9808 9931 9964 10042 10890 10898 11055 11057 11137 11321 11463 11689 11690 12185 12232 12505 12519 12563 12750 12887 13350 13401 13568 13768 13771 13772 13773 13775 13777 13778 13779 13781 13782 13783 13786 13787 13789 13790 13791 13793 13794 13796 13797 13799 13800 13801 13802 13964
2398 1271
2399 4557
2400 535 1110
2401 3355
2402 225 2715 3348
2403 4600 4601 4602 4603
2404 266
2405 4604
2406 4605
2407 3186 3194 4606
2408 4507
2409 4607
2410 5
2411 349 2633
2412 5 120 236 269 3767 4608
2413 5
2414 2427 4609
2415 2233
2416 335
2417 1362
2418 4610
2419 4611
2421 918 2183 2784
2423 4613
2424 231 3646 4614 4615
2425 2804
2426 10
2427 1794
2428 3019
2429 220 394 715 1110 1237 2463 5197 7863
2430 2614
2431 141 203 1653 2848 3219 4021 4616 4617 4618 4619 4620 4621
2432 1623
2433 349 355 1451 4077 4622
2434 531 859 891 1589 1590 1933 2849 4625
2435 4628
2436 5
2438 601
2440 5
2441 4630
2442 4633 4634
2443 1201 1369
2444 3805
2445 4635
2446 4637
2447 77 780 1861 3265 4639 4640 4641 4643 4644 4645 4646 4648 4653 4655
2448 1645
2449 5 8 10 18 24 25 36 65 95 278 299 385 409 451 550 578 594 911 1124 1344 1534 1655 1679 1789 2174 2206 2229 2291 2499 2566 3095 3125 3143 3487 3630 3693 4210 4459 4481 4504 4664 4665 4667 4668 4669 4670 4671 4672 4673 4674 4677 4683 4685 4686 4687 4689 4691 4692 4693 4697 4698 4701 4702 4707
2450 15 106 197 269 326 355 491 643 702 918 1179 1199 1466 1869 3287 3491 3691 4465 4710 4713 4714 4715 4719
2451 4720
2452 413
2453 679
2456 349
2458 5 4723
2459 4723
2460 8 95 1344 4594 4724 4726
2461 351 568
2462 626 1474 7787
2463 4731
2464 127 489 4732 4733
2465 5 2189
2466 10 105 4735
2467 4736
2468 5 8 241 252 289 335 355 385 434 437 482 566 626 689 743 750 1110 1152 1182 1295 1324 1358 1459 1460 1462 1555 1628 1717 1727 1861 1904 2513 2519 2617 2633 2816 3058 3064 3415 3604 3660 3753 3776 3902 4668 4825 4841 5231 5622 5767 5945 6105 6412 6719 6846 7040 7387 7400 7408 7693 8247 8288 8555 8685 8951 9223 9702 9728 10061 10308 10435 10619 10829 10887 11036 11185 11590 12011 12186 12230 12243 12513 12928 13248 13548 13667 13803 13804 13805 13806 13807 13808 13809 13810 13811 13812 13813 13814 13817 13818 13819 13821 13822 13823 13824 13825 13826 13829 13830 13831 13832 13833 13834 13835 13836 13837 13840 13842 13843 13844 13846 13965
2469 666 4738 4740 4741 4742
2470 620
2471 5
2473 4747
2474 5 191 935 1381 4129 4228 4749 4750 4751 4753 4756 4757 4759
2476 4761
2477 4598 4762
2478 2029 3088 3919 4767
2479 4390
2480 1652 4769
2481 691 1759 4771
2482 5
2483 1493 3102 4772
2484 4774
2486 113
2487 5
2488 4775
2489 4776
2490 4778
2491 1466 4780
2492 3635
2493 4781
2494 175 178 1564 1653 4516 4783 4784
2495 1651 4785
2496 445 1211 2502
2497 286 4786
2498 4789
2499 24
2500 2851
2501 1110 4791
2502 5 889 1623 1632 2660 4368 4793 4794 4795 4797
2503 113
2504 5 269
2505 12 955
2507 1243
2509 3940
2510 2060 2349 4585 4806 4807
2512 1027
2514 1130
2515 4814
2516 8 4817
2517 241
2518 90 140 203 836 890 3930 4819 4820 4821 4822
2520 5 288 431 745 763 2022 4832 4834 4835
2522 5
2523 13848
2524 5
2525 8 766
2526 5 236 318 696 745 826 915 1455 1545 1837 2611 3856 4847 4850 4853 4855 4858 4859
2527 196 637 855 888 1479 4862 4865
2528 4866
2529 451
2530 276 4869
2531 4870 4871 4872 4873
2532 4283
2533 5
2534 3001
2535 823 1472 1975 2588 4876 4877 4879 4880 4881 4883 4884
2536 1014 1052 4885 4886
2537 4887
2538 5 374 745 3368
2539 510
2540 1344
2541 8 10 22 265 396 514 622 750 780 941 1011 1110 1477 1481 1727 1845 2617 3617 4889 4892 4895 4899 10728
2542 415 4903
2543 4906
2544 4907
2545 4908
2546 1012
2547 103
2548 4911
2549 1460
2550 1840 3505
2551 4915
2552 81
2554 4919 4921
2555 5 140 141 151 196 203 376 445 519 613 718 742 763 860 890 894 1138 1344 1647 1727 1737 2496 2498 2625 2813 2902 2911 2912 3169 3930 4614 4811 4828 4924 4925 4927 4929 4931 4932 4933 4934 4937 4945 4947 4954 4955 4956
2556 3987
2557 4958
2558 24 4598 4959
2559 5 743 2350 4960 4961
2560 510
2561 5 394 918
2562 2530
2563 5 18 599 707 843 889 1005 1102 1365 1741 1950 2086 2204 2293 3051 3186 3373 4023 4460 4461 4560 4724 4963 4964 4965 4968 4970 4975 4976 4978 4982 4987 4988 4989 13862
2564 269
2565 631 3324
2567 5
2568 3515
2569 4993
2570 4994
2571 373 1458
2572 2550 4998
2574 5002
2575 5
2576 4597 5003
2577 4960
2578 5004
2581 972 1488 1526 1527 1532 1536 1537 2042 2898 4056 5006 5007 5008 5009 5010 5011
2582 5 1058 1829 3390 5015
2583 514
2584 1374
2585 155
2586 1987
2587 5022
2588 313
2590 3663
2591 5 275 3795 9934
2593 750
2594 5033
2595 1825
2596 5041
2597 539
2598 240 1876 4564 4571 4824 5042 5043 5044 5045 5046 5048 5050
2599 413
2600 720 903 1775 3614 5054 5055
2602 2327
2603 1374
2604 2244 2321
2605 2335 4021 5058
2606 5059
2607 1626
2609 1137
2610 5064
2611 2940
2612 5066
2613 5 2753
2614 5067
2615 3057
2616 65 102 120 358 1028 3043 3767 5036 5074 5075 5076
2617 12
2618 5 599 745 1581 2104 5078 5079
2619 5083
2620 5
2621 32 4404
2622 349
2623 5087
2624 709
2625 10 103
2626 894
2627 5
2628 113 1018
2629 5091 5092
2630 1106
2631 3153
2632 2762 3993
2633 3026
2634 5095
2636 1844
2637 10
2639 1451
2640 10 1458 5096 5097
2641 624
2643 4864
2644 565
2645 102 3089
2646 1271
2648 1336 3273
2649 5100
2650 5101
2651 575 4264
2652 103 160 386 465 539 624 767 1065 1620 1723 2114 2305 3437 3445 3480 3596 5103 5104 5110 5111 5116 5117 5118 5122 5124 5125
2653 5
2654 4725
2655 156
2656 355
2657 105
2658 5 351 867 5131
2659 5132 5133
2660 269
2661 6
2662 62
2663 1840
2664 801 3888 5135
2665 1829 5143
2666 5150
2667 5152
2669 718 4404 5155
2670 1060
2671 4737
2672 2489 5159
2673 516 627 1015 1468 5030 5163
2674 666 717 3844
2675 5166
2676 81
2677 445
2678 1373 5172 5174 5175 5177
2680 665
2681 275
2682 8 274 1294 1477 1856 1977 5181
2683 5 2423 5183
2684 5184
2685 114 169 269 533 845 1314 1419 1422 1468 1775 1809 2835 3050 3486 3487 3614 3748 3986 4617 4684 5187 5189 5190 5191 5192 5193 5194 5195 5196
2686 1351
2688 1865
2689 5 8 275 454 539 601 614 618 652 750 805 951 1045 1110 1374 1716 2064 3436 5198 5199 5206
2690 5
2691 5
2692 5208
2693 273 793 3264 3830
2694 103
2695 1242
2696 5 81 328 846 1323 1449 1877 4013 4023 4515 5212 5214
2697 745
2698 298
2699 822
2700 141 890
2701 5 2406 5224 5225 5227
2702 488
2704 5229 5230
2706 5 5231
2707 514
2708 2170
2709 269
2711 90
2712 8
2713 906 5237
2714 5
2715 5205
2717 10
2718 5242
2719 349
2720 95 290 342 1046 3721 5243
2723 5247 5248
2724 4219
2725 3077
2727 5252
2728 1663
2729 3614 5055
2730 8
2731 346 609 743 1344 2342
2732 305 986 4964 5258 5262 5263 5264 5265 5266 5268 13706
2734 349
2735 2583 4390
2736 413
2737 5271
2738 10 2676 3384 5273
2739 702 3096 5276 5277
2741 5281
2742 789
2743 5
2745 767
2746 5288
2747 5289
2748 578 582 5290
2750 5297
2751 5298
2752 18 36 238 510 578 814 940 1806 1809 2125 2427 2720 3287 3441 5299 5301 5310
2753 275 455 618 1090
2754 5
2755 567 1374 5311
2756 5 10 12 18 96 241 624 690 728 767 940 1061 1086 1108 1143 1179 1261 1728 1729 1775 1862 1863 1864 1865 1866 1867 1950 2256 2349 2507 2748 2768 2821 2887 2994 3005 3051 3077 3340 3415 3482 3483 3484 4106 4121 4250 4506 4623 4661 4793 5145 5160 5165 5173 5185 5313 5314 5316 5317 5318 5319 5320 5321 5322 5323 5325 5326 5328 5329 5330 5331 5332 5333 5334 5335 5336 5337 5338 5339 5340 5342 5344 5345 5347 5348 5349 5350 5351 5352
2757 867
2758 2387
2759 3951
2761 4774
2762 5 164 1008 5037 5068
2763 1110
2764 632
2765 10 68 90 247 395 445 486 506 1318 1321 1324 2257 3630 4584 4724 5358
2766 259 650 3081 5363
2768 349
2769 394
2770 3299
2771 5
2772 299 506 1622 2846
2773 5 5364
2778 5
2779 5
2780 5372
2781 166
2782 4583
2783 942
2785 4173
2787 5375 5376
2788 5377
2789 385 400 5378 5379
2790 5381
2791 0
2792 1101
2794 5
2795 13966
2796 8 131 1708 1740 3409 5384
2797 8 12 351 496 1010 1310 1378 1392 2615 5386
2798 12 4305
2799 5388
2800 505 1141 3717
2801 126
2803 455
2804 5 5390
2805 62 413
2806 5392
2807 5393
2809 1334
2810 5396
2811 343 5397
2812 5 3246
2813 246
2814 5 114 854
2815 4111
2816 2375
2817 624
2818 2471 4141
2819 5 1494 1899
2821 2440
2823 1852 2011 2444 3701 4465 4965 5415
2824 117
2825 1475
2826 886 1322 5428
2827 5431 5432 5433 13863
2828 5 103 167 269 702 906 2039 2825 3048 3561 3586 3625 3631 3914 4086 4150 4196 4224 4267 4275 5001 5046 5318 5435 5436 5438 5439 5442 5443 5446 5447 5448 5449 5452 5453 5454
2829 349
2830 1732
2831 177 525 2485 3406
2832 3290
2834 411 4019
2835 3310
2836 5455
2837 19 592
2839 2406
2840 952 2333 2567
2841 5
2842 10 81 166 561 636 806 859 1101 2106 4017 4018 4864 5460 5461
2843 4031
2844 1955 3525 5462 5463 5464
2845 1188 1548
2846 827
2847 1643
2848 5 496
2849 5
2850 2057
2851 644
2852 5123
2854 5467
2855 5468 5469
2858 395
2859 6
2860 349
2861 568
2862 5473
2863 5474
2864 641
2865 1310
2866 352
2867 5476
2868 5478
2869 5479
2870 5480
2871 419 440
2872 5481
2874 2423 4972 5483 5492
2876 1375 3065
2877 5 665
2878 5
2880 2550 5494 5495
2881 1759 3516 5496 5497 5498
2882 5290 5499
2883 1376 1786
2884 785
2885 767
2886 3437
2888 167 538 2469
2889 1271
2890 5
2891 5
2892 2090 13967 13968 13969
2893 5
2894 62 8651
2895 5520
2896 1515
2898 36
2899 3428
2900 5079
2901 1427 1823 4304
2902 2588 5522
2903 121
2904 601
2906 951
2907 3465
2908 5 691 1423 3625 5528 5530 5531
2909 1853 4147
2910 2807 5534
2911 5
2912 5
2913 8
2914 103 776 1851 3103 3104 3974 5405 5529 5535 5536 5537 5538 5539
2915 2544
2916 69 487 5542
2917 5543
2918 5545
2919 5553
2922 1127
2923 5
2924 568
2925 5565
2926 3428
2927 5 8 12 24 32 68 81 90 157 167 209 269 321 351 397 428 431 490 539 622 745 796 815 846 926 968 1005 1054 1093 1165 1263 1320 1345 1423 1965 2233 2551 2634 2680 2763 2831 2904 3125 3269 3454 3455 3660 3690 3842 4015 4016 4025 4075 4371 4862 5005 5221 5411 5571 5573 5574 5575 5576 5579 5581 5582 5586 5595 5596 5599 5601 5602 5603 5607 5608 5609 5610 5611 5612 7260 13864
2928 1835
2929 8
2931 1149
2932 5618
2933 1717
2934 1131 1698 1784 4426 5619 5621
2935 795
2937 236
2939 5367
2940 5
2941 5626
2942 5628
2943 5630
2945 1347 2565
2946 670
2947 1860
2948 5631
2949 5632
2950 1698
2951 643
2952 4926
2954 470 578 1847 2891 5634
2956 5639
2957 349
2958 5 451 894 998
2959 290 655 5640
2961 5628
2962 5 474 505 937 1027 1489 2255 4164 5644 5646
2963 81 2332 4441 5649
2964 63
2965 5 32 81 164 395 397 445 496 539 624 766 793 898 1076 1351 1477 1644 1824 2011 2015 2227 2375 2486 2510 2722 3102 3169 3213 4111 4319 4718 5650 5651 5652 5653 5654 5655 5656 5657 5658 5659
2966 1324
2967 609
2968 13710
2969 1580
2970 5664 5665
2971 5 952
2972 17 288 626 1302 1489 2126 3124 5666 5667
2973 5670
2974 5671
2975 5 113 2303 5673 5678
2979 3900
2980 730 2114 5686
2981 2118 3817 5687 5688 5689 5690
2983 2336
2984 706
2985 1737 5697
2986 8
2987 5699
2988 5700
2989 65
2990 5701
2991 3836
2992 5
2993 1196
2994 5 213 269 935 2424 4458 4627 5357 5483 5704 5705 5706 5708 5709
2995 5 3914 5710
2996 823 3276
2997 1037 5713
2999 349
3000 1842 5405
3001 5
3002 2579
3003 451
3005 3228
3006 349
3007 2416 5720
3008 4871
3009 2423
3010 499 5726 5727
3011 6 446 707 1058 1130 1241 1274 1547 1548 1711 2660 2711 3038 4443 5079 5729 5730 5731 5733 5734 5735 5737 5738 5739 5741 5742 5749
3012 3488
3013 5
3014 445 519 599 1814
3015 3253
3016 1141
3017 5752
3018 103
3019 633
3020 289 601 1221 5754
3021 8 10 114 197 444 486 513 732 854 1202 1566 1727 2293 3158 5756
3022 961
3023 3179
3024 5
3025 998
3026 5760
3027 3807
3028 5762
3029 767 2798 5763
3030 5 204 898 2631 2720 2762 3237 4875 4975 5765 5766 13865
3031 103 5767
3032 5242
3033 74 110 465 568 681 702 849 1148 1362 1623 2349 2689 3579 3998 5768 5769 5770 5771 5772 5774 5775
3034 5776
3035 8
3037 5 103 548 679 1903
3038 568
3039 5778 6735
3040 5
3041 5
3043 160 2297
3044 539 2019 4746
3045 255 360 2598 4284
3046 4424
3047 8 5783
3048 385
3049 10 1301
3050 437
3051 413
3052 351 467
3053 2116
3054 431
3055 1805
3056 90
3057 209 957 1578
3059 206 5791
3060 592 823 855 1615 3963 5793
3061 2020
3062 65
3063 2280
3064 1207
3065 269 1854
3066 1506
3067 4831
3068 3699 5804
3070 1398
3071 1513
3072 5807
3073 5809 5810
3074 5812
3075 2852
3076 5814
3077 385 609 937 3457 4264 5819
3078 955 5822
3080 2707
3083 68
3084 3776
3085 269
3086 445 950
3087 1840 1884
3089 3972
3090 5832
3091 692 854
3092 3062
3094 819
3095 1017
3096 103 703 813
3097 5
3098 5840
3099 5841
3100 5
3101 866 1556 2234 5846 5847 5848
3102 103
3104 5
3106 338
3107 284 285 1860 5854 5855
3108 5 843 2660 5460 5858
3109 3190 5861
3110 2171 3556
3112 4906
3113 212
3114 5868
3115 5 10 90 103 273 329 422 800 1460 1465 1634 1839 3073 3523 4999 5079 5454 5870 5871 5872 5874 5875 5877 5880 5881 5882 5883 5885
3116 382 2156
3117 490 558 823 971 1065 2147 2902 3055 3275 3964 4995 5352 5554 5891 5892 5893 5894 5895
3118 5897
3119 5898
3120 765
3121 5902
3122 5903
3123 677
3124 5904
3125 91 763
3126 5850
3127 5905
3128 5733 5908
3129 151 3271
3130 1142
3131 4266
3132 1939 1941 1942 1943
3133 74
3134 5913 5914 5915
3135 110
3136 12 356
3137 601 1061 2850 4974 5917 13698
3138 5921
3140 1230
3142 645 2715
3143 5928 5929 5930
3144 5
3145 1968
3146 5931
3147 2030
3148 349
3150 5
3151 727
3152 257 868 1167 1732 3804 3977 5936 5937
3153 5251 5938
3154 5939
3155 288
3156 5941 5942
3157 5943
3158 5944
3159 365
3160 134
3161 5945
3162 5946
3164 5948
3165 73 422
3166 4928
3167 5950
3168 110 159 293 526 1061 1271 1374 2189 2227 3744 4253 4327 4528 4974 5389 5952
3169 5956
3170 8
3171 2007
3173 5
3174 32 1899
3175 4910
3176 2356
3177 5965
3179 240
3180 5
3181 5969
3182 5972
3183 95
3185 952 2280 2685 4991 5481 5982 5984
3186 298 4535
3187 362 854 4682 5986
3188 1110
3189 140 203 226 482 2476 4205 4614 5987 5990
3191 5991
3192 5 5992
3193 4274 5996
3194 601
3195 1311
3196 3102
3197 850
3198 411
3199 876 1183 1527 5009 5999 6000 6001 6002 6003 6004
3200 13973
3201 1117
3203 5
3204 356 806 4828 6017 6018
3205 288
3207 3707
3208 6019
3209 6020
3210 248 467 3743 6022
3211 1584
3213 4758
3214 5 445 599 651 662 691 1485 3441 4723 6027 6035
3215 1951 2825 6025
3216 5 68 98 231 558 571 745 814 827 2489 2514 2632 2748 3271 6041 6044
3218 72 5642
3219 4574
3220 2789
3221 6052
3222 6053
3223 720 5724 6054
3224 433 872 1374 1562 6055 6056
3225 188
3226 3517
3227 578 1335 3080 6057
3228 6058
3230 3166 6060 6061
3231 5407
3232 90 182 188 203 613 2085 2325 2388 4452 4614 4794 4937 4983 5742 6068 6069 6070 6071
3233 269
3234 127 160
3235 1008 6072
3236 2789
3237 117
3238 6073
3239 3561
3240 62 533
3241 5
3242 8 503 2245 2433
3243 1117 1121 2111 6075
3244 3694
3245 2384
3246 5 18 65 81 117 126 240 510 634 666 784 995 1046 1084 1378 2257 3090 3261 3505 3752 5047 6083
3247 6087
3248 6088
3250 265
3251 5
3253 329 445 599 2251 6092
3255 5
3256 4272
3257 4864
3258 6105
3259 4864
3260 6106
3261 275 645 2559
3262 8 95
3263 1071 3317 6110
3264 269
3265 6115
3266 5 6118
3267 651 767
3268 1592
3269 2304
3270 486
3271 5 109 244 245 514 578 707 734 940 1020 1043 1271 1431 1585 1847 2371 2813 2841 3445 3664 3761 4213 5020 5404 5728 5737 6125 6126 6127 6128 6129 6130 6132 6141 6142 6143 6145 6146 6151 6153 6154
3272 81
3273 994 1806 2565 4516 4976
3274 1585 3213 6162
3275 672 4392 5059
3276 3994
3277 6165
3278 6166
3280 8
3281 69 626 1622 2165 6170
3282 1445
3284 2403
3285 266
3286 645
3287 2009
3288 5
3290 4916
3291 6175
3292 4057 6177
3293 68 290 1024 2413 4724 5883 5990 6178 6181 6182
3294 599 1669 4022
3295 5 1061 1757 2365 4018 4048 6184
3296 6187
3297 68
3298 395
3299 480
3300 637 1550 1551 1552
3302 5
3303 269
3304 6192
3305 5 127
3306 3466 6194
3307 6197
3308 6199
3309 3439
3310 8
3311 123 645
3312 6200
3313 582 5648 5710
3314 8 2615 3324
3315 480 2356 6122
3316 2892 3198
3317 1260
3318 349
3319 940 1670 1890 2075 2824 6102 6203 6204 6205 6208 6209 6211 6212 6213
3320 65 178 389 1028 1083 1558 3226 3252 3264 3406 3836 6217
3321 5131
3322 6223
3324 1396 2665 6228
3325 1374 1470 2231 5710
3326 3325 6229
3327 6230
3328 81
3329 269
3330 91
3331 3704
3332 437 578 601 2712 4985 6233 6235
3333 5
3335 114
3336 8 1345
3337 2244
3339 490
3340 4621
3341 3623 6241
3342 5 6242
3343 5
3344 269 1266 1457 1620 3704 6244
3345 805 1643 6155
3346 496 6245
3347 259 269 494 496 529 750 1316 2101 2106 2256 2324 2388 2754 3071 3202 3231 4330 4455 4461 4720 4810 5808 6250 6252 6253 6254
3348 496
3349 6257
3350 5
3351 2867
3352 5
3354 1142
3355 2545
3356 4065
3358 5
3359 8
3360 615 1479 6264 6265 6266 6267 6268
3361 662 3932 4622 6270 6271
3362 1755 1852 3233 6183
3363 355
3364 1046
3365 299
3366 2077
3367 6189
3368 6272
3369 5
3370 6273
3371 5
3373 624
3374 41 3064
3375 1720
3376 1421 1426 2238 5890
3377 237 289 1027 1972 2064 2835 3671 3996 4926 5410 6274
3378 6275
3379 2720
3380 1090 1207
3381 531
3383 6277
3384 618
3386 846 4279
3387 149 163 198 391 579 1729 1780 1805
3388 1146
3389 1609 3276 6279 6280
3390 5
3391 6282 6283 6284 6285
3392 2341
3393 5
3394 6 36 626 1489 1838 1933 2126 6027 6286
3395 6236
3396 6289
3397 6291
3399 1643
3400 6293
3401 6294
3402 6295
3404 6296
3405 349 6299
3406 873 6301
3407 172 539 690 742 846 863 1727 2019 2064 4201 4810 5090 6132 6306 6307 6308
3408 443 6309 6310
3409 4141
3410 8
3411 2016 2801
3412 6311
3413 7909
3415 2925
3416 304 3852
3417 5348
3418 126 793 3849 5496 6314
3420 3584
3421 275 394 901 1061 1351 1378 1646 1847 2551 3169 3773 4039 4561 6318 6319 6320 6323
3423 1374 1824
3424 5094
3425 1142 5157
3427 5
3428 199 866 1132 1454 1622 1722 1740 2371 2720 3304 3498 3503 3819 4291 4377 4384 4665 4793 4796 5000 5014 5034 6325 6326 6327 6328
3429 894
3430 3270
3432 2381 2664 3663 6333
3433 6337
3435 6339
3436 95 120 178 275 389 394 420 437 466 505 803 837 930 940 1230 2231 3038 3214 3340 3610 4027 6064 6340 6341 6343 6345 6347 6348 6429 13737
3437 5
3438 6351
3439 4317
3440 8 81 352 464 1621 2352 2394
3441 5650
3442 5374
3443 998 6355
3444 4278
3445 2565
3446 63 6357 6358
3447 6359
3448 3523
3449 2722
3450 2020 6361
3451 5
3452 269 1751 4533 6363 6364 6365
3453 1467
3454 6367
3455 755 1407 4416
3456 4322
3457 140 141 203 6369
3458 6372
3459 2007
3461 3061
3462 5 2436 4818 6373 6374
3464 106 151 198 445 464 579 845 901 1538 2290 3397 3552 3996 4036 4046 4245 4376 4665 4775 5170 5221 5308 6376 6377 6378 6382 6385 6388 6391 6392 6394 6395 6398 6399
3465 5022
3466 4961 6400
3470 6405
3471 5
3472 128 1142 5197
3473 1240 1824 5152 5400 6406
3474 5 1244 3270
3475 6407
3476 137 203 982 1815 6408 6409
3477 6410
3478 2199 6411
3479 4655 6412 6413 6414 13962
3480 5 860
3481 1732
3482 5
3483 5616
3484 304
3486 987
3487 465 2002 2247
3488 1156 1349 6419
3489 6421
3490 8 176 288 355 357 690 845 1034 1199 1374 1375 1376 1377 1378 1553 1752 1774 2487 2645 2812 3092 3093 3342 3345 3838 4264 4335 4684 4883 5076 5374 5802 6065 6290 6423 6424 6426 6427 6430 6432 6433 6434 6436 6437 6438 6439
3491 104
3492 8
3493 2598
3494 1708
3495 750 765 805 4216 5700 6458 6459
3496 5216 6461
3497 3146 3185 3186 6464 6466
3498 125 353 635 700 701 1367 1629 1936 1937 1938 1940 1941 1942 1943 1945 1946 5664 6468 6469 6470 6472 6473 6475 6477
3499 6480
3501 4026
3502 6481
3503 5
3504 1460
3505 5068
3506 1626
3508 5
3509 8
3510 6 163 168 265 413 679 685 750 793 805 867 911 1016 1125 1271 1336 1344 1461 1477 1486 1539 1546 1814 1894 2255 2376 2525 2552 2609 2627 2722 2801 3031 3143 3207 3214 3255 3257 3261 3290 3426 3671 3703 4026 4037 4176 4212 5065 5199 5424 5651 5912 5931 6044 6049 6066 6112 6131 6217 6482 6483 6484 6485 6486 6487 6488 6489 6491 6492 6493 6495 6496 6497 6498 6499 6500 6501 6502 6504 6505 6506 6508 6509 6511 6512 6513 6514 6515
3513 774
3515 102 179 310 406 475 601 847 1061 1374 1809 1810 2113 2124 2297 2298 2375 2462 3187 3197 3214 3228 3562 3590 3837 4213 4516 4784 4857 6063 6064 6429 6517 6520 6521 6522 6523 6524 6526 6527 7807 7832
3516 539
3517 6528
3519 5
3520 2868
3521 973
3522 6529
3523 6010
3524 5 4296 4445 6530 6531
3525 852
3526 6533
3527 1579
3528 5
3529 288 3875
3530 53 62 65 226 257 438 519 537 628 645 732 792 995 1052 1135 1452 1607 1852 2094 2165 2711 3570 3804 3836 4460 4461 4566 4681 4881 4882 6429 6534 6535 6537 6538 6539
3531 3218
3532 4388
3533 290
3534 2551
3535 5 249 381 571 867 1021 1411 1539 1935 2233 3169 3814 5199 6540 6541 6542 6543 6544 6546 6547 6549 6550 6551
3536 1549 2441 4235
3537 375 4864 6552
3538 6431
3539 6554
3540 6555 6557
3541 5
3542 5 451 12368
3543 250
3544 806
3545 6558
3546 95 385
3548 296
3549 8
3550 5491 6560 6561
3551 5 269
3552 2573
3553 5 68 149 196 266 351 506 533 539 808 860 1096 1274 1623 1640 1899 2116 2280 2565 2628 2660 3036 3125 4528 5381 5738 6485 6562 6564 6565 6568 6569 6570
3554 795
3556 6571
3557 901 950 998 1755 3035
3560 3352
3561 288 4499
3562 6572
3563 114
3564 6573
3565 1588 2416
3566 5
3567 213 690
3568 901
3569 4493
3570 3247
3571 144
3572 3788
3574 240 510 631 1477 1546 1835 6576
3575 103
3576 349
3577 5 24
3578 2507
3579 269
3580 8 157 451 2632 6577
3581 5
3582 811
3583 796
3584 189 2020
3585 2336
3586 6578
3587 6579 6580
3588 1044 6581
3591 375 454 1437 6583
3592 5 215 2891 3092 4412 6495 6584
3595 18 266 510 6586
3596 5
3597 5
3598 376 863 1272 1984 2261 2592 2625 2939 3856 6587 6588 11730 12558 13977
3599 196
3601 607 6589
3602 5
3604 6590
3605 763
3606 3417 6591
3607 6592
3608 2618
3611 4935
3612 572
3614 75 6595 6596
3615 24
3616 793 1578 2101 6597
3617 1351
3618 451
3619 6598
3620 2660
3621 894 6599
3622 3437
3623 1622
3624 395
3625 5
3626 6600
3628 5
3630 877
3631 717
3632 5 463 641 850 985 1190 1242 1853 2491 5467 6602 6603 6604 6606 13481
3633 163 268 358 2374 2487 3483 3590 3819 5031 6607 6608 6609 6610 11807 13585
3634 6611
3635 2801
3636 289 1314 2835
3637 5804
3638 1302
3639 5
3640 533
3641 1628
3642 3902
3643 568 3169 4576 5534
3644 6612
3645 910 4233
3646 5
3647 64
3648 5579
3649 6488
3650 5 785 1242 6613 6614
3651 3267
3652 1357 4403
3653 717
3654 437
3655 6615
3656 5 18 1489
3658 81 1494 6617
3659 5047
3660 4458
3662 652 5481
3663 5
3664 2712
3665 568
3666 6618
3668 6619
3669 6620 6621
3670 6622
3671 1332
3672 5
3673 1301
3674 6623
3675 1653 6624 6625 6628
3676 6252
3678 2898 2902 6629
3679 1429
3680 103 898
3681 5191
3682 1079
3683 6630
3684 641
3685 1295
3686 90
3688 6016
3689 2015
3690 8 157 2094 2560 6632 6633
3693 90 421 785 1020 1413 4234 4614 6635 6636
3694 6252
3695 1910
3696 5 1054 3310 4623 5339 6635 6637 6639 6641 6642 6643
3697 2406
3698 349
3699 5 1093 1223 1727 1792 3224 4132 4214 4301 5023 6041 6331 6616 6644 6645 6646 6647 6648
3700 6649
3701 4967
3703 806
3704 2049
3706 2648
3707 5042
3708 123 841 5554 6651
3709 262
3710 1422
3711 1270
3712 368
3713 151
3715 2891
3716 582
3717 1545 3858
3718 6293
3719 3340 4026
3720 103 6652
3721 6653
3723 2488
3724 81 283 284 285 290 445 793 859 1024 2023 2120 4149 6655 6656 6657 6658
3725 6 8 18 65 114 164 167 174 234 248 265 289 299 326 349 351 413 465 467 474 490 558 578 580 582 627 645 672 692 720 803 854 859 884 995 1130 1211 1271 1314 1336 1374 1382 1411 1435 1539 1549 1617 1680 1686 1728 1809 1838 1876 1899 2245 2558 2565 2611 2927 3172 3233 3437 3681 3748 3826 4031 4060 4164 4213 4245 4270 4409 4514 4528 4674 5006 5060 5069 5514 5597 5876 5956 6097 6649 6662 6663 6664 6665 6666 6667 6668 6669 6670 6671 6672 6673 6674 6675 6676 6678 6679 6681 6682 6683 6684 6686 6687 6688 6689 6691 6692 6693 6695
3726 1844 2736 3500
3727 1095
3728 774
3729 6696
3730 123 179 450 772 774 951 1358 1613 1680 2115 2356 2801 3505 4013 4975 5970 6697 6699 6700 6701 6703 6704 6705
3731 6707
3732 2417 4363
3733 496
3735 1701 5305 6682
3736 74 269
3738 3477
3739 1463
3740 506 6710
3741 6711
3742 5 91 198 237 691 772 774 793 2290 4721 4723 6712 6713 6714 6715 6717
3744 349 5065
3745 886
3746 4502
3747 6718
3750 5002
3751 565 11690
3752 578 717 849 888 901 1110 1187 1344 1374 1391 3451 4972 5700 6027
3754 5 490 1102 4330 6720 6721
3755 5
3756 704 2325
3757 5 253 558 1147 1209 1590 1774 1970 1975 2042 3367 3557 4468 5152 5409 6722 6723 6724
3758 6727
3760 6728
3761 5
3762 5236 6730
3763 12
3764 5
3765 237 336 1501
3766 1018
3767 3436
3768 3187
3769 1876 6731
3770 240 6732
3772 393
3774 5 521 848 3435 3755 4697 6376 6734 6736 6737 6738 6739 6740
3775 290 1950 3051 4250 4910 5993 6741 6742
3776 5
3777 24 454 727 901 2011 2250 5650
3778 3341
3779 10
3780 6743
3781 5
3782 6016
3783 6744
3784 5 1332 4077 6745
3785 5 13 217 226 240 563 587 691 848 866 1111 1130 1440 1475 1721 1862 1863 2011 2804 3001 3625 5072 5353 5661 5858 6055 6738 6746 6747 6748 6749 6751 6752 6753 6754 6755 6756 6757 6758 6759 6762 6763 6765 6766 6768 6769 6771 6772 6773 6774 6775 6776 6779 6780 6781 6782 6783 6785 6786 6788
3786 68
3787 6791 6792
3788 6793
3789 7 24 81 125 236 242 313 373 385 535 544 1110 1116 1225 1298 1382 1458 1464 1759 1845 2014 2103 2351 2469 2497 2498 2716 2813 3288 3373 4220 4257 4285 5048 5216 5431 6181 6611 6666 6758 6795 6797 6798 6800 6801 6802 6804 6805 6806 6807 6808 6809 6810 6811 6812 8399 13978
3790 3073
3791 4335
3792 103 1208
3793 6725
3794 204 290 395 557 1179 1393 2297 3579 6813
3795 5248
3796 1374
3797 400 2255
3798 3350
3799 558
3800 2874
3801 2714
3802 5761
3803 862 5269
3805 6814
3806 178
3807 3526
3808 3071
3809 5 81 125 231 237 286 400 445 470 533 894 951 1008 1014 1271 1289 1294 1416 1454 1472 1655 1709 1739 3143 3234 3271 3352 4044 4789 4987 5001 5014 6189 6815 6817 6818 6819 6820 6821 6822 6823 6824 6825 6827 6829 6830 6833 6834 6836
3811 6838 6839
3812 1096
3813 6840
3814 90 3752 6842
3815 4739 6843
3816 6845
3817 5 59 126 381 539 543 575 715 823 1020 1040 1142 1182 1218 1285 1335 1578 1923 2049 2064 2074 2495 2740 2850 3115 3192 3295 3397 3474 3505 3727 4040 4047 4179 4306 4621 4841 5307 5426 5587 5917 5938 5984 6663 6846 6847 6848 6849 6850 6851 6852 6853 6854 6855 6856 6857 6858 6859 6860 6861 6862 6863 6864 6866 6868 6869 6870 6871 6872 6873 6874 6875 6878 6879 6880 6881 9045 13698
3818 5994 6883
3819 1609
3821 413 599 793 4067 4514 4912 4999 5000
3822 2551
3823 673
3824 5
3825 1821
3826 6885
3827 5
3828 707
3829 3016
3830 674 677 678 4392
3831 18 850 1142
3832 157 269 339 356 631 743 6887 6888 6889
3833 6890
3834 6891
3836 6
3838 120
3839 634
3840 2403 2459 6893
3841 385
3842 3618
3844 33 2565 4703 6872
3846 8
3848 156
3849 42
3850 368 6895 6896 6897
3852 351
3853 6898
3854 4793
3855 645 3083
3856 8
3857 5 459 5533
3858 1358 6900
3859 5 1323
3860 1561
3862 2491 6901 6902
3863 2385
3864 558 1814 6903
3866 2535
3867 6652
3869 95
3871 5
3872 557 827 849 1142 5096 5616 6905
3874 6906
3875 172 6907 6908
3876 6910
3877 5
3878 5804
3879 196
3880 1221 1814
3881 5
3882 6834
3883 5
3884 1124
3885 240 2385
3886 1841
3887 2060
3888 313 5218
3889 4822
3890 6911
3891 709 1551 1552 5795 6912 6913
3892 114
3893 5881
3894 5
3895 6914
3896 6915
3897 894 4391
3898 3902
3899 6918
3900 5
3901 4463
3902 3593 6919
3904 164 2013 3836
3905 727
3906 625 6920
3907 6921
3908 5 117 510 645 4049
3909 2086
3910 168
3911 258 5245
3912 5
3915 1460
3916 675
3917 251 644
3918 1322 3130 4862 6923 6925 6926
3919 2244 4114 4196 6927
3920 2693
3921 6928
3922 2691
3923 5 2579
3924 729 795 836 2580 3855 5901 6929 6930
3925 6931
3926 104 3180
3927 4
3928 643
3929 644
3930 5
3931 1520 4047 6933
3933 2439
3934 601 1791 2556 3093 3226 4438 5122 5650 6435 6934 6935
3935 1190
3936 1374
3937 6936
3938 2261
3939 6938
3940 5
3941 4864
3942 5
3943 81 300 6939
3944 5 6940 6941
3945 6942 6943
3946 6302 6944
3947 6945 6946 6947
3948 4325
3949 5
3950 6948
3951 6949
3952 6950
3953 1118
3954 121
3955 6951
3956 480 1130 2432 3254 3404 6952 6953 6954 6956 6957
3957 3650 3830
3958 117 139 5196
3959 2805
3960 1221 2568 2588 6584
3961 2403
3962 337
3963 6958
3964 4664
3965 5 81 1186 3743 6959
3966 238 283 284 285 330 445 519 614 717 772 793 1653 1931 2406 2413 2763 3457 4943 4984 5164 5374 5579 5636 6733 6960
3967 6 117 275 389 525 1043 1549 2128 2441 3345 3974 5644 6961
3968 1259
3970 349
3971 6963
3972 1730 6964
3973 5
3974 793
3975 6965
3976 594
3977 151 1418 1419 4106 4884 6966 6967
3978 90
3979 1474
3980 299 335 361 6969
3981 6970
3982 90
3983 18 81 227 351 645 1069 2292 4477 5103
3985 1221 6971
3986 2272
3987 3600
3988 2261
3989 361
3990 872
3991 6361 6972
3992 75 273 3986
3993 6973
3994 2562
3995 6974
3996 1076
3997 5
3999 2578
4000 6355 6975
4001 5 2731
4002 6976
4003 1852
4004 6 10 806 3525 6977
4005 6978
4007 5256 6979 6980
4009 6981
4011 399 1849
4012 6982
4013 81
4014 6983
4015 455
4016 8
4017 5 1033 4720 4832 6984
4018 2805
4019 1258 6985 6986
4020 2173
4021 4 10 73 81 90 141 203 951 1101 1549 1581 2441 3247 3249 3272 4235 6356 6432 6987 6988 6989 6990 6991 6992 6993 6994 6995
4022 5
4024 6997
4025 3713
4026 720
4027 18
4028 437
4029 5 290 793 1142 1566
4030 732 4021
4031 5
4032 6999
4033 635
4034 894 2297
4035 199 1841 3196 3347 3784 4437 7000 8317 11386
4036 7001
4037 2443
4038 4546 7002
4039 7003
4042 5 10 19 56 72 77 90 103 106 141 157 160 167 203 225 237 261 262 326 329 349 355 356 385 400 437 451 455 465 557 618 626 651 745 750 767 819 822 881 1079 1148 1179 1187 1198 1218 1220 1344 1378 1393 1415 1460 1472 1473 1522 1524 1530 1556 1581 1590 1657 1994 2042 2043 2177 2304 2321 2350 2427 2443 2513 2531 2638 2737 2751 2795 2814 3041 3272 3350 3427 3515 3545 3631 4030 4031 4037 4087 4095 4388 4407 4520 4601 4714 4716 4898 4900 4929 5042 5132 5136 5139 5142 5144 5145 5146 5305 5384 5513 6107 6432 6550 6587 6996 7065 7141 7196 7539 8336 8608 8730 9280 9481 9663 9702 9704 9808 9879 10023 10167 10318 10435 10720 11540 11653 12054 12191 12570 13237 13980 13981 13982 13984 13985 13986 13987 13988 13989 13990 13992 13995 13996 13997 13998 14000 14001 14002 14004 14005 14007 14008
4043 7006
4044 10
4045 254 4743 7007 7008
4046 191
4047 5 10 338 437 444 620 628 836 884 938 1816 2388 2723 3058 3699 3941 4864 4920 4994 5307 5507 5632 5745 5821 5824 5964 6530 6553 7011 7012 7013 7015 7016 7017 7018 7019 7020 7021 7022 7023 7024 7025 7026 7027
4048 10 356 389 717 784 1560 4784 7028
4051 5 1058 3427 7031
4052 2594
4053 298 349 356 1477 1910 5500 7034 7035 7037 7039 7040
4054 2247
4055 10
4056 5
4057 5428
4058 68 1545 3311
4060 1451
4061 2292
4062 4577
4063 1792
4064 5
4065 7040
4066 568
4067 5
4068 901 4433
4069 7045 7046
4071 1271 7048
4072 6925
4073 7050
4074 5
4076 2293
4077 753 901 1169 1186 1187 1188 1697 1763 1767 2851 3889 4664 4728 4729 4730 5328 5329 5747 5964 7056 7057 7058 7061 7062 7065
4078 860
4079 3054
4080 5 69 261 1187
4081 5 81
4082 717
4084 2819
4085 3229
4086 5930
4087 1622 2011 4805 7088
4090 1212 2342
4091 486 3995 4052
4092 7097
4093 180 6146 6418 7102
4094 385 6129 7103 7104
4095 10 90 1066 7105
4097 103
4098 2736
4099 240 482 7108
4100 3725
4101 7112
4102 633
4103 2635 7113
4104 90 103
4106 4775
4107 24
4108 1451
4109 1061
4110 2015
4111 7005
4112 7117
4113 351
4116 1010
4119 558 1344 1415 6386 6856 7122 14011
4120 6105
4121 6633
4122 95
4123 7123
4124 440
4125 2342 3297 3782
4126 7124
4128 7125
4129 62 125 269 351 467 601 624 717 727 772 805 1290 1358 1374 1451 1814 2020 2116 2350 2606 3273 3360 3877 4224 4536 4908 5116 5291 5871 6261 6842 7133 7135 7137 7138 7139 7140 7142 7143
4130 1923
4131 953 1550 1551 3510 4147 7145 7146 7147 7149 7150
4132 5 519 2238 4626 7152 7153
4133 4010
4134 2056 2972 3877
4135 5
4136 75
4137 2454
4138 521 7155
4139 565
4140 5 4535 7156 7157
4141 53
4142 5743
4143 65 1841 7159
4144 1741
4145 347 445 940 1108 1252 2868 7162 7163
4146 5065
4147 599
4148 2321
4149 2565
4150 154 240 273 349 724 2787 2789 4594 5920 6529 7164 7169
4151 4978 7173
4152 5
4153 1349 3000 3477 6227 7174 7175 7176 7177 7178 7179 7180 7182 7183 7184 7185
4154 4655
4156 4369 7186 7187
4157 651
4159 535
4160 4810 7189
4161 2479 7190
4163 262 405 434 967 971 972 973 2821 2898 2899 2983 3123 3288 4099 5310 5832 7194 7195 7196 7197 7199
4164 5110
4165 1110 1466 3900 7203
4166 4235
4167 7204
4168 274 6329 7205
4169 949 1002 2303
4171 240 3701
4172 533 3805
4173 2874
4174 5
4175 2497 7208 7209 13692
4176 5 620 1345
4177 140
4178 5037
4179 5
4180 1474 7213
4181 6995
4182 77 81 213 969 1749 1750 2159 2162 6039
4183 2995
4184 995 3229
4186 203
4188 4809
4189 103
4190 6983
4191 1755
4192 5
4193 3247 4989 7222 7223 7224
4194 7225
4195 1427
4196 7229
4197 431 580 638 940 981 1392 1814 5787 7235
4198 5904
4199 3069
4201 72
4202 7237
4204 8
4205 5 8 356 1312 3427 5197
4206 7 65 519 582 601 2385 2762 2891 3808 7244
4207 591
4208 5 262 648 836 1110 1344 1358 4524 5222 7246
4209 8 12 451 508 704 2293 2439 3610 4723 5324 7248 7249
4213 380
4214 5
4215 284 4904 4942 5856 5857 6955 7254
4216 61 204 386 1198 3579 4039 7256
4218 3008
4219 385
4220 7262
4221 8 5536
4222 355
4224 5
4225 7268
4226 7269
4227 7272 7273
4229 889 13720 13721
4230 7281
4231 2357
4232 7282
4233 470
4234 53
4236 1024
4237 123
4238 7284
4239 290 3986
4240 7290
4241 10 12 81 290 349 352 836 2173 4027 4508 4982 6053 7291 7292 7299
4242 7301
4243 5529
4245 2375
4246 5 234 2000
4247 7305
4248 5993
4249 5194
4250 526 1484 2372 4617 5039 5051 7307 7308
4251 102
4252 6041
4253 5 1485
4254 5
4256 5 3289 3373 6758 7318 7321 7322 7323 7326 7329 7334 7337 7341 7351
4257 4439 7007
4258 2489
4259 5
4260 7356
4261 7358
4262 5
4263 3532 7361
4264 95 3445
4265 681 1211
4266 1281
4268 7365
4269 5586
4270 1266 1363
4271 1657
4272 8 225 994 3667 7367 7368 7370
4275 2859 3075 7372 7373 7374 7375 7377
4277 898
4279 213 7380
4280 238
4281 894
4282 888
4283 3169
4284 160 5256 7385
4286 6974
4287 3003
4288 1110
4289 1043 7393
4291 12
4292 2253 2372 3263 7400
4293 808 3819
4294 6376
4295 295
4296 3933
4297 2925
4298 1609 2176
4299 1474
4300 5981
4302 237 273 533
4303 647 1117 1122 2298 2525 6958 7401 7402 7404 7406
4304 3007 7408
4305 238
4306 7409
4307 180 672 673 675 676 677 678 951
4309 6650
4310 2804
4311 7412
4312 3725
4313 342
4314 5
4315 5281
4316 8
4317 5703 7417
4319 5 10 15 269 349 356 451 645 3051 3229 4276 6379 7423
4320 1477 2793 4115 4814 7429 7430 7431 7432 14014
4321 5
4322 1374
4323 81
4324 1506
4327 7439
4329 6648
4330 7444
4332 2720
4333 5381
4334 95 8246
4335 5 3019 8247 8248 8249
4336 1377
4337 6363
4339 324 863 1211 6676
4340 2453
4341 7269 8251 8253
4342 5533
4343 5
4346 2614 5853 6700
4348 618
4349 5
4351 2674
4352 8261
4353 2528 8262
4354 1824 4205
4355 4245
4356 5424
4357 6667
4358 740 2820 2994
4359 213 434 970 973 2904 8266
4360 1626
4361 930
4362 5 3198 3681 5654
4363 241 8271
4364 7690
4365 5853
4367 259 288 436 918 1142 2051 3986 4964 5197
4368 3457 5162
4369 8273 8275
4370 4455 4989
4371 5 91 477 510 631 645 772 774 1273 2630 3194 3198 4566 6565 6782 7390 8276 8277 8279 8281 8282 8283 8284 8285 8287
4372 836 2057 2352
4373 5
4374 2233
4375 5
4376 5 5524
4377 1840
4378 1344
4379 721 2406
4380 103
4381 4677
4383 1156
4385 2618
4386 553 2281
4387 1374
4388 1855
4389 5
4391 4416
4392 8306
4393 275 727 795 945 2011
4394 6 24 77 103 1271
4395 1511
4397 1258 8318
4398 56 73 108 3050 4837 6882 8319
4399 377 1969 2440 4810 6780 8321 8322 8325 8326
4400 349
4401 109 981 1109 3070
4402 3701
4403 355
4404 5405
4405 1232
4406 3178
4407 5
4408 8340
4410 349
4411 8205
4412 5 6647
4413 5
4414 275
4416 2120
4417 4811
4418 5524 8344
4419 221 8345
4421 3959
4422 3016
4423 2423
4424 8349
4425 351 3071 3877 6874
4426 8351
4427 5
4428 4780
4429 6197
4430 496 1392 1485 3169 3900 4512 5534
4431 5
4432 5 105 618 651 1061 1174 1179 1282 1489 6380 8357
4433 593
4434 8369
4435 2596
4436 5 8368
4440 8372
4441 1024 2670 2719 4576 5144
4442 7525
4443 901
4444 349 599 793 1899 2297 3918 4929 5318 8384
4445 533
4448 6422
4449 4978 8035
4451 2549
4452 8390
4453 8391
4454 2020
4455 1374
4456 14016
4457 8
4458 2558
4459 4720
4460 269 298 815 2829 3293 5939 8398 8399 8400 8401 8402
4461 591 613 1101 4450 6528
4462 1862
4463 3001 3265 8405 8410
4464 95
4465 8415
4466 824 6723
4467 894
4468 3221
4469 558 3069
4470 506 2644
4472 8423
4473 1570 1947
4474 5
4475 284 8433 8434
4476 763
4477 1374
4478 5
4479 196 283 284 285 3744 4108 4775
4480 822 8441
4481 68 5246
4482 5
4483 8446
4484 720 850 2750
4485 901
4486 3165 4816 14017
4487 704
4490 3930
4491 8456
4492 7381 8459
4493 890 8460 8462 8463
4497 422
4498 496
4499 8465
4500 3739
4501 6 421 2059 2118 3302 3338 4284 8163 8469 8472
4502 601
4503 533 3144 3374 4542 4697 4904 6467 6767 8473 8474
4504 2669
4506 3915
4507 5 941 6576 8480
4508 2530
4509 648 1560
4510 5 8481
4513 3491
4515 5 266 1740 1809 1849 4629
4517 0
4518 349 528 637 1479 4715 4862 7476 8488
4519 8489
4520 385
4521 6448
4522 5
4523 5
4524 3584
4525 5 385 5183
4526 3744
4527 5
4528 8498
4529 305 557 624 767 1035 1044 2690 2814 4814 7168 8504 8505
4530 5
4533 8511
4534 5
4535 3005 5185 5352
4536 8519
4538 968 969 970 971 2898
4539 953
4540 8522
4541 5
4542 131 8523
4543 5 251 673 784 982 1101 2529 3065 3545 3770 3825 3836 4046 5534 6689 7180 8525 8529
4545 2441
4546 998
4547 1786 2091
4548 953 8537
4549 652 3247 3249 4452 7093
4550 940 3257 3840
4551 592
4552 2804
4554 890
4555 103 2285 2379 3741
4556 1151 2904 8544
4558 5 826
4559 349 8548
4560 4978 8345
4561 1662
4562 898
4563 2446
4564 724
4565 5
4566 8555
4567 5275
4568 7 476 4825 4978
4569 766 1631 2030 3436
4570 1362
4571 5790
4572 10 134 303 433 649 679 1622 1814 2974 3299 3933 3955 4805 5856 6254 8571 8572
4573 8055
4574 7635
4575 3153 8923
4576 663 1056 2009 5906 8925 8927 8930 8931
4577 5 5901
4578 8935
4579 545
4580 7479 8939
4581 8941
4582 3605 4495
4583 4214 8942
4584 8944
4585 5 8948
4586 4723
4587 872 1504 1961 6055 8345 8951 8953
4589 8956
4591 721
4592 8
4594 8963
4595 380
4596 5 8 62 81 229 269 347 349 582 720 847 1012 1302 1539 1718 1847 2505 2506 3340 3352 3614 5055 6991 7158 7990 8639
4597 348 539 763
4598 24 8144 8976
4599 1018
4600 2694
4601 363
4602 8978
4603 12
4604 2839
4605 2393
4606 496 601 8467
4607 1570
4608 102
4609 1046
4611 3703
4612 445
4613 8980
4614 743 1460
4615 3457
4616 5930
4617 599
4618 166 8984 8986 8987
4619 8988
4620 10185 12917
4621 822
4622 804 1860 2257
4624 8995
4626 5 56 139 199 237 265 445 533 544 717 774 1084 1181 1194 1451 1536 1849 2016 2255 2484 2831 2911 3036 3123 4075 4082 4142 4459 4825 4880 4924 5417 5453 6206 6272 6357 6361 6899 7545 8208 8284 9000 9006 9014 9015 9017 9021 9029 9031 9033 10921
4627 3619 9036 9037 9038
4628 9040
4629 288 335 651 1142 1358 2352 2438 2670 3632 3776 3877 4536 4598 5377 5662 5884 7701 8400 8904 9050 9055 9057 9060 9063 9067 9068 9070 9071 9073 9074 9077 9078
4632 982 987 1242 3628 3987 5052 7578 7933 8022 9282
4633 9092
4634 1010 4961
4635 182 1570 2020 9098
4636 356 5669
4637 2315
4638 5 91 265 413 533 578 730 782 894 978 1810 1838 2232 2743 3038 9309
4639 9317
4640 1861
4641 9050 9112
4642 1974 3355 4680 6007 7259 8772
4644 172
4645 10 169 505 522 551 581 645 662 1644 1720 1814 2171 2760 3037 3137 3138 3139 3140 3141 3142 3290 3344 3765 3905 4166 4224 4326 4526 4738 5297 5443 5444 6064 6071 6608 6720 8479 9125 9131 9132 9133 9136 9137 9143 9147 9152 9153 9155 9160 9173
4646 480 949 1349 3743 7039 7421 8247 9280 9329
4648 220 282 715 2418 9183
4649 5 18 62 348 413 533 995 1494 1646 3229 3996 4785 5037 5213 7186
4650 103
4651 349
4652 5
4653 5
4654 8907 9356
4655 1294
4656 2227
4657 3804 8360
4658 2022 7651
4659 742
4660 4778 7389
4661 437
4662 9187
4663 329 431 529 2060 2719 3632 3877 4614 5161 9192
4664 9196
4665 6 18 32 65 87 110 112 173 175 177 179 198 204 241 266 267 359 406 433 475 525 526 582 594 645 653 727 740 784 806 940 945 995 1082 1196 1235 1271 1282 1315 1336 1379 1483 1553 1560 1563 1565 1567 1645 1646 1666 1780 1801 1931 2000 2093 2223 2227 2247 2252 2253 2297 2298 2372 2374 2395 2448 2451 2462 2485 2487 2559 2566 2697 2720 2812 3135 3196 3209 3227 3229 3252 3263 3304 3342 3344 3345 3528 3549 3551 3568 3571 3767 3833 3838 3840 3841 3900 3938 3993 4049 4335 4400 4532 4657 4735 5040 5051 5279 5299 5325 5374 6063 6065 6113 6508 6519 6520 6521 6535 6612 7308 7477 7497 7610 7809 7900 7902 7942 8164 8417 9209 9210 9211 9243 9251 9255 9267 9272 9865 12345 14018
4666 677 1324 1844 1845 3099 3272 3756 5690 7578 7663 9368 9369 9371 9380
4667 346 3462 9385
4668 9388
4669 1096 9394
4670 10142
4671 11 2101 6380 9091 9095 9103
4672 10717
4674 2627
4675 763
4677 18 273
4678 8554
4679 5 10 203 290 431 480 519 643 707 970 973 992 1058 1116 1152 1402 1449 1518 1550 1551 1552 1756 2388 2439 2552 2598 2711 2768 2769 2773 2775 2813 3070 3253 3404 3618 4042 4264 4369 4876 5438 5933 6009 6114 6233 6250 7190 7382 7424 7980 8336 8396 8646 9226 9227 9229 9235 9242 9246 9248
4680 3770 6215 6216
4681 8
4682 5 275 349 496 1844 2807 4060 5709 6114
4683 81
4684 126 196 265 428 3979 4416 5585 9269 9270
4685 1741
4686 1860
4688 422
4689 850
4690 4793
4692 1131 2023 9551 10742
4693 5223
4694 9278
4695 5 3427 3465 4308 4539 4828 7189 9471 10744
4696 5
4697 1506
4698 10750
4699 5
4701 8247
4702 5253 7719
4703 578
4704 346 618 1472 9286
4705 5 172 269 535 634 666 1083 1419 1809 3834 4319 9127 9134
4706 3806
4707 5
4708 5
4709 903
4710 894
4711 102
4712 1171 5350
4714 1676 10765
4715 1805 10768
4716 5
4718 5900
4719 237 273
4720 9291
4721 5 269 346
4722 8
4723 289 451 671 804 851 935 2352 5578 7563 7609 10775
4724 103
4725 8
4726 5 4709 5124
4727 1451 3805 4838 7616 9148
4728 103
4729 6312 10793 10795
4730 8
4731 5
4732 1121
4733 9306
4734 10327
4735 10812
4736 5
4737 240 380
4738 1207
4739 151 1169 1174 1518
4740 95
4742 3429
4743 10822
4744 1486
4745 5481
4746 3125
4747 1312
4748 9759
4749 2719 10467
4750 4838
4751 5 743 2496
4752 702 3083 4805
4753 5570
4754 349 10835 10837
4755 2406
4756 4645
4757 631
4758 5 164 227 395 481 594 1386 2486 6249
4759 845 7286
4760 4012
4761 240
4766 1366
4768 6297
4771 5 2037 5569 10221 10863
4773 10
4774 445
4775 8
4776 9157 9158
4779 81
4780 9164
4782 2092 2448 3832
4783 1101
4784 1556 3650
4787 5 126
4788 10888
4789 253
4790 5 1662
4791 329 356 662 709 727 1450 3300 3900 4723 7708 10900
4792 3693 8260
4793 1732 2588
4794 5920
4795 10906
4796 5242
4797 52
4799 8 269
4800 109 6346 9168 9169 9170 9171 9176
4801 2521
4802 349
4803 5 10 444 679 1075 10915
4804 1242
4805 234 1086 2256 2440
4806 95 2287 5519 10920
4808 5
4810 3437 9378 9379
4811 5
4812 1814 4810 9384
4813 274 1366
4814 1332
4815 5
4816 5
4817 9391
4818 164 238
4819 24
4820 10944 10945 10948
4821 104
4822 5 160 1340 4542 4622 5678 9878 10949
4823 9402
4824 1575
4825 6 591 717 3172 4718
4826 6293
4827 349
4828 81
4829 947
4830 5
4831 662 4723
4832 6240 8200 10954
4833 3994
4834 10956
4836 1026 2891 3190 3406 3826 3840 4528 4657 5035 5077 6523 7369 9290 9405 9408 9414 9417
4837 220 2042 6650 6876
4838 1323
4839 5
4840 5298
4841 621 5244
4843 376
4844 1590
4845 533 940 1971 3436
4846 1931
4847 1122
4848 3523 5481 5772 10966
4849 5103 7820
4850 4598
4851 5
4852 95 105 2257 4715 9455
4853 365 558 2760 4065 5865 6023 8524 9896 10979 10980 10981 10983 10984 10985
4854 1727 1792
4855 346 1140 1266 3444 3605 6963 7347 10306 10990 10992
4856 1333
4857 487 1877 2444 3515
4858 6312
4860 368 1182 5350
4861 1492
4862 1292
4863 429
4864 1246
4865 3444
4866 9471
4867 922
4869 356
4870 5 852 2866 7252
4871 543 11050
4872 573 894
4873 290
4874 9485
4875 8
4876 998
4879 431
4880 9486
4881 97 1797 11061
4882 265 1271 4775 14019
4883 6182
4884 5 114 346 533 601 2016
4885 6842 11065
4886 5251
4887 5
4888 5
4890 601
4892 431 1477 11070
4893 103
4894 1477
4895 5 6 8 10 32 95 105 110 164 204 275 290 310 387 395 419 420 451 455 490 533 557 578 631 662 717 727 750 931 951 973 994 1174 1179 1190 1211 1272 1300 1391 1439 1485 1486 1587 1644 1645 1646 1655 1704 1770 1774 1982 2064 2125 2136 2172 2227 2229 2230 2250 2255 2289 2297 2387 2413 2559 2577 2622 2688 3169 3232 3263 3341 3385 3491 3557 3655 3691 3830 3939 4034 4037 4039 4363 4508 4510 4513 4670 4723 4981 4984 5040 5061 5328 5329 5331 5332 5405 5717 5814 6035 6575 6813 6928 7238 7423 7731 7788 7795 7805 7832 7850 7947 8090 8153 8154 9256 9446 10024 10243 11081 11084 11088 11089 11090 11091 11092 11093 11094 11097 11098 11099 11100 11110 11115 11128 11129 11130 11131 11145
4896 3800 9497
4898 8537
4901 1120
4902 11153
4904 283
4905 6 6217
4906 5
4907 894 1849 7862
4909 11162
4910 9758
4911 480 1014 1099 5199
4912 215 266 306 505 508 707 854 995 1061 2020 2255 2608 2739 3168 3229 3788 4721 5090 6277 6566 6598 7489 7721 8814 9473 11113 11168 11170 11171 11174 11175 11181 11182
4913 9509
4914 5 158 564 850 4786 4792 8548
4915 5 494
4916 631 2496
4917 5
4918 400
4919 1835 6302
4920 8
4921 11200
4922 4260
4923 644 8979
4924 5
4925 5 356 400 1457 1481 5320 5816 8662 9182 9185
4926 5
4927 631
4928 636
4929 1755
4930 349
4932 55 81 141 1066 1242 6040 7577 9996 10240 11211
4933 593
4934 6557
4935 321 436 901 1110 1840 2427
4936 1849
4937 2439
4938 11217 11219
4939 2280
4940 267 388
4941 2257
4944 7896
4945 11225
4946 1142 5829
4947 1148 1814 11229
4948 355 8700
4949 5
4950 9562
4951 385 2001
4953 1332
4954 349 3203 4026 5925 7470
4956 6
4957 445 1516
4958 49 6612 9576 9581
4959 592
4960 2820 3296 3487 6132
4961 422
4962 8934
4963 342
4964 165 400 1033 1308 5661 9593 9594
4965 2588 3064
4966 240 510 645 2375 6519
4967 3214
4968 6214
4970 81
4972 1076 1824
4973 2580
4974 330 4982 9606
4976 4961
4977 505 2255
4978 215 249 408 1354 1972 2283 3415 5347 9615 9617 9618
4979 591 850 1060 2722 6015
4980 645 1483 1752 2560 4532 5032
4981 11267
4983 537
4984 82
4985 6191
4986 6594
4987 4920 9632
4988 11045
4989 351
4990 9655
4991 3070
4992 942
4993 11272
4994 11277
4995 9661
4996 5
4997 403 4235 8832 9793
4998 5
4999 642 1204 2479
5000 568
5001 3127
5002 1272
5003 5 2690 4814 7710 9670 9673 9677
5005 160 578 1242
5006 578 1835 6249
5007 2838
5008 3316
5011 819
5012 8 451 767 849 850 3378 4594 11304
5013 1847
5014 363 2544 6379 8977 9698
5015 8
5016 5
5017 1340
5018 431
5020 3933
5022 8230
5024 5
5025 5
5026 370
5027 242 3737
5028 5 290
5029 9454
5030 445 1388
5033 529
5034 4422 9714
5036 5068
5037 1025
5038 1010 5775
5039 1966
5040 319 503 771 1290 1300 1371 1458 1477 1657 1931 2352 2496 2624 3943 3956 4552 5104 5110 6456 6908 7035 8578 9063 9125 9203 9204 9205
5041 236 413 487 643 937 1715 3071 3464 3814
5042 5
5043 1127
5044 677
5045 1061 1931
5046 9747
5049 10
5050 75
5051 5405
5052 1566 11480 11484 11485 11487
5053 9740
5054 894
5055 464 1374 2423 3770 5481 7164
5056 692
5057 5 1792 9763
5058 9762
5059 6 8 24 81 643 935 1061 1082 1179 1644 1741 3579 3667 3700 4928 5032 5150 5915 7423 7783 8059 8638 11266 11498
5060 196
5061 6893
5062 489
5064 123 342 451 1109 2296 9957
5066 645
5067 3886
5068 11510
5069 5952
5070 582 4493
5071 169
5072 5 32 63 110 740 786 945 1086 1644 3228 3261 4701 4723
5073 7119
5074 5 405 1698 1867 1955 2930 3805 6099 11518
5075 998 1194 9666
5076 5 140 260 403 952 2441 2569 3930 4235 4587 4588 5359 6149 6758 9789 9793 9794
5078 1849 1867
5079 6222
5080 5
5081 519
5082 5
5083 62 1539
5084 5 7 9 18 36 63 64 65 91 114 117 137 139 140 174 178 198 237 240 248 266 273 275 310 337 342 351 413 438 467 470 496 499 505 510 516 526 533 578 590 594 624 645 666 727 730 763 793 805 902 940 1021 1084 1102 1109 1148 1194 1208 1271 1282 1310 1351 1374 1442 1449 1460 1493 1513 1563 1578 1613 1622 1665 1727 1741 1750 1755 1801 1809 1814 1838 1933 2002 2020 2042 2072 2086 2128 2165 2223 2247 2255 2375 2392 2406 2458 2524 2551 2577 2592 2616 2633 2682 2697 2712 2748 2785 2848 2851 2891 3003 3008 3169 3172 3228 3252 3263 3324 3566 3572 3590 3715 3772 3774 3836 3838 3940 3996 4025 4030 4085 4178 4276 4306 4335 4378 4392 4440 4516 4528 4629 4705 4885 5032 5038 5040 5051 5077 5227 5341 5424 5597 5700 5703 5911 6345 6391 6493 6534 6777 7266 7900 8033 8070 8095 8261 8546 9209 9252 9425 9806 9812 9814 9818 9819 9820 9828 9841 9848 9868 9879 9905 9918 9926 9945 9953 9965 13796
5085 2551
5086 4571
5088 4715
5089 9967 9969
5090 5326
5091 2439
5092 5
5093 529 1884
5094 4555
5095 8 624 1142 2705 7562 11537 11538
5096 204 349 1501 1566 7646 8372 9976 9979
5097 5037
5098 231
5099 7 113 225 346 429 644 703 824 1075 1295 1333 1501 2062 2342 2576 2707 2892 3057 3060 3735 4468 4598 4641 4778 4920 5144 5281 5523 6245 6467 6476 7400 7449 8421 8744 8834 8904 9134 9238 9638 9724 9768 10220 10305 10420 10992 11550 11552 11553 11554 11555 11556 11557 11560 11561 11563 11564 11566 11569 11571 11575 11577 11578 11580 11581 11584 11586 11587 11590 11592 11593 11594 11597 11599 11601 11605 11609 11610 11613 11615 11619 11622 11623 11624 11626 11627 11628 11631 11632 11633 11634 11635 11639 11642 11646 11650 11651
5100 1778
5101 230 807 1101 1840 3653 8504
5102 204 2675 6632 7884 8121
5103 3003
5104 624
5105 9984
5106 592 4184 6090
5107 860
5108 9045
5109 90
5110 9993
5111 8 81 184 451 545 563 664 700 701 1166 1745 1778 1936 1938 1939 1940 1941 1942 1943 1944 1946 1995 2416 2678 2739 2942 2950 3019 3098 3508 3858 3908 4124 4248 4627 5136 5856 5902 5934 6474 6584 6823 6949 7349 7411 8357 8374 10075 10123 10204 10499 10627 11562 11659 11664 11665 11666 11676 11688 11689 11690 11703 11704 11705 11706 11714 11715 11716 11717 11724 11728 11730
5112 11733
5113 591 10016
5115 11737
5116 289
5117 8 564 2614
5118 348 523 1449 1781 2081 2868 4077 4516 4535 10287 11732 11744 11748 11753
5119 11582
5122 1024
5123 5
5124 5 35 62 139 140 494 664 666 720 888 890 894 1575 2439 2565 2813 2914 3930 4245 4461 4679 5575 6217 6828 7273 8094 9649 9872 10013 10014 10019 10021 10025
5126 1564 2247
5127 622
5128 652 3523
5129 631
5131 7737
5132 1835
5133 1460 1727 2375
5134 7621
5135 31 1377
5136 539
5137 1289
5138 4278
5139 5 62 1282 1344 3127 3617 6991 7202 10046 10049
5140 1011
5141 2646
5142 10050
5143 3488
5144 180 2262 2372 3840 5049 7555
5145 1474 4664
5146 5274
5147 10054 10055 10056 10057
5148 2492 5158
5149 5
5150 668
5151 4566
5152 103
5153 4151
5154 329 422 1449 1815 8912 9035 10064 10065 10066 10067
5155 1334
5156 745
5158 9355
5159 2728
5160 696
5161 4151 5947
5162 5597
5163 5 299 568 955 2784 4899 4964 7385 8943 11773
5165 10070
5166 11778
5167 2030 7423
5168 10722
5169 10072
5171 10588
5172 1947
5173 2059 9278
5174 11797
5175 4360 9210
5176 1148
5177 5316 11799
5179 9212
5180 5 8 81 220 285 355 395 400 729 987 1732 2416 3173 3269 4039 7122 9154 9239 11056 11804 11806
5181 1340
5182 329 467
5184 9213
5185 408
5186 90
5187 18 120 178 234 266 348 389 510 524 580 645 684 1028 1052 1061 1084 1251 1470 1564 1653 2224 2227 2255 2497 2566 2601 2762 2807 2812 2824 3171 3252 3263 3264 3572 3767 4049 4617 5036 5077 5331 5648 6257 6527 7383 7490 7530 7555 8095 8119 11157
5189 802
5190 11828
5191 252
5192 5853
5193 6281
5194 6899
5195 4935
5197 7
5198 266
5199 11846
5200 1109 1815
5201 5788 9648 11853
5202 2418
5203 90 244
5204 1562
5205 203 519 763 1683 1814 3145 4368 5293 5588 6802 8168
5206 9189
5207 25
5208 183 531
5209 4955
5210 11859
5211 131 691 772 774 793 1010 1732
5212 7280
5213 269 7484
5215 5 123 163 523 574 954 961 1084 1116 1559 1780 1781 1841 3188 3261 3340 3614 5047 7378 7403 7877 9229 9601 10724 11868 11870 11871 11872 11873 11874 11875 11876 11877
5216 779
5218 29
5219 6711
5220 743 1545
5221 9171 9197
5222 11879
5223 4700 11880
5224 631 1849
5225 5
5226 836 11882
5229 6316
5230 5
5231 3726 9208
5232 5 624 8123 11887
5234 15 18 36 91 175 248 253 265 267 269 275 347 348 349 376 466 486 506 510 516 523 574 579 582 618 627 681 692 717 720 772 898 940 951 954 961 1012 1084 1110 1179 1199 1209 1252 1282 1470 1655 1680 1855 2011 2077 2086 2233 2253 2257 2290 2342 2387 2462 2510 2511 2635 2644 2761 2762 2789 2868 2891 2927 2974 3038 3099 3168 3191 3200 3207 3406 3505 3549 3574 4030 4044 4720 4735 4915 5047 5093 5147 5410 5650 6429 7040 8076 8194 8981 9218 9228 9230 9236 9240 9241 9252 9256 9264 9265
5235 5 9283
5236 4055
5237 5 47 75 81 90 95 106 160 221 352 433 434 519 645 679 681 690 843 845 846 967 968 969 970 971 972 973 1375 1377 1378 1382 1423 1556 1663 1968 2022 2159 2167 2171 2204 2238 2349 2413 2574 2845 2898 2899 2900 2902 2904 2905 2906 2911 2987 3083 3523 3665 3852 3994 4443 4523 4995 5307 5821 6478 8579 8705 9581 10137 10309 10891 11262 11893 11894 11895 11902 11903 11905 11907 11909
5238 5
5239 8 1211 5060 9287
5240 4328
5241 5868
5243 10747
5244 5
5245 5 6 275 351 385 395 413 496 732 1071 1495 1651 1990 2956 3082 3461 3469 4790 4799 5143 6862 8753 8754 8755 9293 9302 9310 9315 9318 9319 9320 9326
5246 3965
5247 5
5249 9342
5250 18
5251 3172 3987 7613
5252 1667 5322
5253 990
5254 4 7671
5256 81
5258 6 8 240 356 525 533 645 1271 1798 2020 2418 2566 2614 2712 3038 3099 3169 3457 3572 4516 5210 5319 6487 6546 7191 8417 9352 9353 9360 9364
5259 56
5260 325 776 1142 2798 3973 3974
5261 7171
5262 873 1804
5263 950
5264 12 4938 8781
5266 1110
5267 9420
5268 11945
5269 5877
5270 11831 11946
5271 5 2064
5272 316 2356 2496 9381 9415
5273 1282 2551
5274 953
5275 376 9021
5276 4322
5277 889
5278 498 696 826 2303 2352 2804 3318 10468 11394 11955 11958 11960
5279 578 4546
5280 4272
5281 594
5282 17
5283 2170 2256 3038
5284 5
5285 138 510 1882 5199
5286 385 3830
5287 178 867 4088 6023 8705 8726 10982 10986 11262 11895 11976 11977 11979 11980 11981
5288 5
5289 11983
5291 3153 10475
5292 10090 10091
5294 704 1232
5295 5 151 795 1882 2040 6946 10780 12000 12001
5296 1879 8761
5297 290
5298 3096
5299 3221
5300 4651 6158 12009 12010
5301 2596
5302 1398
5303 10106
5304 214
5305 1093 9391 10110 14024
5306 3258 10111
5307 5 533 1947 1990 10123
5309 10249
5310 10127
5312 299 4910 6380 8985
5313 1472 3703
5315 12026 12027
5316 5 763 4241 4723
5317 2545
5318 3010
5319 3032
5320 203 226 1096 1566 4566 6566 7679 12034
5321 158 3615 7021
5322 2285 3113
5323 10143
5324 4470
5325 8 300 385 564 793 850 935 4723 4847 7743 12043
5326 5 226 284 285 1005 1097 1784 2388 3456 4566 5246 6579 10217
5327 7661
5328 7664
5329 9111
5330 5488
5331 533
5332 7527
5333 2712 4363 10155
5334 548
5335 349 464 2493 2612 6380
5336 400
5337 1814
5338 2356
5339 7158 10172
5340 10544
5342 10180
5343 519 2442 3715 5423 6153
5344 1345
5346 643 8504
5347 305 6769 12057 12058
5348 356 691
5349 6942
5350 5042
5351 484
5352 5
5354 482 1366 12063
5355 128 466 539 578 732 1021 2245 3505 6102
5356 68 1296 2615
5357 1825
5358 5068
5359 8
5360 1096 2442 4587 4588 11424
5361 8
5362 9209
5363 5 11 167 590 1155 1374 1876 2255 2545 3145 3473 4864 6184 7672
5364 5
5365 1562
5366 4122
5367 75 12072
5368 5 8 81 1506 2933 2956 12074
5369 5
5370 182 184 231 1316 12076 12077
5371 535 1821
5373 5
5374 5
5375 1093 2956 5743 12086 12087 12088 12093
5376 9921
5377 275 355 381 1272 1474
5378 5 2498
5381 1966 12096 12098
5382 561 3915 5908
5383 6095
5384 8 349 9287
5385 763
5386 3064
5387 127 436 1196
5388 704 2324 6913
5389 5
5390 10222
5391 6457 10224
5392 8472
5393 5 454 3061 3994
5394 5
5395 1842
5396 90
5397 2633
5398 1097 2111 6075 12107
5400 57 4078 7542
5402 5 81 90 95 169 349 406 837 1151 1282 1294 1442 1466 1741 2000 2372 2406 2448 3036 3345 3581 4278 4283 4536 4838 5221 5325 5875 6345 6419 6476 7118 7463 10235 10237 10238 10241 10247 10249 10252 10258
5403 819
5404 5903
5405 3437 4857
5406 3908
5407 140 141 196 203 480 504 890 935 983 1041 1098 1342 1815 1872 1949 1962 1963 2441 2625 3514 3930 4002 4235 4299 4300 5727 5993 6163 6164 6704 7107 7664 8230 10269 10270 10272 10275 10277 10281 10282
5408 5381
5409 130
5410 8
5411 6293
5412 413 1108 1252
5413 772 774 4122 14025
5414 1149 8411 8442
5415 3153
5416 2029
5417 5
5418 103 4523
5420 275 898 901
5421 2908
5422 5619
5423 68
5424 5 515
5425 5 10 72 1774 3773 4691
5427 103 5357
5428 5 36 557 580 1849 3836 5103 5157
5429 5
5430 5 2565 5804 12143
5432 633
5433 894
5434 1362
5435 1932
5436 5 10295
5437 7 10 73 110 160 318 346 482 853 886 942 1010 1079 1466 1473 2560 2850 4904 5222 7239 9440 10237 10298 10304 10308
5438 60
5439 2502
5440 568
5442 1996 5357
5443 77 1845 6696 11163 12154 12155
5444 6313
5445 622 11148
5446 12159
5447 7594
5449 2805
5450 5 240 644
5451 1937 1940
5453 2907
5454 2233
5455 730
5456 5 1570
5457 4883
5458 3940
5459 7172
5461 130 471 568 1608 1903 4778 10311 12168 12169 12170 12171 12174 12178
5462 1835
5463 2712
5464 5
5465 269
5466 506
5467 533
5468 106
5469 175 389 599 894 2720 3573
5470 5 126 269 2109 3473 5404 6051
5473 169 1103 12188
5474 546
5475 631 1366
5476 1101
5477 580
5479 95
5480 2510
5481 3471
5482 395
5483 3637
5484 1472
5486 2625
5487 460
5488 2029
5489 2118
5490 1324
5492 12194 12195
5493 12199
5494 5 275 464 506 533 592 1126 1285 1350 1657 1784 1950 2039 2559 2720 3051 4089 4101 5825 9132 9307 9312 11501 12205
5495 1211
5496 1374
5497 240 2440
5499 5 51 168 336 894 1755 1815 2037 2549 2801 3249 3523 6222 9551 10213 10356 10357 10370 10373 10379 10387
5500 349
5502 349
5503 62 519 599 672 673 2660 4971 7002 9725 10390 10400
5504 21 290
5505 10552
5506 12210
5507 1643
5508 717
5509 3338
5510 7311 10209
5511 38
5512 3435 3532
5513 1975 10406
5514 4994
5515 641 1845
5516 413 1983
5517 1506 2573 3882 5219 5616 9309 10414 10431
5518 708
5519 5 594
5521 5
5522 3259
5523 3417
5524 53 2814
5525 8
5526 504 1552 1755 3247
5527 799
5528 618
5529 5578 5927 7259 10557
5530 636
5531 889 4308
5532 1466 1467
5533 415 624 806 1613 5430 6093 6886 7393 7527 12216
5534 1259
5536 397
5537 10571
5538 12222
5539 5
5541 5117
5542 231 3290
5543 1489 1562 3090 5102
5544 8 793
5545 5 1131
5547 3756
5548 5
5549 6073
5550 15 898 1174
5552 703
5553 5 3505
5554 103
5556 8011
5557 10457
5558 139 516 627 742 1110 1113 1460 1462 2634 2806 3321 3473 4132 4645 4797 5037 6132 9440 9651 10318 12226 12227 12228 12230 12242 12243
5559 275
5561 526 2344
5562 10 231 240 617 802 1829 4627 12247 12248 12250 12251 12252 12253 12254 12255 12257 12258 12259 12260 12261
5563 18
5565 5405
5566 7168
5567 265 351 666 9646
5568 1054
5570 5
5571 102 541 542 1148 7054 7384 10460
5572 1710
5574 400
5575 1075
5576 10323
5577 5
5578 12269
5580 827
5581 5
5582 1366
5583 5 23 59 490 506 681 742 986 1539 1732 2496 3234 3471 4040 4171 4795 4926 7123 8352 10484
5584 212
5585 12273
5586 10489
5587 6130
5588 110
5589 236 709 2662
5590 3034
5591 6509
5592 750 10503
5593 6
5594 480 2377 2662 3042 3404 10497 10498 10501
5595 5
5596 5900
5597 10511
5599 4216
5600 8 400
5601 5 313 8282
5602 1653 2070 3490 4042
5603 7037
5604 6907
5605 852
5606 2634
5607 2072
5608 3856
5610 2784
5611 5732 12295
5612 588
5613 5081
5615 5
5616 10523
5617 3073 6410
5618 12262
5619 2636 4280
5620 1375 1377 2009 2245
5621 2613
5622 1931
5623 5741
5624 110 727 1271 1489 4388
5625 5730
5626 33
5628 476 703
5629 6019 12326
5631 5 1549 4235 6143 10537 10538
5632 1917 6405
5633 218
5634 212 2014 4177 11974
5635 599
5638 626
5639 433
5640 81
5641 6933
5644 10552
5645 10553
5646 10555
5647 5 105 343 1520 2925 3136 3444 10559 10561
5648 3617
5649 6155
5650 10564
5651 2913
5652 12338
5653 3877
5655 103
5657 12 95 349
5658 1344
5659 1506
5660 1080 12340 12341
5663 10577 10578
5664 633 6495
5665 10251
5667 5
5668 77 140 141 408 703 890 1301 1396 1717 2103 2280 2736 3930 9576 12343
5669 5
5670 4044
5671 8700
5672 776 1141 12353 12354
5673 3081
5674 5
5675 8 77 269 298 708 767 849 1952 2513 2613 2805 3698 6981 7566 10236 12360 12361 12366
5677 1840 2101 10740
5678 1613
5679 1350
5680 10438
5682 823
5683 80
5684 4758
5686 164 329 389 1449 1451 1804 1965 2479 3005 3204 3257 3572 3772 3774 4077 4320 4735 4827 5051 5161 5533 6167 7028 7714 9290 9467 12375
5687 5
5688 645
5689 5 524 601 881 1282 1801 3038 3165 3357 3614 6027 12383 12389
5691 103 105 275 562 641 689 795 918 1065 1142 2545 2667 3741 4814 5114 6542 6578 8243 8687 12394 12399
5692 5
5693 349
5694 999
5695 12401
5696 2069
5698 15 898
5699 6945 8144 11114
5700 1086
5701 438
5702 10592
5703 5
5704 529 4636 9087
5706 4880 9901
5707 5 23 238 321 380 1383 1489 2486 2577 2637 7820 7853 7901
5708 1849
5709 3978
5710 1130
5711 5 97 144 539
5713 12418
5715 496 1061 2448 4320 12420 12421
5716 225
5717 5 1717 1901 5774 7225 12422
5718 582 1472
5719 998 3353
5720 50 745 2233 2549 3253 4664 4779 8182 9175 9178 9179
5721 5
5722 860 6361 10606
5723 10609
5724 72 290 2814 4162 4241 5088 5248 9078 10617 10622
5725 8 10 24 81 184 196 433 451 848 850 1075 1101 1109 1236 1337 1361 2029 3733 3908 6051 6071 11384 12432 12437 12440
5726 330 1301 3538 5718 10420 12453 12456
5727 5 8 22 42 212 480 702 1457 1543 2015 2728 2764 2930 3397 3879 4340 5570 6859 7037 7250 7380 8251 8423 8646 9935 10215 10295 10637 10639 10640 10643 10648 10650 10653 10657 10659 10662 10667 10668 10669 10671 10672 10676 10680 10689 11056
5728 227 655 1187 1545
5729 2867
5730 7313 10693
5732 45
5733 7556
5735 7904
5736 504 2489 4576 7107 10454 14026 14027 14028 14029
5737 1861 2489 5883 7710
5739 1298
5740 5059
5741 9437
5742 139
5744 106
5745 6421
5746 4576
5748 951 1917
5749 5090
5750 5 9446
5751 335
5752 1993
5753 283 284 285
5754 127
5755 258 1575 1656 1872 2327 2331 2730 3185 3186 4279 6143 6565 7424 8320 9454 9457 9460 9462 9468 9472 9473 9474
5756 953
5757 7302
5758 470 514 1413 2231 2385 8223
5759 81
5762 351 539
5763 2870
5764 81 703 2352
5765 1296
5766 9499
5767 7398 8068 9500
5768 730
5769 713 9504 9505 9506 9507 9508 9512 9513
5770 4297
5771 2382
5772 601 4218
5774 3024
5775 5
5776 5
5777 1485
5779 5
5780 77 90 273 351 467 506 644 672 673 742 889 893 894 951 1008 1334 1335 1375 1376 1377 1413 1613 1632 1755 1770 1814 1899 2009 2016 2261 2753 3436 3441 3850 3996 4035 4400 4727 5214 5789 5952 6222 6358 6571 6577 7347 7688 8345 9030 9343 9366 9515 9533 9565 9580 9598 9602 9607 9619 9624 9630 9642 9647 9652 9656 9657
5781 31 1606 2231 3218 4245 7480
5782 1179
5783 998
5785 12
5786 2352 4118 7899 9692
5787 9702
5788 2994
5789 1552
5790 81
5792 5945
5793 4577
5795 881
5798 1151
5799 671 7314
5800 5329
5801 5290
5802 24 68 72 81 90 95 134 299 343 352 400 410 529 628 1242 1266 1662 1839 1840 1860 1913 1985 2089 2352 3102 3461 3852 4535 4594 4917 5714 5773 5994 6309 7239 7710 8179 9567 9722 9724 9728 9729 9730 9735 9737 9746 9751 9752 9753 9760 9764 9773 9774 9775 9778 9787 9795 9796 9797 9798 9799
5803 1711 3805 9801
5804 5
5805 1378
5806 5
5808 7263
5809 50 7320
5810 5 4847
5811 5 275 400 793 1402 1429 1438 1791 1795 4537 4873 5160 5164 9125 9808 9810
5812 385 1437 5183 6175
5813 4542
5814 7325
5815 5 7 8 24 68 103 333 346 369 594 702 1018 1317 1332 1344 1882 2349 2375 2559 5372 5423 6708 8909 9702 9829 9836 9846 9858
5816 2863
5818 5400
5819 5
5820 114 265
5821 7330
5822 2057
5823 6412 7333
5824 7335
5825 225 1196 3525 6667
5826 692 1398 6571 9868
5827 1723
5828 260 275 1964 7336
5829 581 1551 2598
5830 347 591 1516
5831 918
5832 62 832 4084 7655 8873 9874
5833 103 265 1093 1340 7360 9881 9882
5835 3114
5837 9885
5838 5
5839 4863
5840 396 641 955 1142 9891
5841 2814
5842 681 1447 1912 3719 4522 6267 7693 8899 9896 9902 9903
5843 1271
5844 5
5845 91
5846 141
5847 3437 7339 7340
5848 6466 7338
5851 6544
5852 5 385 5327 6831 9440
5854 434 1423 7342 7343
5855 487
5856 1628
5857 3775
5858 275 338 767 774 795 1994 2588 2716 3314 3691 3714 5328 6455 7344 7347 7350
5860 529 7354
5861 1079
5862 9917
5863 8307
5864 2565 4409
5865 578
5866 5 160 2219 6499 9925 9927
5868 844 1347 3178 4453
5869 7359
5870 238 9931
5871 24
5872 594
5873 7363
5874 6529
5875 645
5876 1124
5877 240 451 575 724 6904
5880 330 579 1752 3324 3506 3613 3837 5076 6695 7369 7376 7379
5881 5 6 8 103 349 451 526 533 743 851 864 1301 1371 1375 1645 1646 3172 3998 7382 7383 7386 7398
5882 7381
5883 179
5884 413 2444
5885 35 90 114 227 269 288 337 338 385 433 452 584 627 681 689 804 860 894 1066 1102 1141 1351 1366 1772 1867 1915 2385 2413 2492 3073 3772 4218 4255 4846 5042 5305 5781 6197 7214 7270 8852 9726 9747 9940 9944 9947 9949 9951 9952 9960 9973 9980 9982 9988 9995 9998 10005 10007
5886 164 451 676 1374 3505
5887 805 2801 6864
5888 288 491 564 1179 1396 1467 1477 1551 3691 4711 4713 4714 4716 5142 7883 9280 10023
5890 1662
5891 10031
5893 1644
5894 928
5896 869 4278
5897 8
5898 564
5899 114 796 1374 1487 2737 2760 7403
5900 4400
5903 7266
5904 14030
5905 5
5906 400 644 2284 4162 4884 6405 10044
5907 7411
5908 9839
5909 8 901
5910 1642
5911 5703
5913 269
5914 3919
5915 269
5916 73
5919 7427
5920 5 236 915 2439 10058
5921 2743
5922 1801 7610
5923 5
5924 359 7434 7435
5925 889
5928 3523 4814
5929 90 1121 1465 5310 6612 7404 8866
5930 5
5931 3436
5932 45 68 81 300 349 433 438 451 558 568 589 740 1142 1296 1472 1513 1890 2116 2845 3505 4301 4540 4918 5307 5528 6478 8296 8911 9276 10099 10109
5933 853
5934 6476
5936 7446
5937 3474 6993 7447 7448
5938 5
5939 1821
5940 5 1101 4020 9420 10126
5941 10131
5942 10133
5943 533
5944 10151
5945 7452
5946 4075
5947 10163
5948 4406 4576 5525 6382
5949 2423 7457
5950 1539
5951 1903
5954 5 6996
5955 2922
5956 289
5957 160 183 2610
5958 15 87
5959 265 496 664 1076 9756
5960 3180
5962 1335
5963 8 95
5964 5330 5709
5966 6399
5968 3264
5969 1402
5970 76
5971 490
5972 5
5973 17 651
5975 7465 7466 7467
5976 963
5977 1539 7330
5979 717 10202
5980 95 212 1383
5981 473 6985
5982 81 2736
5983 10208
5984 5 81 3024
5985 1024
5986 3462
5987 811 4260 6143 7738 9953 10210
5988 624
5989 2227
5991 196
5992 8003
5993 7470
5994 1345
5995 2544 7475 7476
5996 275
5997 496 1271 1374
5998 2020 3300 8218
5999 5 898 5232 7478 7479
6001 289
6002 2260
6003 5
6004 451
6005 2352
6006 5
6007 6705
6008 5290
6009 395 591
6010 651 1824
6011 275 358 433 487 539 806 1323 2335 2807 3071 3172 4021 4369 4614 5181
6012 8814
6013 376 2375
6014 654 9223
6015 4673 7481
6016 296 892 1272 1879 2805 3471 3596 4391 10253
6017 376 679 1247 1834 3082 5244
6018 10256
6019 13705
6020 7485
6021 5
6022 10260
6023 391 523 1752 1753 3214 4946
6025 3006
6026 4546
6028 5 65 349 582 681 793 1008 2011 2108 3264 3511 4980 7480 7900 7910 9334 10265 10266 10268
6029 537
6030 1584
6031 5
6032 2647
6033 105
6034 65
6035 5 901 10110
6036 1127
6037 533
6039 5
6040 5130
6042 2729 6647 7486
6043 3631 4446
6044 5 356
6046 1061
6047 105
6048 5 105 3081 10290 10291
6049 7284
6050 10294
6051 3528
6052 2290
6053 10300
6054 539
6056 103 269 274 362 1213 1301 1378 2010 2342 2453 2702 2849 4306 4377
6057 2383 2545 3698
6058 6055
6059 10318
6060 1058 3272
6062 5 10 12 42 103 189 349 897 1198 1420 1421 1426 2049 3364 3865 4162 4543 4642 4875 8878 9355 9911 10326 10327 10328 10331 10333 10334 10335 10339 10340 10349
6063 1198
6066 425
6067 10 1010
6068 2691
6069 6464
6070 855
6071 180 1810 2255 5228
6072 1362
6073 1423
6074 1882
6075 3290
6076 3915 7495
6077 2618
6078 5363
6079 351
6080 559
6081 7496
6083 368
6085 9399 10380 10381 10382
6086 1731 9399 10381
6087 5 631 745 2565 4532 5032
6088 6339
6089 1301
6090 1605 1968 5198 8144 10399
6091 5553
6093 7498
6094 601 898 999 2994 4232 4252 5546 5548 5550 8198 9385 10410 10420 10429
6095 1095
6096 8885
6099 81 1374
6100 2385
6101 852 1087 1717 2363 6611 6968 7499 7500 7502 7505 7506
6102 4147
6103 5 205
6104 5318 10447
6105 5 218
6106 5
6107 8478
6108 103
6109 275
6110 237 496 786 3169 4305 5042 7509 7512 7513
6111 5 299 1333 1349 2804 3858 3904 7515 7516
6112 3 5 103 2022 2617 5200 6196 8909 10463
6113 65
6114 7518
6115 139
6116 226
6117 846 1396 1460 1843 3007 3053 3099 3445 4172 6003 7522 7523 7524 7525 7531
6118 2356
6119 696 1506 2585 10478 10479 10480
6120 1142
6121 2394
6122 5 16 45 90 100 165 226 255 360 561 622 702 741 988 1049 1102 1116 1320 1332 1437 1464 1578 1840 1844 1913 1946 2082 2087 2091 2233 2325 2334 2511 2528 2702 3371 3382 3681 4021 4284 4442 4706 4744 5161 5394 5456 5607 5856 5866 5869 6240 6581 6777 6928 7228 7360 7363 7534 7536 7538 7540 7542 7543 7546 7547 7549 7550 7552 7554 7557 7558 7559 7561 7562 7563 7564 7565 7566 7567 7570 7573 7574 7575 7576 7577 7578 7579 7580 7581 7582 7583 7584 13941
6123 1335 2250
6124 10482
6125 7585
6126 5 256 376 599 691 727 954 1344 1719 2256 3271 3770 4013 4044 4060 4103 4218 5058 5090 5652 5978 6123 7587 7588 7590 7591 7592 7594 7595 7597
6127 24 321 4572 9135 10483
6128 1862 4021
6129 5191
6130 329 7599
6131 7598
6132 10488
6133 6709
6134 1648 6051 6376 7600 7602 7603
6136 12 1021 2073 2927 3471 4578 7605
6137 1879
6138 3065 4571
6139 8 400 4542 10493
6140 3676 10494
6141 5 10495 10496
6142 8448
6143 255 360 4284 9520
6144 5
6145 4576
6146 645
6147 3172
6148 7145
6150 526
6152 126 2296 2844 2887 4465 4794 5334 5760 6962 7121 7158 7619 8964 10505 10507 10512 10515
6153 866
6154 5587 10519
6155 269 438
6156 56
6158 10521
6159 18 178 183 596 631 935 1179 1302 1486 2376 3579 3583 4784 6064 7608 7609 7613
6160 8
6161 10
6162 7617
6163 1451
6164 702 3856
6166 1389 1592 2172
6167 7620
6168 5
6169 807 884 2942 7284 9610 10171 10531
6170 5
6171 704
6172 4926 7621
6173 2630
6174 189 190 1146 1622 1817 1876 3071 3743 4411 4681 6846 7623 7624 7625
6175 286
6178 3073
6179 9459
6180 5
6181 533
6182 5 81 1021 2622
6183 692 854 3437
6184 2368
6185 5868
6186 7626
6187 1374
6188 5
6189 10539
6190 7627
6191 5334
6192 77
6193 6938
6194 3003
6195 138
6196 4388
6197 5
6199 1714
6200 372
6202 5631
6203 1840
6204 5
6205 532
6206 10554
6207 2551
6208 5
6209 5
6210 346
6211 7630 7631
6212 90
6213 538
6214 1458
6215 330
6216 7632
6217 5 140
6218 18
6219 645
6220 157 158 5866 6920 7371 9120 10569 10570 10571 10572
6221 3400
6222 7634
6223 4964
6224 2764
6225 742 1794 4664 5518
6226 8 90 121 155 184 288 349 400 548 696 1047 1360 1462 1464 1472 1481 1496 1760 1944 1946 2350 2390 2393 2603 2606 2613 2852 2879 3671 3852 4491 4636 4884 5126 5222 5601 5866 6105 6643 6920 7104 7579 7615 7666 8735 9393 9578 10582 10583 10585 10593 10597 10598 10600 10602 10607 10615 10618 10620 10621 10626
6227 7635
6229 533 5952
6231 1622
6232 8083
6233 301 1243 7636
6234 1037 3102 6943
6236 18
6237 8 898
6238 64 4280
6239 3779
6240 3915
6242 2443
6243 187
6244 802
6245 1869
6247 3202
6248 1975
6249 10655 10658
6250 4896 7637
6252 196 10665 10666
6254 7640
6255 1266
6256 7415
6257 7643
6258 130
6259 7597 7645
6260 5
6261 2670
6263 1010
6264 1662
6265 10 1786
6266 599 4415
6267 5 1723 4162 4241 9283 10694
6269 356
6271 2439 3427
6272 5 351 435 533 1263 1475 1570 2695 3503 4439 4549 4912 4922 5305 6101 6124 6130 6141 6321 6632 6829 7652 7653 7654 7655 7656 7657 7658 7660 7662 7664 7665 7666 7667 7668 7675 7676 7678 7680 7681 7683 7684 7685 7686 7688 13722
6273 431
6274 81 184 709 950 2052 2375 2753 3026 3681 4999 5000 5375 7273 7690
6276 5933
6277 654
6278 5 8 863 1003 5209 7691
6279 2440
6280 601
6281 231 1447 1880 3688 7638 7693
6282 3772
6283 4077
6284 290 2852 3462
6285 1992 10722
6286 7698
6287 626
6288 90 367 10725
6289 10727
6290 1066
6291 7700
6292 543
6293 8863
6294 8 10 356 451 651 1142 7701
6295 402 2234 4821 5157 7704
6296 774 3290
6297 218
6299 9787 10740
6300 5 641 918
6301 5766
6302 5 9 544 1488 5243
6303 5
6304 400
6305 4017 4018
6306 7427
6307 633 1864 10553 10751
6308 490 1351 1971 2064 2848 4466 4664 4735 4943 6209 6539 6961 7708 7709
6309 5001
6310 3243
6311 5 15 68 87 103 106 114 126 191 225 241 289 290 313 351 356 400 422 490 548 557 601 639 651 679 759 804 852 854 876 877 1024 1344 1349 1371 1415 1472 1613 1821 1877 1888 1994 2060 2492 2571 3003 3070 3190 3339 3479 3497 3727 3743 3829 3955 3956 3958 4225 4458 4724 6041 6256 6328 6376 6415 6722 9580 10519 10759 10782 10788 10790 10794 13756
6312 242 687
6313 4491
6314 4305
6315 90
6316 5
6318 2608 2811
6319 1142 4620 7710 7711 7713
6320 9714
6321 2439
6322 4099 8932 9181 10830 10831
6324 806
6325 4978
6326 7279 8216
6327 3508 9034 10840
6328 4322 5655 7168
6329 6038 7285
6330 262
6331 5045 7287
6332 174
6333 1867
6334 2736
6335 3701
6337 5297 10851
6338 10 636 3024 7710
6339 5
6340 2693
6342 329
6344 976 2388 2471 3975 4136 4142 4144 5504 8601 10867 10869
6345 167 4086 4095 5183 5453 6134
6346 8 269 1869 3919
6347 5 90 602 1103 1209 2544 4098 4805 6725 6970
6348 10 77 81 160 191 290 429 433 708 743 1301 1356 1465 1475 1845 2542 2646 3322 3330 3841 7467 7721 7724 7726 7727 7728 7729
6349 3426
6352 126 257 381 451 854 1327 1487 1586 2784 3773 5810 7592 7731 7733 7734 7735
6354 0 5 12 349 557 1093 7050 8909 10899
6355 7736
6356 915 1877
6357 298
6358 721
6359 1933 3055 6581
6360 4779
6361 1146
6362 3646
6363 310 380 737 4448
6364 493 1862 4260 6143 7739 7740 7741
6366 1992 10919
6367 24
6368 10921
6369 767 3098
6370 10 90 103 429 3617 3852 5332 10922 10924 10926 10927
6372 170 171 224 225 553 756 777 831 834 1428 1955 1994 2048 2162 2238 2912 3046 3052 3295 3559 4169 4170 4171 4172 4173 4196 4197 4198 4251 4257 4416 4431 4526 5346 6444 6812 7059 7198 7659 8056 8209 8347 8395 8443 8502 8867 9133 9887 10074 10820 10929 10930 10931 10932 10933 10934 10935 10936 10937 10938 10939 10940 10942
6373 662 666
6374 18 20 1564 1955 4849 6899 8949
6375 81
6376 383
6377 5 8 356 480 3532 7411 8374 10951 10952
6378 7294 7295 7296
6379 952
6380 12
6381 284 431 1097 2111 6075 10958
6383 3614
6384 1492
6385 81 318 2104 7743
6386 3247 3249 7747
6387 7748
6389 793
6390 889
6391 3337
6392 5 7749
6393 5 269 633 1814 4960 5706
6394 482
6397 230 1584
6398 18
6399 62 139 336 973 2170 2901 2911 5939 7751 7753
6400 698 749 1391 2172 2750 4038 4513 7725 10895 10977
6401 5
6402 1867
6403 10573
6404 523 10991
6405 4599
6406 10138 10996
6407 1560
6408 53 537
6409 155
6410 3885
6411 36
6412 5
6413 3920
6414 8 24 346 1329 5027
6415 3945
6416 262 1220 2912 8178 8437
6417 2738
6418 5
6419 8649
6420 10973
6421 5122 10504 11690 14035 14036 14037
6423 5076
6424 2660 4900 8190 8191
6425 958 3970
6426 4864
6427 627 2791 3165 4031
6428 745 1425 2529 4392 5189 10420
6430 125 1267 1513 5664 9470 11013
6431 743
6432 4421
6433 209
6434 11019
6435 644
6436 867
6437 651
6438 4476
6439 1111
6440 7268
6441 11026
6442 1879
6443 105 5063
6444 801
6445 168 568 631 2009 2245 3441
6446 8193 8195
6447 64 2674 5116 5164 8196 8197
6448 5968
6449 5 8177 8198
6450 445
6451 6661 8199
6452 418 5453 6039
6453 1931 2200 3528 5454 8200 14038
6454 6961
6455 2375 11034
6456 4435
6457 90
6459 5
6460 11037 11038 11039 11043 11045 11046
6463 8201
6464 349
6465 209 1052
6466 6702
6468 203 1344 1658
6471 848
6472 4943
6473 2477 5361 8203
6475 18
6476 5 2010 2040 2104 3743 5992 6601 9125 9889 9890 11067
6477 4571
6478 2375
6479 390 539 3066 5993 6288
6480 8
6481 1933
6482 729 2851 3248 6769 11072 11074
6483 8205
6484 413 3809 3810 3811
6485 5700
6486 6 36 61 65 110 120 173 175 177 178 179 180 186 199 204 234 276 305 309 311 325 357 359 366 394 395 396 397 406 421 433 455 491 505 511 515 516 524 525 526 603 612 627 653 670 720 737 784 785 821 837 850 945 962 974 986 987 1169 1174 1198 1208 1327 1386 1483 1489 1507 1544 1553 1554 1558 1559 1560 1562 1666 1741 1795 1800 1807 1838 1872 1875 1963 1988 2113 2118 2124 2223 2227 2229 2247 2253 2297 2298 2305 2319 2320 2344 2373 2375 2376 2395 2421 2447 2451 2462 2529 2559 2601 2616 2636 2637 2638 2664 2697 2699 2720 2727 2798 2812 3032 3081 3089 3200 3204 3206 3208 3209 3220 3222 3225 3227 3228 3232 3287 3370 3514 3549 3571 3573 3574 3575 3579 3609 3612 3652 3653 3681 3700 3830 3837 3900 3937 3938 3947 3993 4008 4039 4045 4046 4127 4155 4192 4278 4283 4284 4322 4388 4527 4528 4531 4566 4576 4595 4617 4630 4647 4651 4744 4852 4964 5030 5036 5039 5040 5051 5052 5071 5077 5103 5157 5197 5244 5251 5253 5258 5299 5325 5450 5459 5619 5654 5690 5725 5752 5756 5776 5782 5800 5974 5993 6033 6063 6064 6066 6068 6070 6145 6169 6215 6216 6219 6220 6277 6341 6345 6518 6520 6528 6535 6538 6582 6583 6819 6900 6934 6938 6998 7036 7224 7247 7278 7303 7307 7320 7383 7423 7434 7497 7503 7520 7521 7578 7756 7757 7759 7761 7762 7763 7764 7765 7766 7767 7768 7769 7771 7772 7773 7774 7776 7777 7779 7781 7783 7785 7786 7787 7788 7789 7790 7791 7793 7794 7795 7796 7798 7799 7800 7801 7802 7803 7805 7807 7809 7810 7812 7813 7814 7816 7818 7819 7820 7824 7825 7826 7829 7831 7832 7833 7834 7835 7836 7837 7839 7840 7843 7844 7845 7846 7847 7848 7849 7850 7851 7853 7855 7856 7857 7858 7860 7861 7862 7864 7865 7866 7868 7869 7870 7871 7872 7873 7875 7876 7877 7878 7880 7881 7882 7883 7884 7885 7886 7887 7888 7889 7891 7893 7894 7895 7896 7897 7898 7900 7901 7902 7904 7905 7906 7907 7908 7910 7911 7912 7913 7914 7915 7916 7918 7920 7922 7923 7924 7927 7928 7930 7931 7932 7933 7934 7935 7939 7940 7942 7945 7946 7948 7949 7950 7952 7953 7957 7958 7960 7961 7962 7964 7965 7966 7969 7970 7971 7974 7975 7976 7978 7979 7980 7983 7984 7985 7986 7987 7988 7990 7992 7993 7994 7999 8001 8004 8005 8006 8010 8012 8014 8016 8018 8020 8021 8022 8023 8024 8027 8028 8029 8031 8033 8034 8036 8037 8039 8041 8042 8043 8044 8045 8046 8048 8049 8050 8051 8052 8053 8054 8055 8058 8060 8062 8066 8067 8068 8072 8075 8077 8080 8081 8082 8085 8087 8089 8091 8092 8096 8097 8098 8102 8104 8108 8110 8111 8112 8113 8114 8115 8117 8118 8120 8121 8122 8125 8126 8127 8129 8130 8131 8134 8137 8138 8139 8140 8143 8146 8147 8149 8152 8153 8154 8159 8162 8163 8167 8170 8171 8172 8174 12057 14040 14042 14044 14045 14046 14047 14049 14050 14052 14053 14054
6487 9768
6488 561 6898
6489 2612 3531 4107 8206 8207
6490 1439 3957 3965 4431 5316 8208 8209 8210 8211
6491 5
6492 216
6493 2 1323 8214 8215
6495 403
6496 8216
6497 533
6498 103
6500 382 634 837 918 954 2387 3228 4078 5069 5272 5890 7827
6501 81 449 681 1392 4915
6502 645
6503 410
6504 5 1994 2125
6505 91 388 2015 2253
6506 5
6507 8121
6508 1566 4028 9145 11123
6509 288
6510 240
6511 386 1110 1466 10920
6513 5059
6514 59 105 228 260 269 349 385 386 550 568 580 582 624 631 645 823 923 1015 1027 1218 1302 1353 1402 1465 1493 1772 1842 2043 2123 2413 2439 2510 2531 2648 2715 2811 2887 3002 3095 3270 3350 3488 3824 3836 3889 4047 4231 4232 4391 4467 4529 4696 4705 4707 4873 4974 5307 5334 5337 5515 5570 5711 5792 5796 5969 6183 6879 7452 7828 8149 8186 8198 8479 8703 8974 9364 10052 10132 10424 10655 10704 10907 11134 11140 11141 11142 11158 11161 11166 11173 11177 11188 11190 11192 11194 11202 11209 11216 11218 11227 11228 11230 11238 11242 11243 14055
6516 7371
6517 32
6518 4 68 802 3259 8217 8218
6519 1800 5161 5423 8219 8220
6520 90
6521 5 290 451 557 702 703 1236 1344 1983 2016
6522 2557
6523 2002
6524 2002
6525 349
6526 299 11253
6528 90 789
6529 609 1014 2088 3520
6530 2303
6531 11257
6532 290 346 1061 8222
6533 651
6534 73 329 1110
6535 668
6536 3852
6537 1296
6538 5
6539 5724
6540 274
6541 5 103 209 4301
6542 5 924 6835
6543 7717 10021 11268
6544 1011
6545 1556
6546 2844 6102
6547 8223
6548 9149 11270
6549 3391
6550 330 3174
6551 1676
6552 385
6553 2040 5988 8224
6554 106
6555 77 1741 7905 8225
6556 356
6557 1814 1894
6558 5
6559 8226
6560 11279
6561 2591 3014 3824 4215 5867 6273 11283
6562 269
6563 5 330 1460 2290 9746 11288 11290
6564 1198
6566 7732
6567 5
6568 539
6569 1984 8904 10306 11296 11298 11299
6570 437
6571 4133
6572 2522 2618 6970
6573 8
6574 5
6575 3200
6577 5 8022
6578 5 882 11306
6579 16
6581 827 4190 11309 11310 11311 11312
6583 727
6585 543
6587 8227
6588 11315
6590 514
6591 813
6593 8229
6594 5 1640 8230
6595 1959
6596 5 20 106 365 455 506 599 756 814 819 1524 1600 1602 1915 2045 2769 2775 2778 2820 2821 4099 4416 4935 5178 5179 9242 11324 11326 11328
6598 8 3703 6647
6599 413 801 5200
6600 3118 6077
6602 3173
6603 487
6604 95
6605 4112
6606 436 745 898 2922 13701
6608 218
6609 5
6610 139
6611 8232
6612 1271
6613 8233
6614 5
6615 8 2423
6616 437 1670
6617 1266 1819 2342 2567 4989 6677
6618 5 167 2649 4075 8244 13735
6619 5071
6620 103
6621 5
6622 935
6623 5
6625 81 97 349 568 631 1083 1797 1812 2090 4617 5756 11209 13736
6626 429 1645 3753
6627 3505
6628 11375
6629 303 1186 1849 1966 3369 3437 3456 3936 6959 7036 7865 8236 8237 8240
6630 4953
6631 1449
6632 81 90 681 731 3008 3906
6633 576 1833 6974
6634 8235
6636 7206
6637 6914
6638 1506
6639 8241
6640 251 675
6641 953 1041 4565 7585 8242
6642 995 3229 6208 8243
6643 81
6644 110
6645 951 1377 2458 5496 8176 8177
6646 8
6647 164 172 221 349 594 624 955 973 1772 2256 3457 4252 6132 7686 8244
6648 5
6650 7 8 87 90 123 242 304 375 379 431 489 728 729 867 888 1010 1020 1323 1342 1457 1492 1500 1501 1690 1739 1815 1834 1863 1926 1993 2052 2086 2155 2293 2296 2562 2608 2715 2745 3061 3265 3309 3368 3465 3628 3756 3852 4401 4506 4810 6019 6323 6419 7014 7107 7138 7180 8457 8884 9249 10200 10316 11075 11402 11421 11429 11430 11435 11437 11439 11440 11446
6651 3297
6652 708
6653 5356
6655 5
6656 1643
6657 720
6658 15
6659 356
6660 2925
6661 3985
6662 1008
6663 24
6664 2120
6666 5
6667 5
6668 63 178 311 389 505 580 582 645 971 1083 1084 1470 1567 1652 1653 1729 2094 2253 2645 2725 2769 2988 3207 3334 3340 3342 3405 3787 3848 3993 4459 4784 5047 5054 5504 6090 6534 7141 7491 9577 10212 10645 11326 11976 12600 13041 13058 13062 13063
6669 998 10854
6670 1621
6671 3417 4964 5103 7824
6672 269 356 409 464 1371 8245
6673 7983
6675 5488
6676 13086
6677 867
6678 4225
6679 2472
6680 5
6681 2672
6682 24
6683 5041
6684 13090
6685 12089
6686 102
6687 112
6689 290 496 637 639 957 3270 4149 6404 9648 9997 12623 13094
6690 1752
6691 8256
6692 5
6693 8180 8181
6694 1710
6695 283
6696 804 4755 11542 12048 13112 13113
6697 1884
6698 8257
6699 592 1657
6700 3523
6702 5 44 403 866 1024 1819 2439 2498 2567 2568 4989 5307 9504 11529 12251 12258 13116 13121 13123 13129 13142
6703 5
6704 2297
6705 73 128 159 172 289 370 381 413 482 644 763 1371 1587 1607 1751 1841 2049 2146 2910 3974 5945 6123 7198 13154
6706 1668 11965
6707 2762
6709 8899
6711 356 454 7178
6712 3649
6713 1501 13164
6714 1885
6715 8258
6716 546
6717 5
6718 159 306 1034 2472 8163
6719 5 8259 8260
6720 13167
6721 1774
6722 2580
6723 1345
6724 732 2385
6725 15
6726 3743
6727 5 331 8263
6728 83 1344 8264
6730 496 1901
6731 5
6732 3028
6733 113 884
6734 5 12 164 413 422 1211 1271 1336 1449 1809
6735 3496
6736 1701
6737 5
6738 5
6739 81
6741 5
6742 117 2363 8267 8268 8269 8270
6743 269
6744 2930
6745 18
6746 7040
6747 1975
6748 106
6749 1076 1486 1587
6750 165 269
6751 445
6752 10327
6753 81
6754 1964 1966 4357 8237 9360 13201 13202 13204 13205 13206 13207
6755 110 139 164 240 533 578 592 763 894 1374 1376 2293 2558 4403 5853 8148 8557 9866 13210
6757 77 1056 8278
6758 388 474 684 1028 1553 1607 2124 2280 2395 2462 2487 2812 3217 3832 4127 4657 4666 5032 7434 7900 7902 8890 9211 13218
6759 275 318
6760 269
6761 6717
6762 288
6763 13708
6764 266
6765 5900
6766 400
6767 8286
6768 9929 9937
6769 845 846 973
6770 11101 13223 13225 13226 13227
6771 5900
6773 2238
6774 7 18 45 65 110 128 167 171 213 221 225 238 240 265 289 337 347 349 351 403 405 434 506 514 594 601 634 666 673 690 727 730 805 830 845 894 940 1046 1194 1298 1310 1374 1423 1441 1570 1644 1653 1679 1709 1772 1814 1849 1946 2048 2238 2342 2458 2626 2831 2868 2984 3003 3008 3077 3233 3261 3280 3350 3359 3457 3563 3710 3796 3985 4076 4086 4166 4184 4308 4326 4327 4438 4527 4583 5264 5305 5456 5554 5814 5952 5991 6049 6254 6358 6503 6804 6899 7193 8483 8527 8579 8642 8700 8868 9157 10533 13029 13232 13242 13243 13245 13252 13268 13269 13284 13288 13290 13295
6775 1340
6776 4880
6777 237
6778 338
6779 1164
6781 8290
6783 6107 8292 8293 8294
6784 2756
6785 5405
6786 2761
6787 299 7395
6788 8296
6789 796 3830
6791 157 5858
6792 2967
6793 13301
6794 6010 8299
6795 131 533 1418 1920 2128 6148 6229 13305
6796 351
6797 349
6798 557
6799 8 269 12535
6800 5
6802 5
6803 24 618 7498
6804 90
6805 9171
6806 2566
6807 1056 10904
6809 1258
6810 5405
6811 8 6095
6812 2763 7371 8443 8484
6813 5
6815 160
6816 8303
6817 1093
6818 7733
6819 5
6820 160
6821 5 103 850
6822 5 849
6823 32 81
6824 7973
6825 81
6826 395
6827 3305
6828 106 854 1344 6051 8331
6829 330 7538
6830 2303
6831 8545
6832 702
6834 2498
6835 2986
6836 5 8 10 154 376 1297 1416 5278
6837 18 574 3836 4127
6838 1374 1824 8308
6839 1014
6840 1876 4070
6842 1093 3059
6843 290
6844 8 13328
6845 510 1334 2064
6846 8846
6847 349
6848 5 13330
6849 5 151 4793 6069 8205 11520
6850 199 310 357 524 1282 1567 3196 3209 3819 4021 4595 4647 4651 6063 7503 7788 7807 7858 7869
6851 857 958
6852 13332
6853 177 290 618 641 1020 2551 11445
6854 898
6855 1838 4527
6856 8314
6857 13337
6858 81 641 7980 10496
6859 2712
6860 9 91 729 1402 1518 1862 1863 1865 1866 1867 1950 1994 2058 2363 2584 3831 4250 4929 4984 5322 5576 9997 10952 13339 13340 13343 13344 13345
6861 8315
6862 82 196 927 3057 13347
6863 2784 4926
6864 2125 2297 3441 8181 13348
6865 774
6866 2845 13349
6867 117
6868 5
6869 5
6870 614
6871 72 4670 8316
6872 1415
6873 10995
6874 566
6875 986 1562 5654
6876 10130
6877 74 636 3462 3685 5126 6410
6878 76
6879 117 126 248 265 349 351 376 601 666 692 774 854 940 1108 1252 1539 1546 1674 1775 1776 1794 1810 1847 1917 2064 2256 2565 2844 3125 3257 3340 3614 3772 3774 4006 4011 4044 4103 4428 4718 5054 5055 5164 5235 5349 6495 6605 6658 6681 7621 8613 10144 10145 10147 10150
6880 262 490 855 2321
6881 8330
6882 10166
6883 18 62 262 538 845 952 970 973 1220 1644 1849 2238 2245 2524 2898 3299 4852 4919 4974 5169 6361 7445 10169 10176
6884 4916
6886 4027
6887 8354
6888 2318
6889 8
6890 8
6891 9360
6892 8355
6893 290
6894 10012
6895 539 1398 5870 9505 10192
6896 6943
6899 1477
6900 81 481 1821 2544
6901 12 16 90 745 1928 2418 7585 10199 10200
6902 10 6974
6903 539 951 10203 10204
6904 771
6905 1046
6906 8364
6907 90 2590 2793 6387 10007 10211 12825 13707 14047
6909 2128
6910 690 970 2912 5204
6911 416
6912 290 771 2561
6913 2416 3166 9239 9544
6914 10220
6915 10221
6917 8097
6918 2617
6919 4562
6920 130
6921 8370
6922 10225
6923 1110
6924 24
6925 4381
6927 467 659 866 1015 1332 2713 2871 3632 7315 8660 10231 10236 10243 10244
6928 4077
6929 8909
6930 9486
6931 8374
6932 8333 8334
6933 5
6934 3253
6935 5 157 702 1344 1894 1902 2498 3989 4255 4311 6981 8295 8893 9883
6937 5235 7470
6938 2490 2629 4879
6940 24 3441
6941 431
6942 894
6943 8 631 1061 1367
6944 259 732 4038 9185
6945 5
6947 5
6948 9334
6949 103
6951 973
6952 2904 2906 10292
6953 1411
6954 5905
6955 238
6956 240
6957 1546
6958 103 767 1344 3605
6959 3529
6960 5531 10296
6961 5 1061 1558 1801 5074 6680
6962 12 106 224 269 288 349 385 400 444 1479 2284 3994 4053 6293 7452 9270 10290 10301 10303 10309 10310 10316
6963 8387
6964 32 346 489 639 1186 1398 2304 5152 7036 8205
6965 10321
6966 10323
6968 15 1271
6969 4130
6971 868 3719 7342 8842 10336
6972 557 3673 6401 7389
6974 1008
6975 4061
6976 20 81 106 114 164 289 329 338 349 351 557 631 850 854 1196 1199 1431 1460 1489 1584 1675 1844 1933 2418 2784 4039 4121 5130 5694 5836 6355 6648 6860 7686 8336 8339
6977 793
6978 4039
6979 81
6980 9987
6981 486
6982 5
6983 2890 4106 8788 10120
6984 1277 3062 4053 5795 9650 10358
6985 10364
6986 1562
6987 10 12 1759
6988 2303
6989 1821
6990 1110
6991 1008
6992 3432
6993 7698
6994 8397
6995 18
6996 3466
6998 10383
6999 465
7001 3059
7002 90
7003 1805 8403
7004 8460
7005 218
7006 5
7007 505
7008 8350
7009 103
7010 6682
7011 5
7012 221
7013 5
7015 7709
7016 5 18 543 1460 1882 2544 2811 3226 10402 10405 10408 10425
7017 273 1349
7018 957 3889
7019 2544
7020 644
7021 724 793 8416
7023 121 745 848 953 3068
7024 192 314 1498
7025 299
7026 1247
7027 5 348 691 2801 10446
7028 5
7029 2711
7031 5281 6426 8963 10458 10462 10464 10466 10467 10468 10469 10470 10471 10472
7032 18 160 356 580 618 634 766 977 1027 1379 1556 1816 2257 2375 2720 3212 3569 3726 4852 5039 5051 5327 5644 7307 7555 8030 8076 8456 10263
7033 5
7034 7149 7411 10499
7035 10
7036 62
7037 3373
7038 5
7039 8418
7040 269
7041 617
7042 114 220 445 1141 1451 3516 6357
7043 5 5252 8421
7044 1179
7046 3173
7047 231
7048 5 68 1621 1840 2014 7138 7567 10518
7049 24 6420 10524
7050 17 73 81 103 10527
7051 9485
7052 4555
7053 118
7054 5
7055 290
7056 1323 4980
7057 8 103 2787 6578
7058 772 774 1546 2244 2290 2418 2850 6485 8615 10536
7059 380 2801
7060 429
7062 8427
7063 544
7064 691
7065 5427
7066 8430
7068 951
7070 5
7071 3886
7072 1093 8440
7075 1674
7076 650 2052 10557
7077 2423
7080 62 102 139 163 229 263 265 360 449 533 742 894 1015 1056 1262 1451 1560 1728 1860 2101 2233 2256 2288 2631 3099 3490 3770 3985 4410 4625 5717 5945 6222 6358 7616 8882 9128 10565 10566 10574 10576 10580 10581 10590 10591 10594 10604 10616 10629 10631 10632
7081 10633
7082 727 1012 1795 2256 2559
7083 7746
7084 10164
7085 5102 9405
7087 62 885 886 1322 8464 8466 8467 8468 8470 8486
7088 396 4322 7332
7090 10647
7091 395 8145
7092 5 349 1468 2544 8500
7093 5318
7095 651
7096 968 2688
7097 2375
7099 2505 2506 2736 5307 8384 9885 10670 10677
7100 1344 5168
7102 2530
7103 1668 2983 8508 9894 10421 10683 10685 10686
7104 36 1336
7105 2385
7106 156
7107 91 582 1141 2092 2720 2801 4076 4086 5072 6217 6915 7993 8490 8491 8503 8506 8507
7109 3699 8513 8514 8516 8518
7110 289 1011 1319 1640 1845 2644 2737 3701 10688 14057
7111 4529
7113 5
7114 139 3003 10698
7115 36 510 995 1230 2255 2712 3229 3523 3610 3789 4852
7116 8339
7117 10701
7118 5124
7119 10702
7120 265
7121 6 117 1271 1809
7122 525
7123 1474
7124 24
7125 349 4390
7126 802 889
7127 24
7128 10705
7129 5
7130 5 237 445 986
7131 2661 10272
7133 3006
7134 5 1546 2128 6039
7135 2009
7136 221
7137 1208
7138 606 6195 10712
7139 784
7140 5063 6304
7141 7 105 433 506 624 924 9288 10733
7142 5
7143 24 3515 8531
7144 368
7145 8533 8534
7146 6189
7147 8535
7148 68 400 599
7149 10746
7150 644 819 5771
7151 568
7152 5 3531 8447 9244 10752
7153 203
7154 5
7156 8539
7157 651 2029 10756
7158 7521
7160 2801
7161 8789
7162 6653
7164 5142
7167 62
7168 800
7169 484 1553 2743 6332
7170 5
7171 2565
7172 8543
7173 945 1026 1646 4045
7174 9224
7175 480
7176 395
7178 5 1472 3135 4915 8546
7180 5 919 1545 4297 4755 5174 6014 8547 8549 8550 8551 8553 8554
7181 1545
7182 288
7184 18
7185 8558
7186 8 1374
7187 275
7189 3905
7190 429 2287 8562 8564 8570 8922 8924
7191 4636
7192 5
7193 275
7194 987
7196 10784
7197 478 6758
7200 5051
7201 9034
7202 533 894 1118 1132 2371 2801 3503 4012 4368 6328 7077 9107
7203 81 140 141
7204 12 372
7205 105
7206 5
7207 9042
7208 4810
7209 5 349
7211 4793
7212 5
7213 18 2297
7214 5 730 3496 4576 7330 8221 9280 10817 10821
7215 1393
7217 9052
7218 172 269 506 514 594 898 1442 1971 2835 3445 4010 4030 4926 10479 10741 10825 10827
7219 1570 3203 6559 9045
7220 2809
7221 7138
7222 5125
7223 5 228 376 706 731 763 1207 1903 2423 2528 3922 5240 5628 7240 8753 10194 10839 10844 10848 10854 10860 10872 10879 10883 10889 10892 10894 10911
7224 3558 9900
7225 1809 3234 4005 5529 9066
7226 95
7227 5 2233 3003 4542 9058
7228 9069
7229 1449 8907
7231 519
7232 103
7234 1025
7235 1749 2342 6933 9075 9105
7236 1424
7237 8 7927 8253 9107 9108 9109
7238 81 5363 10354
7239 5
7240 103 795 1577 1849
7241 104 10943
7242 273 1110 1851 3820 5945 6222
7243 385
7244 10947
7245 7021 9141 9142
7246 8 557 1224 5567 7667 10950
7247 591
7248 10836
7249 183 266 284 285 411 480 490 995 1124 1130 1230 1821 2325 2385 2388 3146 3229 3404 4239 4442 4737 4744 4964 5583 7088 7187 7550 7865 7985 9149 9151 9154 9165
7250 2059
7251 5
7252 1066
7253 198 7338
7256 349
7257 10959
7258 1071 1296 1634 1745 2804 4561
7259 10960
7260 645
7261 1374
7262 702
7263 5 703 3515 9199 9200 9201
7264 5
7265 1644
7266 12 246 269 288 298 325 349 370 395 496 506 539 651 732 1076 1084 1271 1344 1371 1375 1376 1728 1840 1841 2069 2384 2844 2863 3125 3820 3844 4111 4412 4621 4839 5760 5795 7698 9516 9648 10069 10845 10969 10987 10988
7267 105 130 632 1148 1301 1374 1824 2633 5568 5788 5796 10998 10999 11000
7268 5
7269 342
7270 5 7 8 36 81 103 164 227 243 244 255 431 445 481 496 533 539 556 594 599 662 685 698 749 793 888 988 1077 1255 1388 1389 1390 1391 1398 1548 1555 1733 1757 1824 1955 2087 2104 2145 2173 2186 2356 2384 2526 2974 2982 3071 3080 3178 3475 3586 3905 3906 3995 3996 4038 4123 4259 4278 4363 4368 4402 4514 4576 4668 4706 4782 4785 4840 4935 4965 4995 5138 5938 5945 6171 6249 6493 6555 6594 6669 6711 6772 7003 7062 7252 7266 7565 7725 8024 8856 8857 8858 8859 8860 8861 8862 8863 8864 8865 8866 8870 9273 9460 9685 10016 10490 10759 10845 10907 11006 11008 11010 11016 11024 11030 11032 11047 11051 11063 11064 11071 11073 11086 11104 11105 11106 11122 11130 11137 11144 13741 13743
7271 11149
7273 2065
7274 4210 4919
7275 5 1451 2238 7488
7276 83
7277 5638
7280 11154
7281 954
7282 5215
7283 1236
7284 11155
7285 5
7286 24 81 157 482 529 1301 1332 1348 1964 2049 4709 5515 8141 10926 11164
7287 426 491 940 1361 1967 2682 4542 7127 7128 8417 9220
7288 2229 11180
7289 5
7290 669
7291 4245 11186
7292 131 266 1809 9225
7293 5
7294 10 12 1362 4596
7295 1845 8260
7296 5
7300 1141
7301 4388
7303 2020
7304 5 594 1750 7879 8682 11363
7305 2572
7307 159 1070 2912 9247
7308 11207
7309 727
7310 5 2765
7311 1263
7313 1124 3853 4926 5037 6935 7339
7314 32 1888 4576 4984 5116 9214
7315 2670
7316 62
7317 43
7318 73 283 285 422 482 1449 2104 2455 2813 2841 3532 4393 5744 6800 7245 7671 10297 10910
7319 5 295 445 481 599 662 691 964 968 1475 1617 2013 2015 2478 2552 2676 3300 3360 3994 4038 4123 4272 4508 4510 4513 5576 6121 6249 7003 7230 8852 9273 9274 9276 9277 14059
7320 10327
7321 4859
7322 2865
7323 17 117 348 356 582 881 940 1051 1486 1682 1810 3172 4245 4393 5597 7163 11232 11233 11234 11235 11236 11237 11247 14060
7324 8 10 62 139 164 275 490 533 592 684 835 955 1179 1418 1420 1422 1449 1460 1657 1804 1970 2039 2581 2672 3053 3137 3143 3486 3487 4089 4150 4250 4274 4482 4484 4735 4919 5221 5684 5691 5694 6025 6098 6424 6440 6611 6812 8178 8292 8985 9132 9162 9280 9289 9290 9295 9297 9299 9300 9301 9303 9304 9311 9312 9313
7325 5
7326 9322
7327 767 1574 2342 4015 4017 4061 4151 4948 6012 9324 9325 9330 9332
7328 275
7329 8 516 2293 6769
7331 6537
7332 1821
7335 11256
7336 9340
7337 11258
7338 2443
7339 533
7340 1013
7342 24
7343 56
7344 2303
7345 1344 2101
7346 3290 7719
7347 2789
7348 1578
7349 5982
7350 715 2517 11264
7351 356 703 4162
7353 81 766 6239 11269
7354 510
7356 513 565 9354
7358 1289
7359 601
7360 32 526 2124 9905
7361 2548
7362 2423
7363 2303
7364 3754 11278
7365 81 6196
7366 5481
7367 75 90 633 662 793 1252 1729 2267 3088 3476
7368 6737
7369 265 634 1083 1084 5047
7370 11287
7371 1413
7373 5841 9365
7374 4797
7375 2406
7376 1207
7377 18 348 579 1108 1729 1810 2462 2616 2807 6063 6527
7378 5 169 774 972 1093 1403 3487 3529 9374 9382
7380 3317
7381 2712
7383 894 1932 5423
7384 10 15 213 238 275 376 490 533 651 745 846 950 968 1209 1413 2159 2162 2230 2238 2244 2663 3357 4715 7260 7261 8032 11300 11301 11307
7385 2898
7386 4593 8934 8936 8937 8938 8940
7387 167
7389 6019 11322
7390 2253
7393 5 42 2729 3069 3511 4389 9575
7394 1445
7395 1790
7396 734
7397 998
7399 1876
7402 2807
7403 935 2618
7404 275 296 349 635 999 1294 1371 1477 2284 2560 3505 3707 3830 4598 5148 9596 11148 11336 11341 11346
7405 7000
7406 5 182 6290 7628 10875 11353 11354 11355 11357
7407 1277 1518 2912 4939 5449 6096 8389 8945 8947
7408 2925 10058
7409 5
7411 10573
7412 6421
7413 3974 4025 9045 11365
7414 500 732 950 1351 1392 1412 3727 4561 6102 11370
7415 171 1402 11371 11373
7416 5 8 103 160 212 298 346 578 609 703 1077 1190 1298 1301 1307 1393 1451 1487 1515 1751 1787 1842 2513 3265 3318 3441 3708 3720 4636 4645 4688 5065 6513 10153 11187 11773 14061 14062
7417 1014
7418 1644
7419 730
7420 937
7421 6765
7422 173 1028 2487 3252 4385
7423 1516
7425 2306
7426 1244
7427 1110 1114 4984
7428 349
7430 454
7431 8957
7432 4 5 81 90 103 191 290 679 795 1024 1247 2303 2454 3082 3086 3435 5243 7038 10024 11388 11390 11391 11393 11397 11400
7433 792 1853
7434 1477
7435 9424
7436 4276
7437 9426
7438 3693
7439 24 257 351 431 1056 1142 1727 1954 1984 2388 2658 2848 3198 3209 5024 7304 7594 8397 8504 9440 9442
7440 1349
7441 5499
7442 1849
7443 5728
7444 5554 8003 9461 9464 9465
7445 3635
7446 78 1424 3288 8532 9622 11413 11417
7447 3940
7450 139 403 533 1112 1685 2104 2870 4235 4478 4771 4989 5937 11423 11424 11425 11426 11428 11432 11433 11434 11438 11441 11451
7451 11453
7452 964 7390
7453 95 2544 10513 11457
7454 953 1073 9091
7455 1545 1928 2852 7251
7456 8780
7457 10856
7458 72
7459 5 5342 9487
7460 5 631 661 866 1500 1515 3852 6364 6446 9495 9502
7461 6981
7462 10
7463 5 329 381 796 1411 2233 3257 3422 6862 8186 14064
7465 1416 12365
7466 4794
7467 12367
7468 8 121
7469 5
7470 8233
7473 814
7475 18 91 266 376 510 525 645 666 753 772 774 868 899 900 1110 1230 1252 1271 1553 1583 1645 1646 1801 1809 1810 2227 2374 2395 2485 2487 3172 3832 3840 4106 4532 4657 8960 8962 8965 8967 8968 8971
7477 9530
7478 5 15 91 105 395 539 578 662 837 1061 1062 1129 1132 1179 1198 1621 1635 1801 2000 2244 2445 2520 2632 2982 3091 3320 3579 3770 3830 3986 4723 4873 5063 5199 5616 5646 5871 5954 6162 9556 10585 12373 12374 12385 12388
7479 5 238
7480 5 90 283 285 349 578 599 951 1046 1415 2140 2537 2538 3234 9546 9552
7481 5 1554 2352
7482 6636
7484 349 400 1477 1849
7485 5743
7486 269 490 10600
7487 7384
7488 510 3114
7490 6063
7491 1263 2814
7492 1273 6145
7493 9003
7494 9569
7495 10
7496 3760 4884
7497 4036 6299 9255
7498 8
7500 12412
7501 1191 1644
7502 2616
7503 204 220 264 282 440 666 715 1237 2357
7505 2513 9072
7506 349
7507 2118 7705
7508 651
7509 645
7510 4982 5674 9592 9595 9600 9608
7511 103
7512 8 269 426 626 894 1142 1207 1271 1401 1418 1420 1421 1653 1845 1866 2395 2487 3324 3348 4016 4113 5890 7349 9459 11526 12134 12821 12826
7513 396 4247
7514 4533
7515 1128
7517 1843
7519 1715 5489 12832
7520 5 35 81 218 247 300 342 356 379 487 514 529 594 631 644 727 1308 1323 1324 1371 1967 2421 2612 2784 2925 3156 3477 4115 4153 4542 4720 5253 5404 5567 6208 7614 7621 8099 8909 9220 9637
7521 176 177 234 388 737 940 1028 1208 1282 1470 2447 2523 3038 3171 3208 3452 3572 3574 4532 4617 4657 5147 6524 7472 7809 8131 12835
7522 10 342 356 594 636 786 1065 1093 5078 5747 5804 9393 12852 12854
7523 4470 6738
7524 2284
7525 10906
7526 5
7527 3985
7528 5 8 106 117 198 265 347 348 349 413 579 631 652 793 830 950 1179 1252 1310 1336 1402 1556 1717 1890 1972 2257 2478 2697 2868 3052 3613 3957 4121 4274 4379 4395 5895 5990 5999 6242 6532 8030 10579 10634 10820 11497 11498 11602 12844 12869 12879 12884 12886 12887
7529 5
7532 2256
7533 1640
7534 3169
7535 1466
7536 533 690 952 2112 4443 5620 8697 9679 9684 9685
7537 7515 9701
7539 901
7541 2813 3164 9707
7542 266
7544 703 872 1566 5108 12898
7545 3646
7546 10
7547 447 567 1209 1213 1844
7548 203 610 1624 3934 5120
7549 8 252 269 429 631 745 793 1110 1336 1375 1470 1546 1909 2244 2280 2521 3071 4039 5743 9649 9725 9733 9743 10664
7551 190 805 2560 6270 8780 11049
7552 5
7554 4184
7555 727
7556 5 7452 9766
7557 2559
7558 9768
7559 5 394 3615 4613 4910
7560 4240
7561 5
7562 496
7563 269
7564 9770
7566 6611
7568 367
7569 168 1062 6800
7570 9114
7571 1302
7572 769
7573 81
7574 6 175 6684 11157
7575 5110
7576 349
7577 1830 3334 5308
7578 745 3068 8291
7579 4228
7581 102
7583 2291
7584 4899 9785
7585 1209
7586 3428
7587 5
7588 243 244 245
7589 1740 9385
7590 12942
7592 1080
7593 12944
7594 4675
7596 2327 4277 5194 5721 9011 10165
7598 4864
7599 951 1101 1349
7600 8 356 3179
7602 147
7603 4785
7604 1194
7605 3830
7606 2708
7607 421
7608 1344
7609 4910
7610 1815
7611 5
7612 5
7613 2688
7614 521
7615 259
7616 11169
7617 7006
7618 12967
7619 557 1142 11347
7620 6568 10411
7621 568 3860
7622 454
7624 1475
7625 489
7626 12969
7627 1027 1208
7629 103
7631 618
7632 110 234 406 440 645 1230 1309 1381 1809 1810 2077 2247 2257 2462 3203 3433 3832 4519 4522 4532 5338 5351 5534 6559 8066 8634 8774 9390 10183 10955 11004 12973 12978 12981 12987
7634 9395
7635 9825
7636 2030 2397 2453
7637 3198 6565
7639 5
7640 13013
7641 103 349 3830
7642 3130 6800
7644 158 1093
7645 13016
7646 24
7647 539
7648 533 5469
7649 90
7650 4371
7651 13018
7652 4720
7653 0 4296 9811 9815 9822
7654 103 2648
7655 641
7656 1403 3059 3617 4598 13021 13022
7657 6055
7658 81
7659 13028
7660 5
7661 875 877
7664 139
7665 156
7669 5 1014 3080
7670 90
7671 48 8934
7673 13038
7674 2104 3051 8164
7675 1824
7676 5991
7677 10 260 314 455 490 491 745 1466 4037 4715 5817 6051 13043 13047
7678 5381
7679 11430
7680 6 1266 1358 1444 3057 5203 13060 13064 13065 13066
7681 2614
7683 13067
7684 9649
7686 232
7687 8
7688 1345
7689 343
7690 1062 2496 4160 4864 6736 11664 12985 13073 13083 13085
7691 5114
7692 4743
7695 5
7696 862 1116 1165 1821 4943
7697 5 18 1344 1686 4499 9243 13093
7698 5802 6146 10500
7701 3091
7702 1982 3494
7703 5 5896 13101 13102
7704 3427
7705 3197
7706 2170
7707 356
7709 557
7711 349 356 1011 2865 3893 7907 8983
7713 299
7714 8
7715 81
7716 1662
7718 2979
7719 5 9842
7720 5
7721 3693
7722 9853
7723 369
7724 9855
7725 8 24 935 2618 5746
7726 5
7728 13125
7729 2257
7730 375 1015 9859
7731 5
7732 6217
7733 5 36 180 389 653 1282 1653 3212 3574 6067 10312 12835
7734 5
7735 83
7736 792 1422 3570 12690
7737 7600
7739 4935
7740 5 13143
7741 1141
7742 13145
7743 3838
7744 5 91 745 4509 5183 13149
7745 248 732
7747 5374
7748 8700
7749 125
7750 3031
7751 434 846 1423 2238
7752 1706 1707 1812 5278 9845
7753 1118 1132
7754 12883
7755 62
7756 1010
7757 120 2113 2373 3224 6066
7758 13161
7759 68
7760 5 4810
7761 12 349
7762 5
7763 564
7764 7369
7765 4535
7766 5
7767 1817
7769 1775 4796 9884
7770 1344
7771 1778 5968 13173
7772 665
7774 1375
7775 13178
7776 8
7777 4974
7779 6804
7780 10004
7781 11431 13186
7782 13188
7783 14065
7784 10 1645 10896
7785 3936
7786 7014
7787 1590
7788 7580
7789 6708
7790 213 221 264 690 845 846 970 1103 1412 2159 2162 2167 2238 2898 2900 2912 2983 3563 3800 4075 4076 4095 4523 8165 9631 9889 9890 9892 9894 9895
7791 13193
7792 5
7794 374 1321 3774 4784
7795 2392
7796 1732 1915 3170 4074 4241 6121 6487 8672
7797 6868 12025 12708
7798 529 5440
7799 72
7800 355
7801 1117 13208
7802 689
7803 1622
7804 1207 4241
7805 18 578 1046 2257
7807 5
7809 141 226 244 248 257 514 531 1419 1431 1549 1655 1705 1845 2297 2375 2441 2598 2813 3151 3198 3693 4235 8786
7811 355 882 13214
7812 4203 9930
7814 1138 4811
7815 88 3409
7817 6030
7818 147 795 872 1577 6154
7820 2206 3719 3897 7132 13217
7821 843
7822 9950
7823 4077 4630 4867 6056 12475
7824 81
7825 121
7827 817
7828 1992 11126 13231
7829 5
7830 18
7831 451 9957
7832 5
7834 265 1103 7398
7835 395 519 568 793 1787 2007 2891 4607 6926 9976 13241 13244 13247
7837 72 1298
7838 9963
7839 535 1315
7840 1071 6152
7841 1819
7842 1840 9971
7843 400
7844 81
7845 5563
7846 1643 5199
7847 10
7848 8345
7849 165
7850 5
7851 7402
7852 3836
7854 939 4543 9764 10748 13258 13265
7856 5
7857 128 368 1845 2859 3127 3788 3891 8243 8429 13270 13271 13274 13276 13277 13278 13279 13280
7858 72 641 6475 9983
7859 578 763 1516 2287 4478 5090 9989 9990
7860 4095
7861 6338 6565 9996
7862 13253
7863 6350
7864 1467
7865 643
7866 4467 11850
7867 400 13286
7868 904 13287
7869 17 594 1486
7870 2565
7872 5372
7874 1708 1977
7875 2112
7876 2321
7877 10 455 1088 10000
7878 464
7879 7663
7881 13294
7882 1556
7883 8 18 22 95 117 266 1096 1110 2257 4864 8991 8992 8996
7884 8997
7885 1282
7886 13296
7887 261
7888 8990
7889 5954
7890 2582 2801
7891 10452
7892 5
7893 3420
7895 2019 4133
7896 5
7897 10009
7898 1194
7899 8 10 2513
7900 507 5042 5793
7901 1676 9003
7902 288 645 6977 7400
7903 1351
7904 643
7905 464
7906 8 10 12 68 103 1066 2509 5954 6949
7907 395
7908 2616 7279
7909 127 3572
7910 5275
7911 11967 13302
7912 182 184 489 804 3427 10978 13303
7913 5
7914 250 1058 2379 3066 3272 3669 4038 5486 9012 9016
7915 5868 7731
7916 289
7918 139
7919 633
7920 591
7921 5
7922 5
7923 131
7924 1349
7925 10139 13308
7926 99 168 4272 13193 13310
7927 2471 4142 4144 8601
7928 5411
7929 951
7930 36
7932 1586
7934 2712
7935 106
7936 755 10979
7937 4543
7938 465 1084 4236
7939 5 81 175 203 881 2879 3345
7940 5 12023
7941 10 843 850 1991 2303 2427 6819 6949 10872 13563
7943 6965
7945 12
7946 2614
7947 62 894 10027
7948 8 95
7949 4388
7950 5
7951 10030
7952 2564 9634
7953 95
7954 10033
7956 5 275 395 1142
7957 624 950 2288 8105 10035
7958 8546
7959 853
7960 3614 5054
7961 5 3725
7963 1590
7964 743
7965 4524
7966 8692
7967 5
7968 591 863
7969 506
7970 7725
7971 10235
7972 632
7973 65
7974 4961
7975 641
7976 95
7977 591
7978 5 1402
7979 5
7981 1071
7982 3064
7983 559
7984 496
7985 5 356 405 434 491 565 971 972 1300 1406 1445 1488 1518 1790 2798 2905 3719 3800 3944 4139 4189 4509 4636 4696 7459 7693 8265 8447 9000 10261 10663 10914 12093 12585 13651 13653 13654 13658 13660 13663
7986 5 95 2793 13667
7988 95
7989 505
7990 125 445 519 2342 3300 4723
7991 103
7992 717 2891
7993 5142
7995 1207
7996 2116
7997 5
7998 5
7999 535 8519
8000 349
8001 5 1186 1187 1188 1592 3641 5221 5760
8002 4150 8638
8003 9277
8004 2070
8005 10059
8006 114
8007 7396 8976
8008 5 42 321 397 643 1110 1974 2640 2680 5356 6103 6399
8009 8 349
8010 13685
8011 9461
8012 3445
8013 451 13686
8014 8
8015 5 2097 4153 7111 8654 10076 10078 10079 10080 10096 10097 10098
8017 12899
8018 10102
8019 5
8020 1794
8021 2549
8023 1932
8024 240 319 854 872 1156 1320 1477 2468 2757 4862 6300 6698 9045 9767
8025 505 2255
8026 10115
8027 301
8028 10104
8029 9134 13762
8030 126 2234
8031 5
8032 671
8034 518 2526 3426 4042 6642 10121 10122
8035 5
8036 5
8039 32
8040 1876 4443 4555 9798
8041 10 1266 6544
8042 4192
8043 376 772 1449 7524 7679 10384 13698
8044 930 1727 6206
8045 3338
8046 356
8048 1469
8049 498
8050 589 9067
8051 9023
8052 2124 4335 9251
8053 1721
8054 140 226 3768 3890 4235 4629 4794 4941 5863 8460
8056 4864
8058 5 1369 2680 3617 9026
8059 240
8061 2206 2751 5145
8063 7 1110 3271 11136 13018
8064 8629
8066 3488 6544 12113 12116
8067 970 971 2904 3496 4091 8773 12122
8068 1110
8069 90 690 969 1423 1538 2040 2238 2731 3088 3856 3916 4012 4356 4767 7027 7038 7286 12127
8070 0
8071 4883
8072 1396
8073 9839
8075 3064
8076 3768
8077 945 4293
8079 53 487 537 614 1323 2290 4463 4881 7224 9450
8080 5
8081 5 139 203 275 539 591 1378 1545 3751 5415 12136
8082 5
8084 618
8085 5
8086 337 467
8087 942
8088 6 18 117 179 266 388 389 510 645 900 1086 1230 1271 1470 1553 1646 1809 1841 2115 2223 2257 2262 2375 2395 2487 2497 2812 3214 3261 3264 3325 3340 3345 3590 4784 5036 5409 5658 6065 8218 9021 9197 12140 12141 12142
8089 6229
8090 5219
8091 32 91 445 474 508 533 580 598 599 601 649 793 930 1008 1014 1125 1128 1272 1355 1389 1655 1791 1794 1932 1933 1947 2635 2864 3214 3234 3300 3326 3630 3773 4019 4036 4329 4378 4550 4561 4584 4723 5096 5181 6246 6327 6376 6511 7325 7715 8876 8905 10235 10788 12149 12156 12157 12158 12162 12163 12167 12175 12179 12182
8092 125 884 3019 5473 6076
8093 12183
8094 5
8095 802 7679
8097 5 18 81 207 283 284 285 709 840 841 1096 1905 3066 3391 4313 4965 6769 7408 9833 9834 9840
8098 5 533 730 804 2712 2725 3233 5819 7556 8163 9851
8099 2934
8100 5488
8101 5094
8102 665 3372
8103 506 2712 4403 9515
8104 95
8105 5 3124 3417 3441 3940 7539 7674 9863
8106 5 299 1845 12196 12200 12201
8107 9873
8108 4407
8109 564
8110 330
8111 5197
8112 275 951 1398 1416 1466 1477 1775 5061 6146 6147 11002
8113 854
8114 6
8115 3432 3506 3836 4915
8117 400
8118 18 240 266 289 494 510 672 1302 1334 1847 2458 2712 2789 2807 4984 5952 6250 6828 9045 11436 12206
8119 677 1486
8120 645 1021 4213 4218 4825 5586 12211
8122 8529
8123 5
8124 772 774 1546 2244 3247 4210
8125 2911
8126 126 4022 4381 7036 7187
8127 568 659
8128 12214
8129 461 9883
8130 5916
8131 901
8132 244
8133 561 636 1745 2739 3435
8134 12218
8135 5 11074 12219
8136 465
8137 95
8140 2103
8141 529 5524
8142 533
8143 5
8145 290
8146 368 1798
8147 12224
8148 289 7379
8149 601
8150 81 3998 4245
8151 81 1550 1551 1552 1555 4576 7284 7382 9893
8152 155 351 355 405 510 690 717 845 968 1447 1488 1578 1612 1643 1718 1755 1877 2064 2066 2238 2246 2285 2649 2904 2908 2909 2912 2980 3231 3249 3835 4030 4082 4420 5496 5650 8023 8594 8740 9904 9911 9914 9922 9923 9933
8153 4111
8154 3321
8155 2387 7384 9665
8157 18 995 3229
8158 9105
8159 1823
8160 2559 4122 5534 10315 12229
8161 8 10 56 81 140 231 245 329 412 422 536 537 561 583 729 792 823 840 924 1167 1427 1784 2049 2231 2833 3137 3173 3316 3351 3486 3570 3645 3691 3844 4446 4463 4680 4882 4974 5072 5418 7868 8569 9629 12232 12233 12237 12241 12246 12256
8162 5
8163 2297
8164 2458 2551 3436 6065
8165 9911
8166 8758
8167 9942
8168 5
8169 1109
8170 5 81 745 1994 5147 5173
8172 6175
8173 4915
8174 103
8175 103 269 529 741 1080 1493 4361 9968 9972
8177 7547
8178 8
8179 2042
8181 490 804 4554 4903 5027 9090 9455 9747 9751
8182 103
8183 3973
8184 651
8185 4388
8186 296 363 368 385 898 1516 5725 5772 6736 10002
8187 507
8188 708 720 9456
8189 12272
8190 1506
8191 5197
8192 3120
8193 244
8194 1432 10010
8195 1054 10012
8196 970 2912 5081 5899
8198 8 81 103 149 249 349 351 894 1359 1578 3343 3844 5363 9211
8199 3172
8200 12045
8201 275 490 1220 1594 2909
8202 6708
8203 486
8205 14 81 102 234 243 244 245 261 375 406 510 561 605 633 636 745 957 978 1051 1230 1585 1809 1964 1966 1973 2257 2304 3343 3367 3462 3528 3570 4239 4582 4735 4784 5126 5196 5964 7036 7865 8670 9711 12291
8206 36 582 1084 6064 7993
8207 467
8208 482
8209 5 10029
8210 5 3317
8211 90 349 8486
8212 585
8213 5
8214 12298
8215 2789
8216 266 539
8217 599 1662 12302
8218 12303
8220 10039
8221 763 2101
8222 8
8223 356
8226 6999
8227 1345
8228 1861
8229 1302 2850 5157
8230 1876
8232 793
8234 849
8235 103
8236 5 1545 1869 6742 10047
8237 743
8238 894
8239 1075
8241 5 395 793
8242 573 847 10052
8243 240
8244 138 240
8245 691
8246 10354
8247 3979
8248 24 601 2416 2736 3300 4297 5533 8504 9154 9239 12323 12324
8249 10060 10061
8250 10017
8251 12325
8252 4 346 767 892 1075 2352 3391 3539 10204 12329 12330 12334 12335
8254 631
8255 103 4555
8257 5 8 12 117 445 3834 10026
8258 1167 3194 3300 3521 3547 11293
8259 5077
8260 5
8261 10071
8262 5 68 390 514 645 793 1235 1412 2041 2162 2231 2551 2611 2899 3054 3077 3256 4150 4253 4437 5160 5382 5887 7947 8395 8913 9162 9301 9887 10073 10074 10077 10092
8263 10093
8264 3081
8265 114 126 692 854 10036
8266 61
8267 2561
8268 3125
8269 4696
8270 5
8271 3538 6544
8272 10101
8273 178
8274 8
8275 1310 1351 11174
8276 982 1128 8008
8277 10103
8278 95
8279 12344
8280 5
8281 231
8282 5
8283 2490
8284 904
8285 301 2711 3471
8287 103
8288 8
8289 499
8290 2014
8291 12351 12352
8292 5
8293 18
8294 576 888 1374 2456 5836
8295 267 268 275 329
8296 3511 10114
8297 717
8298 4555 9798
8299 395 445 1644
8300 112 114 149 234 238 358 359 413 533 609 636 704 1168 1344 1719 1787 1848 1876 2101 2255 2342 2496 3144 3340 4210 4460 4546 4794 4965 5353 6381 6493 6769 7738 8786 9625 10221 10288 10632 12190 12364 12370 12376 12382
8301 1230 2665 3229 3342 5281 10116 10118
8302 10 35 61 81 82 90 106 204 225 269 275 299 356 438 455 465 467 470 490 624 745 875 950 1061 1179 1199 1446 1656 1737 2230 2293 2385 2737 2784 2791 2795 3165 3170 3259 3273 3301 3436 3579 3692 3825 3830 4044 4720 5663 8223 8641 8984 9677 10018 10287 11163 11513 12353 12386 12393 12400 12402 12407 12411
8303 4884
8305 1869
8306 1516 5090
8308 5 11 59 77 103 159 225 349 356 419 711 712 745 824 1005 1169 1174 1376 1556 1607 1786 1844 2416 2688 2874 2988 3397 3544 3631 3692 4023 4404 4486 4715 5331 5501 5656 6361 6550 6928 8032 8688 8905 9643 11087 11089 11093 11097 11110 12116 12430 12436 12446 12451 12913
8310 200 1486 3212 3225
8311 10
8312 1340
8313 65 134 168 269 385 400 408 413 478 559 690 866 973 1033 1170 1171 1172 1177 1178 1182 1209 1227 1403 1657 1838 1994 2114 2227 2531 2559 2602 3248 3295 3376 3490 3607 4086 4098 4143 4171 4286 4607 4837 4991 5345 5350 5406 5407 5408 5416 5702 6136 6391 6476 6543 6725 6838 7260 7270 7274 7572 8165 8289 8495 8602 8665 8685 9190 9526 9527 9528 9529 9535 9536 9537 9538 9539 9540 9544 9545 9548 9549 9550 9553 9556 9568 9571 9572 9573 9574 9578 9579 9583 9585 9586 9587 9589 9597 9603 9609 9614 9629 9631 9633 9645 9650 9651
8314 651
8315 995 5055
8316 2611
8317 321 3753
8318 9 8447
8319 11056
8320 1879 5821 9663
8321 5
8322 2807 3044
8324 10
8325 4621
8327 1416 1876
8328 75
8329 5
8331 265 690 1805 3169
8333 4614
8334 228
8336 5 147
8337 614
8338 8718 10383
8339 558 2763
8340 10137
8341 15 346 550 745 930 1110 1539 1545 2070 3265 5363
8343 1833 10139
8344 10140
8345 5804
8346 8473
8347 7 64 95 151 356 400 543 998 1015 2342 2753 3237 3283 7113 12485 12494
8348 81
8349 3691
8350 3468
8351 451
8352 2763 3907
8353 8 12506
8354 358 727
8355 955 3003
8356 5 6968 10152 10153
8357 1298
8358 73 1821 9567
8359 68 103 326 496 601 626 1142 1475 2558 3019 6145
8360 5
8361 451
8362 866
8363 18 645 4465
8364 5
8365 5 106 269 274 601 3300 3804 5182
8366 1835 6060
8368 2342
8369 342
8370 217 5191 10165
8371 1173
8372 5269
8373 2544
8374 8
8375 451 539 3102 11263
8376 1058 1575 12524 12525
8377 5 1383 4388 7660
8378 5
8379 7710 12528
8380 819
8381 187
8383 10171
8384 505 2255
8385 81
8386 7869
8387 6744 10168
8388 5
8389 241 1093
8392 5
8393 10173
8394 3600
8395 1721 3759 10177
8396 6558
8397 3145
8398 665 8009 12535 12536 12537
8399 289
8400 6005
8401 10668
8402 10130
8403 8 10 81 269 361 533 651 702 1457 2204 5182 5930 10183 10187 10188
8404 3098
8405 2942
8407 5
8408 196
8409 18 240 265 266 356 413 572 834 1010 1230 1876 1911 3153 3415 3652 6263 6323 6828 9080 9264 9758 12553 12555
8410 3885
8412 4548
8413 250 4363 6249
8414 10196 10198
8415 1721
8416 3063
8417 2059 12580
8418 6391
8419 1772
8420 6650 12131
8421 139 253 591 1562 1644 1810 2502 3453 4078 4222 6246 7539 10166 12587
8423 1568 5868 10201
8424 10 126 209 226 258 351 431 675 692 854 862 930 1118 1129 1131 1132 1137 1165 1241 1632 1636 1722 1723 1740 1997 2070 2075 2101 2233 2371 2544 2551 3099 3102 3105 3125 3408 3437 3447 3459 3465 3503 3741 4012 4377 4378 4746 4805 4912 4990 5246 5818 6103 6209 6327 6328 6613 6673 6871 9175 9264 9676 9678 9680 9681 9682 9686 9699 9705 9708 9709 9711 9713 9715 9716 9717 9718 9721 9726 9727 9731 9732 9741 9745 9748 9749 9755 9757
8425 8 347 348 510 1010 1477 1809 4984
8427 95 635
8428 3302 5788 9599
8429 2986
8430 642
8432 1294 5763 7634 12612 12614
8433 215
8434 568
8435 32 91 102 120 163 179 180 198 199 234 267 268 359 389 391 426 510 523 526 574 582 645 666 727 772 784 900 945 954 1028 1082 1083 1084 1229 1230 1251 1470 1553 1560 1563 1564 1652 1729 1752 1775 1780 1781 1801 1805 1806 1809 1841 2224 2257 2297 2373 2375 2376 2395 2462 2485 2611 2616 2720 2807 2812 3149 3201 3204 3209 3212 3214 3219 3224 3226 3252 3261 3342 3432 3562 3572 3573 3581 3590 3694 3829 3837 3840 3993 4046 4049 4127 4212 4320 4516 4528 4532 4617 4657 4857 5040 5071 5076 5077 5093 5147 5299 5499 6064 6217 6535 6559 6680 7434 7490 7520 7545 7900 7902 7993 8720 8998 9209 9359 9405 9860 10081 10212 10223 10245 10262 10263 10264 10278
8436 1236
8437 65 5042
8438 2373
8440 5 7546
8442 8 3523
8443 1849
8445 3427
8446 349 12625
8448 5 533 902 1042 1229 1270 1282 1313 1563 1564 1652 2072 2253 2260 5074 7308 7396 7810 7905 8013 8155 8272 12345
8449 4318
8450 369 6581
8451 1402 2900 2906
8452 5 459 611 688 850 2062 7353 8421 10220 10302 10305 10306 10307
8453 12635
8454 5 103
8455 517 9577
8456 1336
8457 1518 2222 10760 10979 11371 11698 12638 12639 12640 12643 12644
8458 300 393
8459 5
8460 5215
8461 10315
8462 139
8463 12 290 628 1267 1474 2416 2745 6669 7721 8552 11920 12289 12648 12657 12658 12660 12661 12665 12667 12669 12670 12672 12675 12680
8464 12
8465 5
8467 430
8468 8921
8469 1804
8470 5 10 68 269 529 763 1344 2814 2927 3031 3143 5517 5825 8133 8243 8762 12688 12692 12697 12698
8471 7231
8472 2556
8473 8 2443 4129
8474 4240
8475 12700
8476 5 250 2372
8477 10325
8478 1626
8479 3881
8481 5
8482 6089
8483 4805
8484 1110
8485 1302
8486 465
8487 4542
8488 1201
8489 12706
8491 91 774 2244 9234
8492 356 7103 10101
8493 3565
8494 3527 4026
8495 1329
8496 1477
8497 12707
8498 645
8500 10199
8501 2440
8502 7994
8503 2587
8504 1817
8505 103
8506 120 727 1271 1374 1709 1759 3169 5090
8507 4864 8206
8509 5 568 800 1344 1640 1804 4537 4735 14076
8510 273
8511 5070
8512 1271
8513 5 18 85 117 209 221 266 348 351 370 394 395 445 467 510 523 645 900 1067 1230 1335 1383 1570 1646 1794 1847 2406 2442 2486 2526 2656 2801 2983 2987 3164 4235 4245 4359 4532 8149 8257 8988 9176 9437 9894 9963 10122 10353 10354 10361 10366 10371 10372 10377 10391 10393 10395 10398 10403 10407 10409
8514 1658
8515 103 1622 9596 12716 12717 12718 12719
8516 6804
8517 7310 10411 10412
8519 3637
8520 12725
8521 4473
8522 3368
8523 53 221 537 538 839 876 2553 3134 3570 3928 3929 4095 4525 5315 5452 6006 8476 8566 8601 9296 10396 10416 10417 10418 10419 10422 10424 10426 10427 10428 10430 10433 10434 10442 10443 10444
8524 275 645 899 900 1334 2601 3834 8076
8525 10 35 81 103 128 249 338 349 356 370 1046 1302 1344 1462 2073 2784 2848 3088 3974 4583 5622 5876 7123 9998 12729 12735 12741
8526 5
8528 5
8529 10452
8530 422
8531 8094 10016
8533 117 263
8535 103 679 898 1073 1621 1992 3670 3860 14077
8536 374 2752
8537 3872
8538 4326
8540 1847
8541 3805
8542 1317 11465 12755
8543 3933
8544 12758
8546 10475 10476
8547 376
8548 490 9557
8550 1344
8551 7583
8552 8
8553 637 1307 2002 2707 2789 3230 3753
8554 988 1096 3446 6741 9551
8555 18 36 175 266 267 271 310 445 525 533 582 763 793 950 995 1012 1061 1086 1135 1179 1427 1470 1483 1555 1755 1806 2257 2375 2376 2395 2427 2498 2510 2529 2789 3040 3229 3252 3257 3347 3552 3833 3996 4320 4322 4386 4617 4964 5001 5039 5051 5299 5907 6027 6160 6212 8409 8981 10261 10485 10486 10487 10490
8556 4747
8557 105
8558 7308
8559 5 453 718 3847 5245
8560 269
8561 10517
8563 236
8564 1024
8565 12774
8566 772 774
8567 167 1151 3267 3978 4075 4525 6061 10528 10529
8568 12777
8569 649
8570 3321 5305
8571 10533
8573 288
8574 12783
8575 703 957 3071 6253
8576 10521
8577 3373
8578 3900
8579 5
8580 77 236 269 356 1289 1322 1466 2765 3926 5218 5804 7038 8930 10541 10547 10550 10551 10556 10562 10575
8581 1142
8582 1342 4317
8583 5
8584 496 7731
8585 103
8586 5 10 1968 2811 9900
8587 4527
8588 5
8589 2925
8590 1015
8591 1103
8592 5 236
8593 6393
8594 10
8597 8 215 355 2113 2891 3092 4412 4461 4677 4735 5478 6495 6584
8598 175
8599 5 435 1545 3863 7515 9157 9362 10627
8600 10635
8601 12815
8602 10651
8603 4999 5000
8604 2814 13774
8605 18 237
8606 349
8607 2375
8608 505
8609 564
8610 593
8611 81 10663
8613 103 305 395 400 557 2627 2801 6892 7883 10128 10664 10673 10675 10678 12054
8614 279
8615 3318
8616 7933
8617 894
8618 5
8619 385
8620 1340
8621 8 5291
8622 62 355 470 721 889 1186 1230 1327 1334 3090 5703 6094 9662 9776 9780 9781 9782
8623 890
8624 819 1415
8626 349
8627 5
8628 519 4576
8629 5836
8630 1101
8631 7715
8632 2737 7634 10681 10682 10684
8633 321 589 1498
8634 5 2509 3893 8223
8635 1034
8636 7 349
8637 7104
8638 1013
8639 11158
8641 5
8643 1867
8644 9747
8645 480
8646 6 5787 11196
8647 2974
8648 9111
8649 10695
8650 5276 12848
8651 2356
8652 5
8653 5 368 711 4535 6653 9378
8654 1356
8655 368 2793
8656 10703
8657 717 1824 4044
8658 7231
8659 641
8660 4012
8661 5 1056 10709
8662 6 5693
8663 536 792 1547 2584 2724 4522 9642
8664 6998 12858
8665 90
8666 261
8667 1460
8668 8 103 10720
8669 631
8670 13785
8672 12863
8673 69 137
8674 375 1075
8675 7457
8676 1800 2485 2487 5380
8677 521 7457
8678 568 5473
8680 269
8681 3143
8683 12873
8684 12875
8685 32 128 342 1342 2013 3844 3994 9185
8686 91 231 358 376 395 568 772 774 951 2280 2565 3135 3213 4029 5597 7952 8546 9855 10738
8687 5
8688 5
8689 5
8690 10 164 238 578 692 717 3437
8691 3435
8694 5
8696 1115
8697 349
8698 866
8699 12893
8700 10 231 351 637 3259 4978 5212 10273 12251
8701 103
8702 12899
8703 5
8704 5 9703
8705 612
8706 609 2558
8707 763 908
8709 679
8710 10753
8711 5 278 557 631 643 651 745 953 973 1061 1804 1974 2114 2615 2860 3062 3444 3650 3654 4735 5063 5790 5916 6284 6380 6386 6581 6708 8327 10992 11129 11912 12909 12910 12913 12915 12919 12932 12934
8712 489 1010
8713 1196
8714 3444
8715 5
8717 568
8718 199 737 1563 1565 2000 2124 2462 3196 3197 3549 3569 4528 4532 4657 5150 5279 7799 7832
8719 10762
8720 1196
8721 5402
8722 8704
8723 258
8724 352
8725 418
8726 7496
8727 8
8728 1311
8730 510
8732 5
8733 9794
8735 926 1580
8736 954 3261
8737 12950
8738 496
8739 3932
8740 6356 6476
8741 355 496 539 601 1374 1375 1376 1378 2245
8742 894
8743 69 2304
8744 9800
8745 5973
8746 122
8747 837
8748 637 3255 5926 7382 8016 8043 10776
8749 4097
8750 149
8751 5221
8752 7 1676 1786 2091 4404 5743 12960
8753 5869
8754 72 160 10777 10778
8755 10779
8756 121 269 352 529
8758 1477
8759 9804
8760 1621
8761 10785
8762 897 3968
8763 1334
8764 450
8765 10
8766 126 593 10789
8768 231 5870 8213
8769 451
8771 2660 5858
8772 5
8773 175 220 480 601 1484 3257 5117 8797 9746
8774 8094
8775 2519
8776 1228 9340 12933
8777 505 1841 7379
8778 1204 5636
8779 1951
8780 5
8781 651
8782 1835
8783 413 634 2544 4535
8784 1065
8786 13005
8787 539 10033
8788 7 10 11 15 319 413 431 445 557 840 1196 1209 1398 2013 2173 2434 2750 2865 3083 3269 5289 5727 6167 6320 8341 11130 13017
8789 81 3310
8792 8 10 85 106 139 141 197 198 234 240 266 268 343 362 431 467 477 504 533 582 594 665 717 750 863 890 894 901 1046 1321 1402 1420 1449 1475 1516 1518 1653 1759 1794 1876 1933 2020 2077 2297 2363 2375 2452 2553 2697 2801 2848 3070 3090 3138 3145 3212 3233 3237 3342 3346 3417 3486 3487 3612 3701 3784 3831 3930 4035 4082 4382 4388 4510 4516 4866 4870 5033 5167 5381 5393 5445 5524 6163 6440 7123 7541 7545 7560 7992 8223 8456 8714 9178 9278 9297 9706 9800 10283 10590 11004 11369 13032 13036 13071 13077 13084 13088 13095 13106 13107 13108 14079
8793 3258 10811
8794 160 1366
8795 6769
8796 391 1012 1752 1780 3433 4320 4335 5039 5051 5374 6057 6332 7942 8889 10907 10908 10909
8797 3545
8798 1477 3647 6027
8799 5143
8800 666 2355
8801 8633
8802 11020
8804 5103
8805 10 209 451 796 1578 2835
8806 81 103 632 2519 4009 5438 11965
8807 18 5481
8808 5
8809 4692
8810 2736 4935
8811 8 103 232 799
8812 1819
8813 141 310 431 495 531 583 766 795 847 890 1061 1302 1351 1451 1549 1741 2298 2441 4213 4403 4780 6022 6429 6451 7434 7983 7999 11001 11002 11003 11005
8815 3002
8816 532
8817 592
8818 5215
8819 2049
8820 864 1033 1244 6408 11007 11009
8822 3289
8823 5
8824 2416
8825 1982 4561
8826 451 702 1971 2498 3342 4664 12564
8828 601
8830 7461 11018
8831 1843 1846
8832 645
8833 539
8834 3171
8835 4594 6027 7711 8096 12574
8836 575 1207 5461
8838 12577
8839 2248
8840 2072
8841 5707
8842 4566
8843 349 609 7266 9551
8844 2857
8846 1602
8847 3257
8848 5
8849 114 259 692 3437 4546 12579
8850 349 505 2255 3034
8851 5
8852 2029
8853 594 7373
8854 799
8855 5
8856 1010 1117 1121 4810 12581
8857 2447
8858 3065
8859 2419 8908 8912
8860 952 5856 10039
8861 11022
8862 4031
8863 131
8864 62
8865 5 496 506 662 691 806 1770 2161 2680 3300 3473 3631 4434 4615 4723 5800 5857 7683 7684 8100 10022 10124 11023 11027 11028
8866 114 1058 3272 11036
8867 2583
8868 24
8869 8911
8870 6197
8871 10 266 1230 2000 2529
8872 11044
8873 400 12586
8874 763 793
8875 11048
8876 5 650 915 1156 1926 2623 2624 7158 11075
8877 400
8878 898
8879 5 56 114 126 160 349 355 805 854 969 1151 1225 1570 1657 1931 2624 2820 2851 3560 3713 4101 4195 4502 4717 5417 5427 6323 6971 9304 12588 12590 12596 12599 12601 12605 12609
8880 18
8882 5
8883 5
8884 5
8885 10
8886 64 260 499 533 889 1203 1796 1797 2318 2711 3248 4818 5339 6373 6451 6642 9226
8887 5478
8888 780 1652 5094
8889 68
8890 5
8891 5 1096
8892 1451
8893 160 3538 12459 12634
8894 273 601 6721
8895 10 356 626 1489 2019
8896 269
8897 85
8898 1086
8899 5
8900 12641
8901 5 114 304 487 704 1099 1109 1179 2330 2423 2556 2791 3172 3231 3348 4461 4925 5636 7679 9007 11775 13816
8903 4272
8904 5 4381
8905 11102
8906 5
8907 471 7417 10946
8908 62 510 645 691 717 793 1108 1374
8909 6565
8910 349
8911 8 76 1142 1198 1466 1501 2736 3812 8148
8912 11592
8913 77 1345 3722 3940 4153 10170
8914 11111
8916 11117
8918 7423
8919 702
8921 986 2529 5725
8922 5 2416 5678
8923 3975
8924 643
8925 651
8926 8
8927 5
8929 18
8930 376
8931 5
8932 5
8933 1020
8935 918
8936 12224
8938 900 5410
8939 351 5405 12683
8940 2440
8941 12684
8943 504 1165 6537
8944 2711 12693
8945 269
8946 5 12694
8948 5 531 890 3930 6623 6706 11143
8949 5
8950 304
8951 5 1010 10961 10965
8952 5152
8953 196 533
8954 236 696 1829
8955 474 772 774
8956 661
8957 3805
8958 5585
8959 10 4926
8960 5 81 102 631 2040 3889 4864 5711
8961 3088 4767
8962 1056 2394 12144
8963 599 12708
8964 5
8965 12709
8966 769
8967 5 17 269 450 539 618 631 1374 7433 10970 10971
8968 180 260 2485 11176
8969 5642
8970 5255
8971 1849
8972 3635 12711 12712 12713
8973 1024
8974 10824
8976 5299
8977 5
8978 4129
8979 679
8980 15 103 1061 1179 1472 4045 11187
8982 543
8983 810 5531
8984 8606
8985 5 1545 4244 12348 12720
8986 496 1110 3357 3752 3819 4131 4584 10749 12737 12739 12742
8987 631
8988 1817 4975
8989 8003
8990 624 1739 11203
8991 2940
8992 12 1849 3351
8993 539
8994 105 349 633 1010 1697 1774 2439 2498 2678 5320 6060 9385 12748
8995 139 265 2423 3441
8996 2994 11206
8997 3419
8998 918 1566 4061 6049 8636
8999 4585
9001 12757
9002 1411 4956 5635
9003 65 8909 11295
9006 837
9007 8
9008 10175
9009 1915 5787 11212
9010 758 1087 7667 10145 12760
9011 103
9012 651
9013 3561 3585
9015 7524
9016 6 10 69 90 106 173 174 180 200 360 429 481 698 802 940 1061 1174 1179 1196 1282 1391 1398 1560 1765 1950 2009 2204 2247 2448 2750 2812 3171 3222 3384 3694 4038 4127 4283 4329 4402 5051 5677 6582 6932 8695 11215 11220 11221 11223 11224 11231
9018 1110 2280
9019 1849
9020 707 1100 1965 2711
9021 12761
9022 5 863 5643 9308
9023 140 141 531 1188 5986 8289 9270 12771
9024 5
9025 6155
9027 1587 2556 3391 12778 12779 12781 12786 12792
9028 1012
9029 123 139 140 141 890 951 1014 1532 2471 2526 3930 4692 11249
9031 1489
9032 1667
9033 2064 8055
9034 1344 7290 12609
9035 2662
9036 303 3080
9037 11252
9039 1860
9040 5908
9041 73
9042 2557
9043 9278 12800
9044 753 1763 2898 9620 11254 11255
9045 5
9046 1403
9047 665
9048 269
9049 10294
9050 5 10 102 275 310 451 692 854 1302 2206 2216 2848 3652 4099 4201 4216 4723 5119 5954 7280 9028 9181 10830 10831 11260 11262 11263 11266 11276 11281 11282 11284 11285 11286
9051 1570
9052 681
9053 2323 2549 3146 3547 4450 4452 4789 6464 6537 9283 9965 10265 11182 11291 11292 11294 11295
9054 5 9624 12476 12760
9055 238
9057 819 1415
9058 10833
9059 8
9060 6041 7238 11340
9061 4368 5305 6555
9063 394
9064 9238 9663
9065 9322
9066 5393
9067 5 707 981 990 2711 5726
9068 259
9069 4572
9070 178 389 525 1083 1230 1775 2616 3551 3614 3829 4857 5055
9071 645
9072 1506
9073 2051
9074 1169 4162 5197
9075 513 3992
9076 1073
9077 4004 5215
9078 2685 3355 4661
9079 11303
9080 2047
9083 10337
9085 1071
9086 4718
9087 3300
9088 93 5249
9089 6657
9090 1477 2492
9092 4542
9093 4535 5804 7663 8204
9094 6922
9097 5
9098 9984
9099 5082
9100 356
9101 1349 1472 1699 2053 2613 2674 3729 6842 7507 10890 11317 11318 11319
9103 5804
9104 159
9105 2509
9106 5
9107 5
9108 12825
9109 5077
9110 884 1566 7273
9111 5
9112 9224
9113 5
9115 1323
9116 2510
9117 6175 11329 11330
9118 204 12827
9119 42 1198 2680 3690 5880 11335
9121 6896
9123 2315
9124 31 853 1449 1698 3003 3019 3119 3254 4794 5094 11294 11338 11339
9125 274 1909
9126 1222
9127 10
9128 2702
9129 169 833 1145 2041 2047 2137 3718 3719 6001 12844
9130 2793
9132 6090
9133 266 717 963
9135 568
9137 2527 2605
9138 2514
9139 4147
9140 3299
9142 103 158 356 436 438 564 1090 1271 1371 1752 1840 1888 2509 2614 3755 5152 5291 5949 6168 8571 9110 10042 11345 11348 11349 11361 11372
9143 2352 5088
9144 5 121 641 679 849
9145 5 257 709 4964 11381 11383
9146 11551
9147 489 1010 1854 5994 6407 6530 7183 7239 7486 12862
9148 5 696
9149 11387
9150 1437 8434
9151 12867
9152 12097
9153 3673
9154 127
9155 7615
9156 1389
9157 5
9158 11392
9159 1821
9160 5931
9161 160 1344
9162 5130
9163 5
9164 437
9165 9576
9166 11403
9167 3095
9169 533
9172 3917
9173 250 349 1110 2030 6418 9080 12890 12891
9174 2303
9175 400 1356
9177 5 4244
9178 24
9179 5
9180 703
9181 5
9182 5240
9183 4910
9184 1045
9185 160 1075 1301 3064 8459
9186 5
9187 2925
9188 5
9189 4675
9190 5
9192 103
9193 4555 4724 5532
9194 12778
9195 8182
9196 8 81 514 3115 5567
9197 11447
9198 5909
9199 351
9200 451 561 1301 7021 11129 11448 11450 11452
9201 359 519 599 2719 4250
9202 1475 9021 9800
9203 5 6948
9204 342 999
9205 1457 6442 12924 12925
9206 18 8450 9272 12927
9207 6611
9209 568
9211 5
9212 5
9213 2052
9214 11462
9215 602
9216 2683 11258
9218 12940
9219 3270
9220 533 894 1014
9221 618 631
9222 11467
9223 12943
9225 2764
9226 1440
9227 8178
9228 793 894 1494 5677 10852
9229 1331
9230 7330
9231 11829 12947
9232 289 717 1179 1314 1458 2509 2551 3682 6933
9233 5 10 220 264 275 282 558 715 753 894 1196 1237 1807 1842 2116 3287 3357 3560 3590 3844 6063 6217 6813 7617 9289 10814 10857 10858 10861
9234 95 356
9235 5
9237 8
9238 582 10865
9239 5
9240 12953
9241 103 795 2439 2793 5971 9514 12954
9242 5
9244 3249
9245 8700
9246 6015
9247 5 12 24 62 90 349 355 496 849 1371 1396 1751 4645
9248 1110 4665
9249 496
9250 42
9252 4810
9253 11490
9254 1051
9255 4044
9257 5 52 269 3172 4961 6114 8975
9258 5
9259 2670
9261 601
9262 95 130
9263 3985
9264 5 8 349 926 1071 1236 3038 4120 4327 6067 10551 11448 11965 12971
9265 5 1108 1477 2000 12974
9267 3352
9268 3334
9269 5 978 5868 6227 10478 11348 12979
9271 1518
9273 967 1413 3990 6217 6242 10033
9274 11532
9275 11533
9276 5 8386
9278 1310
9279 12996
9280 6484
9281 884
9283 11 4387
9284 8110
9285 8 326 643 854 3016 4805 5772 13010 13873
9286 395
9287 5 10 24 95 103 433 451 482 743 1295 1345 1868 2845 5229 5307 7375 13019
9288 4106 5636
9289 2542
9290 2204 11075 11545 11548
9291 5326
9292 4724
9293 539 3080
9295 5 6 8 18 164 238 349 645 1516 1882 2655 4537 6003 6081 7051 7805
9296 8436
9298 2618
9299 455
9300 5
9301 6135
9303 4925
9304 1815
9305 6338
9306 13042
9307 5945
9308 2895 9092 11592 13048 13049
9309 5
9310 13053
9311 5 7 10 24 68 75 81 191 196 212 290 335 410 433 494 503 565 636 679 853 910 1010 1054 1101 1341 1432 1479 1844 1845 1903 1968 2011 2060 2548 2630 2632 2711 2753 2809 3088 3124 3179 3202 3652 3664 3667 3714 4064 4405 4550 4709 4993 5247 5419 5719 5896 5900 6122 6250 7715 7943 8735 10037 11129 11302 12377 12919 13056 13068 13074 13076 13081
9312 2622
9313 5
9314 2229 5693
9315 125
9316 5 414
9317 374 5381 8260
9318 1448
9320 10 2677 5275
9321 533 5078
9322 1426 13110
9323 3055
9324 2252
9325 5 349
9326 7665
9327 103 9058
9329 180 389 525
9331 13114
9332 793 5340
9333 9639
9334 592
9335 77 299 867 1058 9440
9337 2891 5209
9338 124 349
9339 1451
9340 4443
9341 8269 13118 13119
9342 275
9343 3986
9344 130 10308
9346 5
9348 349
9349 1860
9350 4674 13127 13128
9351 681
9352 3415
9353 454 496 539 1374 12635 13133 13135 13136 13137
9354 117 454 523 666 951 1179 1775 2387 2844 3432 4515 4999 5000 6069 7034 7502 7511 8282 9223 9259 12216 12407 13151 13156 13160
9355 329 431 489 1271 1468 2118 2320 4013 4030 6579 8016
9356 236 13169
9357 856
9359 9 18 117 220 359 419 519 582 666 724 763 774 901 1063 1154 1179 1558 1694 2042 2128 2244 2416 2775 3178 4088 4092 4557 4934 5093 5178 5278 6048 6393 7132 7511 8439 8797 8885 9906 10710 13176 13177 13179 13183 13184 13187 13190 13192 13194
9360 5
9361 2014 3488
9363 10 743 3127
9365 1334
9366 10187
9367 2702
9368 6389
9370 3003
9371 9662
9372 349
9373 13200
9374 103 105 289 437 514 557 578 623 626 743 750 1310 1472 1506 1657 1861 4407 5940 5951 6041 8940 9425 10230 10963 13189 13203 13215
9375 5 1776 2247 2253 4852 5412 7877
9376 1580
9377 105
9378 356
9379 140 795 1506
9380 1241
9381 1539
9382 3959
9383 2801
9384 11669
9385 8
9386 4912
9388 11672
9389 271 375 5311
9390 11674
9391 651
9392 103 300 6672
9393 349 13230
9394 275
9395 139 198 3002 4047 10309 12577
9397 5 543 11050 12339
9398 265
9400 646
9401 5
9403 18
9404 75 349 1983 2923 13246
9406 2489
9407 2230 6451 6546
9408 3771
9409 1910 2624 9650
9410 3352
9412 5571
9413 3270
9414 5
9415 11696 11707 11712
9416 5
9417 4319
9418 1645
9419 550 1590 1975 4272 6495 6971 7444
9420 3557
9421 823 1354 3917 10964 11384
9422 53 536 2007 11722 11723
9423 385
9424 633 1043 3930 5855 10706
9425 1165 1740
9426 8 95 665 1363 1842 1990 5743 7297 7552 11717
9427 11735
9428 8
9429 1110
9430 5061
9431 9963
9432 273 601 618 853 5481
9433 24 81 416 2736
9434 1334 2257 4723
9435 269
9436 5
9437 6947
9438 3832
9439 7220
9442 1144 4275 11747
9443 1916
9444 793
9445 11741 11742
9446 11749
9447 212
9448 743 1977
9449 2560
9450 5 36 348 445 466 510 609 645 692 940 951 1084 1310 1947 2256 2458 2551 2762 3214 3229 3261 4928 6828 9860 9865
9452 356 6407 13273
9453 24 171 533 538 624 823 1590 2825 4040 4082 4444 4445 4446 4447 5010 5449 7065 8929 8932 9395 9781 9782
9454 8
9455 13281
9457 5212
9458 9072
9459 90 1711 2086 3003 4031
9460 1383
9461 2579
9462 1539
9463 7119
9464 3849 4051
9466 275
9467 3755
9468 4218
9469 3974
9471 8
9472 823
9473 11761
9474 2580
9475 539
9476 400 631 2791 4031 13289
9478 1198
9479 7609
9480 11776
9481 2413 13297
9482 3214 11259
9483 11768 11770
9485 2739
9486 3271
9487 3062
9488 254 3635 5858 5990 6071 7272 7273 8646 11779 11781 11782 11783
9490 5 361 3317 7111
9491 376 1488 2039 2904 3198 3394 4173 5952 11785 11787
9493 5
9494 5 6423
9495 1840
9496 1065 2548 11772
9497 3704
9498 8
9499 5
9500 103 346 6674
9501 103
9502 503
9503 964
9504 5002
9505 2303
9506 11775
9507 5
9508 330 2769 5164 10566
9509 3998
9511 103 164 539 1033 2256
9512 1886
9513 5 239 451 535 2496 2565 3058 4867 7784 7792 7795 7806 7911 8921 13313 13314 13315 13317
9514 18 348 413 510 580 582 1084 1108 1230 1271 1646 1809 1841 2002 2170 2406 2463 3187 3257 3261 5090 5651 6674 11811 11814
9516 2352
9517 12
9519 13321
9520 349 400
9521 6 3586
9522 1378
9523 2720
9524 305
9526 5 175 177 234 321 351 355 394 624 631 727 961 1083 1086 1102 1181 1251 1270 1653 1780 1794 1812 1852 2223 2232 2519 2566 2674 3343 3625 4784 4976 5051 5650 6217 6429 9359 10299 11832
9527 5
9528 275 924 1400 1415 1659 2148 2856 2994 3720 5432 7443 8929 11475 11837 11841
9529 236
9530 1777 13323
9531 2406
9532 5
9533 2579 6295
9534 5
9536 8297
9538 5305
9539 5
9540 2021 4663 5973 6581 7578 12365 13019
9541 349 3823
9542 510
9544 1622
9546 10853
9548 745
9552 9619
9553 2115
9554 5
9555 2294
9556 691
9557 5
9558 763
9559 13331
9560 23
9561 10519
9562 5
9563 213 347 431 454 470 505 506 580 582 594 645 690 717 844 968 971 972 1449 1468 1477 1655 1772 1787 1847 1933 2048 2162 2649 2835 2844 2848 2891 3352 3473 4189 5981 6721 7396 8111 9651 10273 10478 10687 13334 13335 13338 13346 13350
9564 13351
9566 8691
9567 5 32 265 266 413 961 3993 5597
9568 13355
9569 2257
9570 224 690 834 868 972 2048 2910 3055 3586 3719 4099 4150 4795 6009 8383 8575 8576 9135 12901
9571 7733
9572 2385
9574 218
9575 7592 10122
9576 6559
9577 63 266 1052 2252 2485 2566 8131
9578 5 2719
9580 13 231 10875
9581 10877
9582 1854
9584 77 942 968 1371 1786 2091 2577 5952 6555 6892 7617 8214 8765 11273 11275 13287 13370 13371 13372 13373 13374 13376
9585 5
9586 348 388 4049
9588 356
9589 2413 2551
9593 271 7730
9594 3593
9595 9092
9596 515 1698 3145 3740 5330 5593 6544 10230 11223 14082
9597 1556
9598 356
9599 24
9600 5
9601 1876
9602 5
9603 510
9604 4671
9605 1010
9606 2784 4329 6933
9608 8
9609 943
9610 496
9611 349
9613 636 2562
9614 81 246 360 385 395 480 869 1413 1800 2090 2136 2442 3231 3254 3404 3940 4283 4450 4451 4452 4455 4460 4461 4614 5289 10880
9615 5
9616 3769
9617 105
9618 1336 3070
9619 6131 8865
9620 5
9621 6
9622 1885 2342
9623 2498
9624 4529
9625 5 8
9626 1110
9627 4682
9628 2697
9629 8 10 95 103 105 692 1043 2416 4715 6928 10741 11881 11885
9630 7168
9631 5 1977 6053
9632 431 10991 13396 13397
9633 1110 2280
9634 206 849 2513 4388 7976 11931 13400
9635 2581
9636 63 526 13402
9637 5
9638 8
9639 75
9640 4477
9641 1024
9643 240 5758 13404
9644 362 6117 9673
9645 1247 1465 1545 1732 1745 1834 2891 4583 9936 11308 13408 13411
9646 5 10 1996 3680
9647 13188
9648 10688
9649 11904
9650 5883
9651 1518
9652 7634
9653 478
9654 2598
9655 114
9656 283 285 504 5273 8094
9657 7584
9658 5
9659 5
9660 8 81 533 3083 3287 6786 11912
9661 10 123 3174 4119
9662 2908
9663 5242
9664 253 283 284 285 1113 2104 7299 7733 9970 13415
9665 11914
9667 5 1260 1777 1956 3528 5697 13418
9668 5 8 24 220 265 330 348 390 465 543 578 717 772 1028 1110 1653 1695 1838 1841 2280 2342 2609 3035 3214 3300 3325 3415 3770 4178 4814 4817 4857 5945 6586 8071 9259 10537 10543 10613 11773 13422 13425 13428
9669 2570 5405
9671 1849 8932
9672 955
9673 4846
9674 8
9675 5 342 634 750 804 1305 1374 1801 2227 2253 3670 4005 4516 4528 4849 5040 5907 6182 6358 7266 8015 8631 9359 11922 11925 11926 11927 11931
9676 480
9677 6860
9678 5
9679 365
9681 349 2629
9682 1824
9684 972 6854
9685 1280
9686 1187
9687 1842
9689 10
9690 2387
9691 9530
9692 313
9693 5
9694 3246 3248
9695 77 451 1710 3494 3996 4916 6818 7636 11934 11935 11938 11941 11942 11944
9696 68 379 651 767 851 1081 1457 1813 1840 2647 3096 3174 3665 3908 4153 5590 6220 6307 7356 7861 9791 11583 11952 11953 11956 11957 11967 11968
9697 3403
9699 9734
9700 730
9701 3995
9702 349
9703 819
9704 9390
9705 7189
9706 5 6402
9707 10075
9708 13438
9709 8
9710 975 11973
9711 13
9712 13440
9713 11975
9714 2011
9715 413 4030 4926 7189
9716 12 717
9717 2125
9718 7470
9719 779 1882 4276
9720 394 490 7863 11860
9721 253 414 627 1061 1626 2674 2784
9722 853
9723 24 36 51 126 237 240 253 256 349 380 413 467 482 489 491 494 506 510 517 644 730 756 763 778 908 1021 1208 1570 1723 1755 1872 1970 2000 2573 2712 3165 3169 3192 3233 3491 3710 3844 3853 4164 4481 4504 4561 4583 4702 4755 4857 4992 5256 5499 5703 5717 5856 5916 6114 6224 6650 8092 8186 8677 9264 9278 9336 9963 10287 10594 12873 13398 13444 13445 13447 13452 13453 13457 13458 13460 13461 13462
9724 269
9725 3259
9727 3523 10240 13464
9730 5 275 465 1489
9731 851
9732 451 10052 11982
9733 548
9734 2795
9735 1305
9736 4796
9737 275 1179 1451 2297 2638 3257 7883
9738 11293
9739 269
9740 75 438 451 2571 5998 6431
9741 10064
9742 2092 2807 4127 6684 9272 13467
9743 2673
9744 5
9745 11992
9746 5209
9747 5806
9748 2556 10228
9749 81 380 1310
9750 12067
9751 68
9752 4535
9753 348 387 1335 2297 4205 4782 5665 5777 8300 9185 9418 10497 11999 12005
9754 117 510 666
9755 1732
9756 10 140 141 203 356 881 1142 1683 6155 10898
9757 2989 12014
9758 265
9759 151
9761 2427
9762 1345
9763 5
9764 251 672
9765 438 451 557 1474
9766 8 10 10170
9767 12
9768 356
9769 1474
9770 3844
9772 5
9773 6217
9775 18
9776 3716
9778 12023
9780 12025
9781 3904 4697 12029
9782 431 12029 13480
9783 4594
9785 5082
9786 2297 3257
9787 8183
9788 103
9789 1345
9790 1851
9791 90 95 290 1051 3088 4666 4968 7206
9792 7358
9793 1010
9794 8
9796 3355
9797 8504
9798 18 2643 4516 7619 9931 13492
9800 8357 9943
9801 742
9802 1970
9803 123 1841 2406
9804 8 77 324 575 635 918 942 1440 1861 3468 3651 3673 3752 3895 4234 4693 5088 5113 5920 6892 7063 7136 8511 8706 8707 9530 10175 10898 11695 13495 13496 13497 13500 13504 13505 13506 13511
9805 121 679 928 1260 1392 1840 1935 3068 6949 8291 13516 13517
9806 1061 3406 3840 7490
9807 5 12 105 240 506 901 1061 3165 4044
9808 12288
9810 4664
9811 13530
9812 2381
9814 5468
9815 2206 7236 13532 13533
9816 5
9817 238 707 1204 1716 2498 2720 3199 4201 4403 4886 5068 7169 7384 8457 8504 10041 12044 12046 12047 12054 14086 14087
9818 4494
9819 533
9820 62
9822 6619
9823 618
9825 5 4827 12061
9826 2631
9827 5290
9828 2618
9829 2618
9830 342
9831 227 506 627 2293 6301 11016 13542
9832 4535
9834 5850
9835 56 12064 12065
9836 6 18 645 995 1230 1367 4532 4848 12066
9837 103
9838 3027
9840 13545
9841 265
9842 1518 2363 2646 4829 6769
9843 2752 5037
9844 5 1757 4048
9846 12075
9847 1282
9848 1024
9849 717
9850 338 1157
9851 5
9852 11426
9853 618
9854 397 5524
9855 2811
9856 819
9857 5 95 149 394 609 1052 1061 1592 1795 1882 2255 2297 2375 3058 3263 3703 3708 4711 4985 5636 5816 8546 8941 10052 11678 12886 13552 13553
9858 13554
9859 103 114 167 220 251 404 1199 1674 2022 2171 2581 2696 4416 5168 6424 6611 9152 9153 10315 10316 12710 13088 13555 13560
9861 8 1301
9862 1374
9864 624
9865 1376
9866 288
9867 13 2251
9868 3751
9869 18 117 266 510 1809 2513 11483 12081
9870 275 12242
9871 12 730
9872 17 103 269 356 455 643 1366 1415 1466 1472 4407 6041 6155 10287 10963 13215
9873 898
9874 995 1481 8055 13178
9875 126 12206
9876 3772
9877 103
9878 352
9879 1626
9880 3172
9881 13567
9882 90
9883 10905
9884 3930
9885 5571
9886 7050
9887 12083 12085
9888 3780
9889 2591
9890 5
9891 5
9892 1708 4078 6361 7380 8448 13357 13571
9893 8 24 349 1809 2449 6681
9894 12092
9896 2256
9897 3673
9898 349 796 911 2233 2736 6682 13355
9900 90 4805 13578
9901 8
9902 4934
9903 679
9904 2375
9906 568
9907 356
9908 81 290 2565 5898 7545 13580 13581
9909 1546
9910 13584
9911 8
9912 1580
9913 9747
9914 204 837 898 1713 2075 2736 3483 3484 4252 5345 5620 7412 8770 9239 11596 13585 13586 13587
9915 681
9916 4574 7206
9917 91 11128
9918 111 562 844 969 1592 1721 2912 5124 5356 5981 6322 7683 8509 9299 10649 13588 13591 13597 13604 13606 13607
9919 3505
9920 1344
9921 64 673 675 13616 13617
9922 4507
9924 9448
9926 4864
9927 72
9928 9449
9929 1809
9930 7452
9931 470 1310 3382
9934 1851 2494 3875 3877 8341
9935 5 795 2395 12315
9936 9157
9937 1230
9938 5 81 283 284 285 537 1109 1732 3173 4463 4881 9714
9939 1086
9940 5 578 742 1539 1681 1716 1931 2172 3357 4512 4665 8003 10216
9941 759 4796
9942 90 329 689 859 1058 1065 1913 2416 5743 6928 7539 7547 8479 8647 9239 12331 12336 12337 12339
9943 601
9944 2930
9945 822 5259
9946 1037
9947 651 1244 2513 3477 3900 9734
9948 5711
9949 4328 5675
9950 102 582 2392 2720 2762 2784 2891 4925 10128 14088
9951 649
9952 7473
9953 10246
9954 72 75
9955 3179 12346 12347
9956 5
9957 3614 5054 5055
9958 6451 6546
9959 1941 1944
9960 1477
9961 474
9962 6648
9963 1110 3811
9964 1640
9965 103 125 763 1033 2719 3462 4542 4830 9765
9966 2040
9967 4295
9969 3505
9970 4074
9971 262
9972 81 95 318 635 665 795 3019
9973 1271 1477 2020
9974 1332 8904 11586
9975 1363
9976 3877
9977 3532
9979 4183
9980 18 510 1351
9981 12320
9982 1 703
9984 1899
9985 546
9986 7836
9989 8 1460
9990 356 385 484 641 850 1506 2618 3004 3316 5219 10307
9993 4535
9994 5
9995 918
9996 9779
9997 410 2413 10120 12242
9998 3469
9999 489 2540 4585 4697 7602 9790 14089 14090
10000 8 3028
10001 1676 5120
10003 103
10005 1271 2529 8700
10006 22
10007 56
10008 212 2261 12384
10009 10
10010 62
10011 2510
10012 284 592 1657 4978 8129 11747
10013 4379
10014 5 64 1412 1781 1805 4701
10015 8 4240 9803
10016 1640
10017 2138 9805
10018 10 2852 3574 4369 6144
10020 594 866 1271 1375 1933 2231 2565 3772 4031 4404 5116 6402 7698 8107 9278 9813 9817 9824 9830
10022 4387 5374
10023 471
10025 11789
10026 5
10027 355
10028 5 3036 7266 11036 12423 12425
10029 5 6 7 8 10 15 18 36 56 72 91 109 110 117 120 123 152 176 178 180 197 200 205 218 234 238 263 267 268 269 289 337 351 388 391 405 406 474 496 506 507 510 523 525 539 567 580 582 583 631 634 648 651 681 691 717 727 755 756 774 793 822 837 843 845 855 876 881 1010 1012 1021 1084 1179 1187 1208 1230 1235 1251 1254 1282 1311 1336 1344 1358 1382 1423 1444 1469 1470 1484 1516 1553 1560 1564 1592 1644 1652 1667 1694 1776 1801 1809 1838 1849 1976 1994 2011 2058 2077 2092 2115 2172 2186 2244 2247 2257 2261 2262 2280 2297 2327 2357 2360 2372 2373 2376 2395 2450 2485 2497 2532 2544 2635 2645 2655 2685 2708 2712 2751 2762 2807 2812 2814 2901 3038 3163 3168 3172 3178 3187 3197 3203 3214 3224 3225 3231 3237 3252 3257 3261 3264 3296 3300 3342 3343 3365 3427 3556 3562 3572 3573 3708 3719 3767 3793 3802 3825 3832 3836 3837 3840 3900 3977 3989 3993 3994 4008 4022 4040 4046 4051 4057 4106 4151 4169 4170 4225 4279 4320 4363 4399 4461 4465 4502 4527 4532 4617 4647 4657 4661 4723 4735 4911 4915 4945 5047 5049 5076 5091 5146 5221 5351 5423 5426 5436 5620 5650 5735 6023 6041 6064 6094 6217 6340 6429 6501 6521 6524 6538 6680 6708 6722 6827 7028 7050 7120 7122 7208 7235 7243 7394 7400 7440 7477 7490 7530 7877 7992 8131 8152 8153 8305 8389 8417 8456 8768 9031 9152 9266 9488 9531 9780 9828 9865 9900 10081 10263 10380 10504 10613 10629 10645 10652 10699 10834 10957 10963 11052 11337 11344 11758 11769 12017 12426 12434 12441 12444 12445 12447 12448 12452 12455 12457 12460 12462 12463 12466 12473 12474 12476 12484 12486 12487 12488 12489 12490 12495 12500 12508 12522 12529 12530 12531 12533 12545 12549 12550 12551 12552 12554 12556 12557 12562 12563 12565 12566 12567 12570 12573 12576 12578 12582 12594 12600 12610 14091 14094 14095 14096 14097 14098 14099 14101
10030 9832
10031 1302
10032 65 203 266 349 394 740 901 995 1208 1230 1271 1302 1398 1553 1645 2257 2387 3229 3837 4657 5054 5374 7909 8033
10033 1558
10034 177 645 1083 2128 2247 2253 3171 10212
10035 73
10036 1937
10037 1650
10038 290
10039 5 2220 2301 5590
10040 1044
10041 935
10042 9463
10043 2992
10044 5
10045 217 1096
10046 4623
10047 867
10048 35
10049 481 964 2724 4729
10050 3618
10051 5126
10052 5126
10053 6386 12632
10054 539
10055 352
10057 6604
10058 52 1222 1560 2371 2655 2751 3248 4825 5990
10059 15
10060 5
10061 885
10062 2979
10063 419 2230 2688 8688 12436 12446
10064 2489
10065 2100
10067 453 644 1482 9852 9854 9856
10068 2376 6217
10069 5
10070 1801
10071 3573
10073 1427
10074 636 4576
10075 8 853 1319 3007 5148 6842 8144 9959 12649 12650
10076 5 290 352 1044 1580 2396 2795 3698 6342 7935 8039 9186 12651 12652 12654 12655 12656 12659 12662 12663
10078 652
10079 5
10080 5
10081 5
10083 1084 1841 5047
10084 5
10085 8
10086 982 1849 2712 4153
10087 269 355 1959 2870
10088 2489 2633 9876
10089 12676
10090 1524
10091 447 558
10092 935
10093 3846 5811
10094 349
10095 126 269 10409
10097 568
10098 644 3758
10101 4284
10102 7469
10103 1438
10104 12410
10105 220 264 329 715 1109 1809 6962 11215
10106 9887
10107 8
10108 361
10109 1561 2162 2427 8059 8955 9898 9901
10111 81 258 265 519 868 3272 3743 4978 11005 12222 12696
10112 3610
10113 823 2131 7243 9434 9435 10641 12485 12702
10114 3447
10115 5
10116 164
10117 9910
10118 645
10119 11313
10120 2002 3299
10121 262 1190 9919 9920 9921
10122 5 337 349 1355 1493 1727 1888 2086 3391 4218 5036 5456 5669 5971 7297 9630 9932
10123 6215 7860
10124 2042
10125 106 437 438 491 557 651 1466 1807 2627 2814 3663 6144 8006
10126 3726 3872
10127 470 4682
10128 139 6704
10130 819
10131 451 3830
10132 1334
10133 237 510
10134 5299 7338
10135 7427
10136 9469
10137 1634 2496 2660 5858 7609 9908
10138 551 553 679 834 835 1152 1304 2281 4650 5344 9162 9300 10804 11367 12730 12731 12734
10139 1306
10141 396 3457
10142 2551
10143 244 12738
10145 3310
10146 506 651 9702
10147 2573 5693
10148 400 3179 9053 9722
10149 8
10151 3811 4222 12764 12766
10152 707 5306 9974
10153 1024 1481 6182
10154 1064 3756 4509 5278 6588 8099 8496 9977 9991 9992 10754
10155 1840
10156 81
10157 601
10158 5
10159 1904
10160 10727
10161 159
10162 9970
10163 951
10164 4225
10165 9999
10166 5
10167 1204
10168 5187
10169 2521 3328
10170 103
10171 6 7 10 12 22 81 131 197 209 320 356 451 516 529 608 651 720 753 766 796 798 827 875 876 877 1325 1327 1456 1477 1478 1578 1646 2006 2069 2233 2427 2496 2561 2622 2635 2646 3058 3409 3838 3942 3943 3945 3955 3956 3957 3958 4177 5124 5187 5251 6412 7059 7660 8685 8943 9487 10022 10024 10028 10032 10037 10042 10053 10062
10172 5
10173 23 519 599 1142 1489 1562 2529 3090 5102 5103 5654 7820 7824 7839 7853 12524
10174 2324
10175 5
10176 6 209 227 240 259 289 513 539 796 1021 1142 1271 1539 1578 1723 1883 2545 2551 3102 3170 3259 3945 4025 4497 5116 5567 5788 6015 6094 6421 6633 6804 7173 8391 8911 12796 12802 12804 12806 12809
10177 12810
10178 445 599 1838 2030 2321 7051 12811
10183 8
10184 2289
10185 6 18 474 666 1379 1645 1652 1838 2092 2291 2297 2376 2697 3168 3172 3993 6493 6915 10094
10186 526
10188 1020 3170 6543
10190 5 2970 2986 10112
10191 261 5983
10192 1375 12816
10193 437
10194 10117
10195 8
10196 10120
10197 1460
10198 8 484 1236
10199 5 189 551 552 1110 2908 10132
10200 5643
10201 7284
10202 5 533 1545
10203 1546
10204 5
10205 7119
10206 5 10142
10209 4731
10210 3875 12824
10211 8396
10212 582 1084
10213 5926
10214 3259
10215 5 2463 3840 6487
10216 727
10217 226 1932
10218 8
10219 4910
10220 7209
10222 496 727 1311 1931 6974 10179
10223 10182
10224 12829
10225 5 12 27 31 35 81 90 103 226 240 243 245 253 267 275 489 581 594 608 1010 1100 1130 1146 1235 1314 1396 1414 1536 1596 1794 1872 1966 1971 1972 2045 2046 2047 2318 2721 2851 3437 3748 4385 4825 5423 5863 6154 6253 6452 6455 6706 6804 9526 11459 12833 12838 12839 12849
10226 6158
10229 10185
10231 10190 10191
10232 5
10233 5152
10234 5088
10236 10195
10238 1073 1488 2911 7111 8775
10239 3115
10240 232
10241 3706
10242 5
10243 266 349 1931 7251 7746 10215 10216 10218
10244 81 429 1009 4414 10227 10229 10230 10233 10234
10246 2814
10247 220
10248 1090
10249 346
10250 12877
10251 5
10252 2247
10253 5 1396 1821 4935 5527 7899
10254 1622
10255 248
10256 4576 10250
10257 594
10259 4260
10260 2596
10261 431
10262 5623
10263 9632 10254 12075
10264 95
10265 16 74 81 90 395 721 1142 2585 2879 3073 3507 5715 6920 8021 9530 9852 10255 10257 10259
10266 3931
10267 8 95 743 994 1995 2491 3660 4724 8247
10268 3471
10269 1451 3118 11005 12888 12889
10271 889 2385
10272 6 18 151 395 467 506 594 601 727 802 951 1014 1271 1375 1446 1468 1516 1644 1787 1824 2064 2136 2233 2475 2844 3234 3263 3974 4866 4926 5042 5253 7526 8335 9952 10267 10271 10273 10276 10285 10287 10313 13653 13723
10274 3090 7224
10275 10319 10320
10276 62 599 793 894 1849 2173 2801 8899 9856 10329
10277 10332
10278 9478
10279 9531
10280 12896
10281 1310
10282 6338
10283 2261
10284 5
10285 263 1814 2616 3145
10286 1444
10287 1345
10289 346
10290 476 598 1021 2107 3093 3531
10291 1409
10293 3271
10294 269
10295 599
10296 1271
10297 81 1289
10300 2510
10301 525 940
10302 8121
10303 10413
10304 103
10305 5 35 81 139 140 203 249 269 285 326 351 591 594 836 1336 1566 1622 1823 1838 2244 2476 2502 2551 2730 2805 3035 3071 3265 3437 4074 4106 4910 5152 5565 5669 5675 5676 5685 5728 5925 6343 7282 8032 9166 9856 10367 10368 10374 10394
10306 56 126 1401 1657 4354 6723 10331 12911 12912
10307 2011
10311 335 437 628 1779 3071 12920 12922
10312 568
10313 752 2160 2469
10315 3090
10316 10437 10438 10440
10318 3811
10319 4035
10320 10
10322 138 237 539 730 950 1110 1330 1539 1708 1933 2261 2721 5199 6092 6320 10450
10323 5173
10325 275
10326 104 126 854
10327 568 1249 11152
10329 6071
10330 564
10331 10465
10332 4 1101 1814 2439 3106 3561 6679 10473 10474
10333 5 273 14103
10334 103 1968
10335 431
10336 863
10337 2439
10338 5 2729
10340 898 901 1065 4278 9289
10341 10452
10342 12958
10343 5
10344 6859
10345 594
10346 266 3743
10347 510 578
10348 90 532 763 1426 1905 3930
10349 8 1472 2494 9703
10350 81 90 4210 4576 4724 10491
10351 1972 8332
10352 953
10354 4536
10355 7489 11174
10356 7600
10358 9480
10359 5 1122 12970
10360 1035 1475 2585 6316 10506
10361 3663
10362 431 2085
10363 10510
10364 1024 1349
10365 130
10366 1888
10367 5
10368 819 12980
10369 1056
10370 2559
10371 1396 1455 9759 12985 12988 12990
10372 451
10373 8
10374 2516
10375 319
10376 175
10377 90
10378 2633 7202 10513 10514
10379 445 2489 6097
10380 8
10381 5
10382 893 10542 10543 10546
10383 13014
10384 6227
10385 288
10386 3263 13020 13023
10387 679 767 1842 5994 8852 10549
10389 8 95 103 4542
10391 1718
10392 5090
10393 5
10394 13031
10395 351
10396 5 285 2250 2304 4441 13017 13033 13035
10398 582 1806 8191
10399 4388
10401 3945
10403 5 8 15 103 242 269 349 356 400 451 852 937 942 1044 1280 2655 2722 2751 3569 3751 4814 8792 10213 10624 11058 12989 13044 13046 13055 13059 13061
10404 2227
10405 4
10406 582 3836
10407 13069
10408 9106
10409 6837 10567
10411 1344 10568
10412 2673 8896 10563
10413 9081
10415 117 873 940 954 1795 2904 3149 3344 4516 5363 5981 6308 7369 13082
10417 8 125 635 1879 5664 8548 9491 9492
10418 5
10419 349
10420 2290
10421 901
10424 582 954 1083 2007 3219 3572 4320 5047 5051 11922
10425 95 7055 13089
10427 101
10428 13091
10429 2830
10430 601 889 1378
10431 356
10432 253 1709 1876 2835 3300 5227 13098 13100
10433 1421
10434 3789
10435 8410
10436 955
10437 2260
10438 3273 10579
10439 4496
10440 159 1550
10441 1489 1545
10442 440 3069
10443 7119
10444 13111
10445 10
10446 10584
10447 609
10449 1676
10450 2701
10451 5
10452 5
10453 4233
10454 103
10455 65 1583 5051
10457 582 868 1108 1134 4664 4873 6116 6642 8629 10596 10603 10608 10610 10611
10458 4379
10459 7649
10460 13115
10462 5383 13117 13120
10463 5 274 5724
10464 9157
10465 1207 5126
10466 730
10467 13126
10468 10630
10469 8 356 2613 3919 7699 8221 13130 13131 13132
10470 5
10471 8 95 3473 3853 7138 10677 13140 13141
10473 6260
10474 269
10475 356 1460 2660 5858
10476 5
10477 13147
10478 5 385 651 702 918 976 2350 2418 2496 3058 3743 5079 5650 5945 6040 6726 8101 10641 10644 10645 10646
10479 1790
10480 5 1581
10481 9900
10482 13148
10484 13150
10485 103
10486 4366
10487 253 304 408 4584 5856 6131 13078 13152 13153 13157
10488 431
10489 9838
10490 13159
10492 114 126 692 854 3437
10493 5
10494 3348
10495 5
10496 1071 5868
10497 5 63 90 234 550 573 845 1533 1536 7656
10498 13163
10499 10 898 4814
10500 10109
10501 5410
10502 3772
10503 6945
10504 1013
10506 1374
10507 4216
10508 6553 13166
10509 5289
10510 216 2261
10511 4320 5051
10512 5
10513 275 10687
10514 1546 6658 12973 13170
10515 651
10516 191 437 1519 1767 2416 2516 6329 7059 13061
10517 2385
10518 10691
10520 5 10 63 204 248 288 290 349 437 440 455 510 525 578 618 626 651 717 779 805 1016 1198 1209 1336 1466 1468 1526 1583 1646 2233 2297 2368 2375 2387 2559 2751 3017 3081 3172 3269 3287 3324 3407 3900 3901 4322 4465 4678 4852 5030 5057 5145 5146 6051 6169 7141 7158 7423 7492 7619 7875 8006 8296 8694 9106 9159 9931 11001 11102 11173 12415 13185 13189 13191 13195 13211 13213
10521 6382
10522 5
10523 3500
10524 490
10525 1298
10526 1835
10527 148
10528 1326
10529 269
10530 265 519 564 743 1389 2013 2750 3051 3169 3823 3905 3906 4400 4506 4510 4512 4724 5798 5799 6493 7666 9660 12254
10531 103
10532 5 8 10696
10533 999 1426
10534 95 103 2206 2751 5146
10535 1198 6419
10536 62 3112
10538 9092
10540 291 321 436 490 1829 6845
10542 379
10544 65 11030
10545 5 10
10546 126
10547 10704
10548 6286 13641 13642
10549 6113
10550 2333
10551 9931
10552 7206
10553 90
10554 543
10555 5
10556 139 393 893 1662 3616 3812 4284 5570 5885 6920 13643 13645
10557 2530
10558 666 1276 1470 10713
10559 356
10560 504 536 633 984 990 1101 1130 1581 1670 2579 2750 3247 3249 3374 3756 6455 7679 12019 13655
10561 4037 4162 4529
10562 160 1340
10563 481
10564 888 2444
10565 81
10566 533
10568 10723
10569 10716 10719
10570 5 68 827 2104 5361 8881 10726
10571 5088
10572 13665
10573 103 922 1799 3488 4779
10574 13670
10575 140
10576 10741
10577 5 299 10743
10578 667 1472
10579 1374
10581 6167
10582 691 730 1622 1821 2385 2609 2807 3146 5068 7088 10747
10583 1849
10584 1258 12738 13671
10585 355
10586 8
10587 995 3229 5328 5709 11110
10590 464
10592 81
10593 564 1466 1467
10594 539 717 1374
10597 1083 5077 5766 13688
10598 5 1142
10599 5
10600 10 117 245 1083 1334 1516 1574 3172 4127 6382 7533
10601 14105
10602 5
10603 533 6222
10604 1398
10605 14106
10606 349
10607 117 253 578 1679 1847 1977 2660 2835 2891 3191 3357 3459 6442 6933 8546 8900 9278 10766 10770
10609 8
10610 8 75 114 275 519 1460 2631 6130 6274 6399 10780
10611 3557
10612 19 1975
10613 10496
10614 1627 2723 3004 3858 7349 7360 14107
10616 5
10617 11536
10619 1349
10620 819
10623 2573
10624 8
10625 5
10626 7 269 275 312 2678 2719 12393 14109
10627 9371
10628 3743
10629 103
10630 221 262 370 1103 2472 2884 2984 2987 4023 4104 4130 4839 5237 8208 8437 9894 10391 10392 10393 10395 10396 10398 10796 10801 10804 10805 10806 10807 10808 10813 10814 10815 10816
10631 275 303
10632 7011
10633 2689 5569
10634 1259 14111
10636 5 231 312 5126 5743 7119 8904 10748 12273 13726 14112 14113 14114 14115 14116
10637 821 4113 5270 6248
10638 4147
10639 8 436 1267 2618 3271
10640 8 12 1302
10641 3406
10642 10823
10643 5 598 1310 1371 1445 1622 1759 1860 1961 2403 2440 4218 6529 7551 10221 13942 14118 14119
10644 269
10645 4555
10646 4326
10647 969
10648 68 533 772 2786 14120
10649 395
10650 727
10651 5
10652 5
10653 139 184 3234
10654 198 266 579 634 995 1270 1667 2115 2224 2253 2448 2462 3229 3264 3573 5047 5650 6429 10590 10834
10655 356 10559
10656 7750
10657 5
10658 2064 14121
10659 5 4368 14122
10660 872 2866
10661 5 398
10663 5
10664 6051
10665 24
10666 14123
10667 147 261 5245 6338
10668 5
10669 3082 3251
10670 10845
10671 6989
10672 1351
10673 515
10674 1336 1371 1751 2434 6856 7040 9440
10675 5
10676 65 474 2297 2376 3990 4067 6064 6430 6520 6521 6523 7379 7902 8040 10212 12064 13738 14124
10677 14126
10678 1451
10679 6577
10680 8149
10681 1493
10682 1466
10683 204 455 490 510 537 745 868 1061 1179 1198 1199 1741 1807 2387 2467 2552 2646 2745 3143 3579 4039 4463 4623 4882 6813 9165 11053 11055 11056 13180
10684 8 75 81 95 184 284 285 431 814 860 888 1043 1102 1460 1698 1772 1867 2556 3051 3377 3561 3585 3586 3638 4045 4248 5322 6706 8287 9937 12076 13094 13343 14127
10685 490
10686 750 1110 4550 5545
10687 5
10688 5
10689 8
10690 50
10692 1431 1636 2551
10693 455
10695 732 802 1374 10864
10696 2540 10704
10697 3887
10698 1110
10700 3575
10701 5
10702 5
10703 1575
10704 3671
10705 496 1849
10707 5
10708 5
10709 14129
10710 499
10714 5715
10715 5
10716 480 3899 5915 5937
10717 1569 2245 10202
10718 81
10719 3190
10721 464 535 2690 3673 5491 14130 14131 14132
10722 5262
10723 5 10878
10724 10886
10725 73 599 793 3172
10726 2583
10727 161 2037
10728 10891
10729 1645
10730 313 4121 5090
10731 884 1004 3363
10732 191
10733 18 53 82 141 196 221 257 268 284 285 348 433 467 531 537 633 793 854 859 890 937 951 1051 1096 1097 1144 1334 1342 1439 1449 1549 1771 1841 2016 2172 2318 2416 2418 2442 2610 2625 2710 2784 2990 2991 3169 3182 3183 3195 3198 3254 3261 3299 3406 3565 3836 3930 3933 4046 4086 4218 4279 4286 4441 4458 4461 4463 5306 6125 6151 6361 6398 6452 6454 6455 6539 6703 7526 7681 8350 8895 9011 10798 12233 13160 13590 14133 14134 14135 14136 14137 14138
10734 14109
10735 1626
10736 10901 10903
10737 3180
10738 349
10740 3986 14139
10741 743
10742 346
10743 6635 9534
10744 9001 10910
10745 1372
10746 259 743 854 10912 10914
10747 5
10748 3163
10749 10917
10750 433 1550 1551 1552 1627 4045 10704 10918
10751 5
10752 819
10753 114
10754 969
10755 2091
10756 6537
10757 2 6 8 77 103 117 131 190 203 499 514 578 935 1271 1323 1442 1515 1524 1578 1717 1723 1772 1809 1947 2157 2233 2725 2791 2848 3325 3340 3352 3397 3437 3438 3877 4044 4533 4535 4974 5316 6097 6404 6667 6673 6981 7283 7649 7652 7653 7654 7668 7669 9264 9706 11185 11202 12885 13162 13553 14141 14142 14143 14144 14145 14146 14147 14149 14150 14151 14152
10759 5
10760 14155
10761 5
10762 1271
10763 1873
10764 6 257 337 1558 1560 2253 2711 3275 3638 3793 4218 5055 5412 10923
10765 1781
10766 422 10230
10767 91 376 772 774 2290
10768 8
10769 3457
10771 473
10772 1451 2986 13697 14156
10773 81
10774 7408
10775 5
10776 5 4615
10778 312
10779 772 9440
10780 4461
10782 5
10783 10953
10784 599 1721 2110
10785 898 1851 2223 3408
10786 5690
10787 6766
10788 1344
10789 62 64 265 516 601 645 894 901 937 1332 1374 1516 1578 1645 1824 2293 2712 2980 3171 3505 4277 5853
10792 8
10793 1406
10794 81
10795 592 8443
10796 14158 14159
10798 104
10800 578
10801 349 533 717 863 872 2019 2413 2565 3170 3930 4264 4607 4801 4802 4804 5497 5498 6632 6736 10972 10978 10997
10802 6239 12358
10803 5
10804 1344
10805 7553 10050
10806 3924 14161
10808 103
10809 1845
10811 881
10812 5 467
10813 14162 14163
10814 8142
10815 81 1468
10816 269 433 11015
10817 2118 4264 7679
10818 7601
10819 172 601
10820 5244 5331 14164
10821 2891
10822 330
10823 11049
10824 3596
10826 5 18 68 163 267 495 523 533 873 892 894 954 971 1179 1270 1324 1402 1518 1752 1772 1781 1809 2253 2255 2257 3125 3145 3252 3276 3340 3343 3441 3572 3800 4005 4570 5076 5231 6439 8265 8382 9210 9272 9728 10170 11363 12835 13088 14165 14166 14168
10827 1465 5816 10673 14169
10828 4724
10829 3437
10830 4830
10831 349
10832 1270 1808
10833 6633
10834 7
10835 400
10836 29 2109
10837 5
10838 1996
10839 20 2321
10840 2601 3237
10841 5 7 18 265 413 2324 4084 4935 9829
10842 5 131 373 385 780 850 1010 1458 1913 3941 5876 7089 14170 14172 14173
10843 12 265 793 862 1095 1110 1272 1344 1386 1419 1844 3849 4330 5005 5191 5575 11029
10846 2739
10847 3165
10848 2405
10849 5412
10850 739
10851 316 646 1046 1432 1648 3144 3156 4671 5685 5693 5698
10852 11058
10853 18
10854 5726 6666 7671 11059 11060
10855 894 1127 1634 4999 5000 5971
10856 1334
10857 149 163 198 391 523 579 842 1012 1086 1478 1727 1729 1752 1780 1781 3340 3614 5054 5055 6657 11068
10858 733
10859 8772
10860 2960
10862 6410
10863 361
10864 11077 11080
10865 11083
10866 6823
10869 112 940 2040 2762 4212 7059 10834
10870 4531
10871 10
10872 15 10094
10873 1194
10874 3359
10875 220 544 711 714 777 823 1402 1435 1659 2416 2532 2646 6674 6681 7295 7468 8211 8541 8583 9000 13088 13373 14176 14177 14179
10876 5928
10877 557
10878 10984
10879 103
10880 591
10881 4381
10882 9931
10883 1431 1662 2479 10066
10884 850 1774 2350 2529 3090 6970 8275
10885 2569
10886 33
10887 103
10889 342 7734
10890 6485
10891 601
10892 356
10893 3532
10894 5
10895 2489
10896 1596
10897 5 11121
10898 4804
10899 782
10900 3321
10901 282 715
10902 8 59 437 490 559 1187 11551
10903 533
10905 863 4975
10906 275 349
10907 2297
10908 5
10909 2835
10911 14181
10912 4723
10913 14182
10914 4822 8941
10915 5
10916 68
10917 1759 5915
10918 8533
10919 356 431 888 1142 1263 1451 1584 1739 1899 2371 4963 5152 5439 5567 5997 10491 11106 11108 12158 14183 14184 14185
10920 2387
10921 3694 4779
10922 2715 14186
10923 288
10924 7119
10925 14187
10926 872
10927 591 601
10928 269 626 1474
10929 7424
10930 266 2635 6860
10931 8
10933 2227 4060
10935 10
10936 4797
10937 18
10938 5 396 767 1266 7701 11126 11127 14188
10939 2942
10940 3428
10941 14189
10942 10542
10944 83
10945 1127
10946 9559
10947 237 496
10948 59 164 167 356 385 635 650 743 971 994 1406 1466 2912 3174 3717 4547 5145 6348 6406 10641 11499 11501 12519 12609 14190 14191 14192 14193 14195 14196 14197 14198
10950 11979
10951 1034 1819 2759 4299 4300 6361 8457 9567 9570
10952 9355
10953 68 90 95 132 242 437 1344 1356 2502 3145 3930 4079 5221
10955 10 275
10956 642
10957 13429
10958 14199
10959 5
10960 2579 3008 3247 3249 8863 8900 9601
10961 261 1113 4964
10962 5858
10964 14200
10965 5920
10966 11124
10967 11146
10968 1553
10970 384
10971 199
10972 3995
10973 3115
10974 121
10976 3000
10977 5 2494
10978 8 589 641 850 2618
10979 3125
10980 482 3023
10981 5 8 451 706 1044 1840 3441 6049 8840 11139
10982 703
10983 1727
10985 81 90 353 385 451 561 712 720 735 942 977 1212 1332 1396 1464 1816 1817 1845 2029 2390 2723 2809 4284 4864 5602 6255 6662 7062 7575 7618 8007 8085 8487 9581 9702 9950 10082 10589 10891 11147 11203 11666 12540 14202 14204 14205 14206 14207 14209 14210 14211 14212 14214 14215
10986 1721
10987 543
10988 4369 11172
10990 12 164 837 1110 2120
10991 5228
10993 288
10994 11819
10995 1727
10996 10020 11224
10997 130
10998 568 1263 1494 2660 4661 4744 7308 11191
10999 662 4723
11001 4559
11002 8
11003 898 4576
11004 2170
11005 5 7 10 29 57 90 290 445 1371 1474 2292 2362 2385 2710 3468 3719 4535 4621 4724 6454 11245 11250
11006 140 141 349 380 413 495 596 666 691 743 750 1232 1289 1667 1780 1847 1992 2255 2392 2514 3034 3566 3836 4796 4915 6003 8715 10110 11204 11208 11214
11007 3996 10067
11008 110
11009 138 2238 4060
11010 1391
11011 6 18 117 406 645 940 1271 1645 1809 3172 3257 3432 3834 4516 5597 9809
11012 3978
11013 5 557 802 1383 1389 1486 1840 3849 5717 7230 11261
11014 5
11015 901
11017 220 234 262 686 887 970 1142 1301 2042 2584 2772 2775 3046 3719 4086 4168 4196 4198 4901 5112 5191 9299 9576 10936 11271 11273 11274 11275
11018 4002
11019 624
11020 18 995 2621
11021 14216
11022 1805
11023 81
11024 5 11280
11025 666 9359 10834
11027 4696
11028 6 293 666 738 1182 2159 2281 2507 2911 3218 4680 7409 13904 13918
11029 1344
11030 18
11032 5319 5339 6682 12958
11033 266
11035 1426
11036 6444
11037 5
11038 2253
11039 1010
11040 7188
11041 582 1084 3836
11042 8504
11043 269 6027
11044 65 465 548
11046 275 1468 4664 12348
11047 275
11048 5 4617 10315
11049 114
11050 394 5103
11051 5
11052 1650
11053 1570 3445
11054 13945
11055 2544
11056 1141 2835 4133
11057 5002 9582
11059 12 237 793 1727 5289 14218
11060 9214
11061 2297 2375 5651
11063 77 114 195 240 251 258 260 289 431 451 470 476 487 489 501 545 561 563 610 617 684 692 869 1018 1124 1156 1167 1168 1313 1314 1323 1330 1365 1517 1518 1519 1545 1710 1720 1954 2118 2261 2335 2549 2573 2625 2678 2987 2998 3001 3058 3071 3374 3446 3494 3902 4021 4301 4308 4311 4545 4622 4916 4978 5037 5242 5856 5881 6071 6253 6288 6309 6338 6499 6818 6870 6872 6899 6991 7040 7420 7421 7560 7636 8083 8090 8121 8256 8606 8670 8671 8672 8691 8863 9175 9291 9503 9599 9678 10461 10546 10630 10710 10880 11049 11259 11308 11357 11422 11764 11934 11936 11938 11940 11941 11944 12019 12251 12430 12991 13008 13356 13489 13990 14219 14220 14221 14222 14223 14224 14225 14226 14227 14229 14231 14232 14233 14234 14236 14237 14238 14239 14240 14241 14242 14243 14244 14245 14246 14247 14248 14251 14252 14253 14254 14255 14256 14257 14259 14260 14261 14263 14265
11064 103
11065 5 4901 13903
11066 798 3226
11067 5
11068 12208
11069 2560
11070 259
11072 113 2717 13817 14267
11073 534
11076 1937 1940 5971
11077 5
11078 8 566 2440 7167
11081 1933 6050
11083 196
11084 3180
11085 3265
11086 3908
11087 3461 4675 11316
11088 1344 13499
11089 8
11091 5 645 1838
11092 2789
11093 614 5588 11321
11094 10540
11095 349
11096 6017
11098 10890
11099 8 10 349 2849 4825 10875 14269
11100 14270
11101 10
11102 4709
11103 11327
11104 1047
11105 2296
11106 5 330 413 3037 6898
11107 160 1263 2422 3427 3619 4405 5388 5762 14198 14271
11108 5 453 2296 2548
11109 1018
11110 213 690 2900
11111 6907
11112 6 91 260 376 474 711 772 774 940 969 1084 1546 1553 1565 1659 1775 2233 2280 2496 2696 2807 2812 3043 3044 3347 3414 3906 3933 4046 4335 4528 4723 5380 6065 6433 6451 7530 8057 8187 8507 8628 9259 9950 10092 10263 14094 14272 14273 14274 14275 14276 14277
11115 11340
11116 8 160 225 381 451 516 750 877 1411 1457 1468 1487 1564 2615 2644 14278
11117 523
11118 337 1460 3169 4218 5305 6171
11119 489
11121 355
11122 1566
11123 349 14279
11124 7515
11125 176 2447 2566 2720 4278 11344
11126 3796
11127 769
11128 2825
11129 36 2819 3179 5405
11130 3515
11131 8 10126
11132 10527
11133 5
11134 11360
11136 5
11137 248
11138 2513
11139 257 1931 7077 8814 14280 14282
11140 465
11141 445 14283
11143 140 349 6961
11144 5909
11145 703
11146 1241
11147 5
11148 504
11149 330 1389
11150 901
11151 2251
11152 5 234 525 772 774 1110 1232 1729 2378 3343 8554 8633 9207 9860 11356 11369 11384 11386
11153 2763 5221 5578
11154 894 3940
11155 6206
11157 1720
11158 888
11159 5
11160 149 198 391 523 579 1729 1780 1805 3214 3590
11161 7402
11162 10 83 87 110 139 163 218 299 349 381 409 465 486 618 632 643 721 851 894 1010 1014 1070 1263 1271 1374 1640 2069 2171 2257 2297 2375 2979 3002 3117 3125 3309 3313 3476 3586 3661 3902 4053 4111 4251 4390 4392 4469 4653 4916 5088 5255 5586 5906 6010 6209 6358 6366 6488 6502 6632 7054 7140 7252 9280 9299 9440 9732 9961 9987 10034 10175 10500 10863 11739 11929 12376 13108 14177 14284 14285 14286 14287 14288 14290 14291 14292 14293 14294 14295 14296 14297 14299 14300 14301 14302 14303 14304
11163 4 5 807 11395 11396 11398 11399 11401
11164 5
11165 74 1349 5811
11166 942
11167 11410
11168 717 5058
11169 466 951 2497 3436 3767 5093 10988
11170 220
11171 602
11172 3946
11173 10142
11175 4042
11176 1877
11177 183 3262 6071
11178 4965
11179 300
11180 5
11181 2670
11182 1595 4747 11461
11184 3357
11185 6556 11466
11186 530 3163 6329 14306
11188 7498
11190 807
11191 5 269
11192 582
11193 717 1110 4044
11195 532 576 729 1698 1865 1866 1867 1950 2328 2440 3051 3985 4250 4775 6493 6741 10952 11144 12220 14272 14307 14308 14309 14310
11196 5117 11758
11197 1344
11198 5
11199 1933
11200 448 513 529 601 729 748 799 1024 1332 1344 1376 1377 1378 1389 1719 1790 1840 2580 2702 3756 4174 5068 5181 5212 5305 6442 7101 7575 9080 9081 9162 12592 13042 14311 14312
11202 5
11203 9089
11204 2349
11205 1142
11206 1128 14313
11207 20 337 2640 3987 4253 5445 11786
11208 215 6584 14314
11209 31 1977
11210 995
11211 356 1066
11214 8070
11215 1009
11216 2607
11217 5 4589
11218 1101 7066 13701 14316 14317 14318 14319 14320
11219 5
11220 2683
11221 403 1067
11222 81 90 636 2494 2719 3024 11476 11477 11479 11481 11482
11223 5 779 1546 3523 4274 7425 9239 9801 10318 11173 14321 14322 14323 14324 14325
11224 843
11225 15
11226 5082
11227 2443
11228 3858 10167 11488
11229 73 1449
11230 313
11231 11489
11232 6907
11233 5119 8026 9611 9612 9616 9621 9627
11234 9551
11235 1634 4012
11236 349
11237 3855
11238 8178 9848
11239 845 3143 5954
11240 9636
11241 3088
11242 10656
11243 4244
11244 5
11245 3145
11246 6717
11247 139 4810
11248 3877 9634
11249 713 1645 11130
11250 1249
11251 269
11252 548 750 1545 1926 2859 5454 6323 9934 11565
11253 5510 5511 5512 5513 11535
11254 3172
11255 5
11256 2037
11257 11543
11259 918
11260 14327
11261 11546
11262 691 12633
11263 539 898 1294 3505 6860 7270 9446
11264 6293
11265 2899
11266 4055 11551
11267 3318
11268 3993
11269 5 87 160 220 265 282 330 355 599 616 715 774 994 1110 1237 1266 1344 1382 1457 1546 1767 2244 2280 2290 2349 2492 2707 2926 2998 3286 4046 4661 4898 5454 5816 6104 6476 6555 6915 8926 9250 9660 14328 14329 14331
11270 5717
11271 574 666
11272 601
11273 166 5307
11274 5037
11275 651 680 968 1477
11277 2755
11279 3005
11280 349
11281 707 1289
11282 643
11283 5 3769
11285 2064
11286 8 3360
11287 837 5584
11288 1241 5608
11289 74 288 1024 1207
11290 800 11579
11291 1110
11293 5
11294 4700
11296 2764
11297 6 266 4516
11298 218 578 5423 12430 14233
11299 1364
11300 2342 5381 9440
11301 582
11302 64 9649
11303 1046
11304 81
11305 9 170 213 281 405 434 690 728 866 971 973 1145 1151 1382 1412 1574 1863 2049 2496 2768 2898 2984 2994 3055 3058 3486 3556 4391 4506 4898 5318 5330 5400 5563 5706 5996 6846 6930 6960 7142 7437 8395 8450 8496 8508 8624 8726 9155 9894 10166 11023 11591 11596 11598 11604 11611 11614 11636 11638 11641 11643 11644 11648 11649 11653 11655 11658 11661 11662 11663
11307 5853
11308 505 1271
11309 636 3679 11667 11671
11310 351 1157 1645
11311 296
11312 1040 7041 10632 11677
11314 126 351 854 1310 2356 4450 7339 11681
11315 11506
11316 8 160 3918 3924 3925 9765
11317 4857
11318 8149
11319 1580
11320 78
11321 6149 8421
11323 3617
11324 550
11325 617
11326 1418 3555
11327 454 9669 9671
11328 32 120 128 138 237 376 395 490 496 510 519 574 578 580 582 690 717 749 889 906 1208 1262 1378 1392 1412 1470 1485 1486 1539 1644 2013 2064 2170 2223 2227 2229 2245 2289 2375 2559 2577 3038 3169 3232 3263 3613 3703 3900 4038 4044 4060 4329 4363 4510 4512 4516 4723 4852 4857 5040 5299 5346 5369 5453 5534 5651 5923 5939 6011 6607 7230 7795 7805 7836 7947 8153 8720 8774 10069 11103 11128 11129 11130 11454 11697 11698 11699
11329 24
11330 8762
11331 5
11332 242 271 273 601 796 1211 1449 1710 2233 2562 3071 3505 9650 14334
11334 510 526 2256
11335 1622 1727 5883 12159 13593
11336 14335 14336
11337 238 1194 2291
11338 4810
11339 90 431
11341 191
11342 6242
11343 1310 1645
11344 393 7199 9674
11347 5
11348 2530 6420
11349 642 1492 2762 5858
11351 2297 2375
11352 8 6412
11353 1794
11354 5
11355 5
11356 756 4482 5567 10750
11358 11329
11359 994
11362 3417 5103
11363 702 1983 2865 3368 4311
11364 14338
11365 289 1539 4625 5037 14339
11366 4048
11367 2633
11368 5
11369 543
11370 539 715 1354 9770 11384 11699 14340
11371 2342
11372 6306 11145
11373 14341
11374 4615
11375 182
11376 18 1110
11377 1622
11379 73 7733
11380 4330
11381 5 11774
11382 5 265 1010 1317 1867 2979 3498 4470 5678 6125 7585 10649 11788 11798 11818
11383 5
11385 1142
11387 69 9385
11388 533
11389 5
11390 10525
11391 644 14342
11392 690 1869 2040 3054 3915 5345 5483
11393 1128
11394 845 1395 9172
11395 299
11396 10726
11397 231 1344
11398 5
11399 3001
11400 5742
11401 8501
11402 175 234 2812
11403 14343
11404 1334 1727
11405 2530 4607
11406 568
11408 18 510 1806 4005
11409 127
11410 549 2410 2696 4222 8945
11411 14344
11413 4576
11414 24
11415 8
11416 230
11418 2702 3508
11419 10191 10423
11420 335
11421 3441
11422 125 299 410 923 7750 10607 10733 13645 14345 14346
11424 4935
11425 5775
11426 5
11427 5
11429 7659 10436
11430 661 9798
11431 8
11432 849 1506
11433 2662
11434 356
11435 95 431 1475
11436 385
11438 1008 2712 3844 10622
11439 173 267 389 495 525 645 954 1196 1564 1775 1852 2255 2497 2720 3572 3573 3574 3609 4320 5051 5054 5055 5412 7555
11440 2255
11441 793
11443 11207
11444 666
11445 221
11447 521
11448 7178
11449 81
11450 433 504 704 1096 1937 1940 2155 2251 2325 2333 3070 3367 3368 3369 3373 4744 7546
11452 180 240 2224 4049 6527
11453 4241
11454 5 795 8546
11455 11850
11456 3073
11458 1212
11460 6206 10557
11461 1539
11463 14349
11464 2052 6069
11465 717 8813
11467 10 238 356 1236 1431 1709 2447 2632 2791 2801 3003 5034 5063 10478 12584 13949
11468 601 1709
11469 5
11470 5 6 10 36 220 505 940 1271 1645 1810 2244 2255 2559 3172 4245 4838 9183 14350
11471 732 741 867 3273 3945 6160
11472 11865
11474 5758
11475 14351
11476 440
11477 5 1071
11478 11866
11479 355
11480 689 733 1617 1634 3498 4515 10497 11055 12139
11481 62 1740 1860 5926
11482 6284
11483 3845
11484 106 275 618 6051
11485 5
11486 2085 2942 3191 4583 8123
11487 945 1356 1392 3417 10904
11489 32 2297 4527 8720
11490 14352
11491 645
11493 397 465 1191 4576 4594
11494 6 18 117 266 268 510 645 1012 1230 1646 1775 1776 1809 2812 3172 3614 4057 5055
11495 397 724 4900
11496 24 2009
11497 467
11498 3451
11499 613 8345
11500 601
11501 7 125 231 422 676 2558 2813 4835 5727 7419 7671 9332 9684 10449 10453 10454 10455 10456
11502 4497 9084
11503 139
11504 0 6 42 73 184 244 245 246 284 285 290 358 360 413 414 513 637 717 740 819 952 957 962 987 1058 1100 1102 1449 1575 1646 1738 1740 1742 1757 1762 2086 2270 2320 2325 2567 2598 2689 3038 3042 3172 3189 3272 3652 4260 4273 4442 4796 4931 4999 5000 5355 5645 6151 6169 6370 6994 7189 7580 7879 7890 7907 7935 7983 8112 8382 8486 8643 9380 9451 9452 9453 9458 9467 9470 9475 9476 9477 9479 9481 9483 9484 9489 9493 9501 9503 9510 9511 9517 9518 9519 9520 9521 9524 9531 9543 9554 9557 9560 9563 9564 9575 13694
11506 9772
11507 9754
11508 5
11509 599
11510 3154
11511 212 4785
11512 465 1188 2874 3352 7328
11514 5763
11515 3990
11516 9767
11517 9769
11519 3982
11520 5
11521 32 105 275 582 899 900 995 1083 1559 1852 2227 2253 2255 2262 3263 5299 6429 6559 8111 9223
11522 2987
11523 806 9771
11524 9772
11525 5174 5175
11526 711
11527 1792
11528 795 9855
11529 1451
11530 1770
11531 3082
11532 416
11533 10492
11534 9777
11535 5
11536 2588
11537 1676
11538 9783
11539 8 2732
11540 3003
11541 6390
11542 368 3523 5655
11543 2069
11544 413 801 911
11545 8
11546 5
11547 568 901 1374
11548 805 1809
11549 5416
11550 7685
11551 951
11552 311
11553 2383
11554 9802
11555 1545 2565 4459 6256 6872 10520 10525
11556 1045
11557 5 231 269 451 454 490 749 957 1590 10534
11558 8 212 318 335
11559 2413 3527 4516
11560 65 175 177 4617
11561 2688 3441
11563 81
11564 8201
11566 1466
11567 385 2805 2865 7286
11568 2912
11569 5
11570 5363
11571 5
11572 524
11573 3435
11575 4879 14353
11576 6246 6529 9823
11577 2674
11578 490
11579 548 3646 7890 9099
11580 568 901
11581 6 24 59 81 510 519 568 599 631 995 1061 1110 1276 1804 2233 3169 3172 3229 4661 6862 9447
11582 665
11583 9835
11584 5108 7349
11586 888
11587 1109
11588 10587
11589 160 490 1842 6336
11590 422 854 986 3404 3671 5304 7214 10599 10601 10614 10619
11591 890 6141
11592 5
11593 7149
11594 6115
11595 4567
11596 5581
11597 1556 5126 8734 10628
11598 9258
11599 9843
11600 8 77 9476
11601 10642
11602 1840 7651
11603 8055
11604 9844
11606 3996
11607 1577
11608 1325
11609 298
11610 2091 9847 9849 9850
11611 162
11613 1209 10001
11614 3302 9599
11615 10473
11616 454 2644 3505
11618 7662
11619 90 1992 4301 4583 8900
11620 9605
11621 2073
11622 5
11624 737 2372 3200 7869 12883
11625 795 1024 5144
11626 5743
11628 750 1371
11629 9857
11630 2630
11631 5777
11632 2583
11633 296
11634 3115
11636 91 106 126 265 413 1021 2326 2471 2807 2891 3165 3229 4144 4151 4218 6096 8359 10697
11637 5 102 244 245 378 2912 4849 5463 5533 9171 10700
11638 5 105 238 275 349 645 651 717 898 1110 1179 1336 1644 2462 2762 3347 6769 10708
11639 105 1222 2216 2416 3517 3720 10710
11640 5 499 993 1427 5054 7679
11641 451
11642 533
11643 77 249 311 2392 3951 6510 10714 10729 10731
11644 5 1127 1418 1419 5482 7265 7654 9869 9870 9871 9877
11645 6647
11646 1641 2545 9956 10732 10735 10736 10737 10739 14354
11647 9880
11648 5 121 583 1872 3068 3795 5896 6130 8651
11649 8 1645
11650 866
11651 1310
11653 819
11654 555 756 1060 1288 1791 2270 2363 3751 5196 8342 9446 9997 10749 10754 10755 10757 10758 10760 10763 10767 10769 12977
11655 3036
11656 77 82 274 504 633 707 1301 2233 2711 3265 4264 10772 10773 10774 10776
11657 8 888 1110
11658 356
11659 5
11660 1313
11662 10134 10783
11663 6071
11664 689
11665 9899
11666 269
11667 32 163 234 582 945 1232 1270 1644 1801 2124 2559 3224 3227 3229 3263 4528 5040 7434 9021
11668 868 2660 3682 4925 7089 9232 10791 10792 10797 10798
11669 2582
11670 295
11671 6984 10802
11672 351
11673 9913
11674 278
11675 5
11676 5
11678 10809 10810
11680 9916
11681 355
11682 10819
11683 599 830 1130 1864 1931 3804 4055 4060 4250 5314 5346 5576 10634 10820
11684 9924
11685 4792
11686 10829
11687 8 259 269 453 799 947 970 1024 1164 1296 1325 1333 1834 2614 3460 3681 3892 5056 5405 6049 6313 7095 7287 8097 8123 9929 9936 9937 9939 9943 9948 9954 9955 9956 9962
11688 9964
11689 5 2423 9604 9966
11690 2342
11691 4276
11692 1415 5951 9975
11694 4542
11695 5310
11697 455 1061 1198 5650 8006 10836
11698 115 690 4064 9978
11699 742
11700 1074
11701 8
11702 3344 7369
11703 449 1586 2801 9338
11704 836 9843
11705 3852
11706 760 995 1046 1451 1658 1809 8076 10843 10846 10847 10849
11708 10534 10853
11709 2290
11710 321 10855
11711 5 9 269 510 969 1156 1488 1834 1869 2040 2052 2238 2496 2909 2911 3172 5120 5243 5342 5896 6798 7980 8024 8943 9487 10866 10870 10871
11713 1882
11714 3617
11716 998
11717 599 9987
11718 627 692 2449 3473 7929 10881 10882 10884 10890
11719 263 351 1223 1847 1947 5242 8691 10893 10897
11720 8
11721 4718
11722 5
11724 10902
11725 24 349 703 2842 6201
11726 5 10 80 81 240 696 802 1876 2633 2674 3694 3844 4026 4403 6049 6254 6399 7003 7627 9623 9635 9640 9641 9658 9665 9666
11727 15
11728 7368
11729 1794 1833
11730 139 164 263 2009 2245 3436 3505
11731 5
11732 465
11733 692
11735 10913
11737 5
11738 1755
11739 7643
11740 5720
11742 2223
11743 81
11744 5
11745 405
11746 38
11747 10004
11748 10008
11749 5995
11750 5
11751 12 15 275 631 651 1024 1061 1849 2548 2915 10018 10020
11752 204
11753 5
11755 269
11756 3614
11757 510
11758 123
11759 1074 10240
11760 2606
11762 2723
11763 1710
11764 1042 10040
11765 97 3531 4864
11766 7245
11767 10036
11768 90 981 2297 4263 4737 5716 7905 8912
11769 574
11770 5381
11771 139 433 2291 2615 3001
11772 5
11774 5 32 105 110 126 139 174 266 389 505 523 634 645 703 712 727 875 900 1084 1230 1251 1262 1470 1653 1729 1759 2250 2253 2257 2720 3171 3317 3342 3344 3345 3406 3410 3506 3573 3819 3840 4005 4320 4516 4527 4528 4677 4678 4866 5051 5324 5405 6051 6217 8152 8720 8998 10834 11315 11922 11958
11775 112 175 873 899 1801 2256 2262 2697 2762 3343 3344 3767 3840 4320 4701 5035 5036 5051 5650 9272 9900 10957
11776 536 4021
11777 6090 6681 10962 10963
11778 10964
11779 615 968 2162 2988 3811 4557 6264 8932 9888 10051
11780 844 3915
11781 2471 10190
11783 5
11784 4272
11785 139
11786 1835
11787 265
11788 5 8 18 95 872 886 2394 2942 5718 7062 8987 8996
11789 5
11790 5
11791 1280
11792 3198 6070
11793 8690
11794 513 707 1718 5990 10995
11795 5 62 103 1676 3880 5790
11796 8
11797 414
11798 6989
11799 1640
11800 5
11801 859
11802 68
11803 356
11806 4535
11807 11011
11808 5
11809 4296
11810 5
11811 4055 9687 9688
11812 6 117 2297 10588 11014
11813 539
11814 4574 6277
11815 2145
11816 2035
11817 8816 9744
11818 4278
11819 11020
11820 3247 3249 3561 3584 3638 8105 8526 9964
11821 5 3204 3552
11822 385
11823 6799
11824 12
11825 669 884 1727 1782 2083 2951 2955 4543 5121 5574 5714 5743 7691 9396 10083 10084 10086 10087 10088 10100 10105 10107 10108 10124 10125 10128 10129 10135 10141 10146 10148 10149 10154 10157 10158 10159 10160 10162 11514
11826 819
11827 61 557 651 717 918 994 1044 1375 1377 1378 1485 1489 2245 3720 3830 4110 4115 4162 5829 6155 6215 7827 8505 9205 9481 9690 9691 9696 9704 13695
11828 633
11829 209 901 4015 4016 6132 6338 6353 11025
11830 1043 1739 9964
11832 7490
11833 924 2363 4978 11033 11035
11834 2909 3703
11835 415
11836 1198
11838 102
11839 10287
11840 501 678 2426 3270 6049 6323 9334
11841 51 52 403 862 1549 1581 1632 1634 1739 1877 2441 3042 3247 3249 3498 3561 3584 3586 3587 3638 4235 4368 5000 5214 5633 7364 8105 8526 9793 9794 9964 11052 11053 11055 11056 11057
11842 5778 10123 10255
11843 10175
11844 8294
11845 4576
11846 342 2513 7408
11847 105 631
11848 4826 11066
11849 11069
11850 267 582 1734 1736 2523 4205 4208 5004 5956 5957 8350 11808 13711 13712 13713 13714 13715 13716 13717 13718 13719
11852 5 85 349
11853 5
11854 77
11855 11082
11857 964
11858 10184
11859 455 850 2617 10186 10189
11860 2350 4067 11101
11861 1739
11862 5
11863 5
11864 1345
11865 551
11866 68
11867 433
11869 298
11871 7825
11872 5518
11873 7202
11874 5 123 4936
11875 95
11876 169 1103 4076 8436
11878 578
11879 121 6051 11114
11880 11116
11881 1727
11882 2925
11883 681
11885 81 1968
11886 11125
11887 5 454
11888 269 3726 5183 11132 11135 11138 13849
11890 342
11891 5 105
11892 1212
11893 285 374 1772 2316 2556 4566 5454 7347 8486 8591 10205 10206 10207 10213 10214
11894 10226
11895 1332
11896 5
11897 5 2690 10228
11898 745
11899 7135
11900 10
11901 465
11902 90
11903 5 1174 3125
11904 6333
11905 1483
11906 514
11907 105
11908 2170
11909 1110
11910 290
11911 68
11913 11147
11914 352
11915 7 6309 6670 11150
11916 5579 6177
11917 62 77 81 90 139 140 203 329 413 431 445 568 652 666 691 774 792 845 1024 1070 1294 1395 1396 1464 1516 1518 1622 1899 2077 2392 2502 2902 2979 3376 3561 3667 3767 4682 4825 5161 5289 5990 6049 6513 7330 7830 8180 8220 8486 9105 9162 11156 11157 11159 11163 11165 11167 11178 11183 11185 11199 11201 11213 11222 11226 14355
11918 1141
11919 10242
11920 356
11921 1805
11922 5
11923 717
11924 1854 2685 6584 7187 11239 11240 11241
11925 196
11926 130 164 320 380 1513 5327 5700 6688 6804 10246
11928 5 313 618 1271 3106 5534
11929 11244
11930 11248
11931 5928 11251
11933 628
11934 1470 1539 3590
11935 413 10261
11936 1374 1644
11937 11259
11938 7615
11939 2255
11940 3974
11942 1244
11943 5 621 4490
11944 2423
11945 2617
11946 3743
11947 990
11948 11222
11949 10002
11950 3024
11951 111 10279 10280
11952 444
11953 2104
11954 5
11956 2618
11957 5
11959 459 2719 5475
11960 1056 10286
11961 10288 10289
11962 8149
11963 1622
11964 568
11965 5 11305
11966 2015
11967 77
11968 349
11969 5 1933 2416 2874 4879 10293
11970 5
11971 385
11972 5 12 18 65 117 126 220 226 238 265 400 464 467 510 517 614 691 717 727 741 756 760 824 831 846 894 947 950 961 968 970 971 1027 1110 1187 1230 1287 1334 1359 1400 1418 1420 1518 1523 1646 1755 1809 1864 1866 1915 1931 2042 2147 2160 2256 2259 2471 2500 2521 2558 2655 2712 2769 2821 2825 2900 2915 3035 3077 3137 3151 3233 3261 3300 3397 3414 3479 3487 3719 3751 3836 3900 3975 4056 4086 4099 4221 4402 4447 4665 4723 5057 5164 5192 5464 5478 5506 5586 5939 6082 6100 6217 6607 6818 6880 7132 7197 7443 7483 7751 8193 8411 8447 8451 8966 9185 9244 9303 9869 10283 10566 10710 10711 11130 11215 11325 11331 11332 11337 11342 11343 11350 11351 11352 11359 11364 11367 11436 11444 11454 11455 11456 11458 11459 13850 14357 14358
11974 275
11975 8
11976 510 1809
11977 2647
11978 454
11979 325 482 2052 3844 4388 5528 11468
11981 24
11982 3853
11983 196
11984 2765 2967 6230
11985 10
11986 641 3788
11987 8
11988 3272
11989 5 533 549 822 832 862 875 876 1126 1218 1527 1556 2038 2472 3743 3926 3957 3958 4027 4232 4447 4514 4623 5014 5302 5331 6204 8620 8955 9313 9913 10017 10242 10410 10807 11474 11475 11486 11491 11492 11493 11499 11502 11505 11506 11511 12426
11991 90
11992 151 727 793 1840
11993 155
11995 4013 11512
11996 288
11997 1845
11999 1645
12000 11519
12001 2019
12002 8 4600
12003 486 727
12004 11522
12006 901 1110 1321 1323 4046
12008 7355
12010 275 11526
12013 81
12014 81 103 393
12015 393
12017 763 894
12018 5
12019 5235
12020 564 7755
12021 4895
12022 467 924 2835 3071 3681 6582 7382 7392 9002 9004 9005 9009
12023 7476
12026 1774
12028 3944
12029 5
12031 5 8 117 3842 4735 5478 5802
12033 1774
12034 3032
12036 631 1774 4098 8726 8979
12037 11544
12038 413
12039 5221
12041 1334
12042 2345
12043 6
12044 3068
12045 5 290 445
12046 1272 1897 1913 4310 4905 4914 9024 9027 9028
12047 91 266 601 894 950 1110 1333 1449 1655 1768 2244 2483 3008 3348 3436 3485 4978 5652 6112 6143 7380 9035 9044 9047 9048 9059 9062
12048 103 1333
12051 349 9066
12052 1141
12053 6559
12054 1093 2702 7037 11576
12055 134
12056 490
12057 33 2073 2814 3423 6129
12058 1150
12060 1683
12061 161 4441
12062 2596
12063 8
12064 834 3052 3054 3055 4150 4257 4258 4795 5445 7089 9135 9162 10017 11600 11602 11603
12065 8
12066 988
12067 11612
12068 4030
12069 107 172 1203 1321 3536 4218 4983 6323 9841 11629
12070 9079
12071 5 10 24 105 134 231 312 564 611 614 717 931 994 1056 1065 1075 1142 1297 1622 1903 1926 2114 2118 2942 3491 3668 3760 3776 3779 3788 3908 4576 5281 6062 6155 6431 6779 8004 8122 8148 8661 9084 9085 9086 9087 9088 9089 9093 9094 9096 9097 9099 9106 9110 9113 9114 9119 9124 9129 9139 9144 9146
12072 294 533 599 662 1449 2462 2712 4359 8491 9162 9163 9167
12073 937
12074 391 1084 2224 2232
12075 5 24 32 290 356 709 1102 2697 2702 4030 5024
12076 5
12078 413 2016
12079 3817 10925
12080 10512
12081 10209
12082 355 6499
12083 5
12085 82
12086 8440
12088 7225
12089 4099 9181
12090 154 188 242 866 5617 6476 9629 9645 9650
12091 72 1751
12092 2219
12093 9184
12094 5 395 1108 1124 1230 1343 1344 1583 2613 2639 3229 3694 3833 4040 5725 6340 6792 7532 7572 9186 9191 9202 9206
12095 121 1628 3068
12096 5159
12097 4825
12098 9233
12099 104
12100 374 490 5270 5271 9234
12101 888 1305
12102 5
12103 1109 1739 5359 7107 9238
12104 5112
12105 5
12106 183
12107 5
12108 5 1336 2442 3173 4278 10200 11680
12109 3163
12110 368
12111 90 103 5858 9249 9250
12112 4 11685
12114 104
12115 5
12116 650 1710 3190 11694
12117 103 4535
12118 1344
12119 958
12120 72 1345
12121 5651
12123 8917
12124 5112
12125 9253
12126 5125
12127 5 400 433 1989 4356 7777 11713
12128 3311
12130 568
12131 42
12132 8 18 184 355 806 958 1289 2692 2730 4321 4947 6800 11726 11727
12133 894 2020
12134 568 626 1334 9257 9258 9261 9262 9263
12135 11738
12136 85
12137 533
12138 5
12139 967 3295 11740
12141 288 994
12142 9271
12143 103
12144 4582
12145 10295
12146 11750
12147 5
12148 673 5650
12149 8663
12150 5
12152 8103 11755 11756 11758
12153 6250 7737
12154 11760
12155 5
12156 3268
12157 107
12158 5
12159 601
12160 1024 2764
12161 454
12162 5079 8989
12163 2327
12164 590 3145
12165 4477
12166 5059
12167 11766
12168 81 1024
12169 5 269 2015 4400 9284
12170 533
12171 8915 9288
12173 6204
12175 8
12176 806 961 1311
12177 649
12178 381 1411 3951
12179 2406
12180 1236
12181 6048
12182 11784
12183 212
12184 11277 11790
12187 9298
12189 5
12190 591 4044 6320
12191 4106
12192 5
12193 4493
12194 76 329 1084 1959 4067 9321
12195 2498
12196 9327
12197 1869
12198 334 1406
12200 125 633 2342
12201 137 401 412 422 1116 1969 2041 2476 2482 2730 3119 6506 8814 8863 9231 9232 9937 11036 11268 11421 11808
12202 442 2122
12203 9335
12204 5
12205 284
12206 2
12207 3133
12208 8
12211 5 18 42 45 81 140 203 467 513 717 739 795 797 923 951 1124 1232 1322 1332 1596 1597 1654 1751 1845 1987 2325 2418 2498 2619 2673 2806 2918 3233 3760 4149 4622 4779 4993 5039 5074 5498 5568 5607 5608 5609 5610 5612 5858 6017 6022 6196 6438 6744 6906 7225 7349 7486 7524 8032 8421 10306 10503 10863 10998 11536 11664 11672 11775 11998 12003 12261 12580 13103 13728 13731 13732 13733 13734 14361 14362 14363 14365 14366 14368 14369 14370 14371 14373
12212 4622
12213 5
12214 3836
12215 7243
12216 346 5541 6973 9354 11819 11822 11824 11825
12217 1460
12218 117
12219 2579
12221 2544
12223 5 884 1230 2551 3234 3826 4680 4682 6049 9242 11829 11833 11839
12224 56 221
12226 5
12227 234 1645
12228 591 1334 8976
12229 1961
12230 494 7733 11852
12231 90
12232 5 8 236 10727
12234 269 1840 5524 8993
12236 1883
12237 10659
12238 6488
12239 11863
12240 1872 2052
12241 5
12242 5685
12243 3272
12244 9363
12245 2026
12246 958 6574
12247 151 823 1110 1619 1622 1814 2321 2756 3151 3175 3496 3545 3642 4022 4148 4225 4373 4766 5121 5522 6243 6354 6380 6667 6867 6926 7268 7330 7484 7533 8457 9367 9370 9373 9375 9376 9377 9383 9386 9387 9389 9393 9396 9398 9400 9401 9404 9406 9407 9409 9410 9411 9413 9416 9419 9421 9427 9429 9430 9431 9434 9435 9436 9438 9439 9443 9447 10314 10338 10343 10344 10346 10348 10350 10351 10352 10355 10360 10362 10363 10365 10369 10376 10378 10384 10385 10386 10388 10389 10397 10404 10415 10432 10439
12249 6313
12250 6546
12251 1563
12252 105 922 2357 2649 3001 3234 3614 4041 7433 7436 7437 7440 7441 7442
12253 1332
12254 5263
12255 5840 5883 7451
12256 592 7453 7454 7455
12257 7456
12258 7458
12259 10
12260 484 7459
12261 5
12262 297 7109 7110
12263 2443
12264 5 696 5908 7111
12266 6263
12267 265 413
12268 864
12269 1097 2325
12270 355 470
12271 1039
12272 6390
12273 793
12274 237
12275 3123 7461 7462
12276 7114
12277 265 349 1466 2064 3437 4110 4122 4828 5205 7050 7115 7116
12278 7119
12279 353
12280 1356
12281 2403
12282 7121
12283 7463
12284 7464
12285 1010
12286 1577
12287 5 91 168 395 592 772 978 1086 1087 1937 1976 2030 2736 3229 3910 4280 4350 4681 7126 7127 7132 7134 7144
12288 478
12289 53 431 494 709 6250 7399 7468
12290 1344 7471
12291 5215
12293 1230 1806 2297 2375 2559 7474 7477 7480
12294 393 7482
12295 12
12296 624
12297 1024 1093 1844 4113
12298 451 599 6160
12299 7025
12300 965
12301 5 77 343 349 4595 7484
12303 151
12304 4793 5341
12305 5 6 32 35 94 177 180 199 234 248 265 267 289 297 348 356 358 389 390 454 487 506 594 601 644 645 681 692 767 784 821 881 945 1108 1252 1271 1336 1375 1413 1432 1468 1483 1485 1558 1560 1653 1824 1838 1840 1852 1971 2000 2077 2113 2172 2223 2227 2229 2245 2253 2257 2298 2375 2376 2421 2510 2712 2795 2807 2812 3209 3219 3229 3257 3304 3549 3610 3665 3767 3829 4010 4322 4651 4862 4926 5034 5040 5305 5325 5413 5424 5426 5693 5857 6067 6073 6257 6274 6524 7050 7311 7380 7487 7489 7490 7491 7492 7493 7494 7503 7504 7508 7510 7511 7514 7517 7519 7520 7521 7526 7527 7529 7532 7533 7535 7537 7541 7545 7555 7572 9207 11967 14375 14376
12306 4295
12307 87 192
12308 7586
12309 7155
12310 1011
12311 356
12312 1626
12314 349
12315 1090
12316 5058
12317 3753
12318 393 998
12319 5905
12321 5
12324 8 18 224 898 2507 2762 3743 3944 4085 6048 6495 7158 7160 7161 13703
12325 464 7165 7167
12326 2434
12327 5 2455
12328 5628
12331 729
12332 4910
12333 2618 5120
12334 7172
12335 269 6946
12336 717 772 898 4403 7607
12337 3348
12338 2859
12339 7040
12340 4568
12341 465 866 940 3016 7611 7612
12342 4535
12343 7615
12344 2633
12345 4052 7616
12346 7619
12347 486
12348 24
12349 72
12350 11431
12351 586
12352 2534
12353 631
12354 1061 3830
12355 103 7628
12356 1272
12357 81
12358 5 3003
12359 1984
12360 853
12361 389 1207 3252
12362 8 7633
12363 5526
12365 3069 7638
12366 1821 1959 7192
12367 837
12368 2106 7200
12369 1492 3617
12370 7641
12371 7642
12372 262 1163 3545 4447 5454 5876 7646 7649 7650
12373 679 7661
12374 6123 14377
12375 431 1027 1156 3357 4955 6415 7670 7671 7672 7673
12377 7677
12378 5519
12379 889
12380 349
12381 172 652
12382 4555 7207
12383 793
12386 5531
12387 164
12388 4573
12389 7473
12391 4147
12393 2220 7210
12394 7211
12396 1781 4731 5047
12397 103 175 1710 2812
12398 4814
12401 703 3002
12402 349 756
12404 310
12405 266
12406 1474
12407 356 5129
12408 5
12409 995
12410 7699
12411 2104
12412 5
12413 889
12414 3290
12415 6313
12417 5
12418 64
12419 4932
12420 6555 7217
12421 4535 7702
12422 7572
12424 8 3091
12426 599 1819 7703
12427 3523 7164
12428 380 3003
12429 5655
12430 7219
12431 7220 7221
12432 2349
12434 496
12435 7214 7215 7216
12436 90
12437 1575 3106 4937 7705 7706
12439 506 961 1028 1083 1810 1971
12440 1402 7226
12441 3083
12442 3428
12443 955
12444 1840
12445 3830
12446 643
12447 5 68 445 2019 2789 7029 7030
12449 5994
12451 81 110 191 255 275 486 639 898 1130 1374 1464 1681 2101 2223 2548 3302 4617 4981 7555 7714 7715
12453 2576
12454 1574
12455 226 257 594 793 1634 3198 4515 5567 6564 7716 7717
12456 7719
12457 6412
12458 476 3456 3532 4937 5726 6252 6706 7032 7033 7036 7038 7044 14378
12460 248
12462 703
12463 151
12465 5
12466 702
12468 7722
12469 349 631
12470 3003
12471 5037
12473 5 3617 7231
12474 240
12475 1301
12476 506 7236
12477 276 4111 4120 4403 5078 6054 7730
12478 1769 5427
12479 6148
12480 506 1645 1971 1972 2844 3165 4030 4926
12481 7238
12482 213
12483 845
12484 536 650 823 5690 6139 7239
12485 1539
12486 7732
12487 5524
12488 196
12489 5
12490 5 248 250 445 578 717 1334 1539 2227 2551 4040 4399 5042
12491 7240
12492 5
12493 6050
12494 3169
12495 7373
12496 3725
12498 7242
12499 3468
12500 103
12501 438
12503 5
12504 5
12505 740 2395
12506 5 2427
12507 7245
12510 4228
12511 7742
12512 5
12513 8
12514 349
12515 7745
12516 5140 7247
12517 1825
12518 269
12519 1000 2647
12520 117
12521 1236 1272 6999 7250
12522 13852
12523 4826 7252 7253
12524 2403
12525 7750
12527 381
12528 1982 4724
12530 8 32 42 191 437 473 599 1196 1486 1843 2233 2615 2640 3830 4793 5119 5789 6862 7257 7258 7259 7261 7264 7265 14380
12531 3003 7270
12532 8
12534 1025 1067 4461 4779 5727 7752
12535 5 1313 7206
12537 7755
12538 5 8 255 275 310 330 360 510 594 645 692 1489 1971 2065 2167 2551 2909 3150 3165 3213 3545 3573 3772 3774 4042 4283 4284 5624 7274 7275 7276 7278 7279 7280 7283 7288 7298
12539 18 510 524 645 2186 2252 5644 7778 7780 13853
12540 313
12541 160 2531
12542 5
12543 5
12544 1105 1684
12545 7272
12546 7270
12547 4888
12548 7804
12549 3023 6899
12550 7815
12551 7303
12554 7099
12555 4014
12556 7306
12557 7830
12558 148
12559 5 992 4426 7310
12560 12 236 703 1506 1834 1866 2245 4475 5322 5576
12561 5
12562 7854
12563 3028
12564 651
12565 7311
12566 4106 7425
12567 1289
12568 1323
12569 137
12570 888
12571 5 156 5928 7312 7313
12572 11730
12573 601 1847
12574 7315 7316
12575 3723 4665 5002 7317
12577 75 213 846 949 973 1899 2159 3929 6241 6596 7117
12578 4669
12579 3167
12580 771 7899
12581 4142 4143 4144
12582 7903
12583 8 10 81 199 253 300 358 359 390 433 506 519 526 532 599 711 717 736 740 749 763 806 889 945 986 1110 1282 1313 1388 1389 1391 1392 1466 1483 1553 1643 2058 2315 2335 2385 2395 2485 2487 2551 2644 3066 3227 3987 4021 4038 4120 4363 4369 4546 5654 5758 6582 6612 7788 7816 7890 7929 7936 7947
12584 5
12585 5618 7963 7967
12586 5
12587 5
12588 5 7972 7973
12589 568
12590 351
12591 631
12592 7977
12593 10 4964 5103 5197 7327 7328
12594 5229
12595 5036
12596 1354 2625 7981
12597 5
12598 7996 8000 8003
12599 300 446 795 6373 8007 8008
12600 8011
12601 5 849 1362 2342 5997 8015
12602 7331
12604 81 639
12605 5 6 8 35 62 68 81 103 139 164 190 220 265 347 349 356 454 455 456 464 496 594 745 772 793 823 891 1060 1110 1188 1208 1271 1356 1374 1466 1556 1665 1849 1903 1976 2000 2077 2091 2418 2559 2565 2580 2606 2688 2707 2762 2802 2844 2974 3145 3301 3505 3928 4046 4735 4768 4775 4985 5345 6051 7153 7686 8030 8032 8040 8047 8056 8057 8059 8061 8063 8069 8070 8071
12606 1657
12607 3930
12608 180 582 1012 1229 1729 3261 4784 7877 8073 8076
12609 81 2496 3058
12610 3272
12611 310
12612 5 216 230 414 1261 5862
12613 8083
12614 14131
12615 5 7 90 306 422 480 499 531 568 763 1025 1427 1449 1543 1876 2356 2418 2660 3001 3404 3681 3696 4793 5529 5858 7190 8090 8093 8094 8099 8100 8101 8103
12616 5002
12617 4040
12618 7 3561 3584 3586 3638 7364 8105
12619 3404
12620 2736
12621 1110 1356
12622 8107
12623 2405 8109
12624 5397
12625 588
12626 5
12627 8 677
12628 1260
12630 2037
12631 5947
12632 5
12634 5928
12635 7348
12637 498
12638 8
12639 854 1074 1460 1596 2327 4242 4884 7562
12640 422
12641 10 349 351 380 531 578 750 1545 2551
12642 8133
12644 5
12645 450 671 1080 1289 1917 2126 2852 3306 4335 4719 5152 5340 5970 6703 8150
12646 872
12647 8151
12649 5305
12650 81
12651 2790
12653 5906 5954 8157 8158
12654 349
12655 5 7353 7357 7360
12656 73
12657 645
12658 3452
12659 8165 8166
12660 288
12661 594
12662 351 533 894 3671 8168 8169 8175
12663 7256
12664 2634 3476
12666 6907
12668 7364
12669 5295
12670 5 1869 3323 7015
12671 4990
12672 4213
12673 2535
12674 5
12675 1179
12676 274 643 3016
12677 72
12678 7371
12679 827
12681 5374
12682 1840 8182
12683 7049
12684 349
12685 10727 14381
12686 8
12687 5 81 601 1358 2060 2565 2606 3737 4011 4709 4785 8183 8184 8185 8186 8187
12688 5
12689 8189
12690 75 745
12691 2423
12692 8192
12693 72 1999 2349 3723 6291
12696 5 940 1043 1431 5728 6126 6127 6129 6130
12697 350
12698 7384
12699 1145 6073 8066 8194
12700 1033
12701 66 68 167 255 360 539 1374 1424 1641 1814 2210 2591 2657 3106 3352 3407 3804 4274 4284 4328 4798 5057 5786 5872 5913 6006 6683 6699 7051 7052 7054 7055 7064 7066 7067 7068 7069 7071 7072 7074 7075 7076 7077 7078 7079 7080 7081 7082 7083 7084 7085 7086 7089 7090 7091
12703 793
12704 139 1418 4880 5179
12705 6449
12706 1071
12707 2614
12709 3635 7387
12710 7 73 162 411 1097 1646 1815 2223 2754 4019 4453 4576 6154 7389 7390 7391 7392 7394 7397 7399
12711 5
12714 5636 8289
12715 451
12717 645 3406 3993 4784
12718 5 1023 1174 1745 5320 8291
12719 5002
12720 4316
12721 3007
12722 5
12723 519
12724 8298
12725 1719 3686
12726 1492 3058 3729 8061 8297 8300 8301 8302
12727 8304
12728 10
12729 601 3774
12730 103 651
12731 2691
12732 5079
12733 72
12734 8307
12735 10 476 7405
12736 1243 1665
12737 1271
12738 982
12742 5096
12743 727
12744 6284
12745 6999
12746 8313
12747 7407
12748 793
12749 7410
12750 445 519 763 3300
12751 1845
12752 336 3164
12755 8317
12756 288
12757 139 297 486 535 1330 1493 1720 2594 3167 5242 6983 7413 7415 7416 7418 7419 7420 7421 7422 7424 7425 7426
12758 601 898 1095 4971
12759 786
12760 6177 8323 8324
12761 21 131 191 395 437 438 644 727 937 1375 1442 1446 2443 2548 2708 2714 2844 3746 3849 4164 4657 4720 4926 4984 8331 8332 8335
12762 5 8 12 19 63 66 113 114 167 169 171 213 217 221 224 225 248 249 294 376 381 405 413 434 440 445 456 466 467 510 516 523 533 538 544 576 579 580 599 601 616 684 686 690 730 746 774 777 831 832 834 837 845 846 854 940 967 968 969 972 1003 1052 1070 1103 1221 1270 1288 1334 1382 1407 1423 1428 1429 1446 1488 1515 1516 1521 1523 1524 1525 1526 1527 1535 1570 1572 1625 1657 1770 1772 1780 1805 1847 1912 1918 1955 1956 1971 2039 2042 2045 2070 2141 2154 2162 2190 2238 2244 2248 2255 2281 2321 2375 2471 2503 2526 2616 2642 2696 2769 2773 2774 2807 2820 2821 2848 2898 2900 2904 2905 2906 2908 2911 2912 2984 3037 3134 3153 3170 3234 3247 3268 3275 3276 3285 3414 3505 3561 3585 3586 3613 3804 3902 3918 3925 3989 3996 4005 4021 4074 4076 4081 4086 4089 4091 4095 4170 4173 4181 4191 4217 4220 4251 4257 4275 4327 4434 4487 4557 4619 4680 4681 4682 4702 4717 4795 4837 4864 4873 4929 5008 5009 5037 5084 5124 5132 5160 5319 5342 5387 5422 5431 5432 5433 5437 5443 5444 5453 5504 5586 5652 5832 5897 6023 6112 6114 6121 6250 6484 6532 6577 6605 6650 6736 6807 6878 7089 7165 7194 7195 7199 7210 7288 7325 7402 7409 7507 7545 7659 7669 7679 7693 8119 8178 8266 8337 8341 8342 8346 8347 8348 8352 8353 8356 8359 8361 8365 8366 8367 8371 8373 8376 8378 8380 8383 8385 8388 8392 8393 8394 8395 8396 8404 8406 8407 8411 8413 8414 8417 8422 8428 8429 8431 8432 8436 8437 8438 8442 8443 8444 8445 8447 8448 8449 8450 8451 8452 8454 8455 8458 8461 8475 8476 8477 8478 8482 8483 8485 8492 8494 8495 8496 8497 8499 8502 8508 8519 8520 8524 8526 8527 8528 8530 8536 8540 8541 8542 8545 8557 8559 8561 8563 8565 8566 8568 8573 8574 8575 8576 8577 8579 8581 8582 8583 8584 8585 8588 8590 8591 8592 8593 8595 8596 8597 8598 8599 8600 8601 8603 8604 8605 8606 8607 8608 8609 8610 8611 8612 8614 8615 8616 8617 8618 8622 8623 8624 8625 8626 8627 8628 8629 8630 8631 8632 8633 8634 8635 8636 8637 8665 8705 8900 8946 9135 9874 9894 10960 11184 11258 11301 12651 13863 14382 14383 14384 14385 14386 14387 14388 14389 14390 14391 14392 14393 14394 14395
12764 8 6067 8638 8639 8640
12765 1814
12766 1273
12767 8641
12768 1475 7191
12769 3505
12770 3391
12771 1969
12772 2100 3465
12773 6913 8642
12774 3001
12775 5
12777 8644
12778 4779 5853
12779 1066
12780 19 1966 4461
12781 4793
12782 288 3068 4241 14396
12784 609
12785 644 1397 4356 4675 8645 8647 8648 8650
12786 240 2551
12789 1067 8651 8652
12790 8653
12791 5 242 1877 3622 8654 8656
12792 3233 8657 8658
12793 1539
12794 376
12795 81
12796 5 8186
12797 5 104
12798 203 2032 8093
12799 105
12800 1569
12801 5
12802 8659
12803 8660
12804 8661
12805 2662 4978
12806 445
12807 591 2565
12808 3458
12810 7178
12811 5
12812 290 2594 2850 7899 8662 8663
12813 2087 2663 3323 3491 4402 5234 6579 11079
12815 8664
12816 2247
12817 1809
12818 5
12819 65 496 1008 1124 1643 3437 5567
12820 871
12821 5
12822 852
12824 6543
12825 3707
12826 8666
12827 539
12828 8667
12829 2658
12830 103
12831 3090 7492 8668
12832 649
12833 79
12834 1737
12835 8521
12836 1882
12837 8669
12838 379 1056 1156 1234 1263 1584 1658 1860 2573 2917 3446 3447 5152 5318 6835 6872 6899 7367 7422 7513 8256 8671 8672 8673 8674 8675 8676 8677 8678 8679 8680 8681 8682 8683 8684 8685 8686 8687
12839 4508
12840 8688
12841 5
12842 500 1460
12843 90 288
12844 394
12845 8690
12846 3726
12848 3348
12849 1398
12851 6752 7094 7095 7096
12852 8691
12853 1662 8519
12854 8692
12856 8
12857 6 8 18 24 31 42 117 197 265 269 275 298 349 437 510 516 594 643 796 1209 1474 1592 1809 2233 2375 2509 2615 2722 2842 3843 4329 4516 5061 5567 6862 7189 8693 8694
12858 8695
12859 8696
12860 10
12861 7254 8697
12862 5
12863 1653
12864 5039
12865 0
12866 2565 2805 8698
12867 8699
12868 5
12869 1975
12870 8700
12871 5103
12872 3466
12874 18 265 1345 4035 8701
12875 703
12876 8702
12877 312
12879 8703
12880 8704
12881 8
12882 167 4076 4095 5453 8705
12884 669 1024 4491 8706 8707
12885 8708
12886 2513
12888 8710
12889 275 795 1024 2072 8711 9250 14397
12890 125
12891 4543
12892 1843
12893 5 32 96 126 139 168 347 349 390 413 533 544 691 738 1335 1565 1570 1657 2043 2256 2257 2484 2824 3035 3482 3483 3484 3965 3994 4661 4910 5145 5344 5345 5717 5722 6166 7151 8336 8566 8617 8712 8713 8715 8716 8717 8718 8722 8723 8724 8725 8726 8728 8731 8732 8733
12894 12
12895 90 1475
12896 846
12897 4184
12898 1451 1825
12899 3507 8734
12901 894
12902 8736
12903 1578 4369
12904 5034
12905 231 1003 1553 4120 4790
12906 5 81 558 1015 2824 3003 3905 4984 5511 8727 8737 8738 8739 8740 8741
12908 72 4899 8742 8743 8744
12909 510 599 894 8745
12911 8746
12912 1467
12913 196
12914 5
12915 5 708 8747
12916 2722
12917 4026
12918 10972
12919 7098
12920 8 484 701 850 1061 1166 1451 1457 1586 1797 1936 1938 1939 1940 1941 1942 1943 1944 1945 1946 2573 2618 3446 3842 4785 6229 6474 6872 7172 7420 7422 8748 8749 8750 8751 8752 8753 8756 8757 8759 8761 8762
12921 8763
12922 1835
12924 10
12925 970 971 972 2782 2899 4327
12926 889
12927 4343
12929 5 1204 1355
12931 1467
12932 367
12933 5 262 455 644 651 898 1419 1702 2387 2801 3178 6112 8764 8768
12934 8765
12935 253
12936 1797
12937 376
12938 91 184 225 338 520 692 774 1449 1519 1548 1765 1772 1950 2516 2633 3622 3743 3964 4130 4250 5596 6194 6357 6398 7053 7132 8400 8767 8769 8770 8772 8773 8774 8775 8776 8777 8778 8779 8780
12939 203 1332
12940 8781
12941 113
12942 5 18 510 1466 8782
12943 3714
12945 8783
12946 4217
12947 2648
12948 6 105 182 234 240 349 539 1061 1335 1797 1805 1812 2572 3579 6519
12949 641 2565
12950 111 184 822 823 1607 2052 4818 5400 5506 5511 6041 6840 6846 8785 8786
12952 8787
12954 1774
12955 8788 8789
12956 1271
12958 8790
12959 1010
12960 1093
12961 223
12962 351 662 763 1451 2256 2660 3300 5534 6539 7088
12963 8792
12964 4838
12965 1518 4381 4676 4841 7471 8606 8793 8794 8795 8796 8797 8798 8799 14398
12967 8802
12969 5 338 1458 2388 3058 3699 4864 7012
12970 8803
12971 288 8804
12972 379
12973 1755
12974 289 951 2789 3429 4916
12975 519
12976 2206 7280
12978 1334 1558 3227
12979 8805
12980 5 2403 8806
12982 234 5459
12983 5
12984 3427
12985 7100
12986 6224
12987 3788
12988 5 3726
12989 32 3261
12990 793
12992 3427 3701 7101
12993 1939 1942 1943 8807
12994 2393
12995 5 351 795 1102 5063 6209 7478
12996 438
12997 138
12999 8808
13000 103 8809
13001 1786 8810 8811 8812
13002 5
13003 395 2510 3546 3837 5380
13004 4586
13005 7328
13006 1472
13007 601 674 3436 3471 3495 8813 8814 8815
13008 1835
13009 564
13010 1460
13011 2573
13012 580 3229
13013 8817
13014 2690
13015 6716
13016 3098 5136
13018 8818
13019 5
13020 125
13022 662 743
13023 88 622 2102 2923 4149 5817 7314
13024 165
13025 5
13026 2838
13028 168 937 7050 8820
13029 114 126 854 7418 8821 8822
13030 8823
13031 5
13032 6264
13033 95
13034 482 1295 1981
13035 81
13036 5 154 343 2849 8825 8826
13037 10 437 1840 4542
13039 413
13040 8827
13041 8828 8830
13042 7 231 290 352 872 2418 5358 6090 7181 8831 8832 8833 8834
13043 2223
13044 5
13045 2614 4820
13046 3125
13047 5 275 451 503 1344 1460 1741 2005 2362 2497 2899 2912 2989 3248 4076 4655 4822 6915 8408 8836
13048 5 564 1396 1801 1845 1996 2448 7232 7585 8839
13050 610 5883
13051 3065
13052 269 1545 3347
13053 1377
13054 32 1824 2256 5199
13055 473
13056 10
13057 519
13058 8841
13059 405 690 1898 2037 3267
13060 548 8843 8844
13061 5
13063 5
13064 10
13065 3437
13066 5951
13067 90 583 872 3543 5583 8846
13068 7373
13069 8848
13072 496
13073 5
13074 1037
13075 346 4805
13077 1569
13078 8849
13079 5 533 535 599 634 793 945 1083 2075 3505 3528 4281 6390 6681 6860 8850 8852
13080 117 1323 1809 8853
13082 679 1460
13083 872
13084 1357
13085 3743 4182 6274 7682
13086 5299
13087 1271 1378 1994 4661
13088 1994 2125
13089 431 8854
13090 5 164 265 580 698 793 1077 1391 1398 1757 2526 2837 3004 3080 3585 3586 3587 3995 4210 4259 4516 4617 4668 5138 5398 5652 5938 5945 6171 6281 6299 6493 7252 8105 8526 8855 8856 8857 8859 8860 8862 8863 8864 8867 8868 8869 8870
13091 103 771 1056 2806 8871
13092 7103
13094 7065
13097 8873 8874
13098 1844
13099 743
13100 375
13101 5978
13102 487 4602 6038 7342
13103 5194
13104 2712
13105 24
13106 1086 1470 1801 3324 3505 3671 8875 8876
13107 658
13108 1451
13110 6823
13111 8877
13114 649 1792 7220
13117 8879
13118 1206
13119 5 95 1631 2416 2489 3737 5548 7373 8555 8880
13120 8881
13121 4405
13122 8882
13124 8883
13125 2387 3161
13126 6295
13128 5 624 672 5253 7143
13129 356 437 438 2512
13130 471 3858 4692 8884
13131 489
13133 138 413 1230 1847 1931 2487 2891 3562 3614 6114 8885
13134 6595
13135 185
13136 2040
13137 110 117 180 199 255 433 740 1066 1282 1315 2124 2136 2227 2317 2598 2711 3051 3232 3552 3837 4045 4046 4127 4335 4651 5405 5561 5993 7202 7808 7825 7942 7968 8072 8118 8191 8886 8887 8888 8889 8890 8891
13139 5051
13140 12
13141 756
13142 1628
13143 269
13144 5 298
13145 7
13146 2375
13147 1087
13148 2579 2830 8892
13149 290
13150 212
13151 981
13152 4403
13153 8893
13155 4330 8366
13156 90
13157 355 767 849 1470 2617 5079 5836
13158 8
13159 1479
13161 582
13162 7 8 10 12 17 31 35 68 128 172 209 217 230 240 254 289 349 353 356 415 429 450 487 496 506 594 637 641 650 678 750 759 763 802 820 827 872 889 1011 1058 1101 1124 1130 1183 1282 1302 1310 1313 1323 1335 1358 1362 1367 1389 1392 1442 1460 1492 1578 1593 1623 1640 1681 1797 1818 1821 1844 1899 1932 1990 2009 2042 2069 2070 2172 2245 2357 2548 2562 2613 2716 2834 2835 2851 2917 2939 3075 3153 3271 3290 3305 3423 3462 3465 3521 3646 3877 3880 3891 3901 4021 4038 4111 4162 4330 4385 4401 4442 4489 4505 4584 4664 4697 4884 4918 5037 5144 5305 5353 5460 5524 5535 5567 5568 5584 5675 5678 5727 5856 5930 5993 6071 6219 6249 6254 6319 6323 6380 6581 6661 6749 6811 6874 6961 6991 7116 7256 7367 7393 7513 7719 7792 7829 8013 8021 8086 8914 9099 9596 9691 9708 9893 9915 10221 10273 10578 10823 10887 11372 11395 11730 11758 12235 12236 12354 13430 14089 14399 14400 14403 14404 14405 14406 14408 14409 14410 14411 14412 14413 14414 14415 14416 14417 14420 14421
13163 2303
13164 1477 4805
13165 165
13166 1835
13167 431 5758
13168 188
13169 3120
13170 5 3904 5567
13171 288 1305 2695 8564 8894 8895
13172 3978
13174 3561
13176 1577
13177 516
13178 8898
13180 5 733 4999 5000
13181 1198
13182 8
13183 241 269 8900
13184 5183 8901
13185 5298
13186 4528
13187 77 313 6949 8685
13188 1289
13189 539
13190 8902
13191 6643
13192 230
13193 4527
13194 868 972
13195 343 349
13196 75
13197 1312
13198 5
13199 5
13200 8903
13201 1259 1260 1634 1818
13202 5816
13204 898
13206 5
13208 1349
13209 5 286 373 395 655 987 1294 1376 1391 1442 1493 2328 2795 2835 3465 3505 4308 4463 4881 5496 6227 6338 6515 7556 8128 8905 8906 8907 8908 8909 8910 8911
13210 8913
13211 5
13212 1420 6103 7664 8914 8915
13213 5 103 1894
13215 496
13216 4574 7424 8084 8917
13217 7591 8918
13218 5 3985
13219 645
13220 8919
13222 5 3115
13223 6892
13224 5 8921
13226 18 731 772 774 1402 1420 1470 1564 1590 1657 1659 2148 2244 2290 2899 3041 3340 3487 4106 4285 4849 5345 6011 6960 7065 8187 8685 8926 8928 8952
13227 4623 8955
13228 8866
13229 5
13231 8958 8959
13232 8961
13234 1617 2478
13235 299
13236 5
13237 1418 1420 3487 5464 5506 8966
13238 1003
13239 1438
13240 95
13241 894 8969
13242 894 8961
13243 4884
13244 231 431 8970 8972 8974 8975
13246 3247 3249 3377
13247 1011
13248 2296 2731 3937
13249 1834
13250 535 1365 1599 1876 2029 2238 2522 3673 4030 4084 4555
13251 5
13252 5915
13253 1109
13254 5 36 112 177 510 737 1235 2042 2807 2993 7249 8981 8982
13255 894 998 5478
13256 56
13257 5
13259 624
13260 5825
13261 5
13262 231 1959 6295
13263 8998
13264 13744 13745
13266 244 806 1100 1551 1552 2598 4458 9007 9010 9011
13267 9019
13268 5 8 451 2674
13269 9022
13270 9030
13271 299 5215 9032
13272 1148 2489 3299
13273 99 955 3417
13274 4285
13275 139 1015
13276 9039
13277 2434
13278 1110
13279 11 81 259 410 414 500 513 601 655 665 827 875 876 1024 1054 1095 1301 1449 1539 1790 1883 2251 2352 2513 2562 2580 2702 2712 3058 3102 4326 4998 5788 8905 9061 9072 9080 9081 9082
13280 349 451 950
13281 10 15 64 386 557 618 626 679 745 852 1179 1446 1462 1466 1518 1681 1807 2387 2565 2644 3579 4870 6051 10102 10836
13282 5316 8178
13283 5753 9215
13284 7863
13286 393 982 4576 7224 7943 9219
13287 9221
13288 90
13290 139 894
13291 342 10236
13292 1230 5405 6958 7404 9952
13293 3417
13294 5836
13295 11002
13296 153
13297 465
13298 1560
13300 2297
13302 505
13303 5 1518 1545
13304 78 942
13305 24 269 400 437 2443
13306 4285
13307 666
13308 5 236 356 772 937 1395 2423 2765 10551 10637 13644 13647 13648 13650 13652 13657
13309 3252
13310 1467
13311 228
13312 651
13313 1009
13314 13664
13315 74 2736
13316 81
13317 103
13319 1470
13320 548 799 1061 1230 1466 1478 3344 7380 7423 12238
13321 290
13322 4465
13323 5
13324 5
13325 451 1622 3766 4468 4530 5291 5360 5743 9983 10586 13672 13674 13675 13676 13689
13326 631
13327 5 8761
13328 793 2070 4127
13329 103
13330 13690
13331 12
13332 68 3088 7206
13333 4881
13334 74
13336 5
13338 8 356
13339 103
13340 3681 4308 5456 7983
13341 6 180 266 406 510 727 784 1271 1645 1781 2224 2395 2487 2566 3216 3252 3257 3304 3612 8875
13343 1551 4021 4278
13344 4880
13345 9268
13346 90
13347 5
13348 9275
13349 5
13350 2297 2375 2762 4857
13352 253 890 3930 4385 5079 5613 5858
13353 7 1821 6309
13354 126 539 1860 1903 6961 7660
13356 5617
13357 8 36 455 1451 2580 3257 6493 12864
13358 117 1235
13359 103
13361 1992 5099
13362 3660
13363 5
13364 5 10 349 2498 3836 6324
13365 599 2297
13366 1563
13367 8 128 568 772 973 1698 1732 1849 1864 1866 1867 1950 3051 3995 5194 5322 5361 11060
13368 5
13369 644
13370 213 466 690 2588 6039 6455 9425 12448 13856
13371 2791
13372 9100 9101 9102
13373 266
13374 1011
13375 8908
13376 103 3367 7131
13377 265
13379 801
13380 558 809 1110 3419 4092 11863 13857 13859 13860 13861
13381 220
13382 3662
13383 36 9292
13384 2985
13385 1727
13386 645
13387 101 139 1569 2927 4607 11186
13389 102 106 288 13423
13391 5 7 203 504 819 1011 1213 1832 3154 4458 4793 5722 14422 14423 14424
13392 348 349 451 582 1061 2297 2375 2376 3003 3169 4527 11129
13395 2055
13396 1211 5936
13398 6060
13399 5
13400 1623
13402 645
13403 14426
13404 11663
13405 1011 2345 5920
13406 4044
13407 10273
13408 5 240 329 349 351 893 1342 1351 1375 1376 1377 1378 1849 2009 2245 3008 3143 3441 4235 4255 4274 6571 9045 9153 9339 9341
13409 121 4962 8974 9344 9346 9347 9348 9349 9355 9361 9362
13410 151
13411 5
13412 8208
13414 5 14427
13415 5040
13416 1142
13417 6874 14428
13418 645
13420 955
13421 1211
13422 592 777 6444 14429 14430 14431
13424 2406 3080
13425 8 533 592 1374 1490 1657 1849 1970 2227 2244 2245 2280 2517 4311 5954 6281 6906 8302 11210 11533 12418 14432
13428 548
13429 1294 14435
13430 356 510 1840 6189
13431 1609 1852 2607 4661 6041 9574 12336 14437
13432 90 6123
13433 1814 4933
13434 533 14438
13435 2423
13436 6708
13437 103 1432
13438 5
13439 5114
13440 5 18 106 12577
13441 95 355 5042 7384 8703 9390 9395 9397
13442 1570
13443 471
13444 11158
13445 2381
13446 1467
13448 950
13452 6736
13453 3437
13454 8275
13455 5772
13456 5 437 454 561 1460 1841 2342 2486 3849 4330 4852 9351 9422 9423 9425
13457 376
13458 836
13459 5
13461 823 2120
13462 2256 5325
13464 5 349
13465 1079
13466 356
13469 6669
13470 680
13471 5408
13473 8641
13474 1581
13476 2612
13478 2321
13479 958 4018 7113 10615 11923
13480 6 140 1640 2961 3488 3930 5041 7330 9925 14439 14440 14441
13481 35 3019
13482 1732 6725
13483 275 1451 3852
13485 3617
13486 5
13487 665
13488 10 594 1323 4805
13489 18
13490 2995
13491 1551 1552 4260 11295
13492 601
13493 2720
13495 1066
13496 2529 11462
13497 32 68 373 601 763 1438 1451 3234 4576 6132 8917 9809 10297 13456 14442 14443 14445
13499 8195
13501 10756
13502 352
13503 261 1815
13504 3779
13505 329 1815
13506 5 189 6843
13507 1015
13508 5
13509 160
13510 396 644 706 1071 1248 1721 1814 1840 1990 2939 3318 4162 4241 4847 5215 7006 9110 11345 12422 12511 13418 13420 14311 14447 14448 14449 14450 14451 14452 14453 14454 14455
13512 61
13513 2805 11421
13514 5
13515 3837 6840
13516 5 81 2940 6300
13517 5
13518 5298
13519 599
13520 2051
13521 24
13522 11172
13523 5 238 558 624 998 1414 1657 1823 2614 2681 3757 3944 4320 4330 4361 4439 4682 5037 10138 11878 11951 11961 11964 11965
13525 1662
13526 4388
13527 9954
13528 90 389 679 1814 2298 3252 4461 5348
13529 90 106 601 872 1506 4469 7302 8067 10367 11937
13530 82 140 141 196 982 983 1581 2660 4020 4264 5726 6623 7325 7679 9231 11970 11972
13531 8257
13532 11974
13534 3326
13535 7229
13536 400
13537 5
13538 8165
13539 2104
13540 3728 10728
13541 163 510 574 4827 4856 6536 7369 9243 9781 9828 10923 14458 14459 14460 14461 14462 14464 14465
13542 3233
13543 103
13544 564
13545 5
13546 14466
13547 2545 10748
13548 14467
13549 4213
13550 5
13551 1138 6364 11990 11991 11993
13552 666 1852
13553 2285 2908 4995
13554 5
13555 12007
13556 5 14468
13557 5 6495
13558 548
13559 12011
13560 5
13561 7228
13562 4385
13563 2443
13564 526 14469
13565 5 167 168 221 256 265 275 405 422 690 846 968 1056 1110 1289 1294 1365 1449 1545 1741 1756 2159 2183 2552 2814 2902 2904 2909 3143 3164 3563 4095 4147 4201 4274 4327 4929 6391 9467 11445 12020 12022 12032
13566 288
13567 2011
13569 5
13570 356
13571 105 276 436 451 1196 6169
13572 81 95 251 5928 12038
13573 413
13574 2717
13575 645 1841 2257
13576 5
13577 5
13578 10
13579 24 1655 3125 4978
13580 1842 4535 14470
13581 5054
13582 14471
13583 5
13584 533 894 981 998 1058 1518 1712 2002 2287 2418 2635 4813 4989 7297 7398 7457 8486 8627 9707 12051
13585 11773
13586 5 72
13588 1230
13589 5 8 1857 2560 3774 14472
13590 248
13591 742
13592 852 1110 2719
13593 2812
13594 5
13595 1727
13596 5
13597 0
13598 5
13599 5
13600 5 217 290 599 650 807 924 2496 2866 2868 2927 3058 3323 4010 4535 6055 7565 8185 14109 14473 14474
13601 12055
13603 4743
13604 9116 9117
13605 727
13606 9120
13608 240 1290 1817 2371 5701 7665 10199 14475
13609 10578
13610 82 269 346
13612 413 2005
13613 289
13614 1043 8813
13615 303 304 434 489 490 969 1207 1323 4797 5000 5561 5742 5990 13853 14137 14251
13616 130 6112
13617 1849
13618 395
13619 273
13620 5 8 10 73 103 125 140 141 151 289 349 356 482 669 824 836 918 1051 1117 1121 1122 1198 1301 1402 1449 1454 1518 1831 1842 2716 2733 3073 3505 3701 3930 4440 4576 5002 5281 5861 7594 8541 9046 9567 9570 11650 13222 14476 14477 14478 14480
13621 5 349 3527 6711 12067 12069
13622 2922
13623 5 3342 5158 5374
13624 5
13626 3169
13627 5
13628 1056 1860
13629 1589
13630 2715
13633 5
13634 1676
13635 74
13636 103
13637 2352
13638 142 628 3998 4669 5789 6420 9724 9791 9797 11646 12094 12095 12097 12099 14483
13639 6488
13640 5 8 74 103 160 475 631 679 1477 1913 3530 3793 5047 12102 12105 12106 12110 12112 12114 12115 12118
13641 275
13642 5 3882 3886
13643 95
13644 953 11623
13645 14484
13647 2443
13648 3350
13649 445 539
13650 10 299 451 626
13651 213 845 877 967 1103 1758 2984 3267 3563 4075 4676 5815 12130
13652 539
13653 612
13654 124 275
13656 1400 4445 7443 14487 14488 14489
13657 676
13658 226 12133
13659 12134
13660 1644
13661 5797
13663 4000
13664 12135
13665 1196
13666 1110
13667 1374
13668 213
13669 5978
13670 63 250 1204 2146 3824 5093
13671 5
13673 290
13674 951
13676 1453
13677 13541
13678 691 6250 14494
13679 955 7209
13680 95
13681 5 685 690 711 1151 2238 2416 2908 4921 6612 8169 14495 14496 14497
13682 2159 3487
13683 3428
13684 14498
13685 13951
13686 7363
13688 151
13689 1398
13690 5246 5609
13691 1130
13692 2851 10614
13693 955
13694 266
13695 1142 2565
13696 2245 2789 7621
13697 13621
13699 609
13700 1798
13701 62 85 117 149 151 167 169 170 176 196 218 221 278 289 293 514 553 582 591 666 733 759 763 774 811 832 846 889 899 968 969 971 973 1027 1052 1311 1334 1351 1376 1429 1494 1525 1535 1551 1569 1570 1680 1708 1727 1728 1740 1766 1805 1809 1814 1821 1977 2007 2030 2064 2159 2160 2213 2259 2357 2450 2532 2577 2586 2740 2743 2769 2770 2771 2823 2899 3041 3049 3053 3055 3092 3149 3211 3233 3247 3426 3495 3556 3587 3771 3820 3850 4010 4047 4095 4123 4216 4254 4258 4327 4403 4417 4480 4491 4502 4621 4738 4831 4847 4871 4911 4945 4981 5006 5047 5054 5160 5423 5441 5468 5499 5556 5557 5775 6039 6250 6436 6437 6443 6444 6452 6488 6688 6709 7056 7187 7196 7199 7528 7545 7567 7668 7737 8015 8224 8235 8292 8339 8347 8579 8601 8604 8745 8773 9015 9159 9161 9203 9395 9484 9625 9649 9688 9800 9819 9996 10716 10746 10794 10796 10936 10938 11168 11170 11174 11270 11396 11602 11638 11769 11810 11910 11984 11999 12203 12240 12249 12263 12295 12650 12873 13052 13168 13240 13586 13616 13637 13800 13948 14292 14345 14393 14434 14499 14500 14501 14502 14503 14505 14507 14508 14509 14510 14513 14514 14516 14517 14518 14519 14520 14521 14522 14523 14524 14525 14526 14527 14529 14530 14531 14533 14534 14535 14536 14540 14542 14543 14544 14545 14546 14548 14550
13702 7
13703 14551
13704 65 130 177 385 448 451 631 845 935 1056 1402 1481 1598 1683 1791 1860 2009 2443 2789 3535 3804 4128 5832 5999 8638 8797 9238 9579 10290 10336 11496 12138
13706 18 266 582 653 1565 1567 1653 1809 2239 2297 2374 2375 2485 2487 2762 3215 3220 3224 3263 3345 3609 3767 4335 5412 6065 6508 14511
13707 20 2049
13708 7585
13709 1208 2093 4614 5380 8633
13710 793
13711 4864
13713 7065
13714 220 413 760 4057 8266 10972 14552 14553
13716 103 8134
13717 5232 14554
13718 5 1344 2793
13719 12 103 395 490 519 564 1065 2865
13720 5772 8663
13721 732 1204 1294 2712 3703 3809 4845 4884 9509
13722 3257
13723 1344 6844 7690 10497 12144 12145
13724 2000
13725 9696
13726 558
13727 126
13728 5 1071 7476 8291 9957
13729 12152
13730 1075 14556
13731 5 286 539 999 4120 9026 9340 11398 12627 14557
13733 5
13734 340 341
13735 5 35 100 165 240 429 464 487 506 529 866 1020 1130 1201 1310 1314 1323 1432 1442 1492 1578 1840 1961 2293 2406 2490 2551 2834 2835 2896 2982 3099 3106 3309 3465 3526 3617 3689 3748 3899 4153 4505 4581 4625 4652 4664 5037 5567 6323 6874 7116 7255 7367 7393 7513 8989 9977 10887 11074 12006 12618 12728 12929 13016 13430 14407 14559 14560 14561 14562 14564 14566 14567 14569 14570 14573 14574 14575 14576 14577 14578 14579 14580 14581 14582 14583 14584 14585 14586 14587 14588 14589 14590 14591 14592 14593 14594 14595 14596
13736 5
13737 568
13738 117
13739 744
13740 1460 6828 12620
13743 349
13744 14597
13745 1577
13747 892 14598
13748 940 3077 3342 5051 6065 12608
13749 1933 4571
13750 2513
13751 6529 14599
13752 862
13753 5900 12160
13754 3377 3933 4937 5311 7409 11293 14600 14601
13756 226 2565
13757 826
13758 14602 14603
13759 5949
13760 1374
13761 750 5601
13763 1169 1179 7853
13764 451 1110
13765 4680 13904
13766 14604
13767 9839
13768 1271
13769 266 496
13770 4714
13772 5 3882 5804
13773 1972 2440 4185 10599 12989
13774 12164
13775 4870
13776 169 490
13777 12165
13778 1336
13779 763
13780 289
13781 11384
13782 4011 4356
13783 510
13784 5
13785 5318
13786 3805
13787 12176
13788 1110 6298
13789 1349 3155 3218 3390 5836 6611 12184 12186 12189
13790 10130
13791 599
13792 130
13793 3004
13794 2891
13795 9092
13796 3068
13797 1987
13798 2868 5093 6345
13799 702
13800 52 240 1049 3186 3561 14606 14607 14608 14609
13801 169
13802 433 1809 1980 5657 6635 12198 12202 12203 12204
13803 8700
13804 14610
13805 5
13806 1652
13807 3688 9095
13808 1774
13809 3234
13811 2831
13813 5
13814 2560
13815 62 139 248 251 445 519 568 672 673 674 676 677 678 793 860 1613 1750 1899 1932 2020 2235 2440 2530 3069 3080 3102 4392 4970 5059 6380 6471 8460
13816 3082
13817 7502
13818 103
13819 2934
13820 14611
13821 4564
13822 299 699 1481 2866 2925 9530
13823 5
13824 7899
13825 12207
13826 1790
13827 737
13828 1667
13829 97 937 1355 1366 5519 6281 6336 10647 11820 14612
13830 845 846 968 969 973 1423 2238
13831 1578
13832 2251 5960
13833 4392
13834 6023 10982
13835 1251 1728 1805 3344 3829
13836 14613
13837 14614
13838 233 12209
13839 164 2020
13840 674
13841 691
13842 62 249 2042
13843 10
13844 349 795
13845 12390
13848 2559 4030
13849 356
13851 2560
13852 8 451
13853 352
13854 3722
13855 12527
13857 14405
13858 56 12020 14615
13859 12215
13861 6227
13862 4201
13864 1876
13865 130
13866 14616
13867 981 12217
13868 793 14617
13869 5
13870 704 2324
13871 935
13872 1449
13873 103
13874 8700
13876 5864
13877 440
13878 1398
13879 1867
13880 5656
13882 2233
13883 572 825
13884 167
13885 81
13886 12221
13887 1840
13888 14618
13889 105 510 3003 3683 4129
13890 8212
13891 453
13892 112 426 475 645 727 2280 2297 3038 3324 3730 4319 4322 4852 5093 5103 5650 7827 7863 9359 10170 12987 14621
13893 558 690 1854 2238 2983 4076 8165
13895 5620 10066 12646
13896 5001
13897 14622
13898 1093 1506 3437
13899 103 394 994 4123 6155 7836 7863 9385
13901 10984
13902 5
13903 6212
13904 2544
13905 10
13906 5 568 4697 7415
13907 1676
13909 2443
13910 400
13911 1466
13912 5
13913 9190
13914 1460
13916 9188
13917 4035
13919 5 269 400 618 2413 10600 12225
13920 5
13921 5
13922 8 6743
13923 942 3152 3886 3888 6131 8509 11750 14623
13924 6584
13925 433 575 582 653 720 727 900 1235 1539 1810 2289 3117 3215 5047 6508 7530 7921 8456 8650 9408 10175 11856
13926 262 1474 14624
13927 2109
13928 4035
13929 5
13930 7
13931 1371
13932 45 313 314 2922 5803 14329 14626 14627 14628 14629 14630
13933 5
13934 50
13937 8
13938 5 10
13939 18 117 225 283 284 285 631 645 651 666 691 881 1232 1809 1994 2206 2244 2685 2751 3198 3229 3433 4784 5077 5145 5146 7423 9236 11344 12238 12245
13940 125 248 466 784 2064 4251 5290 5458
13941 2206 2751 4106 5145
13942 95
13943 10130
13944 72 343
13945 5
13946 2330 2455 6786
13948 12491
13949 967 969 1396 2029 2040 2238 2906
13950 1613
13951 349 356
13952 772
13954 4772 14434
13955 1389 1847 5392
13956 14632 14633
13957 3080
13958 6529 12262 12263
13959 1371
13960 8772
13961 6249
13962 6643
13964 5 2426 3265 11970 12048 12268 12275 12277
13965 237 591 2009 3441 3940
13966 7423
13967 12283 12284
13968 90 275 395 802 1358 1641 2088 3937 5119 5653 5901 6787 6949 6970 9072 10075 12286 12289 12290 12296 12301 12305 12306
13969 2444
13970 11384
13971 2327 8940
13972 3756
13973 12309
13974 5 114
13975 4994
13976 14634
13977 13774
13978 2559
13979 1933 3457
13980 467 496 539 1311 1847 3290 9861
13981 5
13982 6939
13983 10
13984 184
13985 1750
13986 6 8 10 95 105 106 248 275 351 359 455 467 490 568 631 651 1044 1061 1179 1271 1727 1804 1847 1932 2297 2688 2860 3237 3940 4046 4668 7292 7525 11430 14635
13987 5 1056
13988 5
13989 889
13990 9193
13991 1555 12311
13992 11179
13993 103
13994 719
13995 5993
13996 643
13997 894
13998 5 2317 9497 13356 13357
13999 13362
14001 13363
14002 8008 11508
14004 13364
14005 5 8 636 898 952 2558 2866 3271 5215 10517 11514
14006 1024
14007 8 400
14008 1124
14009 1472
14010 430 8905 10061
14011 103
14012 196
14013 5
14014 1186 2292
14015 3233
14016 12781
14017 11523
14018 1142 2715 6604 7905 12076
14019 6175 11524
14020 4403
14021 11525
14022 3836
14023 5 11527
14024 10230
14025 5 81 564 1466 3016 3743 4064 13375
14027 4247
14028 266
14029 5
14030 12 4182 5319 12329 13379
14032 5
14033 5
14035 1851
14036 117 267 1086 13382 13383 13384
14037 266
14038 651 850 1366
14039 3145
14040 12 717
14041 5 6650
14042 645
14043 4748 4909
14044 3165
14045 3055 7410
14046 13387
14048 2942 3477 11453 11528 11530
14050 5
14051 1389 7123 13252
14052 8846
14053 510 578 709 845 1046 1437 1852 2011 2064 6197 9838 10235 10252 11531 11534
14054 2844 3125 4017 4018
14055 3789 5825 6545
14056 1849
14057 5 642 1300 1628 3682 9765 10809 10810 13394 13395
14060 2689
14061 8
14062 5281
14063 986
14064 13399
14065 11562
14066 2206
14067 8457
14068 5
14070 5
14071 2012
14072 13405
14073 1485
14074 4822 13407
14075 10 592 1657 1994 6456 7371 10049 10557 11573
14076 5 12 81 459 703 708 1320 6300 13409
14077 2597 13410
14078 5478
14079 5 1262 3985 10629
14080 2315
14081 5158
14082 1940 3247 3249
14083 65
14084 467 951
14085 737 940 1198 1841 11377 11378 11379 11380
14086 13412
14087 901
14088 4392
14089 8190
14090 62 240 1709 1814 3259 3632 5251 8335
14091 5
14093 203
14094 2376
14095 8
14096 3051
14097 90
14098 5 265 2748 5205 7115
14100 5 8 90 265 422 772 844 1546 2244 2624 3178 3365 3491 3788 4106 4501 6378 6807 8686 10437 10438 10800 11618 11645 12868 13061 14636
14102 438
14103 1596 2814 6907
14104 356
14105 72
14106 8692
14107 5
14108 5
14109 140 141 329 614 890 3271 6361 7050 11654
14111 237
14112 443 806
14114 5
14115 2284
14116 1779
14117 998
14118 644
14119 5
14121 2499
14122 6425 9270
14123 32
14124 445 1253
14125 5 1723
14126 643 908 6011 9363 10093
14127 7890 8023
14128 1628
14129 5
14130 2327 3271
14131 5650
14132 13421
14133 273 2801 4638
14134 1681 2818
14135 1460 7508 13166
14136 2789 4133
14137 77 81 290
14138 5
14139 5700
14140 6 265 351 599 779 2244 2989 3292 3293 3630 4400 5312 11682
14141 35
14143 227
14144 266 11692 11693
14146 230 3673 5773 6419 6420 6431 7895 10052
14148 11695
14149 103
14150 4381
14151 380 601
14152 2107
14153 7544
14154 953 2814
14155 3733
14156 13432
14157 2261
14158 5
14159 157
14160 4064
14161 1467 13434
14164 8
14166 1271 1335 2019 2395 2487 2807 9459 12713
14167 6267 11709
14169 2256
14170 1628
14171 4533
14172 6224
14173 356 719 862
14174 601
14175 1098 1099
14177 5 8 10 103 795 1024 2349 7819
14179 64 1648 10581
14180 11721
14181 6963
14182 793
14184 5 2040 2302 5445 13442
14185 7423
14186 284 707 1711
14187 504
14191 95 134 2509 9893
14192 10904
14195 894 2801
14197 6217
14198 11732
14200 10557
14201 1090
14202 1950 3051 5442 11131
14203 5
14205 3767 3987 9599 13448
14207 1840
14208 8 10 18 20 105 158 269 386 490 510 651 834 1288 1402 1697 1786 1804 2988 4150 4257 4715 4837 8059 11532 13451 13455
14209 11739
14210 5976
14211 5744
14212 1759 7609 13459
14213 981
14214 2613
14215 321
14216 5
14217 9747
14218 8247
14219 6874 13463
14220 702
14221 793 2498
14223 1376
14224 192
14225 576 645 2697 5068
14226 1284 1701
14227 346 1759 3505
14229 114 854 1110 4329 8018
14230 2280
14231 8011
14232 6023
14233 342
14234 356
14235 330 433 445 1562
14236 5 742 2406
14237 5836
14238 5
14239 8144
14240 147
14241 288 11745 11746
14242 15 95 455 1174 1179 2387 6840 7806 7868
14243 2019
14244 433
14245 747
14246 1791
14247 8067
14248 11752
14249 273 13473
14250 5 253 375 1323 1327 1959 2789 3037 3905 4025 4864 5507 6512 6555 6968 7413 10039 10393 13464 13475 13476 13478 13479
14251 11394
14252 3820
14253 806 3172 13420
14254 7423
14255 5
14256 397 398 465 955 3090
14257 182 226 422 477 3323 3547 4020 4797 4813 6143 6170 6277 7594 8271 8321 8364 8529 8822 9260 9420 10733 12836 13484 13485 13486 13487 13489
14258 349 631 651 2496
14262 12520
14263 5
14264 5
14265 75 81 87 95 230 290 349 408 807 1142 1751 1786 6602 9223 9605 12242 12243 12671 12680
14267 4249
14268 675 3270
14270 5678 6017
14271 5
14272 5915
14273 559 6303
14274 13510
14275 2439
14277 24
14278 95 349 2080 6722
14279 127
14280 2691
14281 81 998 2805 5900 13515
14282 3725
14283 5
14284 5887 5888 11794
14285 7 1272
14286 2377 4012
14287 5 8024
14288 7218
14289 18 117
14290 2558 2962 3919 4245 4470 10075
14291 568
14292 1843
14294 203 481 576
14295 7 1630 11588 12362
14296 9440 10119
14297 5
14298 2261
14299 1477
14300 6302
14301 220 1237
14302 1458
14303 273
14306 1162
14307 1458
14308 4038
14309 645 1194 2527 2976 3216 4723 4886 5279 7165 12032 13528
14310 3532
14312 14638
14313 2 1833 5568
14314 12770
14315 15 81 105 288 447 490 627 631 1146 1302 1440 1804 3710 4031 4715 5251 5939 6132 6390 7181 7751 8499 9903 11212 11404 11405 11407 11416 11419 11420
14316 5
14317 3585 6577
14318 4664
14319 955
14320 203 3700
14321 90 275 632 3063 3082 3905 4215 4638
14322 5 3118 8070 10403 11803
14324 82 992 1099 1552
14325 1645 1809 9997 10111 11809 11812
14326 736 901 1376 2069 13231
14327 510 1883 5047
14328 1493 6222
14329 340
14330 76 225 592 1209 5221 6723 7868
14331 269 836 1325 7311
14332 5 1518
14334 9804
14335 265
14336 5874
14338 1374
14339 10906
14341 5 8 4774
14342 5405
14343 13547
14344 1458
14345 10 394 400 4205 4388 5103 5197 6215 7820
14346 11431
14347 624
14348 81
14349 4529
14351 2499
14352 169 727 2673 4087 4098 6633 11256 13548
14353 631
14354 32 987 4576
14355 3453
14356 1174
14358 1046
14360 243 244 1518 11826
14361 445 1335 1451 3234 3728 4811 8952
14362 13550
14363 624
14364 13551
14365 6556
14366 479 3276
14367 11820
14368 624 626 767 3673 5267 7432 7475 9008 11831
14369 356 385 3071 3085 3662 3890 4627 4916 7558 11834 11838 11842
14370 183 196
14372 2322
14373 1101
14374 110 721 1398 3169
14375 2560
14377 5 5229
14378 5
14379 1408
14380 3098
14381 5481
14382 269
14383 2734 3165 4031
14384 220
14385 11851
14386 2601
14388 7119
14389 4810
14390 774
14392 511 4267 5052 8024 8690
14393 179 510 533 6436
14394 349
14395 1259
14396 5
14397 10521
14398 13561
14399 242 256 580 678 747 750 796 929 1016 1101 1358 1643 1729 1752 1781 2233 2801 3071 3233 6049 6290 7613 11869 11878
14400 1928
14401 7662
14402 7 349 356 1460 1821 4641 5027 9868 13562
14403 11864
14404 2427 11449
14405 2262
14406 163
14408 356 1110 13564
14409 5
14410 12007
14411 1375 8744
14412 11884
14414 1308 1374 3511 5853 9336
14415 395
14416 8 17 95 212 241 269 529 557 764 796 804 1325 1344 1345 1463 1474 1555 1845 1926 2106 2352 2400 2670 2999 3174 3302 3528 4584 4716 5363 5711 6263 6661 6838 7264 7524 7646 8245 10578 11753 11889 11890 11891 11892 11896 11897 11899 11916 11919
14418 9576
14420 1513
14421 8 10 24 95 106 349 490 745 750 875 3957 11129 11501
14422 6 395 519 1546 2280 2462 2761 3300 6399 13572
14423 971
14424 5762
14425 1578
14426 5
14427 5 19 368 6632 10118 10276 11929
14428 6424
14430 3439 5481 9758 13575 13577
14431 5 608 3426 8631 11933
14432 5 272 703 1007 3532 5896 8511 9197 10061
14433 9807
14434 5
14435 5 10 32 197 264 296 431 440 449 599 641 698 708 715 717 741 749 863 889 1142 1198 1237 1332 1389 1390 1391 1409 1485 1593 1815 2058 2125 2231 2441 2486 2807 3092 3093 3361 3408 3441 3665 3844 4037 4060 4127 4276 4329 4379 4718 4870 4982 5168 5176 5287 6197 6613 7725 7899 8670 9422 9800 9918 10030 10315 10354 10450 10500 11137 12288 12577 13557 13568
14436 304 480 2543 5161 5376 5971 9783 12954
14437 3003
14438 5 237 395 496 567 4576
14439 3439
14440 564
14441 5
14442 349
14443 149 301 3827 4441 6217 13594
14444 3415 10125 11959
14445 103 349 389 719 1012
14446 1910 5623 9650 13596
14447 6565
14448 18 375
14449 3073 9365 13598
14450 6380
14452 3016
14453 1241 1798 2705 3090 4869 6892
14454 5 213 351 393 467 599 662 717 742 854 967 968 1232 1272 1562 1695 1900 2039 2375 2458 2754 2962 3198 3483 3932 4087 4205 4245 4388 4542 4622 4811 5202 5608 5678 5952 6324 7259 8003 8535 9137 10153 10829 11984 11985 11998 12002 12003 12017 12018 12021
14455 10
14456 1015 2342 3290 11608 11617
14457 1506
14458 81 196 289 691 1058 1101 1475 1817 3272 3300 4810 4918 5678 5885 6736 6991 9684 10671 13601 13602
14459 2731 2739 3651 3858 5909 7349 11114 12127
14460 995
14461 2227
14462 12031
14463 3391
14464 1815
14465 81 90
14466 2114
14467 13614
14468 852 4515 4614 4912
14469 7119
14470 3437
14471 470 516 1613 2124 7979
14472 1982 4981 11774
14473 2900
14474 8
14475 1626
14476 9278
14478 5 5199
14479 395 450 568 617 655 793 1024 2355 3616 4916 4942 4943 5087 6418 7890 8094 13499 13619 13620 13622 13623 13625
14480 320 6543
14484 1356
14485 299
14486 1470
14488 650
14489 5 7
14490 76 490 2588 4864
14491 1466
14492 451
14493 6191
14494 5
14495 269
14496 81
14497 6 10 24 71 110 164 197 237 266 269 284 329 356 578 618 692 1207 1334 1545 1698 1722 1867 1950 2711 2849 4250 4544 4594 4619 4793 4861 4982 5322 6358 6688 8047 8519 8928 12543 12989 13627 13628 13629 13632
14498 717
14500 18 81 114 126 266 273 289 519 533 539 568 578 599 634 750 854 940 1289 1413 1623 1708 1727 1759 1977 2256 2712 3212 3340 3940 4030 4439 4652 4768 4805 5055 5181 5648 6828 7732 8294 8472 9045 9680 9868 9915 10213 12198 13634 13635
14501 2395
14502 5
14503 4508
14504 9293
14505 283 284 422 869 987 1113 1547 2482 4833 5726 5802 10880
14506 5
14507 3505
14508 142 1146
14509 351 854
14510 9450
14512 1878
14513 1539 3299
14514 5 90 236 351 696 732 763 915 1389 6672 12049 12050 12053 12059
14515 329 413 844 1615 3830 9046 10554
14516 226 290 358 814 1012 2124 4314 7213 10276 10383
14517 3106
14518 2227 5588
14519 5 284 395 433 698 749 1389 1390 1391 1392 1398 4045 4123 4329 4506 4935 5716 7003 7230 7725 8852 11130 13659 13662
14520 73 1449
14521 5
14522 5 248 1334 3172 4044
14523 4535 8491 13668
14524 11724
14525 103
14526 11 140 141 624 673 955 3360 3930 6014 6132
14527 568
14528 1720
14529 12080
14530 4570
14531 240
14534 5700
14535 1869
14536 1034
14537 5 101 103
14538 72 2020 2303
14540 5
14541 994
14542 2009
14543 631 651 1821
14544 140 467 745 1066 1451 3452
14545 1270 11922
14546 8
14547 4475
14548 5
14550 139
14551 6 32 106 110 120 149 174 175 178 198 266 275 289 358 389 391 413 433 495 505 523 526 579 582 634 645 784 837 881 940 945 1028 1056 1083 1084 1086 1198 1229 1230 1251 1270 1271 1282 1486 1489 1563 1564 1565 1644 1645 1646 1652 1653 1665 1729 1752 1780 1781 1805 1809 1838 1841 2124 2235 2254 2257 2297 2372 2375 2521 2566 2645 2725 2762 2807 3038 3168 3171 3203 3204 3219 3225 3228 3237 3261 3324 3325 3344 3345 3573 3579 3793 3829 3832 3836 3837 3838 3840 3993 4005 4046 4178 4204 4784 5628 6345 6421 6527 6559 6673 7491 7530 7788 7807 7857 8127 9021 9230 9243 9417 9900 10212 12105 12549 14094 14516 14641 14642 14644
14552 5 24 356
14554 4003 14645
14555 4785
14556 2801
14557 238
14558 4763
14562 4670
14563 3001 14646
14564 767
14565 62 75 2513 14152
14566 12100
14567 2708
14568 2635
14569 74 2717 7470 9117
14570 624
14571 114 188 196 253 599 692 881 1102 1128 1313 1327 1342 1414 1740 2093 3092 3093 3304 3838 4300 4328 4442 4443 4448 4449 4963 5014 6185 12754 14648
14572 5
14573 275
14574 4747
14575 126 609 644 1518 2206 2216 6499 7235 7280 11384 14649 14650 14651
14576 266
14577 1086
14578 349 643 951 4106 4537 12068
14579 81
14580 5628
14583 894
14584 940 12119
14585 7378
14586 14652
14587 988
14588 1012 2375 2462 2611 7900
14589 14653
14590 4899
14591 5 1899
14592 3075
14594 5 1207
14596 10118
14597 2077
14598 4218
14599 3718
14600 389 1086 2497 2754 3219 3252 3264 3406 4614 8230
14601 275
14603 9106
14604 5 6 17 32 102 138 151 164 199 264 282 326 349 359 413 431 433 451 506 519 544 578 580 592 651 679 692 698 709 711 714 715 716 740 760 774 777 837 877 889 901 924 940 1209 1211 1351 1379 1389 1391 1411 1432 1470 1490 1545 1546 1553 1838 1903 2104 2128 2145 2172 2255 2375 2434 2469 2485 2487 2496 2531 2559 2577 2601 2807 2811 2821 3042 3135 3255 3296 3325 3347 3437 3486 3849 3985 4038 4127 4131 4170 4329 4701 4860 4926 4984 4989 5251 5297 5314 5464 5597 6012 6013 6685 6722 6935 6999 7000 7189 7384 7444 7452 7474 7477 7480 7503 7511 7514 7526 8347 8950 9007 9903 11130 11179 11408 11769 12420 12521 13984 14094 14136 14529 14654 14655 14656 14657 14659
14606 1207
14608 438
14609 5481
14610 5 6 10 18 123 160 226 510 581 617 645 995 1230 1271 1290 1449 1645 1646 1653 1809 1844 2000 2463 2559 2849 3172 3568 3840 3841 5055 6082 6373 6485 8998 12132
14611 1682 2423 14660
14613 2485
14614 618
14615 3505
14616 4550
14617 5 356 6431
14618 3686
14619 2922
14620 1334
14621 204 349 455 568
14622 5 248 599 681 724 793 1271 1640 1901 2927 4723 4984 5652 6493 10761
14623 4617
14624 7805
14625 5 1698 3051 4250
14626 580
14627 5901
14628 7398
14630 633 704 1800 2388 3417 3772 5374 5656 5690 6579 7868 8171 8205 10312 12109 12111 12792
14632 6536
14633 160
14634 3090
14635 356 644
14636 10632
14637 5281
14638 3169
14640 846
14643 10 81 2416 10424 14662 14663 14664
14645 203
14646 422
14647 1903 4980
14648 624
14649 4598
14650 433 740 1313
14651 167
14652 631
14653 160
14654 10469 14665
14655 823 1312 12146
14656 5
14658 550
14659 8651
14660 633
14661 8 1332 2761 3508
14662 2814 13549 13971
14663 14668
14665 1643
14668 4047
14669 5567
14670 480 592 689 4566 5973
14672 6682
14673 2573
14674 382
14675 3437
14676 396 400 3271
14677 8881
14678 429
14679 5 12087
14680 4793
14681 5 18 65 164 253 296 644 645 901 988 995 1271 1321 1451 2297 3229 4270 4531 5051 5997 10081 12073 14252 14669 14670
14682 1472 14672
14683 3098
14684 5
14685 2807
14686 18 120 163 180 234 506 510 516 525 899 900 1110 1229 1235 1270 1563 1564 1652 1775 1804 1809 1810 2227 2247 2297 2372 2375 2497 2616 2720 3225 3228 3257 3324 3340 3767 4049 4203 4516 4531 4617 4784 5035 5038 5051 5054 5055 5299 5787 6064 6065 6340 6429 6521 8031 8131 8417 9243 10081 12161
14687 5
14688 389 2485
14689 289 3858 6213 10478 12173
14690 5
14691 8218
14692 1788
14693 81
14694 1010
14695 5797
14696 6682
14697 3874
14698 14439
14699 8
14700 10420
14701 5
14702 5 3299
14703 3355
14705 81 126 218 346 349 601 634 675 678 717 898 940 1027 1294 1311 1709 1711 2245 2406 2557 3231 3511 3756 4012 4195 4507 4910 4978 5054 5570 5886 5888 6131 6829 6841 7040 7899 8040 8318 9249 9334 9343 9744 9745 10021 10165 11060 11197 11222 12180 12181 12185 12187 12191 12197 13949 14673
14706 106 174 234 431 727 737 881 1270 1282 1470 1489 1838 2566 3257 3552 3638 3832 4320 4964 7490
14707 11859
14708 2227 6516
14709 103
14711 24 5221
14712 3170
14713 81 12208
14714 593
14715 5267
14716 1099 14674
14717 8003 10036
14718 6055
14719 2251 5381
14720 5337
14721 81
14722 14675 14678
14723 1867
14724 8 349 1301 2427 8398
14725 5 2233 7111 14449
14726 248 259 894 1932 2801
14727 358 1553 2395 2462 2485
14728 251
14729 419
14730 1349
14731 2585 5182
14732 5
14733 3797 3860 5868 11473 12993
14734 599
14735 349
14736 275
14738 3604 4390
14739 3461
14740 269
14741 369
14742 5
14743 162 284 2711 6128
14744 5 61 155 199 203 204 275 436 474 626 800 1061 1169 1174 1196 1741 2007 2807 3579 4039 5880 6813 7486 7825 7990 12506 14680 14681 14682
14746 284
14748 2720
14750 430
14751 3985
14752 63 3217 4085 12213
14753 5
14754 5885
14755 872
14756 7379
14757 12 349 2839 3856
14758 1778
14759 1026 1553 1565 3044
14760 5205
14761 11747
14763 5 10 68 95 103 260 275 455 2416 3830 4867 5590 13798
14764 10551
14765 8341
14766 5228
14767 1975
14768 5
14769 2019 5065
14770 431
14771 14685
14773 4527
14774 113
14775 6976
14776 3073
14777 2565
14778 3247 3249
14779 4515
14780 12220
14781 5 134 601 3649 11243
14782 5 828 2521 14686
14784 609
14785 10809
14786 1866
14787 1493
14788 1472
14789 564
14790 6357
14791 11184
14792 6177
14793 2118
14795 5 125 1037 1419 3234 4293 4978 8129 10958 12708 14687 14689 14690 14691
14796 568 12223
14801 8509
14802 3247 3756
14803 14692 14693 14694
14805 5
14806 940
14808 5348
14809 1127 3082
14810 748
14811 5
14812 240
14813 140 141 240 329 330 351 428 681 763 852 893 1183 1313 1314 2290 3143 3436 3796 4274 6811 8544 10571 11478 12235 12236 12240
14814 5
14815 9 34 81 85 103 139 160 170 196 213 263 265 266 293 400 531 533 551 558 599 717 741 750 760 763 793 809 822 845 866 889 890 952 971 972 1059 1118 1165 1220 1344 1348 1418 1419 1518 1644 1652 1694 1727 1734 1755 1765 1814 1845 2007 2210 2417 2418 2489 2524 2774 2884 2899 2904 2988 3054 3055 3070 3212 3231 3804 3905 4075 4081 4082 4092 4258 4403 4461 4516 5013 5054 5055 5085 5176 5221 5423 5445 5467 5912 5957 6100 6121 6153 6214 6290 6361 6495 6983 7015 7199 7245 7266 7379 8178 8339 8383 8449 8502 8838 9105 9135 9162 9312 9336 9440 9589 9885 10017 10153 10276 10374 10704 10836 10876 11142 11450 11571 11600 11602 11810 12321 12573 12590 12795 12871 13160 13947 14501 14696 14697 14698 14699 14700 14701 14702 14704 14705 14706 14707 14709 14710 14711 14712 14715 14716
14816 5
14817 81
14818 203
14819 349
14820 14114
14821 349 717
14822 1271
14823 228 669 1356 1662 11828 14270
14824 10 139 349 578 1110 1466 1470 2375 3257 3989 4335 5985 6067 6524
14826 90
14827 355
14828 2227
14829 1882
14831 5
14833 72 14717
14835 8055
14836 1810
14837 953
14838 7485
14839 1732 7734
14840 4335
14841 3820 3978 4875
14842 1666 2616 3171 6113
14844 81 90
14845 651
14846 5
14847 24 32 68 103 117 161 184 213 273 283 284 285 348 349 400 437 533 624 644 665 793 846 891 894 967 968 994 1004 1092 1108 1196 1271 1342 1356 1474 1590 1750 1751 1894 2256 2342 2343 2492 2524 2526 2613 2697 2707 2716 2904 2998 3070 3391 3426 3718 3944 3996 4342 4458 4724 4840 4847 5186 5289 5836 5879 6121 6257 6274 6399 6607 6933 7469 7668 8243 8411 8895 9340 10220 10399 11664 11999 13322 14382 14718 14719 14720 14721 14723 14724 14726
14848 5 8 10 18 95 269 451 740 1282 1330 1622 1799 2839 2845 3447 4546 6870 7593 8671 10099
14850 275 539
14852 6 711 727 779 935 2463 4869 7511
14853 14728
14854 11645
14855 8907
14856 5 3309
14857 3488 4010
14858 140 203
14859 1305 10043
14860 1559 3473
14861 123 2327
14862 430 454 717 763 2580 5400 7238 14176
14863 431 986 1321 3202
14864 2489
14866 81 184 285 1066 2416 5378 10451 12265 12267
14867 548
14868 14726
14869 236 6465
14870 6421
14872 1911
14873 103
14874 5096
14875 397 1149 4079 12270
14876 12561
14879 151
14882 645
14883 5 103 7476
14884 11464
14885 10656
14886 8
14887 1869
14888 1284
14890 811
14892 5
14894 5952
14896 3198 6565 9738 14705
14897 510 845 972 3143 3306 3548 4064 4272 5340 5954 11810 12279 12280
14898 1556
14899 2690 3117
14901 521
14902 81 167 241 263 801 1311 1344 2987 4076 4086 4863 5853 7206 8535 9943 10540 11263 11736 11915 12285 12287 12292 12293 12294
14903 763
14904 582 5930 6949
14905 6222
14906 437 702
14907 1849
14908 2070
14910 6
14911 395 2529 4388
14912 3817 6991
14913 9531
14914 519 14731
14915 6234 8294
14916 5 68 72 83 103 110 115 117 126 164 191 249 269 304 318 349 380 385 395 414 438 445 451 493 519 529 594 599 644 696 724 854 863 866 998 1024 1035 1139 1147 1334 1343 1344 1349 1364 1371 1442 1460 1493 1545 1556 1702 1707 1760 1762 1774 1840 1980 2116 2169 2320 2350 2382 2786 2809 2831 3003 3021 3290 3326 3382 3437 3671 3866 3885 3951 4076 4095 4113 4390 4489 4536 4541 4550 4555 4574 5317 5618 5703 5777 5836 5925 6105 6201 6323 7183 7243 7371 7400 8247 8669 9440 9728 9747 9751 9776 9782 9958 10478 10484 10486 10728 10830 11296 11898 12336 12606 12620 12893 13596 13837 14732 14733 14734 14735 14736 14737 14738 14739 14740 14741 14743 14744 14745 14746
14917 1835
14918 1970
14919 203
14920 10 2124 2395 3209 4278
14921 81 1124 2709 14747 14748
14922 1778
14924 62
14925 375 6970
14926 5877
14927 68 154 5298 10546
14928 24 2519
14929 231
14930 5 8070
14931 1977
14932 380 675 1289 1460 4392
14933 139
14934 4664
14936 5453
14937 957
14938 5975 6625 12616 14751
14940 5
14941 355 2870 3427 4937 14752
14942 13745
14943 1933
14944 403
14946 3908
14948 103 349
14949 677
14950 395 617
14951 651
14952 349
14954 12316
14955 2116 12318
14956 1840
14957 4837
14959 1294
14960 48 50 14753
14961 3173 7452
14962 3367
14963 4106
14964 12320
14965 8
14966 5252
14967 5 68 99 496 539 1374 1824 4052 8899 12322
14969 1396 2349 5727
14970 8 169 1110 3143 4274 8179
14971 5
14972 1814
14973 645
14974 12327
14975 8 17
14976 126
14977 5256
14978 123 763
14979 853 4791
14980 72 1662 1697
14981 103
14982 3838
14983 349
14984 14754
14985 12333
14988 650 3533
14989 236
14990 2567
14991 7635 8155
14992 225
14993 5922
14994 32
14995 3348
14996 5022
14998 5
15000 599
15001 10 679 1809 14755
15002 105 5645 6744
15003 5654
15004 220
15005 5
15006 1482 1613
15007 10439
15008 711 2775 2820
15009 5
15010 269 651 1466
15011 5
15012 546
15013 5581
15014 284 285
15015 2441
15018 12342
15019 11049
15021 8365 12355
15022 56 447
15023 368
15024 81
15025 12365
15026 5
15027 5
15028 5650
15029 4825 6304
15030 9651
15031 2128 9243
15032 140 203 413 451 624 952 1067 1117 1122 1570 1656 1759 1806 1848 2311 3509 4449 4614 4658 4964 5072 5322 6151 6252 6320 6622 8230 8315 11426 13035 14149 14756 14757 14758 14759 14760
15033 102 490 504 525 531 995 1230 1262 1466 1529 4195 5343 5649 10212 12345
15034 149 523
15035 490
15036 490
15038 349
15039 451
15040 582
15042 5
15043 1866
15044 651
15045 117 753 7056
15046 14761
15047 649
15048 2037
15049 1196
15050 1556
15051 496 1356
15052 5
15053 4141
15054 8
15055 14762
15056 12359
15057 4443
15058 5
15059 10 110 269 310 490 666 708 1483 1484 1553 1583 1844 2125 2229 2395 2485 2487 3174 3232 3830 3938 5040 6476 7479 7827
15060 954
15061 301 3164 7399 8806
15062 1570
15063 12092
15064 8124
15067 5788
15068 3728
15069 5 520 1344 7617
15070 5
15071 72 718 2612 5404 5642 7427 14763
15072 1252 1489 2868 3436
15073 5 18 32 75 114 200 231 248 251 273 337 351 355 380 438 470 506 539 576 591 643 672 674 712 782 853 856 866 898 930 945 1028 1130 1218 1263 1272 1308 1348 1376 1377 1378 1396 1432 1458 1460 1484 1487 1584 1613 1650 1658 1680 1703 1714 1715 1716 1772 1833 1847 1855 1923 1933 2030 2042 2113 2120 2161 2245 2270 2406 2416 2418 2471 2489 2527 2655 2712 2835 2849 3038 3242 3473 3658 3670 3844 3900 3949 4046 4186 4218 4311 4392 4403 4410 4532 4598 4645 4651 4735 4761 4852 4864 5139 5145 5338 5349 5691 5703 5727 5777 6155 6208 6213 6233 6235 6281 6320 6456 6605 6721 6854 6974 7025 7040 7650 8056 8336 8519 9031 9334 9337 9477 9484 9904 9914 10770 11103 11430 12226 12234 12965 13041 13289 13336 14426 14740 14752 14764 14765 14766 14767 14769 14770 14772 14773 14774 14775 14776 14777 14778 14780 14781 14782 14783 14784 14785 14786
15074 1821
15075 14789 14791
15076 2443
15077 196 304 1311
15078 774 12364 12372
15079 1212 6814
15080 95 618 1110
15081 3776 5042
15082 69 188 203 303 304 1575 2086 2439 2579 2711 2730 3254 3374 4264 4937 5994 6565 7424 10797 10798 14792
15083 1201
15084 1556
15085 5731
15086 130 6864
15087 1481
15088 11384
15089 81 745 2852
15090 90
15091 5
15092 14793
15093 636 1056
15094 5047
15095 73 96 117 237 246 330 337 395 633 860 924 951 981 1525 1581 1655 1719 1772 1847 2007 2297 2341 2568 2761 2926 3058 3247 3723 4095 4195 4218 4235 4272 4280 4361 4368 4416 4794 4795 5302 6663 6968 7371 7716 7847 8459 8467 8602 9297 10501 12257 14309 14494 14753 14758 14795 14797 14798 14799
15096 3383
15097 614
15098 6240
15099 5 506
15100 5
15101 11724
15102 1475 2013
15103 125 1513 5664 6477
15106 5
15107 18
15109 31 35 139 140 168 253 265 327 349 353 376 389 405 414 421 433 500 523 543 575 594 690 821 918 951 955 973 986 1033 1044 1086 1130 1182 1183 1334 1375 1376 1377 1408 1412 1451 1518 1564 1578 1653 1655 1847 1973 1990 2049 2171 2385 2407 2497 2511 2532 2533 2553 2556 2627 2760 2781 2784 2795 2898 2902 2908 2999 3035 3104 3117 3138 3248 3463 3473 3490 3563 3772 3774 3830 3944 3947 4086 4110 4173 4298 4353 4360 4652 4805 4964 4974 4991 4995 5199 5305 5557 5567 5654 5675 5676 5700 5702 5782 5800 5920 6341 6440 6681 6708 6938 7252 7295 7440 7481 7526 7824 7827 7864 7870 7875 7890 7908 7979 7991 8021 8042 8044 8054 8064 8097 8114 8121 8165 8182 8289 8438 8472 8477 8505 8524 8560 8602 8612 8708 8900 9179 9220 9278 9452 9633 9696 11128 11347 11616 11920 12041 12214 12390 12397 12398 12406 12428 12430 12431 12442 12443 12450 12464 12465 12468 12469 12470 12478 12480 12481 12482 12491 12492 12497 12499 12501 12572 14417 14800 14801 14802 14803 14804
15110 3072 4891 5057 7818 12320 12502
15111 12 35 12504 12507
15112 12509
15113 6891
15114 1477
15115 3295 4275 6097 9688 9810 14805
15116 349
15117 17 81 438 601 626 3124 3192 3360 5666 5667 5677 12778
15118 12511
15119 10927 12437
15121 1581 4682
15122 5 2851 5856
15123 692 1617
15125 8252
15126 6 63 65 81 90 275 283 284 285 356 643 740 806 1010 2015 3237 3631 4385 4649 4721 6493 7309 12520 12521
15127 5
15128 62 242 2020 2798 4620 14806
15129 1260
15130 5
15132 5541
15133 2257
15134 8
15135 633 12056
15136 5
15137 5
15138 103 938 7306
15139 14807
15140 10688
15141 2708
15143 510
15144 5
15145 519
15146 645
15148 2530
15149 12541
15150 293 349 362 405 434 470 549 550 551 553 844 971 1050 1380 1423 1489 1537 1625 1815 1915 2278 2696 2773 2872 3806 4082 4252 5504 5523 6803 7280 7683 8180 8293 8929 10093 10279 10794 11159 11531 13088 13162 13346 14808 14809 14810 14811 14813 14815 14816
15151 789 12542
15152 5789
15153 811 12543
15154 5763
15155 4585 5079 6099
15156 2739
15157 62 375 4615
15158 665
15159 5
15160 139 330 465 786 875 876 1374 2510 3082 4972 5941 7795 14817
15161 2439
15163 5
15164 95 103
15165 2486
15166 7943 7980 9783
15167 1845 10038 10053
15168 81 450 750 884 1465 2060 2615 2753 3348 3632 3791 3844 6372 6546 7230 14818
15170 12546 12548
15171 3157
15172 5
15173 1494
15174 616 13933
15175 901 5038 5650
15176 8 346 1271 1449 1847 2261 3632 3987 4910 4943 5162 8084 9607 10524 13369 14819 14820 14821 14822 14823 14824
15177 2801
15178 1466
15179 2303
15180 6796 9197
15181 5
15182 18 62 114 117 215 266 321 445 466 467 510 533 666 727 901 1562 1809 1935 2072 2257 2288 2559 2571 2801 3172 3437 3505 3836 3838 4095 4528 5032 5197 5299 5738 5954 5997 6222 6327 6559 6605 7159 7490 10731 14697
15183 5
15184 4675
15185 346
15186 342 2560
15188 286 467 519 628 1310 2711 3088 3396 4060 4767 6155 6358 6539 10827 11918 12220 12558
15189 678 733 2220 2835 9301
15190 5 1320
15191 385
15192 1662
15193 356
15194 867 1334
15195 1223
15196 827
15197 4809
15198 1844
15199 6642
15200 486 1378
15201 3853
15202 5
15203 5928 14828
15205 8 1007
15206 652 730 5481 10626 13445 14829
15207 228
15208 5 288
15211 1258 1545
15213 8 81 95 130 265 298 338 356 437 470 654 1359 2086 2296 3231 3312 3473 3844 3853 4037 4330 4460 4461 5836 5925 6611 7270 7514 9007 9023 9687 9688 10315 10423
15214 3441
15215 5294
15216 125
15217 487
15218 114
15219 2292
15220 76 3444
15221 386
15222 5 438
15223 1368
15224 349
15225 5
15226 4289
15227 3311 5781
15228 368 958 1876 6190 6632 12602 12603 12604 12613 12615
15229 5 351 4891 7818 8181 12320
15230 114 217 445 465 854 1004 1613 2614 5072 5764 6160 7211 8848 9653 12616 12618 12620 12621 12623
15231 6250
15232 709 7103
15233 3772
15235 257
15236 90
15237 591
15238 1015
15239 721
15241 3420
15242 14833
15243 894 2478
15244 14834
15245 1173
15246 6083
15247 578
15248 14835
15249 5 75 81 123 681 3852
15250 973 2238
15251 5 395 666 951 4276 4504 9023 12633
15252 1562
15253 5
15254 998
15255 62
15256 1727
15257 4824
15258 4260 5246
15260 349
15261 1545
15262 5
15264 397
15265 400 1336
15266 3694
15267 2014
15268 274 3081
15269 5842 6281
15270 9514
15271 103 313 745 6051 8296
15272 139
15273 4055
15274 8569
15275 691
15276 6361
15277 3179
15278 5
15279 5199
15280 7280
15281 6797
15282 3627 11518
15283 583 7580
15284 1056
15285 3427
15287 5114 9035 9332 10066
15288 10
15289 1869
15290 8372
15291 8 81 1457 1799
15292 5
15293 568
15296 5
15297 4541 6155
15299 251 4073 5425
15300 11422
15301 3091
15302 901
15303 11989
15304 351 2227 4467
15305 103 495 634 1564 3614
15307 139 666 2049 4101 4168 4680 8057 8685
15308 6708
15309 10459
15310 5 10 72 103 124 217 229 265 269 275 288 299 349 351 376 400 445 557 640 644 691 771 772 982 1174 1179 1263 1289 1345 1643 1797 2513 2560 2596 2871 3019 3034 3341 3679 3721 4042 4723 4899 4970 6324 8252 8440 8639 8725 9106 10243 10900 11730 12033 13043 14838 14839 14840
15311 3192
15312 138 248 601 1012 2256 4489 5290 6324 9417
15313 3756
15314 8238
15315 121 5221
15316 1444 12674 12677 12678
15317 265
15318 602
15319 1778
15321 3714
15322 3618
15324 12682
15325 760
15326 691 3020
15327 410
15328 12685
15330 3888
15331 5
15332 8869
15333 240 580 867 950 1449 4841 5672 7566 7626 10433 12687 12689 12690 12691
15334 1383
15335 5048
15336 10230
15337 550 802 846 950 1727 2014 3176 4389 11295 12701 12705 14841
15338 474 690 846 968 970 972 973 2238 2899 4811 14842
15339 5 8 12 81 90 91 110 719 850 1774 2023 2086 3198 3767 4203 5147 5533 5798 6582 7585 13382
15340 1100
15341 2865
15342 8 10 269 6571
15344 8 24 196 395 703 890 9637
15345 113 10001
15346 263
15347 7652
15348 850
15349 2059
15350 1622
15351 6968
15352 1191
15354 348 475 634 806 1801 2570 3832 4021 4341 4904 5075 5077
15355 1756 7036
15356 437
15357 3690 4004
15358 3350 6306
15359 18 510
15361 4205
15362 259 1539 5152
15363 18 81 120 189 198 217 349 358 745 772 843 847 881 1086 1108 1151 1237 1340 1470 1546 1592 1732 1774 1776 1804 1838 2077 2115 2170 2244 2255 3178 3237 3453 3482 3483 3771 3917 3957 4005 4101 4225 4871 5006 6034 6680 8546 8720 9042 10068 10590 10697 10794 10834 11266 11317 12856 13030 13454 13924 14845 14846 14848 14849 14850 14851 14852
15364 11524
15365 3987
15366 521 750 1071 1863 3120 5321
15367 5272 5352
15368 1770 3272 3928 3929 10430
15369 2304
15370 10052
15372 434 753 823 1533 1536 1537 2045 2768 2775 3049 4022 4353 4841 5431 6359 6663 6667 6671 9242 9831 13666 13677 13748
15373 2247
15375 5
15376 5 808 1343 11887
15377 2663
15378 13554
15379 8040
15380 2357
15381 1110
15382 884
15383 87 3458
15384 326
15385 5
15386 12728
15387 578 599
15388 2182
15389 14853
15390 868
15391 12948
15392 7422
15393 659
15394 533 1578
15395 3755
15396 81
15397 14854
15398 22 1187 2318 2715 4737 5152 13528
15399 5
15400 356
15401 536 792 894 952 4224 4540 6089 6216 8486
15402 1840
15403 2997 10295
15404 160 1110 6196
15405 5 1662 5001 5744 6823
15406 10 103 326 1084 2177 2206 2751 3836 5145 6217
15408 5
15409 275 631
15410 5
15411 351
15412 349
15413 45 320 346 557 1396 1926 2626 4715 5119 5229 8489 9839 13322 14856 14857
15414 1142
15415 125 290 801 3477 12881 13221 13815 13817 14858
15416 1622 5451
15417 22 529 805 867 1211 1570 3367 6530 7101 7565 10976
15418 5
15419 10
15420 10
15421 18 117 582
15423 2956 3373
15424 114
15425 1101
15427 10947
15428 5
15429 4779
15430 7572
15431 4245
15432 196
15435 445 519 599 11273 12756
15436 8
15437 8753
15438 134
15439 5 10 115 763 772 774 1398 1698 1864 1866 1950 2244 3051 5322 7059 8149 9185
15440 6014
15441 5
15442 5
15443 7230
15444 1931
15445 33
15446 5 390 454 470 853 1024 1314 1315 1323 1327 1328 1331 1378 1589 1845 2573 3163 3841 3987 4030 4664 4675 4706 4718 4911 4925 4937 5167 5311 5410 5535 5883 6159 6250 7339 7705 8182 8849 8914 9800 10139 10377 10450 12157 14833 14861 14862 14863
15447 957 2476 2711 5736
15448 1034
15449 2441 4299 4300
15450 289
15451 1468 4926
15452 5
15453 736 3830 4037 5267 14864
15454 2510
15455 269
15456 514
15458 7 1973 6082
15459 266 466 1516 5813
15461 400 9931
15462 5
15463 2495
15464 897 2545
15465 651
15467 275
15468 1488
15469 2389 4864 7025 9447
15470 2728
15471 5 11732
15472 998 2042
15473 14866
15474 5373 11757 12765 12767 12768
15475 5 536 779 1340 1689 2416 3274 3275 5114 5434 7075 11515 11699 12782 12784 12787 12788 12791
15476 3068
15477 2418
15478 90
15479 641
15481 5
15482 12797
15483 10 1035 2605 4983 5460
15484 8179
15485 8 12 349 380 672 673 678 3786 7391 12979
15486 24 238 349 1909 2640 3516 5058 6217
15488 12515
15489 524 2697
15490 2182 13981
15491 95
15492 18 128
15493 1110 11846
15494 103
15495 3146 3696 5687
15496 12803
15497 81
15498 288 699 2712 3505
15499 196
15500 1271
15501 702
15502 199 256 1805 2223 3136 3344 5951 6063
15503 8930
15505 81 329 7646
15506 1451 3561
15508 2925
15509 36 180 525 689 1142 5954 6099 14511
15510 1374
15511 12805
15512 14873 14874
15513 672
15514 5
15515 3064
15516 269 9188 12808
15518 14875 14876
15520 4201
15521 2070 2835 4306 6483 12234
15522 8294
15523 852 3172
15524 2058
15525 5 4576
15526 677
15527 2038
15528 12817
15529 5 641 843 1311 2556 8405 9164 10872
15530 316
15531 935 14554
15533 454 901
15534 5
15535 45 9733 10230 14877
15536 1383
15538 81 2462 4724 5636
15540 1090
15542 75
15543 1556
15544 10946
15545 5
15546 5
15547 679
15548 11879
15549 451
15550 12
15552 351
15553 14879
15554 935
15555 10 1493 2100 4174 14880
15556 226 8320 12832
15557 5
15558 140 141 196 203 269 355 411 445 504 519 581 658 707 763 890 1109 1342 1349 1815 2625 2711 3070 3618 4385 4458 4516 4737 5727 6361 6455 8895 10150 12840 12842 12843
15559 1230
15560 2762
15561 4529
15564 288 625 1566 3771 12459 14881
15565 523
15566 266
15567 592
15568 23 507 641 763 889 951 987 1191 2448 2627 2691 3174 3491 4113 4114 4122 4745 4984 5656 5829 6169 6969 7396 7895 8148 8504 11912 12420 12655 12845 12846 12847 12851 12853
15570 533 3590
15571 1966
15572 90
15573 3824
15574 3323 4046
15575 643
15576 846 1867 4250 8347 9161 12856
15577 2672
15578 3556
15579 1477
15582 4063 4065
15583 489
15584 5 330 376 486 717 772 774 901 963 1282 1335 1375 1391 1485 1546 2009 2170 2290 4319 4508 5197 6027 6733 10438 12859 12864
15585 1110
15586 5 12865
15587 11769
15588 1732
15589 112 149 173 175 176 198 268 523 525 579 634 653 737 899 900 1051 1082 1187 1553 1665 1666 1781 1801 2224 2262 2373 2395 2487 2616 2812 3171 3200 3208 3252 3264 3406 3573 3590 3614 3832 3836 3840 4212 4335 4528 4532 4657 4735 4784 4827 5036 5374 7369 8998 9359 10834 12061 12064 12375 12565 12883 13626 14124 14884
15590 12977
15591 3064
15593 8
15594 533 1435 2565 4101 5423 7213 14885
15595 14886
15596 127 1142
15597 103 125 643 1043 1398 1466 1581 3246 3247 3248 3385 3631 4576 4638 5415 7544 10102 14887
15599 5 12 329 359 505 506 764 954 1356 1432 1468 1518 1560 1804 1888 2223 2697 3079 3125 3257 3261 3572 3833 5047 5147 5556 5876 7519 7545 7886 9267 9900 12835 13058 13350 14288
15601 814 3191
15602 8898
15603 4075 14832
15604 5523
15605 6431 6677 12868
15606 14691
15607 1033 12874
15608 5 12870
15609 3835
15610 1344
15611 4027
15613 1259 1260 3317
15614 11500
15615 159
15616 3813
15617 5
15618 6184
15619 8 763 888 1044 1046 1477 1486 1680 1847 2280 3357 4403 5305 7181 9031 13160 14127 14889 14890
15620 3727 10836
15621 3172
15623 5
15624 59
15625 355 548 582 745 1027 4857 10579
15627 12881
15628 12871
15629 1458 5218 8003 12612 14893
15630 2912
15631 5
15632 4468 14894 14895
15634 12883
15635 6393 12885
15636 429
15637 1869
15638 5
15639 346 451 1876
15640 6669 14896
15642 90
15643 7266
15644 6907
15645 491
15646 5 935
15647 5 3601 4497 12818 12819 12820
15648 5
15649 5 6 120 265 273 601 2227 7123
15650 405 2162 2238 2898 5506 6011
15651 5
15652 5
15654 901
15655 349
15656 15
15657 5 18 32 65 177 178 266 267 268 405 510 523 579 645 666 692 844 888 940 961 967 969 971 1012 1028 1229 1232 1235 1255 1270 1282 1483 1528 1553 1565 1567 1644 1652 1775 1805 1809 2064 2092 2094 2239 2395 2462 2463 2485 2510 2513 2807 2812 2900 2906 3003 3209 3214 3224 3263 3304 3506 3563 3614 3819 3829 3836 4127 4335 4657 5074 5075 5147 5373 5412 5453 5917 6066 6104 6366 6523 7541 7660 7799 7807 7809 8115 8456 9209 9894 10613 12490 12594 13428 14644 14897 14898 14900
15658 5018
15659 539
15661 3183 12895
15662 5568
15663 62
15664 5 4110
15665 5
15666 1130 2824 8003
15667 3788
15669 1032 9247
15670 81 10527
15671 349 4711
15672 1024
15673 5 58 549 3054 9133 9136 9162 11502 12901 12903
15674 73 254 329 359 450 480 806 862 988 1165 1282 1449 1722 1740 1756 1867 2333 2336 2356 2728 2753 2813 3059 3075 3259 3404 3505 4045 4046 4638 4796 4798 4820 4943 4999 5858 5993 6046 6055 6071 6290 6310 6567 6601 6844 7055 7393 8940 9219 9783 10733 10738 11445 11882 14026 14859 14901 14902 14903 14904 14905 14906 14907 14908 14909 14910 14911 14913 14915 14916 14918
15675 2512
15676 2147
15677 631 1847
15678 3139 3141 3605 14400
15679 2423 12905 14919
15680 3831 13340
15681 346 1891 2418 3000
15682 90
15684 413 1204
15686 12906 12907
15688 103 651 1840 3085 3417 4714 4724 6595
15689 81
15690 130 217 813 4301 10120 13455
15691 251 676 677
15693 5 1473
15694 3804
15695 5
15696 2594
15697 5744
15698 9950
15699 14921
15700 237 349 1374 1613 2297
15701 5 742 1301 1556 4201 11369 13401
15702 18 510 645 1415 2257 6217
15704 5 7273 11782 11783
15706 888 1336 9110 12931
15707 14924
15708 1545
15709 5760
15710 8
15713 5 2718
15715 1146 1323 1916 1923 4117 4122
15716 12946
15717 259 2673 3693 10484 14925
15718 5 81 121 894 1847 5126 12178 14926
15719 216 1371 4162 14005
15720 10505
15721 253
15722 388 642 3990 14927
15723 2899 4600 5221 7056
15724 618
15725 826 5868
15726 7476
15728 5 12952
15729 2626
15731 5853
15732 727
15735 8 103 356 396 414 767 1142 2389
15736 259 5242 13695
15737 3523
15738 5 160 436 3068 4094 7516
15739 160
15740 103 127 10802
15741 9893
15742 14929
15743 561
15744 9244
15745 3590
15746 5 240 329 405 496 519 793 1709 1729 1947 3099 4216 4274 4525 4794 6872 8671 8697 9045 9417 9684 11478 12055 12961 12964 12966 12968
15747 6618 11431 12972
15748 3257
15749 462
15750 2850
15751 8 10 95 275 533 745 763 1077 6456 8178 9161 9360
15752 940 4150 12901
15753 2418
15754 2114
15755 11070
15756 5
15759 6337
15760 12393
15761 385
15762 582
15763 1282 3579
15764 5
15765 8
15766 523 954 1558 2019 3224 3614 4036 4127 4142 11922
15767 288
15768 3345
15769 5556
15770 358 8869 9632
15771 1493
15772 175 1560 1644 1780 1838 2223 8252 10094 10590
15773 61 106 204 275 651 1179 1196 1466 2077 2297 2321 2375 4037 4857 6158 6345 14932 14933
15774 5 8 6313
15775 167 846 2904
15777 125 290 385 637 639 726 1054 1479 5348
15778 1458
15779 6214 13701
15780 10829
15781 14934
15782 385
15783 1080
15784 1866 3831
15785 2910
15786 9336
15787 4884
15789 95 2751 5145
15790 12989
15791 1662 12056
15793 5714
15794 430
15796 3646
15797 3169
15799 894 4622
15800 5
15801 12991
15802 5
15803 445 519
15805 1451
15806 1477
15807 2064
15808 12993
15809 81 1899 2261 2585 3661 4148 6049 6498 6881 9866 10669 11358 12994 12995 12997 12998 13001 13006 13008 13009 13011 13012
15810 3271 5244 7663
15811 10521
15814 2539 14936
15815 4568
15816 90
15817 1876 5636 6185
15818 532
15819 2029
15820 240 958 1979 3970
15821 4328
15822 8
15823 2643 4205 5795
15824 4250
15825 1931 2807 5055 6373
15826 2764
15828 10 81 1024 1075 2719
15829 6623
15830 5 1382 2045 10326 13025 13026 13029
15832 269
15834 5 566 708 897 1198 1277 1622 3805 5568 5883 8709 8747 10853 14938 14939
15835 6323
15836 2085
15837 6 7 740 1110 1814 2372 3437 4459 8288 8904 11398 14940
15839 1451
15840 6646
15843 5
15844 2871
15846 3748 7815
15848 164 626 940 10682
15849 595
15850 103 4576
15851 1987
15852 2449 11463
15853 5
15854 22 1585 1868 2821 3052 12850 12855 12857
15855 290 802 3034 5079 7836 8642
15856 1613 1876 2009 3451 4301
15857 1460
15858 12861
15859 2109
15860 5 745
15861 11583
15862 302 5628
15863 6182
15864 568 763 2815 10769
15866 18 76 95 139 140 167 213 240 262 322 338 382 405 440 645 690 717 822 845 846 969 1182 1271 1403 1659 1732 1984 2162 2238 2342 2497 2507 2586 2898 2904 2906 2908 3046 3169 3493 3497 3527 4023 4075 4076 4095 4290 4327 4837 5090 5272 5453 5724 6038 6039 6766 6834 7065 8208 8486 8527 8530 8566 9193 9503 10724 10991 11608 11617 11630 11657 11673 11675 11678 11683 11684 11687 13700
15867 2685
15868 5
15869 11465
15870 2612
15872 2910 4213
15873 659
15874 337 1460 3251 8247
15875 11058
15876 12872
15877 126 149 200 234 265 269 303 375 409 519 523 543 559 727 763 854 951 1151 1167 1252 1449 1524 1527 1537 1612 1755 1913 2045 2092 2389 2635 2761 2801 3263 3748 4067 4106 4356 4359 4617 4723 4840 4844 4871 4984 5219 5620 5731 5990 6222 6250 6358 6493 6833 7037 7607 8131 8224 8719 8951 9623 9649 9697 10128 10191 10554 11258 11384 11729 11731 11751 11754 11759 11763 11765 11769 11789 11791 11795 11800 11804 11805 11815 11816 11817 11821 11840 11845 11847
15878 5 806 4085
15879 299
15880 196
15881 50 103 1389 5162
15884 6128 10950 11445
15885 6324
15886 2590
15887 6 10 90 121 356 1005 1051 1102 1645 3098 4516 4723 12882
15888 6850
15889 12902 12904
15890 5
15891 5
15892 1578 3373 4077 5727
15894 2405
15895 17 75 95 290 431 464 644 1349 1359 1622 5719 6419 8128
15896 10
15897 5
15898 4274
15899 12914
15900 568
15902 128 599 5405
15903 1466
15904 4302
15905 6045
15906 2297 2375
15907 183 612 12918
15908 106 140 141 203 204 356 455 490 631 1196 2632 3930
15909 5 36 506 2053 4036 6595 6996 11501 11585
15910 12 43 121 4124
15911 11886
15914 12933
15915 1676
15916 1553
15917 10 236 719 1628 1774 1791 2029 2467 2728 3910 5804 6737 8205 9743 12313 12935 12938 12945
15919 5
15920 5 12 72 77 220 346 645 651 940 1084 1108 1336 1653 2223 2297 2375 3168 3257 3261 3265 3682 3940 4782 4866 4915 4984 7989 8040 9359 9440 10759 12807 12951 12957 12959 12963
15921 139 523 772 1553 1729 2485 2487 3216 3256 3342 3345 3483 3506 5029 5766 8753 11187 12975 12976 12977 12982 12984 12986
15922 5 121 1071 10048
15923 5
15924 4328
15925 533
15926 2697
15927 6222
15928 5 9893
15929 1518 13004
15930 356 5439
15931 103 3931 11901
15932 9516
15933 2417
15934 2552
15935 2065 5620 5889 6041
15936 889
15937 1852
15938 8 24 349 582 1084 3567 5393 7667
15941 3288
15942 355
15943 5 32 310 679 1271 1646 3172
15944 445 4025
15945 11911
15946 2565
15949 1645 1646 2357 8405 13037
15950 13039
15952 1302
15953 8 356
15954 396 5405 13040
15955 5
15956 1375
15957 8 11915
15958 1841
15959 8 349 395
15960 269 437 506 1809
15962 4825
15963 11917
15964 451
15965 3528
15966 529
15967 2015
15968 643
15969 5 692 2682 4231 4232 7467 10410 11493 11921 11924 11928 11930 11932
15970 4293
15971 6 106 163 178 180 234 253 359 525 961 969 973 1179 1229 1235 1270 1271 1423 1652 1752 2229 2372 2761 3204 3575 3590 3691 3832 4049 4320 5039 5051 5147 7307 7942 12014 13054
15972 5
15973 1132 2120 4600 6725
15974 1024
15975 1374
15976 1966
15977 5 514
15978 6132
15979 13070
15980 291
15981 13072
15982 5
15983 2062
15984 125
15985 1336
15986 651
15987 1177 1196 13079 13080
15988 225 538 2240 9397 11472
15989 103 274 351 413 578 1271 1335 1379 1646 1847 2073 2427 2680 2891 3003 3172 3974 5279 7820 10069
15990 3071
15991 1349
15992 592
15993 3145
15994 9740
15995 349 7646
15996 433 601 978 1135 1420 2556 3811 5760 9007 10037 11819
15999 10790
16000 8
16001 3305
16002 3974
16003 484
16004 1344 5945
16005 1779
16006 7089
16007 632 2697
16009 784 1027 2297 3433 7545
16010 32
16011 8
16012 18
16013 708 4906 13103
16014 2899
16016 5
16017 771
16018 13109
16021 1621 6418 7239 10144 11950
16022 62 4811
16023 7179 9094
16024 5
16025 10724
16026 730
16027 671 1396 5088 7883 11954 11962 11963
16028 743
16029 248 13004
16030 11966
16031 4627
16032 1392
16033 894
16034 1711
16035 9099
16036 275
16037 11969
16038 9440
16040 35 110 519 802
16041 299
16042 819
16043 490 593 1209 1472 7065 13124
16044 275 2022 8217
16045 10
16046 62 3263 7384 13134
16047 8709
16048 599
16049 1323
16050 3289 5241
16051 5
16052 4385 5079 5621 8642
16053 18 717
16054 3125 4582
16055 431
16056 5
16057 22 129 178 196 244 258 304 329 416 457 489 581 704 869 1100 1116 1131 1167 1168 1325 1564 1634 1792 1872 2324 2325 2333 2388 2540 2566 2754 3168 3301 3456 3537 3699 3756 3788 4048 4310 4443 4452 4454 4458 4833 4937 5078 5079 5361 5362 5458 5771 6087 6252 6703 7705 8480 8870 8895 8900 9231 9232 9392 9900 10053 10798 10880 11462 11723 11986 11987 11988 11989 11994 11997 12012 12013 12015 12024 12033 12036
16059 5
16060 1065
16062 4021
16063 1797 5220
16064 12040
16065 5
16066 5
16067 139 10900
16068 937
16069 5
16070 5129
16071 445 599 1027 4293 6324 7671
16072 349
16073 944 5042
16074 5
16075 10
16076 6361 7171
16078 703
16079 13165
16080 843 966
16081 81
16082 3900 9028 12056
16083 3369 10305
16084 349
16087 73 126 806 7282 8814
16088 12060
16089 13172
16090 12062
16091 5728
16092 5841
16093 9322
16095 434 519 972 2616 7584 8101
16096 5
16099 265
16100 35 227 327 962 1187 2679 4027 4037 5289 5760 9223 10880 12344
16101 1172
16103 5
16105 8797
16106 9958
16107 82
16108 2850
16110 3226
16111 2486
16112 247
16115 631 1344
16116 2513
16117 213 265 505 533 582 1084 1332 1601 1847 2029 2255 2297 3261 4684 4720 5047 12071 12073 12078
16118 12079
16119 180 574
16120 786
16121 5
16122 12 539 643 5883 6499
16123 7670
16124 120 310 349 580 2297 2375 2559 4857 5758
16125 73 530
16126 1877
16127 431
16128 2458
16129 631
16130 13199
16131 2483 12089
16132 5
16133 5 140 141 203 329 467 951 1101 1297 2565 3272 4361 4383 6428 6993 6996 8479 9039 9663 12054 13209 13212 13220
16135 10 160 226 480 703 704 712 867 1167 1168 1801 1898 2324 2325 2349 2388 2418 2597 2754 2790 3456 3470 4201 4279 4614 4937 5306 5335 5874 6736 7483 7849 8022 8179 11811 12101 12103 12104 12121
16136 356
16137 2548 2707 2892 2896 3606 4392 5493 5885 12437 13224 13229
16138 275
16139 113 872 3310 6241 11834 12123 12124 12125
16140 260 382 779 822 2416 8059 8578 9125 12128 12129
16141 53
16142 3062
16143 5 164 978 5334 9309
16144 12362
16145 5
16146 5307
16147 5 525 1622 2423 2746 3875 10850
16148 819
16149 4636
16150 2939
16151 12363
16152 2291
16153 184 7349
16154 12368
16155 1142
16156 5
16157 5 9448 13234 13235
16158 220 266 346 355 601 1336 1344 1451 1529 2524 2538 2565 3849 4106 4195 5319 5586 7165 9987 11475 12014 13237 13239 13240
16159 12369
16161 13251
16162 730 898
16163 6446
16165 229
16166 2057
16167 568
16168 1840 13253
16169 10
16170 1383
16171 8911
16172 5
16174 2047 13254
16175 1046 3145 10171 13255
16176 13256
16177 160
16178 5 81 729 1863 3056 4183 6570 8229 11003 12068 12377
16179 343
16180 396 10652 12380
16182 971 1488 2907 2908 6214
16183 2814 3088 4174 6907 7303 8075
16184 5701
16185 303 304 3935 5952
16186 325 1142 2529 3646 5654 7887 7890
16188 240 901 1349 1430 1562 1605 1847 2443 2848 3400 3902 4234 5363 6175 13259 13261 13262 13263 13266 13267
16189 2942
16190 12387
16191 8726
16192 440
16193 510 4617
16194 652
16195 1398 2293
16197 1024 3060 7168
16198 1207
16200 72 299 1347 3830 7479 13275
16201 5
16202 3270
16203 2440
16204 9364
16206 1888
16208 13285
16209 5306
16210 5464
16211 12166
16213 1413 1908 5405
16215 62 139 182 184 533 1334 2020 4388 4502 7862 8009 13291 13292
16216 681 3290
16217 12007
16218 1815
16219 5
16220 5 10 8990
16221 118 591 601 645 1351 1498 1933 3190 3509 4047 4245 5049 6961 8538 9044 13299 13300
16223 8 850
16224 7609
16225 1786 2940 8394
16226 81 5498 6696 7630 10809 10810
16228 251 275 774 1334 6688 8976
16229 81
16230 81
16231 1845
16232 1177
16233 7 10 184 275 459 708 789 802 1844 2660 3355 6418 9291 9637 10722 13103 13309
16234 6543
16235 13311
16236 62 721 12403
16237 1066 5616
16238 275
16240 9758
16241 576 1374 5181
16242 627
16243 12438 12439
16244 31 1751
16245 114
16246 299 9984 10125
16247 74
16248 10122 13070
16249 5728
16250 5 10 106 568 631 772 3905 4576 4936 6726 12825
16251 13250
16252 13322
16253 3994
16254 95
16255 10768
16256 8
16257 2010
16258 5
16259 5 10209
16260 1466
16261 8525
16262 2556
16263 81
16264 8558
16266 299 3572 5051
16267 495 1805 4067
16268 4980
16269 495 3131 3132 3252 5651 5695 7490 12573 13324 13325
16270 11750
16271 7271 9354
16272 9420
16273 4162
16274 5 158 212 228 298 452 513 937 1033 1460 1465 2513 2625 3231 3261 3299 3719 4497 5858 6070 6233 7040 8243 9440 12256 13304 13326 13336
16275 62
16276 5 8 204 265 844 894 1043 1086 1102 1110 1179 1198 1581 1849 3004 3247 3248 3249 3561 3579 3584 3585 3586 3587 3638 4210 4364 4368 4576 4617 5167 5398 5652 6049 6158 6281 7252 7945 8105 8526 8806 8855 8868 9964 12539 13352 13353 13354
16277 103 2014
16278 12409
16279 711 8932 11742 12410 12414
16281 5
16282 496
16283 35 269 437 1130 1211 5305 11878 13358 13359 13361 14305
16284 1569
16286 1376
16287 5 103
16288 4989
16289 7710
16290 5 126 141 269 317 342 438 727 894 940 949 967 1028 1083 1287 1290 1335 1653 1746 1775 1776 1814 1899 2318 3158 3402 5147 5209 5405 5805 6711 7188 7513 8606 9505 10655 11550 11719 13368 13378 13381 13386 13388 13389 13391 13393
16291 476 2748 6361 6623
16292 1640 2440 4916 5990 6682 8263 10540 12419
16293 578
16294 126 854
16295 2722
16296 5059 6546 14941
16297 10
16298 5 543 1240
16299 90 1101
16302 5
16303 6863
16304 5 6 8 601 949 1289 1311 2251 2634 4077 4403 4571 5782 5948 6466 7168 8064 13401
16305 8 203 385 564 641 720 1241 1323 1464 1465 1879 2439 3316 3370 5796
16306 6968
16307 5350
16308 3216
16310 203 403 2442 2610 9503
16311 9467
16312 90
16313 12980
16314 62 5620
16315 355
16316 6 506 645 717 793 847 1046 1108 1110 1198 1470 1558 1564 1810 1852 2257 2375 2868 3552 3590 3849 4735 8097 8167 13413
16317 12475
16318 1877 8526
16319 4361
16320 12477
16321 389
16322 3812 4948 12498 13414 13416
16323 9334
16324 13419
16325 13420
16326 158 253 6069
16327 1499 1504
16328 1271 2020 3003
16329 5 510 737 1388
16330 943 1625 8726
16331 203
16333 5 240 645 1008 2227 2712 3171 3234
16334 5 1947
16335 752
16336 81 379
16338 535
16340 1071
16341 703 11734
16342 2784
16343 6504
16344 4917
16345 1947
16348 282
16349 32 8976
16350 5
16351 4636
16353 4535
16354 10
16355 4917
16356 3303 8609 12503
16357 106
16358 18 35 114 178 180 393 440 467 482 505 510 578 601 644 645 666 730 741 847 930 950 1139 1167 1272 1310 1379 1658 1679 1849 1876 1971 2085 2128 2975 3204 3827 3835 3836 3877 3986 5147 5165 5289 5579 5747 6210 6217 6495 6818 7425 7511 7714 8537 8783 11358 11369 12156 12239 12505 12510 12512 12516 12519 12526
16359 10
16360 9470
16361 5 2427
16362 1615
16364 10194
16365 10
16367 329
16368 265 750
16369 1010
16370 2418 2647 3064 3728 5158 7663 9339 13430 13431
16371 5 745 1260 1545 3333 3335 3336 3600 3848 5244 7585 9745 9757 11462 13433 13435
16372 1560 1838 2376
16373 203
16374 496 1570 1634 1841 4302 9527 12538 12539 12544
16375 5 77 743 995 3157 3229 7262 8003 9328
16376 5
16377 13437
16378 244 2296 4448 4449 5855 7036
16379 1298
16380 11002
16381 3267 4523
16382 139
16384 10
16385 62
16386 506 3707 6680 7308 13439
16387 1209
16388 3035
16389 839
16390 6099
16391 5 395 1674
16392 3268 4793 6328 10072
16393 273
16395 6735
16397 379 2040 12559
16398 1308
16400 12560
16401 62 557 568
16402 68
16404 2580
16405 2109 2219 7467 9898 13446
16406 95 1487 2262
16408 1836
16409 13449
16410 12
16411 12568
16412 103 4899 7615 13450
16413 275
16414 5
16415 3102
16416 77 942 5585 12134
16417 3852
16419 4860
16420 2887 5334
16421 2129 2130 2133 2138 2139
16422 81 451 1462 1720 2315 6530 11965
16423 1295
16424 2736
16425 328 376 1697 1780 2720 3044 4322 4335 4666 5030 5299 5374 6343 6541 9243 9877 10588 13456
16426 1644
16427 5
16428 5 4612
16429 2257 2290
16431 898
16432 8436
16433 4920
16434 103 1416
16435 5 220 277 2223 8864 11895
16436 969
16437 1493 1840 6175 9384 12898 13465
16439 60
16440 238 13466
16441 4880
16442 81
16444 763 1110
16445 103
16446 1493 2922 12794
16447 5 2257
16448 4030
16450 5423
16451 176 940 1775 3614 6386 7358
16452 530 860 1623 2660 3146 3194 3253 3547 4789 5735 5861 6277 6566 6699 7043 7304 11291 12390 13095 13268 13470 13471 13472
16453 1295
16454 13474
16455 988
16456 109 981 1101 1109 1815 2579 4277 4818 6346 9169 9170 10747 11507
16457 11509
16458 2256
16459 10 349 1246 3169 11974
16460 9841
16462 1344
16463 103 5281
16464 11126
16465 226 1282 1804 3302 5781
16466 63 1230 1271 2568 4235
16467 2064
16468 2439
16469 355
16470 5 65 102 180 266 267 275 347 474 523 579 662 691 763 881 961 1044 1110 1270 1311 1474 1776 2094 2190 2223 2297 2376 2451 2566 3077 3204 3213 3214 3347 3491 3506 3571 3703 4005 4784 5047 5147 5374 5413 6018 6067 6523 6680 6891 7208 7487 7530 7667 7805 8446 8875 9207 9209 9364 9405 10081 11344 11513 11516 11520 11521
16471 10 5829 9907 13481 13482
16472 4103 5027
16473 2062
16475 679 3856
16476 889
16477 13483
16478 901
16479 5
16481 389 2756 6217
16482 12800
16483 5
16484 6067
16485 863
16487 1467 5256
16488 265
16489 4879 5697
16490 651
16491 5559
16492 395
16493 8805
16494 712
16495 13494
16496 68 4279 4286
16497 13071
16499 87 696 958 1662 4835 7663 10054 11398 12622 12626 12627 12628
16500 12629
16501 114
16502 126 565 692 854 1007 1284 1584 1649 2145 2660 2734 3099 3681 5376 5858 6151 6293 7675 7715 8671 9801 10307 11049 11313 11735 12419 12564 13499 13502 13503 13507 13508 13509 13512 13514 13518 13519 13520 13522
16503 12630
16505 6 8 18 266 451 618 3445 9933
16506 4576
16507 944 13524
16508 13525
16509 130
16510 13526
16511 1263
16512 12631
16513 9332
16514 5 7 3202 5415 5990 6309
16515 182
16516 368 7207 10828 12637 12642 12645
16517 4589
16518 3505
16519 5043
16520 924
16521 5 395 543 691 944 1348 1701 2233 2435 2714 3009 3708 4309 5148 5925 6412 7413 10673 10731 12803 13527 13529 13531 13536 13537
16522 271
16524 1156
16525 5 3219
16526 13541
16527 5 1882
16528 2247
16530 12 237 255 741 806 1142 1311 1334 1489 2352 3776 4284 6361 9653 9906 12760 13543
16531 4016 12668
16532 539
16533 290
16534 1058 1101 13546
16535 6 466 596 3573
16536 8149
16538 696
16539 708 6158
16541 601
16542 1296
16543 5 8270
16544 3725
16545 12671
16546 1931
16547 5
16548 12679
16549 10
16550 6130
16551 1261
16553 73 1247
16554 10021
16555 1296 13248
16556 8226
16557 103
16558 5
16560 1025
16561 5 3506 13556
16562 12355
16563 7664
16564 3476
16565 12686
16566 349 13558
16567 300
16568 2418
16569 3646
16570 5 264 275 282 467 558 592 715 774 819 898 1110 1237 1546 1994 2146 2244 2280 2672 2685 3392 3744 4661 5565 6658 6726 8032 8543 8601 9162 9812 11030 12521 12592 12597 12598 12606 12607 12611
16571 3880
16572 5971
16573 5 8 10 184 191 633 1073 1074 2029 2613 13340 13563
16574 18
16575 1402 1673 2363 5002 9664 11035 11371 11540 11542
16578 13565
16579 11549
16580 6804
16581 397
16582 5 53 533 859 1110 1414 1975 2340 2625 3259 4461 4825 4882 6703 6706 12564 12699
16583 18 126 238 240 242 380 390 510 594 847 926 1014 1849 1933 2042 2233 2511 2539 2551 3992 3995 5037 5090 8309 11240 13193 13566 13568 13569 13570
16584 12626
16585 3173
16586 1334
16587 12703
16588 2336 3416
16589 13573
16590 5234
16591 451
16592 1398
16593 139 533
16594 241 13574
16597 981 7983
16598 5804
16599 5
16600 13579
16601 5
16602 5
16603 1905
16604 521
16605 10540
16606 18
16607 681
16608 3441
16609 1232
16610 2562
16613 5789
16615 12442
16616 5
16617 7423
16618 6027
16619 764 6066 9625
16620 437
16622 1024 1835 11163
16623 496
16625 400
16626 3586
16627 3515
16628 3019
16629 11752
16630 8
16631 103 599
16633 5 127 430 1481 3508 8148 12714
16634 988 5040
16635 9388
16636 5
16637 12721 12722
16639 3309
16640 599 793 1391 1392
16641 204
16642 12726
16643 793
16644 841 2335 4277 4801
16645 5 6 73 82 114 126 140 141 183 203 226 283 284 285 329 403 422 489 578 581 610 692 707 814 840 841 862 869 890 952 981 982 984 1010 1096 1097 1099 1109 1117 1121 1122 1128 1165 1313 1427 1449 1547 1549 1711 1722 1738 1740 1759 1784 1815 1848 2104 2335 2429 2431 2441 2442 2476 2567 2568 2610 2711 3042 3164 3198 3231 3255 3371 3437 4021 4038 4057 4147 4277 4293 4385 4426 4442 4443 4455 4460 4833 4941 4989 5079 5161 5289 5362 5695 5889 5915 5937 6075 6361 6453 6455 7222 7726 7728 8349 8486 9007 9175 9229 9503 9711 9873 10014 10127 10200 10401 10880 10910 10925 10964 11423 11426 11427 11451 12246 12709 12736 12743 12744 12745 12746 12749 12750 12751 12752 12753 12754 12759
16646 807
16647 9032
16648 2694
16650 12763
16651 543 12769 12770
16652 1732
16653 1909
16654 652 9461 12772 12773
16655 4571
16656 482 3671
16657 5
16658 2057 7356 7459 12785 12789 12790 12793 12794 12795
16659 5969
16660 5901 13592
16662 4993
16663 1323 3252 3573
16664 296 1350 13593
16665 599 662 3300
16666 100
16667 400 3908
16668 1460 1861
16669 6260
16671 5762
16672 24 8644 8687 12801
16674 6356
16675 1456 4723
16676 102 550 1358 2281 7347 7480 8876 12320
16677 180
16678 349
16679 3761 6253 11362
16680 3003
16681 8
16683 564 1466 1467
16685 4837 6038 7528
16686 5
16687 1978
16688 204
16689 564
16690 403 866 1167 1814 13605
16691 2462
16692 17
16693 10164
16694 103 1985 5628 6261
16695 5
16696 230 624 651 918 1142 6341
16697 459
16698 10
16699 436 3023 3726 9646
16700 5
16701 5
16702 2124
16703 5
16704 73 81 140 141 196 203 258 403 581 689 707 789 1058 1109 1540 1835 1965 2312 2320 2479 2753 2786 3070 3167 3272 4452 4614 4675 4810 4813 4825 5889 7424 9035 9332 10066 12206 12327 13593 13608 13610 13611 13612 13613 13618 13621
16705 349 13624
16706 1354
16707 6 105 126 180 198 234 381 391 455 470 574 582 717 837 881 961 1028 1061 1174 1271 1282 1484 1567 1652 1752 1801 1805 2000 2247 2462 2616 2812 3171 3172 3200 3204 3206 3208 3609 3787 4024 4213 4718 4735 4784 5032 5071 5074 6066 6518 6520 7369 7788 7809 8033 8131 8525 12064 12577
16708 1574
16709 1732 4369 6769 7567
16710 3619
16711 888 1315 4279 9374 11366
16712 2469
16713 12462
16714 290
16715 6266
16716 347
16717 4005
16718 1398
16719 2280
16720 11565
16724 451
16725 4574
16726 349
16727 474 506
16729 12813
16730 8 8192 13630
16731 10 2632
16732 5 10 103 204 290 356 438 496 539 557 578 601 626 767 979 1024 1294 1332 1335 1374 1430 1460 1992 2352 2627 3486 4047 6394 6933 12118 12671
16733 496 1389 1392 4965
16734 4641 5719
16736 625
16737 943
16738 12261
16739 1615
16740 155
16741 73 356
16742 5
16743 2439
16744 73 899 3168 3212 3233 5147 5290 10366 13639 13640
16745 3317
16746 1097
16748 506
16749 2814
16751 5
16752 7172
16753 248
16754 1546 1728 2244
16755 356
16756 13646
16757 32
16758 872
16759 10287
16760 5 95 117 275 592 599 793 1110 3523 5209 5402 11831 13649
16761 1741
16762 2688
16763 2798
16765 5
16766 5 72 644 8535
16767 1556 7053
16768 5 173 267 268 525 582 3171 4657
16769 5 349 1545
16771 260 5215
16772 5 836
16773 231
16774 68 7311 10209
16775 5
16776 62 894 4763 9059 13666
16777 5 13495
16778 2137
16779 4826
16781 4098
16783 5
16784 2342
16785 876 4189 6675 8402 13681 13684
16786 4576 11315
16787 172 506 535 854 1486 2560 5567 7849
16788 5 413 592 5445 6039 11572 11574
16789 13687
16790 1101
16791 2662
16792 1884
16793 5
16794 5 1179
16795 5
16796 5 269 957 1236 3088 5070 14943 14944
16797 505 578 692 1052 1449 1847 2727 3257 3324 4051 4523 14945 14946
16798 578
16799 10741
16800 167 690 973 1538 2900 2906
16801 32
16802 10064
16803 5
16804 14947
16805 13232
16806 12831
16807 10 342
16809 5
16811 531 1113 1901
16812 1111
16813 1512
16814 351
16816 1302
16817 213 262 711 822 823 1151 2471 3143 3718 3803 3811 4078 4082 4219 5939 10686 14136 14948 14950
16818 732 1681 10020
16819 240 349 1414 1844 2660 2801 3233 9045 9639
16820 242
16821 1615
16822 90 5564
16823 4020 6834 12836
16824 12873
16825 297 1118 3042 3255 4012 5703 7657
16826 12841
16828 636
16829 5160
16830 225 568 1103 3552 3743 4056 5760 9878 9922 10248 10766 14953 14954
16831 823
16832 5 10 248 510 779 2000 7457 8488 9467
16833 3694
16834 5
16835 184 2441 4794 6349 6350
16837 512
16838 5 1020 1458 3805 4612 4869 6352 6353
16839 5
16842 5
16843 601 1755
16844 81
16845 6253
16846 6360
16847 681
16849 2489
16850 1024
16851 4864
16852 81
16853 1240
16854 5 5278
16855 645 2290
16856 1842 3483 4103
16857 8
16858 445 519 793
16859 6368
16860 3059
16861 6370
16862 5
16863 1885
16864 5068
16865 4622
16866 5328 5570 6375
16867 3360
16869 1110 2170 2297 4314
16870 311
16871 6287
16872 2011 6288
16873 3436
16875 363 6379
16877 6381
16878 6292
16879 1815
16880 5 24 62 103 349 385 884 1451 1840 3999 6383 6384 6386 6387
16881 5
16882 645
16883 1655 1824 2565 4044 4926
16884 6389
16885 506
16886 81
16887 6297
16888 5 6298 6300
16889 1778 2423 4635 5804 6302 6303 6305 6312 6313
16890 5 6401 6403
16891 5 1155 6415
16892 2101
16893 6417
16896 6315
16897 290
16898 4999 5000
16900 127 6276
16902 6316
16904 14210
16905 5
16906 132
16907 5
16908 4042
16909 4631
16911 5 326 2701
16912 5
16913 123 489
16915 362
16916 707 890 3164 3769 3930 5360 5361 5362
16917 578
16918 2898 3325 3993 4260
16919 636 3617 4636
16921 845 967 2162
16922 4638
16923 5368
16924 4637
16925 5370
16926 5
16927 2895
16928 506
16929 18 65 103 180 445 496 568 662 888 901 995 1026 1103 1207 1791 1800 1844 2227 2487 2614 3229 3437 3832 3905 4508 4647 4650 4651 4656 4657 4658 4659 4666 4676 4678
16930 5
16931 2872 4679 4680 4681 4682
16932 5
16933 5
16934 5371
16936 2807
16937 2395 2812 3204 5374
16938 633
16939 5253 7836
16940 5 5385
16941 4690
16942 12 529
16943 1774 4699
16944 5 532 4700 4703 4704 4708 4709
16945 1933
16946 4624
16947 2856 5387
16948 2656 5394 5395
16950 4712
16951 5126
16952 5 349 2492
16953 8 36 53 56 65 110 128 139 159 225 240 349 490 496 510 537 543 601 645 727 935 1036 1130 1223 1271 1313 1374 1607 1815 1821 1867 1932 1970 1972 1994 2020 2049 2256 2559 2748 2801 3234 3259 3404 3900 4035 4044 4864 4882 5389 5400 5401 5402 5403 5405 5407 5408 5410 5413 5416 5417 5418 5420 5421 5422 5424 5425 5426 5427
16954 3299
16956 413 662 1775 4723
16957 8
16958 558
16959 5
16960 4717
16961 4718
16962 5423
16963 703 2342
16964 445 3064
16966 140 336 1099
16968 1774
16969 103
16971 1018
16972 5
16973 147
16974 290
16975 5
16976 4725
16978 243 244 356 1071 1966 1995 5459
16980 5
16981 289 539
16982 5
16983 1344 5465
16985 8 106 231 795 2922 3067 3579 3726 3972 4475 5466 5470 5471 5472 5475 5482 5484 5485 5486 5487 5489 5490
16986 5 2565
16987 5014
16988 5 2842 4428 4729 4730 4734
16989 3504
16990 289
16991 3428
16992 290
16993 8 72 103 558 679 823 1289 1354 1477 1556 4009 5400 5500 5501 5502 5503 5504 5505 5507 5508 5509 5510 5511 5512 5513 5514 5515 5516 5518 5519
16995 414
16996 592
16997 653 860 1653 4737
16998 4739
16999 5
17000 5524 6027
17001 2712 4626
17002 0 12 42 299 349 1344 5525 5526 5529
17003 275 631 651 1058 3272
17004 5
17005 53 433 745 1187 1457 3452 3470 5533
17006 5 1110 4743
17007 18 837 1052 3234 3836
17008 568 2852
17009 5541
17010 1076 2560 3546 4744
17011 375
17012 5 103 4748
17013 5 10 73 103 255 360 766 802 1403 1427 1624 2040 2448 2680 2745 3178 4283 4284 5546 5547 5548 5549 5550 5554 5555 5556 5557 5559 5560 5562
17014 5566
17015 5568
17016 288
17018 4746
17019 4216 5570
17021 4763 4764 4765 4766
17022 849
17023 5
17024 81 4768
17026 4779
17027 5580
17029 12 32 42 139 349 533 566 889 1034 1344 1556 1580 1613 3436 4330 5583 5584 5587 5588 5589 5590
17030 3726
17031 593 5591
17032 689
17033 5 3407
17034 103
17035 290 349 394 574 742 1838 2375 4042 5129 5594 5597
17036 5598
17037 1801
17038 73 266 510 1809 2077 2558 5047 5600 5604 5605 5606
17039 5 2617 4952
17040 5613
17041 5614
17042 2719
17043 2723
17044 95
17047 482 3071 5616 5617 7371
17048 5103
17049 5
17050 385
17051 5
17052 1840 2434 5622 5623 5625
17053 5
17054 10 3575
17055 5
17056 5 8 10 24 353 850 898 3316 3461 4787 4788 4790 4792
17057 5 476 499 598 599 610 704 707 743 859 869 1135 1167 1313 1452 1547 1987 2255 2304 2497 2807 2904 4402 4799 4800 4801 4802 4803 4804 4805 4808 4810 4811 4812 4813 4816 4818 4825 4827 4828 4831
17058 166 5629
17059 1627
17060 544 904 1657 4836 4837 4838 4839 4840 4841 4842 4844 4845
17061 2844
17062 1755
17064 3545
17065 444
17066 2685
17069 1840
17070 370 1143 2641 5636
17071 12 1460 3501
17072 5 5642
17073 5566
17074 5647
17075 1551 1552 2262
17076 389 2566 3229 4360 4848 4849 4852 4856 4857 4860 14060
17077 626 1024
17078 10 212 745 1092 2760 4369 4868 4874
17079 3214
17080 5
17081 4095 4875
17082 5
17083 11
17085 4627
17086 854 5661
17089 4888
17090 995
17091 157
17092 5 3075 4890 4891
17093 544 4893 4894
17094 5662
17095 329
17096 5663
17097 4896
17098 4897
17099 8 273 326 1110 1393 1396 3528 3823 4898 4900
17100 4901
17101 5 15 32 35 65 75 81 95 164 172 265 269 275 351 370 405 467 470 490 594 627 646 654 679 764 1156 1198 1199 1208 1254 1271 1358 1378 1432 1539 1648 1971 2167 2253 2293 2297 2375 2644 2835 2848 2899 3357 3437 3638 3753 3900 4327 4928 5301 5363 5668 5669 5672 5675 5677 5680 5681 5682 5691 5693 5694 5695 5696 5698 5702
17102 5707
17103 90
17104 901
17105 5711
17106 31
17107 2405
17108 5714
17109 5715
17110 4902
17111 4882
17112 32 1462
17113 2293
17114 7399
17116 62 139 330 467 496 504 531 539 669 868 1165 1272 1374 1475 1740 2261 2355 2444 2556 2627 3070 3198 3437 3586 3618 4286 4458 4514 4905 4909 4910 4912 4913 4914 4916 4918 4920 4922 4923 4935 4936 4938 4940 4941 4942 4943
17117 5716
17118 5021
17119 5718 5719
17120 1344
17121 5 1086 4225 5721 5722 5723
17122 5724
17123 3936
17124 2544 5725 6054
17125 64 5728
17126 5
17127 4082
17129 1024 2545 4491 5740 5744 5745 5746 5747
17130 1466
17131 5 2565 2850 3261 4571 5757 5759
17132 103 5764
17133 1821
17135 3304
17136 3016
17137 5023
17138 929 5028
17139 1814
17140 893
17141 72 187 4948 4949 4950 4951 4952 4953 4957
17142 904
17143 8 81 175 180 267 310 356 359 406 465 516 523 525 627 719 736 737 740 881 945 1061 1084 1229 1432 1468 1553 1567 1667 1804 1841 2124 2227 2247 2283 2293 2297 2372 2375 2447 2448 2485 2487 2720 3200 3204 3261 3445 3609 3837 3838 4029 4046 4203 4320 4322 4617 4784 5029 5034 5037 5038 5040 5049 5053 7807 7809
17144 5
17145 8
17146 5777
17147 326
17149 2018
17152 5 8 454 508 654 727 1162 1163 1199 1838 2223 2559 3579 5057 5060 5061 5062 5063 5065 14956
17153 5
17154 5613
17155 5780
17156 269
17158 3505
17159 690 1590 2043 2049
17160 1947
17161 36 121 199 275 321 375 506 568 624 699 891 1200 1285 1323 1327 1374 1578 1613 1650 1793 1849 1876 2003 2101 2544 2644 2737 2802 3079 3523 3940 4031 4236 4664 4768 4859 4864 5072 5078 5781 5782 5784 5785 5786 5788 5789 5790 5792 5795 5796 5798 5799 5800 5801 5802 5805 5806 5808 5811 5813 5815 5817 5818 5820 5821 5824 5825 5826 5827 5828
17162 5365
17163 599 5072
17164 5
17165 5073
17166 1650
17167 5
17168 8 275 1351 4241 4477
17169 3613
17170 564
17171 5
17172 5829
17173 819 5830
17174 269 4981 5831
17175 73 81
17176 1644
17177 5 5834
17178 5835
17179 125
17180 655
17181 1840 5836 5837
17182 5 87 1296 5842 5843 5844 5845
17184 5524
17185 5849
17186 2383 5850
17187 5851
17188 262
17189 970 5080 5081
17190 379 624
17191 1061 2720 9266
17192 5853
17193 798
17194 103
17195 53
17196 2801
17197 173 209 358 433 796 889 1314 1578 1695 2233 2551 2812 2851 4515 5439 5859
17198 2285 5860
17199 5862
17200 2592 3417 3890 5865
17201 42
17202 5226
17203 283 284 285 1627 2717 5866 5867
17204 2334 3066 5869
17205 5084 5085
17206 2655
17207 5 10 68 103 241 319 1065 1477 1840 1891 1928 1995 2896 5320 5873 5876 5879 5884
17208 5 561 1545 2223 5244 5886 5888 5896
17209 5081 5899
17211 62 2020
17213 290 2489 5901
17215 3600
17216 399
17218 5 413 445 1334 2048
17220 1132 2526 3934 4386 4450 4804 5906 5911 5912
17221 3073
17222 5
17223 4980
17226 1670
17228 645 1644
17229 72
17231 10 667 802 840 1058 2100 5916
17232 823
17233 5
17234 3528
17235 2261
17236 3461
17238 5918
17239 14 3058 5342 5919 5920 5922 5923 5924
17240 329 1623 2660
17241 2571
17243 73 929 5926
17245 391
17246 5
17248 510 1806 1994 3172
17249 1024
17250 3174 4113
17251 347
17253 351
17254 5 105 1187 5934
17255 1258
17256 4810
17257 173 389 2406 2497
17258 2609
17259 5
17260 1650
17261 5940
17262 2516
17263 209
17265 1755
17266 172 251 674 734 1334 1442 1755 2260
17267 2458
17268 717 2064 5405
17269 1416
17270 87 1344
17272 5
17273 8
17274 5951
17275 2440 5102
17276 1849
17277 5
17278 568
17279 5958
17282 3390 5962 5963
17283 3507
17285 13672
17286 140 5968
17287 8
17288 5
17289 827
17291 24
17292 5
17293 5970 5971
17294 5107
17295 8
17296 154
17297 22 641 1333 2509 3124 3830 4369 4917 5109 5112 5114 5119 5120 5121 5123 5126 5127 5128 5130
17298 10
17299 5 32 62 422 867 901 937 1450 1644 3996
17300 4805
17301 1302
17302 5973
17303 5974
17304 3090
17305 14957
17306 3038
17308 3247 3249
17309 5975
17310 10 95 103 180 269 438 510 651 1061 1237 1363 1396 1477 1560 1681 2206 2376 3491 3515 3720 4542 5136 5137 5138 5141 5142 5145 5146 5147 5148 5149 8500
17311 5153
17312 5976
17313 5977
17314 3465
17315 5979
17316 1358
17317 197 645
17318 893
17319 995
17320 510
17321 188 260 261 5983
17322 467
17323 730
17324 90 376 2290 2567 5989
17327 592 1657
17328 2328
17329 4448 5973
17330 244 1100
17331 65 260 400 445 519 543 561 645 666 1021 1557 1844 2492 2911 2994 3774 4394 4399 4525 5154 5157 5160 5164 5165 5167 5168 5169 5170 5173 5176 5178 5179 5182 5185 5186
17332 5994
17333 5
17334 5995
17336 1109
17337 5998
17338 394 3819
17339 5
17340 6005
17341 3228
17342 4107
17343 3895 4961
17344 36 599 2030 2363 4845 4989 5201 5202 5203 5204 5205 5207
17345 385
17346 238 5197
17347 223 906 908 1401 1419 2552 2554 2760 3138 3143 3486 3487 4485 5190 5191 5193 5272 5315 6006 6008 6009 6010 6012 6013 6014 6016
17348 645
17350 3353
17351 3261
17353 141
17354 346 395 396 467 5103 14958
17355 5 505 6021
17356 5210
17357 5211
17359 2065
17360 2852 2955 2956 4785 5215 5217 5218
17361 5
17362 6023
17363 4853
17364 209 275 349 1419 1794 1904 2049 2655 2782 4095 4106 4917 6024 6025 6026 6030 6031 6032 6034 6037 6038 6039 6040 6042 6043 6047 6050 6051
17365 1821
17366 104
17367 4550
17368 14959
17369 5
17370 1427
17372 807
17373 827
17374 2357
17375 349
17376 6059
17377 5222 5223
17378 3117
17381 6062
17382 175
17383 5226
17385 2293
17386 727 737 1026 1282 1483 1567 1838 2229 2297 2395 2565 2725 3196 3228 3794 3838 4531 5299 6063 6064 6065 6067
17387 4530
17388 368
17389 5
17390 5228
17391 5 1545
17392 5
17393 8 484 935 1437
17395 5232
17396 36 1442 2835 2848
17397 6074
17398 955
17400 5233
17401 2022
17402 6076
17403 77
17405 2643 5234 5235 5405 10406 12591 14960 14962 14963 14964
17407 5 53 167 169 213 238 262 349 351 427 445 476 533 614 627 634 691 815 822 854 889 894 937 951 973 983 1230 1361 1424 1449 1460 1518 1527 1727 1755 1814 1847 2255 2281 2339 2524 2626 3008 3042 3144 3249 3415 3760 3804 4063 4095 4130 4136 4217 4857 4884 4974 5328 6078 6079 6082 6084 6085 6086 6089 6090 6091 6094 6095 6096 6097 6098 6100 6101 6102 6103 6104 6107 6108 6109 6111 6112 6113 6114 6116 6119 6121 6122 6123 6124 6133 6134 6135 6136 6137 6138 6139 6140 6725
17408 5221
17409 894 3561 3586
17410 5
17411 6144
17413 3063
17414 823
17415 5348
17416 1366
17417 592
17418 549
17419 480 6148
17420 10
17421 5 83 138 248 249 347 411 594 666 1371 1489 1719 1810 2104 2291 2458 3436 4342 6150 6152 6155 6156 6157
17422 5 93 840 1927 2296 2804 3937 5239 5240 5241 5244 5245 5249
17423 535 3694 6158
17424 5253
17425 3016
17426 284
17427 10
17428 2618
17429 894
17430 5254
17431 18 2807
17432 5256
17433 5
17434 563 5257 5259 5260 5261
17435 355
17436 103
17437 5 223 1236 2552 5269 5272 5274
17438 894
17439 5 32 269 951 1311 1645 1847 1990 2011 2712 2716 3172 6159
17440 95
17441 5 4235
17443 662
17444 5307
17445 1444
17446 5275
17448 5 1755
17449 429
17450 6171
17451 252
17452 4496
17453 4604
17454 3359
17455 6173
17456 5
17457 4916
17458 288 482
17460 1749
17461 564
17462 1131 1877 2579 2660 5282 5284 5285 5286 5287
17463 5055 5278
17464 1840
17465 1087 6176
17466 72 91 216 772 774 1789 2244 5292
17467 5294
17469 5219
17470 6179
17472 5
17473 1460
17474 5222
17475 253
17476 188
17477 5296
17478 1258
17479 3345 5374
17480 349 438 6017
17482 346
17483 17 95 6188 6189
17484 6190
17485 2210
17486 449
17487 5
17488 1446
17490 4055 5300 5302
17491 212
17492 6191
17494 8 82 131 249 273 275 343 431 767 862 866 1547 1554 1555 1634 1740 2073 2352 3042 3170 3255 3498 3908 3951 4264 4607 4833 5158 5198 5693 6130 6195 6196 6198 6201 6202
17495 77 5304
17496 6206
17497 889 2385
17498 5037
17499 486 1321
17500 1142
17501 134
17504 385 2385
17506 8 1156
17507 5 8 385 691 1383 2015 4910 5308
17508 6 199 310 752 1374 6214
17509 599 763 793
17510 955 1544 3033 5268 6215 6216 6220 6221 6224 6226
17511 356
17512 6227
17514 1479
17515 32 110 248 4399
17516 6232
17517 24
17518 1142 3290
17519 159
17520 467
17521 10 6237
17522 634
17523 5124
17524 6238
17525 482
17526 2519 6239
17527 375 431 1101 6243
17529 5 156 631 690 972 1423 1477 2238 4122 5327
17531 6246
17532 36 591 594 601 4966 4969
17533 240
17534 5
17535 62 139 151 374 405 519 662 672 733 763 862 894 951 967 968 971 1118 1129 1131 1132 1165 1412 1414 1454 1584 1585 1633 1634 1635 1647 1722 1727 1847 2072 2245 2371 2789 2801 2903 2906 3255 3471 3497 3503 4013 4387 4514 4912 4918 4919 4971 4972 4973 4977 4979 4981 4984 4986 4990 4991 4992 4995 4996 4997 4999 5000 5005 5012 5016 5017 5019
17536 4021
17537 81 6249
17538 4793 5341
17539 1467 1954
17540 5 4559
17541 1142
17542 117 995
17543 4036
17544 6255
17545 496
17546 10 103 225 349 599 750 877 1333 2060 2284 4665 4779 6256
17547 1335 2260
17548 987 2413 3445 4235
17549 5057
17550 3756
17551 5020
17552 5 5353 5354
17553 846
17554 4405
17556 5
17557 349 5529 6258 6259
17558 5355
17559 5 81 349 802 1581 5037
17560 2795
17561 533 796
17562 349
17564 1145 4912
17565 6 707
17566 4 288 635 655 1629 1833 2014 2708 5629 5743 6260 6262 6263
17567 6317
17568 935 995
17569 103 2473
17570 8 484 850 1545 2618 3316 4778 4787 5136 5475 6332 6336
17571 2494
17572 6338
17573 6431
17575 5 1784
17576 1369
17577 2739
17578 292
17579 62
17580 2581
17581 2892
17582 893
17583 5
17585 4943
17586 2754 3198 4614
17587 363
17588 2927
17589 884 6344
17590 5
17591 68 171 831 2103 2632 4169 4173 5346 6443 6444 6445
17592 2660 3996 5361 6346
17593 6446
17595 6449
17596 5215 6321 6322
17597 3813 6450
17598 5
17599 924 3491 5889 6451 6452 6453 6454
17600 5
17601 6457
17603 5
17604 6460
17605 1489 6422
17606 3417
17607 5
17608 1460
17609 8
17610 6462 6463 6465
17611 103
17612 5763
17613 5
17614 1674 4127 6471
17615 314 6248 6476 6479
17616 3375 3376 3377
17617 81
17618 10
17619 3747
17620 5 2793 3380 3381 3383 3384 3386 3387 3389 3390 3391
17622 5
17623 2531
17624 480 3404
17625 690 1686 3749 3751
17626 3407
17627 290
17629 1451 3756
17630 299
17631 103 988 2548 2566 3408 3409 3411
17632 3758
17633 1732
17634 3413
17635 349
17636 3379
17638 8 269 1628 3617 3761
17639 3416
17640 645 1027 3321 3764 3765
17641 18 63 117 266 510 995 1230 1470 1553 1809 2257 2487 3229 3261 3767
17642 1982
17643 1336 3214
17644 644 955 3421
17645 1475 3770
17646 3771
17647 5
17648 381 1131 3773
17649 1071
17651 3775
17652 1344
17653 3425
17655 1518 3265 3427
17656 3428
17657 3777 3780 3781
17658 8
17659 3782
17660 290 1577 3546
17661 5 3431
17662 3785
17663 3434 3435
17664 398 3436
17665 2610
17666 1882 2633 3703 5133 13702
17667 3439
17668 3788 3877 4309
17670 18
17671 3169
17672 95
17673 234
17674 4044
17675 2145
17676 13
17677 5 10991 13697
17678 10
17680 72
17681 1330 3447
17682 3440
17683 249
17684 451 2051
17685 10
17686 727
17687 5
17688 103 1024 4323
17689 5
17690 5 10 12 18 24 81 356 395 445 666 763 772 994 2565 3174 3179
17691 262 405 434 846 967 968 969 970 971 972 1220 1423 1488 2162 2167 2238 2898 2899 2900 2901 2902 2903 2905 2906 2907 2908 2909 2910 4327
17692 12 121 496 529 561 1163 1784 1825 1851 2001 2647 3453 3456 3460 3462 3464 3467 3468 3470 3475 3476 3477
17693 3478 3479
17694 2489
17696 90
17697 1814 3034
17698 3481
17699 73 123 137 149 433 445 481 510 523 587 662 793 1025 1052 1391 1392 1553 1565 1617 1752 1780 1781 2395 2485 2487 2812 3198 3214 3249 3521 4212 4280 4329 4330 4335 4339 4342 4344 4349 4359 4360 4361 4366
17700 157 671 3494 3496
17701 5
17702 5
17703 728 3498
17704 5
17705 4368
17707 709 3500
17709 5
17710 3504
17711 1270
17712 35 496 601 1478 1855 2029 2290 3317 3506 3509 3510 3511 3512 3514 3516
17713 17 81 110 329 487 510 601 863 894 1310 1334 1376 1378 1650 1718 1751 1880 1899 1931 2161 2245 2292 2392 2529 2835 3127 3172 3505 3631 3833 3996 4035 4044 4377 4378 4380 4381 4382 4384 4387 4388 4389 4391 4392 4393 4394 4395 4397 4398 4399 4400 4477 4479 4480 4482 4483 4484 4485 4486 4487 4488
17714 1578 4489
17715 3521
17716 337
17717 1845 3522 3523 3524
17718 3528
17719 159 592 823
17720 2925
17722 1238
17723 290
17724 3042 3247 3249 3561 3586 4012
17725 1209 4001 4505 4507 4509
17726 1046
17727 533 1374 3539 3540 3541
17728 5
17729 4103
17730 63 179 940 2252 4516
17731 3542
17732 3544 3545
17733 1271 3546
17734 81 1377 1814 2170 3547
17735 8 4517
17736 4524
17737 5 445
17739 8
17740 730 1727 1899 2054
17741 972 3548
17742 823
17744 12 131 167 213 253 510 643 792 1774 2509 2565 3049 3173 3267 3355 3492 3553 3555 3556 3557 3559 3560 3563 3570
17747 196
17748 304
17749 608 763
17750 81
17751 4539
17753 87 101 103 223 1207 1926 3487 4541 4544 4547
17755 618 4551
17756 362
17757 3788 3877
17758 4555
17759 2382 4556
17760 2866
17761 3595
17762 1817
17763 5 3598
17764 368 3582 3588
17765 4558
17766 3444 3600 3601 3602 3605 3606 3607 3608
17767 795
17768 4491
17769 42 103
17770 275 563 3589 3590 3593
17771 3505 4559 4560 4561 4562
17772 380 2612
17773 300 2005
17774 3615
17776 785 3300
17777 5
17778 4500
17779 8
17780 973
17781 669
17782 1374 3745 4563 4564
17783 81
17784 1320
17786 4565
17787 3417
17788 5
17789 2375
17790 356
17791 4566
17792 4567
17793 240
17794 3537
17795 5
17796 5
17797 1814 4568
17798 10
17799 643
17800 3374 3619
17802 5 4569
17803 1344
17804 2350
17805 4570
17806 126
17808 4572
17809 561
17810 3858
17811 4235
17812 2778
17813 3620
17814 7 355 1344
17815 3621
17816 65 75 90 191 226 237 290 356 429 490 523 529 531 533 557 582 628 702 703 711 712 766 860 918 942 986 987 1075 1191 1349 1393 1396 1458 1466 1779 1790 1840 1869 1903 1992 2296 2497 2565 2613 2690 2795 2864 3174 3264 3265 3374 3400 3505 3623 3624 3625 3626 3629 3630 3631 3632 3634 3636 3640 3644 3645 3646 3647 3650 3652 3653 3654 3655 3657 3659 3661 3662 3664 3665 3667 3668 3669 3672 3673 3674 3676 3677 3678 3679 3681 3683 3685 3687 3689 3691 3696 3698 3699 3700 3705 3706 3708 3713 3717
17817 1142 1564
17818 3725 3726
17819 1477
17820 1392 3727
17821 3508
17823 105 1199 4574
17824 3725
17825 4575
17826 5
17829 618 3083 3694 4576
17830 4577
17831 3732 3733
17834 164 1335
17835 4242 4580 4582
17836 203
17837 1358
17841 3735 3736
17842 81 90 451 1889 4586 10631
17844 196 4587 4588
17845 4589
17846 3958
17847 2253
17848 4590
17849 346 655
17850 4592 4593
17851 5 1556 3740 3745
17853 42 313 437 3746
17854 548 750 918 1035 1142 1631 4595 4596 4597 13709
17855 3717
17856 4599
17858 1084
17859 3804
