0 0 4250
1 0 490
2 0 12960
2 0 1676
2 0 260
3 0 1698
3 0 213
3 0 3295
4 0 659
6 0 5
7 0 140
7 0 5727
7 0 4263
8 0 5346
8 0 4169
8 0 777
8 0 4173
8 0 9887
8 0 8209
8 0 10936
8 0 8347
8 0 831
9 0 288
9 0 5
9 0 399
12 0 633
13 0 1388
14 0 673
14 0 2529
14 0 5
14 0 6224
14 0 539
15 0 6059
16 0 10054
17 0 5088
17 0 601
17 0 942
17 0 2070
18 0 6048
18 0 9
18 0 1402
18 0 11497
21 0 3003
22 0 2683
23 0 5
24 0 2238
25 0 290
25 0 708
25 0 5
25 0 709
25 0 487
25 0 7304
25 0 13866
25 0 1323
25 0 10895
25 0 10898
25 0 467
25 0 1845
25 0 4983
25 0 505
25 0 2938
25 0 10715
26 0 496
26 0 13441
27 0 11245
28 0 4481
28 0 3172
28 0 5
28 0 9767
28 0 13867
28 0 7187
28 0 2012
28 0 4382
29 0 13868
30 0 8
32 0 1492
34 0 643
35 0 6988
36 0 1460
37 0 5799
37 0 3079
38 0 4978
39 0 11744
39 0 1538
39 0 1955
39 0 7555
39 0 4775
39 0 8938
39 0 3885
39 0 13870
39 0 2898
39 0 9299
39 0 7028
39 0 533
39 0 2901
39 0 8568
40 0 510
41 0 867
43 0 5853
44 0 681
45 0 3351
46 0 5814
47 0 91
48 0 5145
48 0 2102
48 0 13871
49 0 2002
50 0 1676
50 0 8678
50 0 103
51 0 288
51 0 9740
52 0 5
53 0 1374
54 0 901
54 0 510
55 0 793
56 0 196
57 0 5481
57 0 998
58 0 12232
61 0 5819
62 0 1093
63 0 4657
63 0 4045
64 0 7250
65 0 8
66 0 3694
67 0 12771
67 0 5
67 0 265
67 0 6921
67 0 3437
67 0 7118
67 0 2548
67 0 347
67 0 413
68 0 3523
68 0 4805
68 0 326
68 0 3016
68 0 13873
68 0 274
68 0 3090
69 0 8208
70 0 11660
72 0 4745
72 0 266
72 0 19
72 0 1428
72 0 8867
72 0 551
72 0 5040
72 0 13874
72 0 13875
72 0 1076
72 0 950
72 0 823
72 0 1592
72 0 65
72 0 1223
72 0 2375
72 0 11602
72 0 1755
72 0 6388
72 0 2297
72 0 9468
73 0 103
74 0 644
75 0 515
75 0 533
76 0 103
77 0 2565
78 0 12989
79 0 3073
79 0 3885
81 0 13876
82 0 363
82 0 164
82 0 13877
83 0 5
84 0 2297
85 0 2049
85 0 6
85 0 6663
85 0 11273
85 0 8714
85 0 11785
85 0 2584
85 0 9242
85 0 2590
85 0 11295
85 0 13879
85 0 13880
85 0 13881
85 0 13882
85 0 13883
85 0 10300
85 0 8765
85 0 13884
85 0 10303
85 0 13885
85 0 13886
85 0 13889
85 0 8771
85 0 13890
85 0 5189
85 0 13891
85 0 13892
85 0 4168
85 0 4680
85 0 5193
85 0 13893
85 0 13894
85 0 13895
85 0 13896
85 0 13897
85 0 13900
85 0 81
85 0 13901
85 0 13902
85 0 13903
85 0 13904
85 0 13905
85 0 13906
85 0 9304
85 0 13907
85 0 13908
85 0 13909
85 0 13910
85 0 13912
85 0 5214
85 0 13913
85 0 13914
85 0 13915
85 0 13917
85 0 13919
85 0 13920
85 0 4197
85 0 13921
85 0 13923
85 0 1128
85 0 13924
85 0 13925
85 0 5739
85 0 13926
85 0 13927
85 0 13928
85 0 2159
85 0 13929
85 0 13930
85 0 13931
85 0 13932
85 0 10869
85 0 2171
85 0 3710
85 0 1151
85 0 3714
85 0 649
85 0 11403
85 0 10381
85 0 3217
85 0 11414
85 0 8347
85 0 4255
85 0 677
85 0 9896
85 0 3753
85 0 170
85 0 171
85 0 12462
85 0 12464
85 0 10932
85 0 12469
85 0 3254
85 0 10935
85 0 4794
85 0 10939
85 0 5308
85 0 12478
85 0 2244
85 0 10436
85 0 6854
85 0 200
85 0 2248
85 0 1740
85 0 2768
85 0 2772
85 0 3802
85 0 3295
85 0 224
85 0 8929
85 0 226
85 0 738
85 0 5346
85 0 4838
85 0 10985
85 0 1770
85 0 12521
85 0 756
85 0 8436
85 0 8437
85 0 8949
85 0 3320
85 0 4344
85 0 3325
85 0 8447
85 0 1794
85 0 2821
85 0 8453
85 0 5895
85 0 13061
85 0 266
85 0 1814
85 0 12572
85 0 4381
85 0 1310
85 0 8477
85 0 12066
85 0 4901
85 0 6444
85 0 2868
85 0 2362
85 0 10557
85 0 4934
85 0 2377
85 0 5449
85 0 846
85 0 8015
85 0 8528
85 0 13651
85 0 2902
85 0 5464
85 0 10074
85 0 2907
85 0 2908
85 0 861
85 0 13154
85 0 362
85 0 4459
85 0 6001
85 0 1912
85 0 8056
85 0 8568
85 0 1407
85 0 1923
85 0 1412
85 0 4995
85 0 3466
85 0 1931
85 0 1932
85 0 3979
85 0 13707
85 0 1948
85 0 8604
85 0 1950
85 0 1439
85 0 1955
85 0 1444
85 0 9126
85 0 11687
85 0 4523
85 0 2989
85 0 13743
85 0 6082
85 0 966
85 0 967
85 0 3527
85 0 969
85 0 972
85 0 973
85 0 9679
85 0 2005
85 0 7132
85 0 5597
85 0 7649
85 0 13796
85 0 5605
85 0 3559
85 0 3048
85 0 3050
85 0 3563
85 0 3053
85 0 1518
85 0 4080
85 0 4081
85 0 8182
86 0 1151
87 0 1915
89 0 212
90 0 2638
91 0 5
92 0 1570
93 0 4353
94 0 8883
95 0 265
96 0 632
97 0 1849
97 0 2324
97 0 5687
98 0 4036
98 0 490
98 0 3727
98 0 2580
98 0 349
98 0 447
99 0 5222
100 0 11
101 0 6974
101 0 1374
102 0 13934
104 0 8684
104 0 12887
105 0 205
106 0 1
106 0 2
106 0 3
107 0 4
110 0 5
111 0 5
112 0 8
112 0 1046
113 0 10
113 0 11
114 0 1027
114 0 1050
114 0 8
114 0 14
114 0 15
114 0 16
114 0 81
114 0 1053
114 0 1047
114 0 1048
114 0 90
114 0 1051
114 0 1052
114 0 637
114 0 1054
116 0 18
118 0 20
119 0 21
120 0 22
121 0 23
122 0 24
123 0 25
124 0 26
124 0 5
125 0 27
126 0 28
126 0 29
127 0 3940
127 0 3073
127 0 2324
129 0 32
129 0 1056
129 0 34
129 0 35
129 0 1057
129 0 1058
129 0 1059
129 0 558
129 0 727
129 0 31
131 0 37
132 0 38
134 0 5
135 0 40
136 0 41
137 0 5
138 0 1060
139 0 44
140 0 45
140 0 46
140 0 47
140 0 48
140 0 50
140 0 51
140 0 52
140 0 53
140 0 54
140 0 55
141 0 56
141 0 57
141 0 58
141 0 59
141 0 60
142 0 61
143 0 62
144 0 64
144 0 63
145 0 66
146 0 1061
146 0 67
146 0 68
146 0 69
147 0 71
148 0 72
149 0 73
150 0 74
150 0 75
151 0 76
152 0 8
152 0 77
153 0 78
154 0 79
155 0 80
155 0 81
156 0 82
157 0 65
157 0 1062
157 0 7
157 0 1065
157 0 83
157 0 84
158 0 5
160 0 1066
160 0 5
160 0 86
161 0 129
161 0 1067
161 0 87
162 0 5
163 0 88
163 0 89
165 0 91
166 0 93
166 0 5
166 0 1982
167 0 94
168 0 95
170 0 97
171 0 98
172 0 99
173 0 100
175 0 5
176 0 101
176 0 102
176 0 15
177 0 103
178 0 104
179 0 105
179 0 10
180 0 107
182 0 110
183 0 1069
184 0 111
185 0 8
186 0 112
187 0 113
188 0 114
189 0 115
190 0 116
191 0 5
192 0 117
193 0 8
193 0 1070
193 0 1073
193 0 1075
193 0 702
194 0 5
194 0 1076
194 0 1077
194 0 1078
194 0 888
195 0 119
196 0 120
198 0 5
200 0 8
200 0 123
200 0 124
201 0 125
202 0 126
203 0 127
204 0 128
205 0 1081
205 0 130
205 0 103
206 0 133
208 0 135
209 0 5
209 0 136
209 0 1084
209 0 348
209 0 1086
210 0 137
211 0 138
211 0 139
212 0 73
212 0 140
212 0 141
212 0 142
212 0 143
213 0 144
214 0 5
215 0 1088
215 0 1089
215 0 1090
215 0 1091
215 0 1092
215 0 5
215 0 145
215 0 146
215 0 1087
217 0 148
218 0 149
219 0 150
220 0 151
221 0 152
221 0 153
222 0 1094
222 0 1095
222 0 154
222 0 155
222 0 157
222 0 158
223 0 1096
223 0 1097
223 0 1098
223 0 1100
223 0 1101
223 0 1102
223 0 243
223 0 244
223 0 245
223 0 283
223 0 284
223 0 285
224 0 159
226 0 161
226 0 162
228 0 164
229 0 165
230 0 166
231 0 167
231 0 168
231 0 169
231 0 170
231 0 1103
231 0 1104
231 0 1105
231 0 1106
231 0 1107
231 0 1108
231 0 1109
231 0 1110
231 0 538
231 0 221
231 0 830
233 0 173
233 0 174
233 0 177
233 0 178
233 0 179
233 0 180
233 0 120
234 0 181
235 0 182
235 0 1111
235 0 184
235 0 185
235 0 1112
235 0 183
236 0 186
237 0 187
238 0 188
239 0 189
239 0 190
239 0 191
240 0 192
242 0 140
242 0 141
242 0 1058
242 0 164
242 0 49
242 0 951
242 0 193
242 0 194
242 0 195
242 0 203
242 0 1113
242 0 601
242 0 1114
242 0 1116
242 0 1117
242 0 1118
242 0 1119
242 0 1120
242 0 1121
242 0 226
242 0 1122
242 0 1123
242 0 1125
242 0 614
242 0 1126
242 0 1127
242 0 1128
242 0 1131
242 0 1132
242 0 1133
242 0 110
242 0 1134
242 0 1135
242 0 1136
242 0 1137
242 0 243
242 0 1139
242 0 245
242 0 1140
242 0 1141
243 0 196
244 0 200
244 0 197
244 0 198
245 0 202
245 0 7
246 0 203
247 0 204
248 0 91
249 0 103
250 0 1536
250 0 3268
250 0 5316
250 0 5994
250 0 1195
250 0 2635
250 0 429
250 0 205
250 0 206
250 0 592
250 0 207
250 0 2045
250 0 1523
250 0 1527
250 0 1532
250 0 1533
250 0 1534
250 0 1535
251 0 208
252 0 5
253 0 5055
254 0 209
255 0 210
256 0 211
257 0 212
258 0 213
259 0 214
261 0 216
261 0 217
261 0 215
262 0 218
263 0 1152
263 0 1153
263 0 13699
263 0 5
263 0 543
263 0 1103
263 0 219
263 0 220
263 0 222
263 0 223
263 0 225
263 0 1143
263 0 1144
263 0 1145
263 0 1147
263 0 1148
263 0 1149
263 0 1150
263 0 1151
265 0 18
266 0 95
267 0 5
268 0 203
269 0 227
270 0 228
271 0 1155
271 0 228
271 0 1156
271 0 231
271 0 232
271 0 703
272 0 233
273 0 234
274 0 1
274 0 235
275 0 236
277 0 5
277 0 1158
277 0 103
277 0 1159
277 0 1160
277 0 1161
277 0 1162
277 0 1163
277 0 1164
277 0 238
277 0 400
278 0 9308
279 0 239
280 0 5
281 0 240
282 0 241
283 0 242
284 0 243
284 0 244
284 0 245
285 0 678
285 0 246
285 0 247
285 0 249
285 0 250
288 0 253
288 0 254
288 0 255
289 0 256
290 0 257
291 0 258
292 0 259
293 0 260
293 0 261
293 0 1166
293 0 1167
293 0 1168
293 0 81
293 0 5983
294 0 262
295 0 103
296 0 1154
296 0 262
296 0 263
296 0 264
296 0 10
296 0 15
296 0 1169
296 0 1170
296 0 915
296 0 1171
296 0 533
296 0 1172
296 0 1174
296 0 1176
296 0 1177
296 0 282
296 0 1178
296 0 1179
296 0 1180
296 0 1182
296 0 1183
296 0 1184
296 0 1186
296 0 1188
296 0 1189
296 0 1190
296 0 1191
296 0 1192
296 0 1193
296 0 1194
296 0 1195
296 0 1196
296 0 1197
296 0 1199
296 0 1200
296 0 1201
296 0 1202
296 0 1205
296 0 1206
296 0 1207
296 0 1208
296 0 1209
296 0 1211
296 0 61
296 0 1213
296 0 1215
296 0 1216
296 0 1217
296 0 1218
296 0 1219
296 0 1220
296 0 1221
296 0 1222
296 0 455
296 0 1223
296 0 1224
296 0 970
296 0 1225
296 0 76
296 0 1227
296 0 1228
296 0 220
296 0 95
296 0 609
296 0 105
296 0 106
296 0 618
296 0 13936
296 0 13937
296 0 631
296 0 1151
297 0 65
297 0 265
297 0 267
297 0 268
297 0 1229
297 0 1230
297 0 1231
297 0 1233
297 0 1234
297 0 1235
297 0 1236
297 0 1077
298 0 4562
298 0 269
298 0 2671
298 0 591
299 0 270
300 0 242
301 0 271
302 0 272
304 0 274
305 0 275
306 0 226
308 0 277
309 0 1239
309 0 5
309 0 264
309 0 715
309 0 1237
309 0 278
309 0 279
309 0 280
309 0 281
309 0 282
309 0 1238
309 0 220
310 0 284
310 0 285
311 0 183
312 0 286
313 0 287
314 0 288
315 0 289
315 0 290
316 0 81
317 0 291
317 0 292
318 0 90
319 0 293
319 0 294
320 0 295
321 0 296
323 0 298
324 0 583
324 0 489
324 0 299
324 0 301
324 0 302
324 0 304
324 0 1240
324 0 1242
324 0 1243
325 0 24
327 0 306
327 0 307
328 0 308
329 0 309
329 0 310
329 0 311
330 0 312
330 0 113
330 0 314
330 0 313
331 0 545
331 0 1323
331 0 303
331 0 304
331 0 315
333 0 317
334 0 321
334 0 322
334 0 323
334 0 324
334 0 548
334 0 643
334 0 1246
334 0 1244
334 0 1245
334 0 318
334 0 319
336 0 84
337 0 5103
338 0 5
338 0 327
338 0 328
338 0 73
338 0 329
339 0 7
340 0 330
340 0 331
341 0 1248
341 0 1249
341 0 5
341 0 561
341 0 1247
342 0 332
343 0 1250
343 0 966
343 0 333
343 0 334
343 0 6874
343 0 126
344 0 335
345 0 336
346 0 8
347 0 338
348 0 339
349 0 340
349 0 341
350 0 275
352 0 342
353 0 5
354 0 343
355 0 344
355 0 345
356 0 300
356 0 1628
357 0 346
358 0 1251
358 0 1252
358 0 1253
358 0 1254
358 0 1255
358 0 1256
358 0 847
358 0 348
359 0 349
360 0 350
362 0 352
363 0 353
363 0 354
363 0 5
364 0 355
365 0 356
365 0 5
366 0 360
366 0 357
366 0 358
366 0 359
367 0 13704
368 0 5
370 0 231
371 0 8
372 0 361
374 0 363
375 0 269
376 0 364
377 0 365
378 0 366
379 0 367
380 0 368
380 0 370
381 0 75
382 0 371
382 0 126
383 0 164
384 0 139
385 0 8
386 0 372
387 0 373
389 0 5
390 0 377
390 0 378
390 0 1257
392 0 379
392 0 286
393 0 19
394 0 380
394 0 381
395 0 290
396 0 3424
397 0 382
398 0 1258
398 0 1259
398 0 1260
399 0 1261
400 0 383
401 0 384
401 0 125
402 0 310
403 0 5
404 0 288
404 0 387
404 0 351
405 0 13939
406 0 388
406 0 389
406 0 390
406 0 391
406 0 1262
406 0 18
406 0 347
407 0 392
408 0 393
409 0 394
409 0 395
409 0 396
409 0 397
409 0 398
410 0 5
410 0 399
411 0 400
412 0 1265
412 0 402
412 0 403
412 0 5
413 0 404
413 0 405
414 0 5
415 0 81
415 0 1266
415 0 1267
415 0 1268
415 0 1269
415 0 407
415 0 408
416 0 409
418 0 5
419 0 1273
419 0 411
419 0 412
419 0 1271
420 0 413
421 0 414
424 0 417
425 0 419
425 0 420
426 0 421
427 0 422
429 0 424
430 0 425
430 0 426
431 0 427
431 0 428
432 0 429
432 0 430
433 0 431
436 0 434
436 0 268
437 0 121
438 0 435
440 0 81
440 0 1581
441 0 1061
441 0 436
441 0 437
441 0 438
441 0 631
441 0 1174
441 0 95
442 0 439
443 0 5
445 0 441
446 0 442
446 0 443
447 0 444
448 0 445
449 0 1274
449 0 446
450 0 447
451 0 73
451 0 449
451 0 231
452 0 5
453 0 450
454 0 451
455 0 5
456 0 453
457 0 105
458 0 454
459 0 455
459 0 447
460 0 456
461 0 457
461 0 458
461 0 459
461 0 22
462 0 1280
462 0 1281
462 0 356
462 0 10
462 0 460
462 0 461
462 0 462
462 0 1276
462 0 1277
462 0 1278
462 0 1279
463 0 385
463 0 1282
463 0 1284
463 0 5
463 0 1285
463 0 1286
463 0 1287
463 0 1289
463 0 10
463 0 779
463 0 1290
463 0 1291
463 0 1292
463 0 1293
463 0 400
463 0 1294
463 0 1295
463 0 1296
463 0 1297
463 0 1298
463 0 790
463 0 1299
463 0 24
463 0 1300
463 0 1301
463 0 1303
463 0 1304
463 0 1305
463 0 1306
463 0 1307
463 0 288
463 0 1308
463 0 1309
463 0 689
463 0 451
463 0 843
463 0 1102
463 0 463
463 0 464
463 0 81
463 0 465
463 0 1105
463 0 90
463 0 95
463 0 740
463 0 103
463 0 750
463 0 241
463 0 242
463 0 888
464 0 7
465 0 349
466 0 128
466 0 1312
466 0 466
466 0 467
466 0 468
466 0 1300
466 0 951
466 0 1308
466 0 1310
468 0 470
468 0 471
469 0 56
470 0 472
472 0 474
472 0 475
473 0 476
473 0 284
473 0 477
474 0 349
475 0 479
476 0 5
477 0 480
477 0 114
478 0 483
479 0 484
481 0 768
481 0 1024
481 0 10
481 0 1313
481 0 1314
481 0 1315
481 0 1316
481 0 1317
481 0 1319
481 0 1320
481 0 1321
481 0 1322
481 0 1323
481 0 1324
481 0 1325
481 0 1326
481 0 1327
481 0 1328
481 0 1330
481 0 1331
481 0 437
481 0 451
481 0 966
481 0 465
481 0 356
481 0 103
481 0 487
481 0 488
481 0 489
481 0 5103
481 0 113
482 0 1061
482 0 103
482 0 745
482 0 490
482 0 10
482 0 491
482 0 275
482 0 1110
482 0 1334
482 0 1336
483 0 1337
483 0 492
483 0 493
483 0 494
484 0 901
484 0 495
485 0 10
485 0 923
485 0 157
485 0 12063
485 0 1061
485 0 808
485 0 437
485 0 438
485 0 1341
485 0 191
485 0 1344
485 0 1345
485 0 1346
485 0 451
485 0 1347
485 0 1348
485 0 1349
485 0 1350
485 0 1351
485 0 1353
485 0 1354
485 0 1355
485 0 1357
485 0 1230
485 0 1358
485 0 464
485 0 1359
485 0 1361
485 0 1362
485 0 1363
485 0 1365
485 0 1366
485 0 1367
485 0 1370
485 0 1371
485 0 1372
485 0 349
485 0 356
485 0 103
485 0 249
485 0 635
487 0 496
488 0 497
490 0 499
491 0 501
492 0 355
492 0 1373
492 0 502
493 0 503
494 0 504
494 0 505
494 0 506
496 0 508
497 0 290
498 0 509
500 0 13749
501 0 511
502 0 512
503 0 513
505 0 515
505 0 732
505 0 1374
506 0 496
507 0 516
508 0 517
509 0 518
510 0 520
510 0 519
511 0 521
512 0 522
513 0 65
513 0 525
513 0 526
513 0 175
513 0 178
514 0 81
515 0 454
516 0 1108
517 0 4
518 0 527
519 0 528
520 0 529
520 0 530
520 0 531
521 0 532
522 0 533
522 0 445
523 0 534
524 0 535
525 0 536
525 0 537
527 0 303
528 0 68
529 0 538
529 0 539
530 0 541
530 0 542
531 0 543
532 0 544
533 0 545
534 0 546
534 0 5
534 0 702
535 0 547
536 0 1377
536 0 1378
536 0 451
536 0 1379
536 0 5
536 0 105
536 0 618
536 0 1196
536 0 557
536 0 15
536 0 117
536 0 1375
537 0 224
537 0 5346
537 0 1380
537 0 549
537 0 550
537 0 551
537 0 552
537 0 553
537 0 1381
537 0 171
537 0 555
537 0 4169
537 0 4173
537 0 6443
537 0 6444
537 0 6445
537 0 830
537 0 831
538 0 1024
538 0 386
538 0 643
538 0 394
538 0 666
538 0 556
538 0 698
538 0 445
538 0 599
538 0 349
538 0 5606
538 0 1384
538 0 1386
538 0 1387
538 0 1388
538 0 1389
538 0 1390
538 0 1391
538 0 1392
538 0 1393
538 0 1394
538 0 1395
538 0 635
539 0 558
540 0 560
540 0 559
542 0 562
543 0 563
544 0 564
545 0 565
546 0 566
546 0 567
547 0 103
547 0 10
547 0 1397
547 0 1398
547 0 568
547 0 569
547 0 570
547 0 571
548 0 1408
548 0 385
548 0 1409
548 0 1404
548 0 5
548 0 1158
548 0 647
548 0 558
548 0 755
548 0 1399
548 0 1400
548 0 1401
548 0 1402
548 0 572
548 0 1405
548 0 1406
549 0 349
550 0 250
550 0 539
551 0 573
551 0 574
552 0 575
553 0 576
554 0 385
554 0 1410
554 0 1411
554 0 1413
554 0 262
554 0 7
554 0 1414
554 0 1416
554 0 10
554 0 1418
554 0 12
554 0 269
554 0 1420
554 0 1421
554 0 1422
554 0 1423
554 0 1425
554 0 275
554 0 1426
554 0 405
554 0 1430
554 0 1432
554 0 1433
554 0 1434
554 0 1436
554 0 413
554 0 1437
554 0 1438
554 0 160
554 0 1439
554 0 1186
554 0 1441
554 0 1442
554 0 1061
554 0 422
554 0 1444
554 0 1445
554 0 1446
554 0 1447
554 0 1449
554 0 172
554 0 1451
554 0 1452
554 0 431
554 0 690
554 0 1212
554 0 1213
554 0 577
554 0 72
554 0 1738
554 0 845
554 0 81
554 0 594
554 0 467
554 0 351
554 0 95
554 0 355
554 0 868
554 0 1141
554 0 255
555 0 437
556 0 578
557 0 149
557 0 583
558 0 584
560 0 241
561 0 5
562 0 588
563 0 589
564 0 393
565 0 590
566 0 591
567 0 5
568 0 592
569 0 595
569 0 596
569 0 413
569 0 487
570 0 597
571 0 598
572 0 599
573 0 422
574 0 346
577 0 602
579 0 603
579 0 604
580 0 5
582 0 606
582 0 607
583 0 608
583 0 1453
583 0 1454
583 0 1455
583 0 1456
583 0 1457
583 0 763
585 0 349
586 0 4
587 0 67
587 0 8
587 0 1458
587 0 1459
587 0 628
588 0 335
589 0 610
590 0 385
590 0 564
590 0 719
591 0 612
592 0 614
593 0 616
593 0 615
594 0 73
594 0 82
594 0 1461
594 0 617
595 0 618
597 0 621
599 0 451
599 0 8
599 0 269
599 0 623
599 0 624
599 0 1463
599 0 1464
599 0 543
600 0 6
600 0 106
600 0 1466
600 0 626
600 0 627
600 0 564
600 0 506
600 0 1467
600 0 1469
600 0 1470
601 0 24
602 0 628
603 0 629
604 0 630
605 0 631
606 0 578
607 0 1472
607 0 1471
608 0 632
609 0 127
610 0 376
611 0 1473
611 0 1474
611 0 1475
611 0 1476
611 0 455
611 0 266
611 0 634
611 0 349
611 0 62
612 0 110
613 0 290
613 0 708
613 0 1479
613 0 712
613 0 1480
613 0 1481
613 0 1482
613 0 533
613 0 90
613 0 635
613 0 636
613 0 349
613 0 638
613 0 639
614 0 642
615 0 643
616 0 644
617 0 580
617 0 645
617 0 1484
617 0 1485
617 0 110
617 0 1487
617 0 1488
617 0 1489
617 0 310
617 0 3900
617 0 4701
617 0 222
617 0 223
618 0 647
618 0 431
619 0 290
619 0 649
619 0 650
619 0 651
619 0 539
622 0 265
622 0 654
622 0 1490
622 0 1491
622 0 349
624 0 105
624 0 618
624 0 843
624 0 850
625 0 656
625 0 657
626 0 272
627 0 467
627 0 445
627 0 1494
627 0 763
628 0 658
630 0 660
630 0 5
631 0 605
632 0 662
633 0 664
633 0 663
634 0 665
635 0 5
636 0 666
636 0 204
637 0 5
638 0 90
638 0 667
639 0 668
639 0 436
640 0 1024
640 0 513
640 0 1156
640 0 5
640 0 10
640 0 669
640 0 670
640 0 671
640 0 290
640 0 1343
640 0 77
640 0 589
640 0 335
640 0 1360
640 0 1496
640 0 1497
640 0 1498
640 0 1499
640 0 1500
640 0 1501
640 0 1502
640 0 1503
640 0 864
640 0 1504
640 0 1505
640 0 1506
640 0 1507
640 0 1508
640 0 1509
640 0 1510
640 0 1511
640 0 1513
640 0 1514
641 0 5
642 0 672
642 0 673
642 0 674
642 0 675
642 0 676
642 0 677
642 0 678
642 0 251
643 0 356
644 0 680
644 0 845
644 0 213
644 0 679
645 0 681
645 0 506
645 0 1516
646 0 10
646 0 259
647 0 682
647 0 683
648 0 684
648 0 1518
649 0 685
650 0 687
650 0 299
650 0 95
651 0 688
651 0 1520
652 0 160
653 0 1536
653 0 1538
653 0 1539
653 0 268
653 0 3347
653 0 151
653 0 5787
653 0 1534
653 0 1195
653 0 690
653 0 691
653 0 692
653 0 693
653 0 694
653 0 695
653 0 1334
653 0 1335
653 0 2616
653 0 3263
653 0 969
653 0 970
653 0 972
653 0 3196
653 0 727
653 0 737
653 0 114
653 0 1522
653 0 1523
653 0 1524
653 0 1526
653 0 1527
653 0 1530
653 0 1531
653 0 1532
653 0 1533
653 0 126
653 0 1535
654 0 349
654 0 95
655 0 696
656 0 697
657 0 698
658 0 1540
658 0 1541
658 0 613
658 0 1542
658 0 1431
659 0 699
659 0 1543
660 0 5
661 0 700
661 0 701
662 0 22
662 0 103
663 0 592
664 0 451
664 0 1544
664 0 1545
664 0 702
664 0 703
667 0 705
668 0 706
668 0 5
669 0 707
669 0 708
669 0 709
670 0 5
671 0 710
672 0 712
672 0 713
673 0 264
673 0 714
673 0 282
673 0 715
674 0 3432
674 0 523
674 0 1644
674 0 793
674 0 3034
675 0 8
676 0 5
676 0 718
677 0 719
678 0 395
678 0 110
678 0 720
678 0 721
678 0 722
680 0 519
680 0 1546
680 0 1547
680 0 1548
680 0 717
680 0 1549
680 0 209
680 0 723
680 0 533
680 0 91
680 0 445
681 0 724
682 0 725
684 0 726
685 0 1550
685 0 1551
685 0 1552
685 0 1553
685 0 1554
685 0 1555
685 0 727
685 0 728
685 0 729
686 0 357
689 0 510
690 0 114
690 0 645
691 0 1556
691 0 1557
691 0 539
691 0 732
691 0 733
691 0 445
693 0 735
694 0 65
694 0 1282
694 0 1566
694 0 268
694 0 526
694 0 881
694 0 1235
694 0 1558
694 0 1559
694 0 120
694 0 1563
694 0 475
694 0 1564
694 0 1086
694 0 1567
695 0 739
695 0 740
696 0 5
697 0 389
698 0 1328
698 0 741
698 0 413
698 0 742
699 0 1568
699 0 763
700 0 745
701 0 746
701 0 845
701 0 196
701 0 5
702 0 747
703 0 8
704 0 748
705 0 749
706 0 288
706 0 1569
706 0 1570
706 0 1572
706 0 1573
706 0 751
707 0 752
707 0 753
707 0 754
709 0 5
710 0 756
711 0 1574
711 0 1575
711 0 1576
711 0 1577
711 0 758
711 0 759
711 0 761
712 0 762
714 0 643
714 0 8
714 0 11
714 0 1579
714 0 1580
714 0 1581
714 0 1071
714 0 4143
714 0 53
714 0 56
714 0 90
715 0 5
716 0 764
717 0 5
718 0 765
719 0 768
719 0 806
719 0 326
719 0 1481
719 0 1582
719 0 766
719 0 767
720 0 5
721 0 769
722 0 7865
722 0 1583
722 0 5
722 0 63
723 0 770
724 0 5
725 0 349
727 0 773
727 0 774
728 0 776
728 0 775
729 0 777
730 0 778
731 0 779
732 0 5
733 0 780
734 0 781
736 0 783
737 0 784
737 0 273
737 0 785
738 0 482
738 0 5
738 0 1591
738 0 807
738 0 172
738 0 1584
738 0 1585
738 0 338
738 0 787
738 0 1586
738 0 1587
738 0 886
738 0 1588
738 0 1589
738 0 1590
739 0 788
739 0 789
740 0 790
742 0 288
743 0 791
744 0 792
745 0 793
746 0 389
747 0 794
748 0 795
749 0 796
750 0 797
751 0 798
752 0 799
753 0 800
754 0 801
754 0 5
754 0 4582
754 0 2791
754 0 3368
754 0 5297
754 0 3099
755 0 802
756 0 349
757 0 103
758 0 803
759 0 240
759 0 804
759 0 5
760 0 805
760 0 5
762 0 806
762 0 303
763 0 807
764 0 22
765 0 808
767 0 810
769 0 812
770 0 813
770 0 814
771 0 0
771 0 816
771 0 1592
772 0 817
773 0 818
773 0 819
774 0 820
776 0 824
776 0 825
776 0 822
777 0 826
778 0 827
779 0 582
780 0 828
781 0 829
782 0 5
783 0 832
783 0 833
783 0 834
783 0 835
783 0 830
783 0 831
784 0 7
784 0 519
784 0 1593
784 0 1595
784 0 1597
784 0 1598
784 0 575
784 0 1599
784 0 1600
784 0 1601
784 0 1602
784 0 1604
784 0 1093
784 0 1605
784 0 1607
784 0 1608
784 0 1609
784 0 1611
784 0 1612
784 0 1613
784 0 1614
784 0 1616
784 0 1617
784 0 1619
784 0 1620
784 0 1621
784 0 1623
784 0 1624
784 0 1625
784 0 1626
784 0 1627
784 0 1628
784 0 1629
784 0 1630
784 0 1631
784 0 1633
784 0 1634
784 0 1635
784 0 1124
784 0 1637
784 0 1636
784 0 103
784 0 1638
784 0 105
784 0 1639
784 0 1640
784 0 1132
784 0 109
784 0 1641
784 0 1642
784 0 1643
784 0 1645
784 0 1647
784 0 1650
784 0 1651
784 0 117
784 0 1652
784 0 1654
784 0 1655
784 0 1657
784 0 1658
784 0 1659
784 0 1660
784 0 125
784 0 1662
784 0 1663
784 0 1165
784 0 152
784 0 717
784 0 730
784 0 249
784 0 776
784 0 265
784 0 1310
784 0 4386
784 0 1335
784 0 836
784 0 349
784 0 866
784 0 365
784 0 406
784 0 935
784 0 942
784 0 480
784 0 482
784 0 13941
785 0 1666
785 0 1667
785 0 1668
785 0 1669
785 0 838
785 0 359
785 0 1670
785 0 1671
785 0 1672
785 0 176
786 0 750
788 0 634
789 0 840
789 0 105
789 0 841
790 0 0
790 0 2049
790 0 2
790 0 4
790 0 8
790 0 10
790 0 11
790 0 12
790 0 18
790 0 8216
790 0 6169
790 0 2086
790 0 51
790 0 65
790 0 66
790 0 68
790 0 2118
790 0 72
790 0 73
790 0 8266
790 0 75
790 0 81
790 0 10323
790 0 90
790 0 2138
790 0 95
790 0 106
790 0 110
790 0 111
790 0 4218
790 0 8314
790 0 4222
790 0 127
790 0 4225
790 0 6275
790 0 8324
790 0 2183
790 0 6281
790 0 140
790 0 2190
790 0 8336
790 0 4241
790 0 4245
790 0 151
790 0 152
790 0 4249
790 0 6296
790 0 163
790 0 164
790 0 6139
790 0 173
790 0 2223
790 0 177
790 0 4274
790 0 6323
790 0 4278
790 0 184
790 0 185
790 0 2233
790 0 4287
790 0 8383
790 0 2244
790 0 4293
790 0 2256
790 0 2257
790 0 8400
790 0 213
790 0 12511
790 0 227
790 0 228
790 0 4326
790 0 231
790 0 2281
790 0 236
790 0 237
790 0 6380
790 0 240
790 0 246
790 0 249
790 0 2297
790 0 8443
790 0 8447
790 0 259
790 0 265
790 0 266
790 0 6412
790 0 269
790 0 6414
790 0 275
790 0 281
790 0 4378
790 0 2334
790 0 288
790 0 8480
790 0 2344
790 0 6443
790 0 2349
790 0 303
790 0 8496
790 0 6449
790 0 10545
790 0 2356
790 0 321
790 0 2370
790 0 2374
790 0 2375
790 0 329
790 0 340
790 0 346
790 0 4443
790 0 349
790 0 351
790 0 2403
790 0 356
790 0 358
790 0 10600
790 0 2410
790 0 6510
790 0 4465
790 0 8561
790 0 2423
790 0 8567
790 0 385
790 0 6529
790 0 393
790 0 394
790 0 395
790 0 396
790 0 397
790 0 398
790 0 2442
790 0 400
790 0 8598
790 0 2456
790 0 413
790 0 10656
790 0 420
790 0 4516
790 0 433
790 0 4529
790 0 8628
790 0 445
790 0 4542
790 0 12735
790 0 8640
790 0 451
790 0 4549
790 0 6597
790 0 461
790 0 2510
790 0 465
790 0 466
790 0 6612
790 0 470
790 0 8664
790 0 474
790 0 6618
790 0 12770
790 0 484
790 0 2533
790 0 487
790 0 10727
790 0 6633
790 0 490
790 0 6636
790 0 505
790 0 506
790 0 6650
790 0 510
790 0 2559
790 0 8703
790 0 513
790 0 10756
790 0 519
790 0 4617
790 0 2570
790 0 2571
790 0 525
790 0 4621
790 0 529
790 0 4626
790 0 2580
790 0 533
790 0 2581
790 0 535
790 0 4628
790 0 539
790 0 543
790 0 557
790 0 558
790 0 560
790 0 2608
790 0 6704
790 0 564
790 0 2612
790 0 2614
790 0 6708
790 0 568
790 0 574
790 0 578
790 0 6722
790 0 580
790 0 2638
790 0 594
790 0 599
790 0 6743
790 0 601
790 0 6758
790 0 2663
790 0 617
790 0 4716
790 0 2670
790 0 624
790 0 2672
790 0 627
790 0 2675
790 0 631
790 0 633
790 0 10875
790 0 2685
790 0 2689
790 0 2691
790 0 645
790 0 6789
790 0 4743
790 0 650
790 0 651
790 0 653
790 0 2701
790 0 662
790 0 6813
790 0 4768
790 0 673
790 0 10912
790 0 4772
790 0 4774
790 0 4775
790 0 681
790 0 689
790 0 2739
790 0 702
790 0 703
790 0 2751
790 0 2756
790 0 2765
790 0 718
790 0 727
790 0 728
790 0 730
790 0 732
790 0 8930
790 0 8931
790 0 2789
790 0 4838
790 0 746
790 0 6899
790 0 2806
790 0 2814
790 0 767
790 0 4864
790 0 776
790 0 11026
790 0 4883
790 0 6936
790 0 793
790 0 2848
790 0 801
790 0 2850
790 0 4899
790 0 2852
790 0 805
790 0 8998
790 0 9002
790 0 4910
790 0 9006
790 0 4912
790 0 2874
790 0 4926
790 0 6976
790 0 833
790 0 843
790 0 845
790 0 850
790 0 2899
790 0 6996
790 0 2911
790 0 2912
790 0 866
790 0 872
790 0 2922
790 0 4973
790 0 889
790 0 894
790 0 7040
790 0 4999
790 0 5000
790 0 918
790 0 9114
790 0 924
790 0 5021
790 0 930
790 0 937
790 0 940
790 0 5037
790 0 5042
790 0 9139
790 0 5044
790 0 13238
790 0 5047
790 0 3001
790 0 5055
790 0 5062
790 0 5063
790 0 968
790 0 5065
790 0 972
790 0 5084
790 0 9185
790 0 5091
790 0 7150
790 0 1008
790 0 1011
790 0 1020
790 0 3071
790 0 1024
790 0 3077
790 0 3082
790 0 13328
790 0 1046
790 0 5145
790 0 5146
790 0 3099
790 0 3102
790 0 1056
790 0 13358
790 0 7219
790 0 13367
790 0 11320
790 0 11321
790 0 13369
790 0 5180
790 0 9277
790 0 1095
790 0 3143
790 0 3145
790 0 3149
790 0 5199
790 0 3154
790 0 1113
790 0 1117
790 0 3165
790 0 3169
790 0 3172
790 0 3174
790 0 1127
790 0 9329
790 0 11379
790 0 1142
790 0 11383
790 0 11393
790 0 13442
790 0 3212
790 0 13452
790 0 3214
790 0 7311
790 0 11406
790 0 11409
790 0 1174
790 0 3224
790 0 1187
790 0 11430
790 0 9388
790 0 3248
790 0 5299
790 0 1204
790 0 5300
790 0 1208
790 0 1211
790 0 3261
790 0 11462
790 0 7373
790 0 5328
790 0 5329
790 0 1235
790 0 7379
790 0 1244
790 0 9440
790 0 3302
790 0 5350
790 0 9448
790 0 13551
790 0 3318
790 0 1272
790 0 9467
790 0 3332
790 0 5397
790 0 1302
790 0 3352
790 0 1308
790 0 3360
790 0 7466
790 0 3375
790 0 1332
790 0 9530
790 0 1344
790 0 5445
790 0 7512
790 0 3417
790 0 13657
790 0 7515
790 0 1374
790 0 1375
790 0 7522
790 0 9574
790 0 1383
790 0 3436
790 0 1398
790 0 5496
790 0 7547
790 0 1406
790 0 7551
790 0 7559
790 0 3465
790 0 1418
790 0 5513
790 0 9617
790 0 3477
790 0 1432
790 0 11680
790 0 5556
790 0 11712
790 0 1473
790 0 1479
790 0 5579
790 0 3532
790 0 1489
790 0 9688
790 0 3545
790 0 11744
790 0 9698
790 0 11747
790 0 3561
790 0 1516
790 0 7660
790 0 1518
790 0 7661
790 0 9715
790 0 3572
790 0 1525
790 0 13812
790 0 5628
790 0 1533
790 0 7683
790 0 1551
790 0 1552
790 0 5651
790 0 5652
790 0 9749
790 0 1559
790 0 1560
790 0 1569
790 0 7714
790 0 11822
790 0 1587
790 0 9781
790 0 5698
790 0 9794
790 0 3653
790 0 5703
790 0 7752
790 0 1622
790 0 11867
790 0 5737
790 0 1643
790 0 1645
790 0 1646
790 0 3694
790 0 9838
790 0 9841
790 0 13942
790 0 13943
790 0 13944
790 0 5753
790 0 13945
790 0 13946
790 0 13947
790 0 13948
790 0 1662
790 0 3710
790 0 13949
790 0 1665
790 0 13950
790 0 5763
790 0 5764
790 0 9860
790 0 13951
790 0 3719
790 0 13952
790 0 3726
790 0 7828
790 0 9888
790 0 3748
790 0 1701
790 0 5797
790 0 7853
790 0 9901
790 0 1716
790 0 3774
790 0 1727
790 0 9922
790 0 9923
790 0 1732
790 0 9931
790 0 11980
790 0 5842
790 0 7894
790 0 1751
790 0 1752
790 0 5850
790 0 1755
790 0 3805
790 0 1759
790 0 3817
790 0 1772
790 0 5868
790 0 5869
790 0 1784
790 0 3836
790 0 5889
790 0 1801
790 0 3849
790 0 1805
790 0 3853
790 0 1809
790 0 1818
790 0 12062
790 0 3877
790 0 3882
790 0 1835
790 0 5933
790 0 1838
790 0 1840
790 0 7985
790 0 1845
790 0 12092
790 0 12095
790 0 3904
790 0 8003
790 0 3908
790 0 1867
790 0 10064
790 0 1876
790 0 3927
790 0 1883
790 0 10075
790 0 3933
790 0 3941
790 0 3944
790 0 12139
790 0 10092
790 0 3949
790 0 3973
790 0 1926
790 0 6029
790 0 6030
790 0 1937
790 0 8097
790 0 1954
790 0 6056
790 0 4014
790 0 1971
790 0 6067
790 0 4023
790 0 12216
790 0 10169
790 0 4030
790 0 8141
790 0 6096
790 0 8144
790 0 6114
790 0 8165
790 0 6121
790 0 12271
790 0 4082
790 0 2043
791 0 1673
791 0 842
791 0 1675
792 0 1676
792 0 1122
792 0 1117
792 0 757
793 0 843
794 0 844
794 0 845
794 0 846
794 0 847
794 0 405
795 0 848
796 0 24
796 0 849
796 0 850
796 0 628
797 0 807
798 0 1677
798 0 1678
798 0 1679
798 0 1680
798 0 1681
798 0 851
798 0 852
798 0 854
798 0 346
798 0 283
799 0 313
800 0 856
800 0 855
801 0 857
802 0 5
803 0 858
804 0 862
805 0 5
805 0 863
806 0 864
806 0 865
807 0 8
807 0 866
807 0 867
807 0 5
808 0 868
809 0 869
810 0 5
810 0 870
810 0 871
811 0 872
812 0 5
812 0 4106
812 0 1169
812 0 1682
812 0 1683
812 0 1684
812 0 1685
812 0 1686
812 0 1687
812 0 1689
812 0 1690
812 0 1693
812 0 1694
812 0 1695
812 0 1697
812 0 1222
812 0 873
812 0 874
812 0 875
812 0 10857
813 0 878
814 0 533
815 0 72
815 0 1699
815 0 880
815 0 879
816 0 529
816 0 90
817 0 881
817 0 525
818 0 385
819 0 5
820 0 882
820 0 883
821 0 884
822 0 885
822 0 886
823 0 72
823 0 887
824 0 888
824 0 889
825 0 5
826 0 5
827 0 890
828 0 578
829 0 826
829 0 5
830 0 891
831 0 893
833 0 895
834 0 896
836 0 592
837 0 897
838 0 9703
839 0 898
839 0 899
839 0 900
839 0 901
839 0 902
839 0 903
840 0 904
840 0 906
840 0 907
840 0 908
840 0 909
840 0 910
840 0 822
841 0 139
841 0 911
841 0 533
841 0 1050
841 0 283
841 0 675
841 0 1701
841 0 422
841 0 1702
841 0 1703
841 0 1705
841 0 1706
841 0 1708
841 0 301
841 0 1709
841 0 1711
841 0 1714
841 0 1715
841 0 1716
841 0 1717
841 0 1718
841 0 1719
841 0 56
841 0 1720
841 0 1721
841 0 1722
841 0 1340
841 0 445
841 0 1724
841 0 1725
841 0 1727
841 0 1728
841 0 1730
841 0 1731
841 0 1732
841 0 1733
841 0 1734
841 0 1735
841 0 1736
841 0 329
841 0 330
841 0 1737
841 0 1738
841 0 1739
841 0 1741
841 0 719
841 0 1745
841 0 1746
841 0 1748
841 0 1110
841 0 1751
841 0 1752
841 0 1753
841 0 1754
841 0 1755
841 0 860
841 0 1756
841 0 1757
841 0 1761
841 0 866
841 0 1762
841 0 1252
841 0 1766
841 0 1769
841 0 1771
841 0 1772
841 0 1773
841 0 753
841 0 1272
842 0 912
842 0 913
842 0 914
843 0 915
843 0 1774
846 0 918
847 0 919
848 0 920
849 0 921
850 0 922
851 0 24
853 0 924
854 0 925
855 0 926
856 0 927
857 0 928
858 0 929
858 0 930
858 0 8
858 0 437
858 0 506
860 0 434
860 0 931
860 0 932
860 0 774
861 0 933
862 0 5
863 0 935
864 0 349
865 0 936
866 0 938
869 0 391
869 0 149
869 0 163
869 0 939
869 0 940
869 0 699
869 0 1729
869 0 198
869 0 495
869 0 1775
869 0 1776
869 0 1777
869 0 1778
869 0 1779
869 0 1780
869 0 1270
869 0 1783
869 0 1781
869 0 1782
870 0 615
871 0 941
872 0 942
873 0 6027
875 0 944
875 0 945
875 0 943
876 0 6560
876 0 12578
876 0 167
876 0 9617
876 0 946
876 0 755
876 0 3996
877 0 5
878 0 13953
878 0 5
878 0 198
878 0 391
878 0 8
878 0 947
878 0 948
878 0 149
878 0 1784
878 0 1786
879 0 949
879 0 854
880 0 950
881 0 952
882 0 953
883 0 954
885 0 290
886 0 955
887 0 956
887 0 5
887 0 958
887 0 957
888 0 956
890 0 212
892 0 960
892 0 861
893 0 1792
893 0 1793
893 0 1794
893 0 1795
893 0 1796
893 0 1798
893 0 1799
893 0 8
893 0 395
893 0 786
893 0 166
893 0 298
893 0 571
893 0 961
893 0 349
893 0 1787
893 0 1788
893 0 1789
893 0 1790
893 0 1791
894 0 962
894 0 356
894 0 679
895 0 963
896 0 964
897 0 514
898 0 125
899 0 965
900 0 756
901 0 966
902 0 5
903 0 772
903 0 967
903 0 968
903 0 969
903 0 972
903 0 973
903 0 434
903 0 213
904 0 1650
904 0 1800
904 0 18
904 0 974
905 0 312
906 0 2688
906 0 898
906 0 1527
906 0 391
906 0 1801
906 0 1802
906 0 651
906 0 1803
906 0 1804
906 0 1807
906 0 400
906 0 1809
906 0 18
906 0 1810
906 0 1811
906 0 149
906 0 1813
906 0 1179
906 0 1566
906 0 163
906 0 1196
906 0 1198
906 0 1201
906 0 436
906 0 445
906 0 61
906 0 319
906 0 1344
906 0 1729
906 0 975
906 0 599
906 0 1752
906 0 4703
906 0 1252
906 0 105
906 0 106
906 0 1780
906 0 1781
906 0 631
906 0 510
907 0 91
907 0 1814
907 0 1815
908 0 5
908 0 1261
908 0 976
908 0 241
908 0 978
908 0 977
908 0 1816
908 0 1818
909 0 979
910 0 984
910 0 980
910 0 982
910 0 983
911 0 985
912 0 568
912 0 986
912 0 987
912 0 988
913 0 989
914 0 992
914 0 993
914 0 990
914 0 991
915 0 5
916 0 994
917 0 995
917 0 614
918 0 836
919 0 7
919 0 1819
919 0 1820
919 0 1821
919 0 606
920 0 996
921 0 5
923 0 1824
923 0 998
923 0 1351
923 0 590
923 0 1822
923 0 1823
924 0 395
925 0 1826
925 0 1827
925 0 999
925 0 1000
925 0 1001
925 0 529
926 0 5
928 0 1002
929 0 1829
929 0 5
929 0 1830
929 0 8
929 0 1831
929 0 1003
930 0 90
930 0 1004
931 0 652
932 0 1832
932 0 1005
932 0 1006
934 0 1009
935 0 1010
936 0 5
937 0 5
938 0 1011
939 0 1012
941 0 601
941 0 691
942 0 1013
943 0 1014
944 0 1015
946 0 1017
947 0 231
949 0 696
951 0 242
951 0 1019
951 0 1020
951 0 1596
952 0 5
953 0 1021
954 0 158
954 0 487
955 0 32
955 0 1834
955 0 1835
955 0 1836
955 0 1837
957 0 1025
958 0 1026
958 0 1027
958 0 10
958 0 523
958 0 651
958 0 269
958 0 1163
958 0 400
958 0 149
958 0 5787
958 0 1838
958 0 1839
958 0 1457
958 0 1841
958 0 1842
958 0 13750
958 0 1084
958 0 63
958 0 200
958 0 1234
958 0 1110
958 0 349
958 0 95
958 0 103
958 0 495
958 0 2170
959 0 484
959 0 1029
959 0 1030
959 0 1031
959 0 12351
960 0 1843
960 0 1844
960 0 1236
960 0 1845
960 0 502
960 0 1846
961 0 5
961 0 151
962 0 1032
963 0 898
963 0 772
963 0 12
963 0 678
963 0 1077
963 0 567
963 0 1848
963 0 1849
963 0 1850
963 0 1852
963 0 1853
963 0 65
963 0 330
963 0 467
963 0 1493
963 0 5990
963 0 487
963 0 3306
963 0 1010
963 0 1653
963 0 894
964 0 1034
965 0 141
967 0 1035
968 0 593
968 0 1036
968 0 1037
968 0 1038
969 0 128
970 0 1039
971 0 1040
972 0 1334
972 0 1041
972 0 1856
972 0 62
973 0 1042
973 0 1043
974 0 1044
974 0 1045
974 0 2637
975 0 1014
976 0 7
977 0 1857
977 0 1858
978 0 900
979 0 1859
980 0 1860
980 0 1110
982 0 1862
982 0 1863
982 0 1864
982 0 1866
982 0 1867
982 0 240
982 0 114
983 0 1868
984 0 1869
985 0 672
985 0 1870
986 0 1871
987 0 1872
988 0 1873
989 0 591
989 0 1875
989 0 1876
989 0 1877
989 0 1374
991 0 329
992 0 1880
992 0 5
993 0 5
994 0 1344
995 0 1882
996 0 1883
997 0 1884
998 0 1885
999 0 1886
999 0 959
1000 0 1887
1001 0 13954
1002 0 1888
1002 0 329
1003 0 1889
1004 0 1920
1004 0 1923
1004 0 1924
1004 0 1926
1004 0 8
1004 0 651
1004 0 1911
1004 0 4116
1004 0 919
1004 0 1914
1004 0 690
1004 0 1459
1004 0 951
1004 0 13751
1004 0 1727
1004 0 75
1004 0 843
1004 0 77
1004 0 1358
1004 0 335
1004 0 1371
1004 0 1890
1004 0 1891
1004 0 1894
1004 0 1895
1004 0 1896
1004 0 1897
1004 0 1899
1004 0 1900
1004 0 12651
1004 0 1902
1004 0 1903
1004 0 752
1004 0 113
1004 0 1905
1004 0 1906
1004 0 1907
1004 0 1908
1004 0 1909
1004 0 1910
1004 0 1912
1004 0 1913
1004 0 1786
1004 0 1915
1004 0 1917
1004 0 1918
1005 0 1794
1005 0 5
1005 0 966
1005 0 1927
1005 0 1513
1005 0 1930
1005 0 1932
1005 0 1934
1005 0 209
1005 0 1938
1005 0 1939
1005 0 1940
1005 0 1941
1005 0 1942
1005 0 1943
1005 0 1945
1005 0 1946
1006 0 5
1007 0 1949
1007 0 1950
1007 0 1951
1009 0 1952
1010 0 1953
1011 0 1954
1012 0 1955
1012 0 1956
1012 0 1477
1012 0 238
1012 0 20
1013 0 288
1014 0 5
1016 0 889
1017 0 1798
1018 0 275
1018 0 1957
1018 0 103
1021 0 1960
1021 0 1961
1021 0 1959
1022 0 393
1022 0 10
1022 0 1962
1022 0 1963
1022 0 1964
1022 0 1965
1022 0 1966
1022 0 1872
1022 0 1967
1022 0 1301
1022 0 853
1023 0 1301
1025 0 1968
1026 0 1969
1027 0 1970
1027 0 375
1028 0 1794
1028 0 836
1028 0 326
1028 0 1977
1028 0 1975
1028 0 114
1028 0 1971
1028 0 692
1028 0 1972
1028 0 854
1028 0 951
1028 0 1973
1028 0 1974
1028 0 1976
1028 0 1271
1028 0 1917
1028 0 126
1029 0 350
1030 0 1978
1030 0 1890
1031 0 349
1033 0 1980
1035 0 795
1035 0 1982
1036 0 1984
1036 0 1985
1036 0 103
1036 0 127
1036 0 1983
1037 0 1987
1037 0 1988
1037 0 1989
1037 0 1992
1037 0 42
1037 0 1994
1037 0 1995
1037 0 237
1037 0 1996
1037 0 1073
1038 0 1999
1039 0 5
1040 0 2000
1042 0 45
1042 0 2002
1042 0 2003
1042 0 2004
1042 0 2005
1043 0 1609
1043 0 10
1043 0 275
1043 0 2006
1044 0 2008
1044 0 2007
1045 0 514
1046 0 413
1047 0 813
1048 0 2009
1050 0 1545
1050 0 10
1050 0 1739
1050 0 2013
1050 0 1681
1050 0 2014
1050 0 1336
1050 0 2011
1050 0 349
1050 0 95
1050 0 351
1051 0 2016
1051 0 2015
1053 0 2018
1054 0 1377
1054 0 275
1054 0 1375
1055 0 24
1056 0 2020
1057 0 2021
1058 0 5
1059 0 963
1059 0 1219
1059 0 5
1059 0 2022
1059 0 2023
1059 0 56
1060 0 2024
1060 0 2025
1060 0 2026
1060 0 2027
1060 0 2028
1060 0 2029
1060 0 13752
1061 0 2030
1062 0 702
1063 0 529
1064 0 2032
1064 0 2033
1064 0 2034
1064 0 2031
1065 0 273
1065 0 2035
1068 0 5
1068 0 2039
1069 0 2040
1072 0 1536
1072 0 2048
1072 0 2050
1072 0 2052
1072 0 103
1072 0 752
1072 0 2042
1072 0 2043
1072 0 2044
1072 0 2045
1072 0 2046
1072 0 2047
1073 0 2053
1074 0 2054
1076 0 2056
1076 0 2055
1077 0 866
1078 0 745
1078 0 5
1078 0 2057
1079 0 10
1080 0 2058
1080 0 2059
1081 0 877
1081 0 1966
1082 0 2061
1083 0 266
1084 0 2062
1085 0 2064
1085 0 1884
1085 0 2063
1086 0 2065
1086 0 203
1088 0 2067
1089 0 513
1089 0 771
1089 0 1411
1089 0 5
1089 0 6
1089 0 5635
1089 0 138
1089 0 2059
1089 0 1683
1089 0 1300
1089 0 2069
1089 0 2070
1089 0 2071
1089 0 24
1089 0 2072
1089 0 1946
1089 0 2074
1089 0 2075
1089 0 2076
1089 0 2077
1089 0 2078
1089 0 2079
1089 0 2080
1089 0 2081
1089 0 2082
1089 0 2083
1089 0 805
1089 0 2084
1089 0 2085
1089 0 2086
1089 0 2087
1089 0 1578
1089 0 2088
1089 0 2089
1089 0 429
1089 0 1709
1089 0 2091
1089 0 2092
1089 0 433
1089 0 2093
1089 0 2094
1089 0 1332
1089 0 2095
1089 0 2096
1089 0 2097
1089 0 184
1089 0 2098
1089 0 2099
1089 0 2100
1089 0 2101
1089 0 2102
1089 0 2103
1089 0 2104
1089 0 2105
1089 0 2106
1089 0 2107
1089 0 13754
1089 0 583
1089 0 13753
1089 0 1101
1089 0 467
1089 0 87
1089 0 1115
1089 0 2233
1089 0 741
1089 0 103
1089 0 1130
1089 0 1645
1089 0 1646
1089 0 3951
1089 0 1010
1089 0 631
1089 0 1786
1090 0 10
1091 0 2108
1094 0 10
1094 0 2110
1096 0 348
1097 0 355
1097 0 2112
1097 0 275
1098 0 672
1098 0 2113
1098 0 514
1098 0 675
1098 0 676
1098 0 2115
1098 0 678
1098 0 266
1098 0 1130
1098 0 251
1099 0 2116
1099 0 2117
1100 0 2118
1102 0 2120
1103 0 2121
1105 0 702
1106 0 5
1107 0 519
1107 0 8
1107 0 1546
1107 0 1560
1107 0 1061
1107 0 557
1107 0 1070
1107 0 1084
1107 0 1086
1107 0 2114
1107 0 1609
1107 0 2124
1107 0 2125
1107 0 2126
1107 0 2129
1107 0 594
1107 0 2130
1107 0 2133
1107 0 2134
1107 0 2135
1107 0 2136
1107 0 2137
1107 0 2138
1107 0 91
1107 0 2139
1107 0 2140
1107 0 2142
1107 0 95
1107 0 2144
1107 0 2146
1107 0 2147
1107 0 2148
1107 0 2149
1107 0 103
1107 0 2152
1107 0 2153
1107 0 2154
1107 0 2155
1107 0 2156
1107 0 2158
1107 0 2160
1107 0 2161
1107 0 2162
1107 0 2163
1107 0 2165
1107 0 2166
1107 0 2167
1107 0 2168
1107 0 2169
1107 0 2170
1107 0 2171
1107 0 2172
1107 0 2173
1107 0 126
1107 0 2174
1107 0 2175
1107 0 2176
1107 0 2177
1107 0 643
1107 0 2178
1107 0 645
1107 0 2179
1107 0 2180
1107 0 2181
1107 0 2182
1107 0 2183
1107 0 2184
1107 0 2185
1107 0 2186
1107 0 2187
1107 0 2188
1107 0 2189
1107 0 2191
1107 0 2193
1107 0 2194
1107 0 2195
1107 0 2196
1107 0 662
1107 0 2197
1107 0 2198
1107 0 2199
1107 0 2200
1107 0 2201
1107 0 2204
1107 0 2205
1107 0 2208
1107 0 2209
1107 0 2210
1107 0 2212
1107 0 2215
1107 0 2216
1107 0 2218
1107 0 2219
1107 0 2220
1107 0 2221
1107 0 2222
1107 0 2224
1107 0 2225
1107 0 2226
1107 0 1204
1107 0 2229
1107 0 2231
1107 0 2232
1107 0 1722
1107 0 2234
1107 0 2235
1107 0 2236
1107 0 2237
1107 0 2240
1107 0 2241
1107 0 2243
1107 0 2245
1107 0 2246
1107 0 2247
1107 0 2248
1107 0 713
1107 0 2249
1107 0 2250
1107 0 2251
1107 0 717
1107 0 2252
1107 0 2253
1107 0 2254
1107 0 2255
1107 0 2256
1107 0 2257
1107 0 724
1107 0 2258
1107 0 2259
1107 0 727
1107 0 2260
1107 0 2261
1107 0 2262
1107 0 2263
1107 0 2264
1107 0 2265
1107 0 2266
1107 0 2267
1107 0 2268
1107 0 2269
1107 0 2270
1107 0 2271
1107 0 2272
1107 0 2273
1107 0 742
1107 0 2274
1107 0 2275
1107 0 2276
1107 0 234
1107 0 2277
1107 0 2278
1107 0 2279
1107 0 2280
1107 0 2282
1107 0 1776
1107 0 2283
1107 0 2284
1107 0 2287
1107 0 2289
1107 0 2291
1107 0 2292
1107 0 2293
1107 0 763
1107 0 269
1107 0 1810
1107 0 1311
1107 0 1335
1107 0 1849
1107 0 1855
1107 0 846
1107 0 853
1107 0 854
1107 0 348
1107 0 349
1107 0 358
1107 0 362
1107 0 1392
1107 0 881
1107 0 1396
1107 0 389
1107 0 391
1107 0 397
1107 0 1423
1107 0 1451
1107 0 1470
1107 0 971
1107 0 1486
1107 0 2015
1107 0 496
1107 0 1008
1107 0 1010
1109 0 2294
1109 0 2295
1110 0 1280
1111 0 336
1111 0 284
1112 0 158
1113 0 1077
1114 0 102
1115 0 10
1115 0 4363
1115 0 1046
1115 0 6299
1115 0 5405
1115 0 36
1115 0 2087
1115 0 177
1115 0 3505
1115 0 1847
1115 0 8633
1115 0 2762
1115 0 1486
1115 0 467
1115 0 1374
1115 0 351
1115 0 1014
1115 0 120
1115 0 2298
1115 0 2299
1115 0 2300
1115 0 510
1117 0 24
1117 0 2301
1118 0 1344
1118 0 2304
1118 0 5
1118 0 1869
1118 0 2302
1119 0 103
1120 0 2306
1121 0 2307
1121 0 2308
1121 0 2310
1121 0 2311
1121 0 2312
1121 0 2313
1121 0 2314
1121 0 2315
1121 0 2316
1121 0 2317
1121 0 2318
1121 0 2319
1121 0 2320
1121 0 2321
1121 0 2322
1121 0 2323
1121 0 12176
1121 0 2325
1121 0 2326
1121 0 2328
1121 0 2329
1121 0 2330
1121 0 2331
1121 0 2332
1121 0 2333
1121 0 2336
1121 0 2338
1121 0 2339
1121 0 2087
1121 0 304
1121 0 2111
1121 0 69
1121 0 1117
1121 0 1121
1121 0 1636
1121 0 489
1121 0 494
1121 0 1010
1121 0 123
1122 0 32
1123 0 2340
1124 0 2341
1125 0 2344
1125 0 1077
1125 0 2342
1126 0 675
1127 0 2345
1127 0 2346
1127 0 5
1127 0 918
1128 0 290
1128 0 455
1128 0 2347
1128 0 2348
1128 0 2350
1128 0 2351
1128 0 2352
1129 0 2353
1130 0 2354
1131 0 2355
1132 0 2357
1133 0 90
1134 0 2358
1135 0 8
1136 0 2368
1136 0 1539
1136 0 3267
1136 0 2984
1136 0 4075
1136 0 396
1136 0 4095
1136 0 1103
1136 0 23
1136 0 4086
1136 0 2359
1136 0 2360
1136 0 2361
1136 0 2362
1136 0 2363
1136 0 2365
1136 0 2366
1136 0 2367
1137 0 2370
1137 0 1428
1138 0 5
1139 0 796
1140 0 2371
1141 0 1562
1142 0 800
1143 0 1027
1143 0 2372
1143 0 5
1143 0 2373
1143 0 2374
1143 0 2375
1143 0 2376
1143 0 2124
1143 0 1229
1143 0 1652
1143 0 1560
1144 0 637
1146 0 2377
1147 0 2378
1149 0 2379
1150 0 1882
1151 0 2380
1152 0 240
1153 0 2381
1154 0 56
1155 0 12309
1155 0 5
1155 0 2382
1157 0 2383
1159 0 2384
1160 0 704
1160 0 1024
1160 0 1860
1160 0 806
1160 0 617
1160 0 2385
1160 0 2386
1160 0 2387
1160 0 2388
1160 0 2389
1160 0 2390
1160 0 2391
1160 0 2392
1160 0 2393
1160 0 2394
1161 0 1809
1162 0 13755
1162 0 1814
1164 0 1553
1164 0 2395
1165 0 5
1166 0 2402
1166 0 643
1166 0 2403
1166 0 2404
1166 0 2405
1166 0 679
1166 0 265
1166 0 467
1166 0 2396
1166 0 887
1166 0 732
1166 0 2399
1167 0 951
1168 0 5
1169 0 103
1170 0 2408
1170 0 2406
1170 0 774
1170 0 2407
1171 0 1418
1171 0 2411
1171 0 684
1171 0 2413
1171 0 2410
1172 0 220
1173 0 1344
1173 0 5
1173 0 1641
1173 0 236
1173 0 2415
1173 0 2416
1173 0 2301
1173 0 349
1174 0 799
1175 0 81
1176 0 209
1176 0 1650
1177 0 1395
1177 0 845
1178 0 400
1178 0 2418
1178 0 12
1179 0 1028
1180 0 2041
1181 0 2419
1182 0 1932
1183 0 2420
1184 0 5
1185 0 2424
1185 0 2421
1185 0 1014
1185 0 2423
1185 0 1272
1185 0 2425
1185 0 2426
1185 0 2015
1186 0 2427
1186 0 1371
1186 0 2428
1186 0 1607
1187 0 1033
1188 0 2431
1188 0 2429
1188 0 2430
1188 0 255
1189 0 2433
1189 0 2434
1190 0 5
1191 0 2435
1191 0 2437
1191 0 13757
1192 0 2438
1193 0 2439
1194 0 1681
1194 0 7412
1194 0 935
1195 0 5
1196 0 2440
1196 0 1622
1197 0 393
1198 0 2441
1199 0 400
1200 0 918
1201 0 265
1202 0 8
1203 0 2443
1205 0 2444
1205 0 476
1206 0 2060
1207 0 396
1208 0 1785
1208 0 414
1210 0 2113
1210 0 1061
1210 0 2376
1210 0 2447
1210 0 1232
1210 0 2449
1210 0 2450
1210 0 2451
1210 0 2452
1211 0 2453
1213 0 1298
1214 0 2455
1215 0 2456
1215 0 218
1215 0 1643
1215 0 1493
1216 0 5
1217 0 5
1218 0 62
1219 0 2457
1220 0 1977
1221 0 451
1223 0 1321
1224 0 158
1225 0 2459
1226 0 396
1227 0 2460
1228 0 2461
1229 0 447
1230 0 2462
1231 0 1230
1231 0 6
1231 0 2463
1232 0 2464
1232 0 2465
1232 0 2466
1232 0 2470
1232 0 2471
1232 0 2472
1232 0 2160
1232 0 753
1233 0 2473
1234 0 2474
1234 0 490
1234 0 2475
1235 0 2280
1236 0 95
1237 0 2487
1237 0 5
1237 0 2476
1237 0 2477
1237 0 2478
1237 0 2479
1237 0 2480
1237 0 2481
1237 0 2482
1237 0 2483
1237 0 2484
1237 0 533
1237 0 2485
1237 0 2486
1237 0 13106
1237 0 1114
1238 0 2488
1239 0 5
1240 0 763
1241 0 2489
1242 0 2490
1242 0 2492
1242 0 2493
1244 0 2494
1245 0 2495
1246 0 1481
1247 0 1795
1248 0 2498
1248 0 90
1249 0 2499
1250 0 1211
1251 0 2500
1251 0 2501
1252 0 248
1253 0 802
1254 0 601
1255 0 275
1256 0 117
1256 0 2502
1257 0 3171
1257 0 2503
1257 0 2504
1257 0 2505
1257 0 2506
1257 0 1775
1259 0 2508
1260 0 643
1261 0 8
1262 0 17
1263 0 2510
1264 0 451
1264 0 1341
1265 0 2511
1266 0 2244
1266 0 644
1266 0 1477
1266 0 2520
1266 0 1294
1266 0 2512
1266 0 2513
1266 0 2514
1266 0 2515
1266 0 2516
1266 0 2519
1266 0 2392
1266 0 2521
1266 0 2522
1267 0 266
1267 0 2523
1267 0 220
1267 0 268
1268 0 68
1269 0 2525
1269 0 2526
1269 0 2527
1270 0 2529
1270 0 13957
1270 0 678
1270 0 467
1270 0 854
1270 0 10938
1270 0 890
1270 0 763
1270 0 445
1271 0 1481
1272 0 2531
1273 0 833
1273 0 2532
1273 0 2533
1274 0 2535
1275 0 2536
1276 0 5
1277 0 160
1277 0 226
1277 0 2538
1277 0 15
1277 0 1332
1277 0 1336
1277 0 2140
1278 0 269
1279 0 2540
1280 0 2327
1281 0 496
1282 0 2544
1282 0 2541
1282 0 2542
1282 0 2543
1284 0 1840
1284 0 5
1285 0 2545
1286 0 8
1286 0 2446
1287 0 2547
1288 0 601
1288 0 578
1288 0 2548
1288 0 5
1289 0 2549
1290 0 10
1291 0 907
1291 0 1420
1291 0 1423
1291 0 1426
1291 0 405
1291 0 690
1291 0 434
1291 0 440
1291 0 1211
1291 0 970
1291 0 971
1291 0 845
1291 0 846
1291 0 973
1291 0 1110
1291 0 2552
1291 0 2553
1291 0 2555
1291 0 2556
1291 0 2557
1292 0 1752
1292 0 273
1292 0 533
1292 0 2558
1293 0 2559
1295 0 2560
1295 0 2561
1295 0 110
1296 0 290
1296 0 2563
1296 0 2564
1296 0 893
1296 0 2422
1296 0 285
1296 0 283
1296 0 284
1296 0 349
1297 0 568
1297 0 898
1297 0 7819
1298 0 2565
1298 0 5
1298 0 519
1298 0 2566
1298 0 2567
1298 0 2568
1298 0 2569
1298 0 2570
1298 0 952
1298 0 475
1299 0 2571
1299 0 2572
1299 0 1253
1300 0 455
1301 0 2574
1302 0 1340
1302 0 2575
1303 0 2576
1304 0 2577
1304 0 539
1305 0 90
1306 0 2578
1306 0 2579
1307 0 898
1307 0 2238
1308 0 2581
1309 0 506
1309 0 2582
1310 0 2583
1310 0 103
1311 0 1095
1312 0 699
1313 0 2584
1314 0 5
1315 0 2586
1315 0 2587
1315 0 2588
1315 0 2590
1316 0 2591
1318 0 90
1320 0 62
1321 0 2577
1321 0 506
1321 0 2019
1322 0 2173
1323 0 1298
1323 0 2594
1324 0 289
1324 0 2595
1324 0 356
1324 0 2596
1324 0 2597
1324 0 2598
1324 0 1066
1324 0 269
1324 0 17
1324 0 2556
1325 0 2599
1326 0 2600
1328 0 799
1330 0 2604
1330 0 2606
1331 0 2607
1332 0 1308
1333 0 2608
1333 0 2609
1335 0 1849
1335 0 1947
1336 0 10
1336 0 451
1337 0 2610
1338 0 2611
1339 0 2612
1340 0 447
1341 0 2613
1342 0 955
1342 0 767
1343 0 400
1344 0 2614
1345 0 5
1346 0 2615
1347 0 2616
1348 0 5
1349 0 2617
1349 0 2618
1350 0 395
1351 0 2619
1352 0 269
1353 0 6
1353 0 1351
1353 0 337
1353 0 601
1353 0 1021
1354 0 8
1355 0 5
1356 0 2621
1358 0 2622
1358 0 2624
1358 0 1926
1358 0 2623
1359 0 8
1359 0 1289
1359 0 269
1359 0 24
1359 0 4645
1359 0 1344
1359 0 1345
1359 0 2625
1359 0 451
1359 0 2626
1359 0 2627
1359 0 2628
1359 0 2629
1359 0 2630
1359 0 2631
1359 0 2632
1359 0 75
1359 0 2633
1359 0 1741
1359 0 1486
1359 0 2634
1359 0 2256
1359 0 1627
1359 0 103
1359 0 2416
1359 0 114
1359 0 763
1361 0 2627
1361 0 6
1361 0 13160
1361 0 2635
1361 0 1613
1361 0 1141
1362 0 2712
1363 0 2638
1363 0 2639
1365 0 1477
1366 0 2640
1369 0 2642
1370 0 2643
1370 0 76
1371 0 179
1371 0 966
1372 0 2645
1373 0 1418
1373 0 1419
1373 0 1420
1374 0 342
1375 0 2646
1375 0 2647
1376 0 2656
1376 0 2659
1376 0 1765
1376 0 5
1376 0 2316
1376 0 1518
1376 0 1460
1376 0 2037
1376 0 2648
1376 0 2650
1376 0 2651
1376 0 2652
1376 0 2653
1376 0 2654
1376 0 2655
1377 0 2660
1378 0 5
1379 0 330
1380 0 2661
1381 0 2374
1382 0 2662
1382 0 2303
1383 0 1056
1383 0 2590
1384 0 12
1384 0 349
1384 0 894
1385 0 5
1385 0 2665
1385 0 618
1385 0 2666
1385 0 2667
1385 0 2668
1385 0 2670
1385 0 2671
1385 0 2672
1385 0 1809
1385 0 2673
1385 0 2675
1385 0 2454
1385 0 727
1385 0 313
1387 0 5
1388 0 217
1388 0 1266
1388 0 2123
1389 0 2677
1390 0 81
1390 0 2613
1390 0 260
1390 0 5
1391 0 103
1392 0 22
1393 0 5
1393 0 2342
1393 0 10
1393 0 1741
1393 0 2678
1393 0 2679
1394 0 385
1395 0 2681
1396 0 5
1397 0 2682
1398 0 2683
1399 0 2684
1400 0 819
1401 0 2689
1401 0 2690
1401 0 451
1401 0 2691
1401 0 5
1401 0 1201
1401 0 4755
1401 0 349
1401 0 2686
1401 0 2687
1402 0 2692
1404 0 1840
1405 0 937
1405 0 106
1405 0 1325
1406 0 2694
1407 0 5
1407 0 2696
1407 0 238
1407 0 689
1407 0 1460
1407 0 631
1407 0 349
1407 0 1375
1408 0 5
1410 0 102
1411 0 2698
1412 0 482
1412 0 2700
1413 0 2701
1413 0 2702
1414 0 618
1415 0 240
1416 0 574
1417 0 887
1419 0 2703
1421 0 304
1421 0 2704
1422 0 2705
1422 0 1654
1423 0 2706
1424 0 2707
1426 0 157
1427 0 1106
1428 0 2708
1429 0 10
1429 0 5
1430 0 707
1430 0 2709
1430 0 2711
1431 0 866
1432 0 2349
1433 0 2712
1434 0 2713
1435 0 1539
1436 0 24
1436 0 1709
1436 0 2406
1437 0 2715
1437 0 5
1438 0 2716
1438 0 631
1439 0 5
1440 0 196
1440 0 2718
1440 0 2719
1441 0 2618
1442 0 2720
1443 0 103
1444 0 2721
1445 0 245
1446 0 2722
1447 0 1415
1448 0 2723
1449 0 2724
1451 0 2725
1452 0 1244
1452 0 5
1455 0 346
1455 0 5
1456 0 2726
1456 0 1613
1456 0 7887
1456 0 240
1456 0 7958
1457 0 74
1458 0 2345
1459 0 1207
1460 0 539
1461 0 8
1462 0 1478
1462 0 2727
1463 0 2728
1464 0 8
1464 0 90
1465 0 2729
1466 0 2731
1467 0 196
1468 0 2732
1469 0 77
1470 0 356
1470 0 5
1470 0 2734
1470 0 2735
1470 0 850
1470 0 349
1471 0 5
1472 0 1109
1473 0 5
1474 0 2736
1475 0 2737
1476 0 2739
1477 0 351
1478 0 2740
1478 0 631
1479 0 36
1480 0 586
1481 0 1840
1481 0 349
1481 0 263
1482 0 8
1483 0 2741
1484 0 236
1484 0 2742
1485 0 90
1486 0 2743
1487 0 717
1489 0 2746
1490 0 2064
1490 0 2747
1490 0 2748
1490 0 2749
1492 0 2206
1492 0 2751
1493 0 2752
1493 0 2753
1494 0 2755
1495 0 104
1495 0 5
1497 0 2757
1499 0 5
1500 0 2759
1501 0 2760
1502 0 2761
1502 0 2762
1502 0 1653
1502 0 653
1503 0 1093
1504 0 1804
1505 0 863
1506 0 2763
1507 0 72
1507 0 269
1508 0 2764
1509 0 2765
1510 0 2766
1511 0 2193
1511 0 13758
1511 0 2767
1511 0 2769
1511 0 2771
1511 0 2772
1511 0 2773
1511 0 2774
1511 0 2775
1511 0 2776
1511 0 2777
1511 0 2778
1511 0 2779
1511 0 2780
1511 0 2781
1511 0 2782
1511 0 2783
1511 0 1382
1511 0 2042
1513 0 578
1514 0 2784
1514 0 126
1515 0 5
1518 0 2787
1519 0 1801
1520 0 1648
1520 0 1658
1520 0 2788
1522 0 2789
1522 0 10
1522 0 2285
1522 0 1271
1522 0 413
1523 0 123
1524 0 269
1525 0 2791
1526 0 321
1526 0 5
1526 0 2792
1526 0 10
1526 0 2794
1526 0 2795
1526 0 2796
1526 0 2797
1526 0 2798
1526 0 464
1526 0 2800
1526 0 703
1527 0 2801
1528 0 106
1528 0 2802
1529 0 2803
1530 0 827
1531 0 2804
1531 0 6
1532 0 2805
1533 0 2806
1534 0 1545
1535 0 2497
1535 0 1652
1536 0 2808
1537 0 9729
1537 0 2559
1537 0 6969
1537 0 1179
1537 0 13759
1539 0 2812
1539 0 645
1539 0 5
1539 0 422
1539 0 103
1539 0 266
1539 0 2811
1539 0 1756
1539 0 2813
1539 0 2559
1541 0 1493
1542 0 275
1543 0 349
1544 0 1024
1544 0 385
1544 0 2816
1544 0 2820
1544 0 5
1544 0 6
1544 0 1926
1544 0 1928
1544 0 265
1544 0 2821
1544 0 2822
1544 0 1292
1544 0 2823
1544 0 2824
1544 0 2825
1544 0 2826
1544 0 2827
1544 0 2829
1544 0 2830
1544 0 2831
1544 0 1301
1544 0 2832
1544 0 2834
1544 0 2837
1544 0 2838
1544 0 2841
1544 0 2842
1544 0 2843
1544 0 2844
1544 0 2845
1544 0 2847
1544 0 2849
1544 0 930
1544 0 2850
1544 0 2851
1544 0 293
1544 0 2342
1544 0 807
1544 0 552
1544 0 2852
1544 0 298
1544 0 1451
1544 0 2855
1544 0 2857
1544 0 2858
1544 0 2862
1544 0 2863
1544 0 2864
1544 0 1458
1544 0 2865
1544 0 182
1544 0 1465
1544 0 451
1544 0 2116
1544 0 714
1544 0 2380
1544 0 2815
1544 0 1879
1544 0 2775
1544 0 349
1544 0 1630
1544 0 745
1544 0 750
1544 0 1524
1544 0 2293
1544 0 1910
1544 0 1271
1544 0 1402
1544 0 2814
1544 0 767
1545 0 2866
1545 0 2069
1546 0 2867
1547 0 2868
1548 0 2869
1551 0 1795
1551 0 465
1551 0 2257
1551 0 2872
1551 0 2873
1551 0 2874
1551 0 63
1552 0 260
1552 0 265
1552 0 2840
1552 0 2875
1552 0 2877
1552 0 2878
1552 0 2879
1552 0 1344
1552 0 2112
1552 0 2880
1552 0 2881
1552 0 2882
1552 0 2883
1552 0 2884
1552 0 2885
1552 0 2886
1552 0 2887
1552 0 2889
1552 0 2890
1552 0 2891
1552 0 2893
1552 0 2894
1552 0 2896
1552 0 2897
1552 0 738
1552 0 2530
1552 0 1646
1553 0 2233
1554 0 2723
1555 0 2913
1556 0 2944
1556 0 2945
1556 0 2946
1556 0 2947
1556 0 2948
1556 0 5
1556 0 2950
1556 0 2953
1556 0 2698
1556 0 2956
1556 0 2957
1556 0 2958
1556 0 2959
1556 0 2961
1556 0 2962
1556 0 2963
1556 0 2964
1556 0 2965
1556 0 2966
1556 0 2968
1556 0 2969
1556 0 2971
1556 0 2973
1556 0 6958
1556 0 1071
1556 0 696
1556 0 1721
1556 0 953
1556 0 2938
1556 0 1990
1556 0 1361
1556 0 726
1556 0 1245
1556 0 2914
1556 0 2915
1556 0 356
1556 0 2916
1556 0 2917
1556 0 2919
1556 0 2921
1556 0 2922
1556 0 2923
1556 0 2925
1556 0 2926
1556 0 2927
1556 0 2928
1556 0 2929
1556 0 2930
1556 0 2931
1556 0 2932
1556 0 2935
1556 0 2936
1556 0 2937
1556 0 1018
1556 0 2940
1556 0 2941
1556 0 2942
1556 0 2943
1557 0 1992
1558 0 1302
1559 0 36
1561 0 88
1562 0 1570
1563 0 2612
1564 0 1164
1565 0 269
1566 0 10
1566 0 131
1566 0 850
1567 0 7
1569 0 2225
1569 0 2228
1569 0 846
1570 0 1538
1571 0 679
1572 0 2975
1573 0 2976
1573 0 2977
1573 0 860
1573 0 1332
1574 0 2786
1574 0 2979
1574 0 349
1574 0 5
1575 0 2980
1576 0 349
1576 0 2981
1577 0 160
1577 0 5
1577 0 2630
1577 0 2983
1577 0 105
1577 0 2986
1577 0 2988
1577 0 2989
1577 0 719
1577 0 2991
1577 0 2387
1577 0 1887
1578 0 2993
1578 0 2994
1579 0 5
1580 0 2995
1581 0 2997
1583 0 81
1584 0 2998
1585 0 3000
1585 0 398
1585 0 2999
1586 0 240
1587 0 81
1587 0 3002
1587 0 3001
1588 0 8
1589 0 3003
1589 0 519
1590 0 3004
1591 0 3005
1592 0 3006
1592 0 3007
1593 0 13959
1594 0 1344
1595 0 3008
1595 0 5
1597 0 18
1597 0 356
1598 0 1468
1599 0 451
1601 0 961
1602 0 3012
1602 0 3013
1602 0 3015
1602 0 3016
1602 0 465
1603 0 3018
1604 0 400
1604 0 2456
1605 0 3019
1610 0 445
1612 0 482
1612 0 1010
1612 0 1462
1613 0 3020
1614 0 3021
1616 0 3023
1618 0 3024
1618 0 3025
1618 0 90
1619 0 3026
1620 0 3027
1621 0 3028
1623 0 1276
1623 0 3029
1623 0 3030
1623 0 3031
1625 0 3033
1626 0 827
1627 0 151
1628 0 3034
1628 0 730
1629 0 321
1629 0 2498
1629 0 3041
1629 0 1860
1629 0 2406
1629 0 394
1629 0 2349
1629 0 305
1629 0 562
1629 0 2259
1629 0 3038
1629 0 727
1629 0 3036
1629 0 4381
1629 0 510
1629 0 3039
1630 0 1738
1630 0 3043
1630 0 388
1630 0 3042
1631 0 2449
1631 0 3045
1632 0 3047
1632 0 3049
1632 0 3050
1632 0 3051
1632 0 3052
1632 0 3054
1632 0 3055
1633 0 3056
1634 0 3057
1635 0 533
1636 0 329
1636 0 3058
1637 0 1460
1638 0 3059
1638 0 3060
1639 0 81
1639 0 3061
1640 0 513
1640 0 1860
1641 0 804
1641 0 3062
1641 0 3064
1641 0 13724
1641 0 1723
1641 0 1724
1641 0 1725
1642 0 3065
1643 0 10
1644 0 3067
1644 0 3068
1645 0 884
1646 0 95
1647 0 3069
1648 0 3070
1649 0 3072
1650 0 3073
1650 0 3074
1651 0 3075
1651 0 3076
1652 0 5
1653 0 363
1654 0 2728
1655 0 2635
1656 0 248
1657 0 6
1658 0 8
1658 0 2459
1659 0 961
1660 0 1148
1661 0 516
1661 0 3078
1661 0 3079
1661 0 3080
1661 0 3081
1661 0 3082
1661 0 3083
1661 0 3084
1661 0 3085
1661 0 3086
1661 0 3087
1661 0 3088
1661 0 1179
1661 0 1061
1661 0 681
1661 0 1196
1661 0 1198
1661 0 1468
1661 0 1350
1661 0 204
1661 0 854
1661 0 2011
1661 0 95
1661 0 2785
1661 0 106
1661 0 618
1661 0 631
1662 0 3090
1662 0 3091
1663 0 2799
1664 0 259
1665 0 5
1666 0 506
1666 0 2866
1666 0 3092
1666 0 3093
1667 0 3094
1668 0 1698
1668 0 1987
1668 0 5
1668 0 2728
1668 0 9355
1668 0 2764
1668 0 531
1668 0 3095
1668 0 3096
1668 0 3097
1668 0 702
1669 0 130
1671 0 1349
1672 0 3100
1672 0 5
1673 0 3104
1673 0 3105
1673 0 3106
1673 0 2787
1673 0 3107
1673 0 3108
1673 0 3110
1673 0 3111
1673 0 3112
1673 0 3113
1673 0 3114
1673 0 3103
1673 0 565
1673 0 732
1673 0 3101
1673 0 3102
1673 0 575
1674 0 3115
1674 0 1062
1675 0 968
1675 0 137
1675 0 3116
1675 0 2830
1675 0 2238
1676 0 747
1677 0 3117
1678 0 721
1679 0 368
1680 0 1801
1680 0 5
1681 0 3118
1681 0 2582
1681 0 3119
1682 0 349
1683 0 5
1684 0 3120
1684 0 1809
1684 0 533
1685 0 3121
1685 0 3122
1686 0 2922
1687 0 130
1687 0 95
1688 0 790
1689 0 1028
1690 0 3123
1691 0 385
1691 0 3124
1692 0 3125
1693 0 5
1693 0 3021
1693 0 3127
1693 0 3128
1693 0 3129
1693 0 3130
1695 0 5
1696 0 81
1697 0 73
1697 0 167
1698 0 3131
1698 0 3132
1699 0 601
1700 0 2753
1700 0 644
1701 0 3133
1702 0 389
1702 0 1157
1702 0 2450
1702 0 1558
1702 0 793
1702 0 169
1702 0 562
1702 0 3134
1702 0 3135
1702 0 3137
1702 0 578
1702 0 3138
1702 0 1732
1702 0 3139
1702 0 3141
1702 0 3142
1702 0 72
1702 0 2760
1702 0 3143
1702 0 3145
1702 0 3146
1702 0 3147
1702 0 1486
1702 0 3148
1702 0 3150
1702 0 3037
1702 0 2013
1702 0 2532
1702 0 1389
1702 0 1392
1702 0 881
1702 0 117
1703 0 3152
1703 0 3153
1704 0 3154
1705 0 8
1705 0 436
1706 0 2587
1707 0 1202
1707 0 242
1707 0 3155
1707 0 3156
1707 0 3158
1707 0 3159
1707 0 3161
1707 0 1372
1708 0 3755
1709 0 3162
1709 0 3163
1710 0 3164
1710 0 422
1711 0 1011
1712 0 2844
1712 0 3165
1713 0 890
1714 0 3166
1714 0 446
1714 0 1847
1715 0 477
1716 0 290
1716 0 3167
1717 0 1011
1718 0 445
1719 0 3168
1719 0 3169
1719 0 3170
1719 0 3171
1719 0 836
1719 0 12
1719 0 1229
1719 0 591
1719 0 431
1719 0 337
1719 0 1652
1719 0 90
1719 0 796
1720 0 496
1721 0 3173
1722 0 3174
1723 0 5
1724 0 3176
1724 0 867
1724 0 5
1724 0 3175
1725 0 438
1726 0 413
1726 0 126
1728 0 1148
1728 0 3177
1728 0 356
1729 0 3178
1730 0 2874
1730 0 3179
1731 0 3180
1731 0 5
1732 0 1374
1733 0 106
1734 0 901
1735 0 1603
1735 0 343
1736 0 81
1737 0 5
1737 0 103
1739 0 451
1739 0 995
1739 0 1061
1739 0 3195
1739 0 268
1739 0 3182
1739 0 9454
1739 0 3184
1739 0 3185
1739 0 3187
1739 0 3188
1739 0 3189
1739 0 3190
1739 0 3191
1739 0 3193
1739 0 3194
1739 0 1179
1739 0 510
1740 0 995
1740 0 12
1740 0 2293
1740 0 2255
1744 0 2696
1745 0 3200
1745 0 3201
1745 0 1667
1745 0 388
1745 0 389
1745 0 3203
1745 0 3204
1745 0 3205
1745 0 3206
1745 0 3207
1745 0 3208
1745 0 3209
1745 0 3210
1745 0 1806
1745 0 3211
1745 0 3212
1745 0 3214
1745 0 3215
1745 0 3216
1745 0 3217
1745 0 3218
1745 0 3219
1745 0 3220
1745 0 3221
1745 0 3222
1745 0 3223
1745 0 3224
1745 0 3225
1745 0 3226
1745 0 3228
1745 0 2591
1745 0 32
1745 0 3229
1745 0 177
1745 0 4146
1745 0 1971
1745 0 2099
1745 0 2868
1745 0 1083
1745 0 2497
1745 0 2247
1745 0 2125
1745 0 1235
1745 0 3198
1745 0 737
1745 0 227
1745 0 995
1745 0 234
1745 0 9359
1745 0 1270
1745 0 3196
1745 0 3197
1745 0 126
1745 0 3199
1746 0 404
1746 0 3230
1747 0 1794
1747 0 263
1747 0 8
1747 0 1801
1747 0 10
1747 0 266
1747 0 401
1747 0 18
1747 0 149
1747 0 3231
1747 0 3233
1747 0 3234
1747 0 163
1747 0 3235
1747 0 805
1747 0 3236
1747 0 3237
1747 0 2344
1747 0 3239
1747 0 3240
1747 0 3243
1747 0 1581
1747 0 2093
1747 0 3245
1747 0 3249
1747 0 1458
1747 0 2227
1747 0 1460
1747 0 437
1747 0 950
1747 0 1334
1747 0 3250
1747 0 1849
1747 0 2233
1747 0 3251
1747 0 3252
1747 0 3254
1747 0 3256
1747 0 3257
1747 0 3258
1747 0 3259
1747 0 3261
1747 0 3262
1747 0 2372
1747 0 3263
1747 0 3264
1747 0 3265
1747 0 3266
1747 0 3267
1747 0 330
1747 0 3268
1747 0 3269
1747 0 3270
1747 0 3026
1747 0 1110
1747 0 3198
1747 0 2525
1747 0 2403
1747 0 1905
1747 0 242
1747 0 505
1747 0 894
1748 0 3272
1748 0 1066
1748 0 2660
1748 0 3271
1749 0 1432
1749 0 3273
1750 0 1281
1750 0 1861
1750 0 5
1750 0 1702
1750 0 3274
1750 0 3275
1750 0 3276
1750 0 3277
1750 0 3278
1750 0 3279
1750 0 1040
1750 0 3280
1750 0 3281
1752 0 533
1753 0 2821
1753 0 15
1753 0 2989
1753 0 2238
1753 0 580
1753 0 971
1753 0 973
1753 0 3282
1753 0 2899
1753 0 3284
1753 0 213
1753 0 3285
1753 0 3286
1753 0 3288
1753 0 3289
1753 0 3287
1753 0 3290
1753 0 3291
1753 0 3037
1753 0 3292
1753 0 3293
1753 0 3294
1753 0 3295
1753 0 3296
1753 0 2041
1753 0 2174
1754 0 448
1755 0 349
1755 0 1358
1756 0 342
1757 0 3297
1758 0 65
1758 0 3298
1758 0 901
1758 0 1643
1758 0 1933
1758 0 854
1759 0 3299
1759 0 3300
1759 0 3301
1759 0 3302
1759 0 487
1759 0 681
1759 0 1323
1759 0 691
1759 0 662
1760 0 593
1760 0 988
1760 0 1622
1760 0 3303
1761 0 3304
1762 0 349
1764 0 3305
1765 0 3306
1765 0 3267
1765 0 3307
1766 0 3308
1768 0 299
1769 0 1891
1770 0 1840
1770 0 3309
1773 0 3312
1773 0 5
1774 0 1488
1774 0 3313
1775 0 204
1775 0 1457
1775 0 3314
1775 0 691
1775 0 3315
1775 0 3318
1775 0 95
1776 0 6564
1776 0 7716
1778 0 3143
1779 0 5
1780 0 3319
1782 0 3320
1783 0 5
1783 0 618
1783 0 627
1783 0 3321
1783 0 3322
1784 0 1732
1785 0 2552
1786 0 1516
1787 0 3324
1787 0 3325
1788 0 105
1788 0 618
1789 0 3327
1791 0 601
1792 0 8
1793 0 3328
1794 0 3330
1795 0 3331
1796 0 1010
1797 0 3336
1797 0 3332
1797 0 3333
1797 0 3335
1798 0 248
1799 0 3337
1801 0 3339
1803 0 743
1804 0 772
1804 0 5
1804 0 774
1804 0 1852
1804 0 873
1804 0 3340
1804 0 3341
1804 0 3342
1804 0 3343
1804 0 3344
1804 0 3346
1804 0 3347
1804 0 1271
1804 0 1052
1805 0 2580
1805 0 63
1806 0 1298
1807 0 3349
1808 0 3350
1809 0 3351
1810 0 3352
1810 0 3353
1811 0 5
1812 0 3354
1815 0 3360
1815 0 3073
1815 0 3363
1815 0 3364
1815 0 3366
1815 0 237
1815 0 1622
1815 0 1814
1815 0 3356
1815 0 3357
1815 0 3358
1816 0 385
1816 0 2439
1816 0 1552
1816 0 1174
1816 0 1061
1816 0 3367
1816 0 3368
1816 0 3369
1816 0 3370
1816 0 3372
1816 0 3373
1816 0 1464
1816 0 75
1816 0 719
1816 0 3299
1816 0 745
1816 0 2155
1816 0 493
1816 0 633
1816 0 3071
1817 0 5
1818 0 97
1819 0 5
1819 0 395
1819 0 7820
1819 0 591
1819 0 594
1819 0 3378
1819 0 1142
1820 0 3392
1820 0 385
1820 0 3393
1820 0 3394
1820 0 3395
1820 0 581
1820 0 3396
1820 0 718
1820 0 2238
1821 0 5
1822 0 3397
1823 0 5
1823 0 3399
1823 0 3400
1823 0 3401
1823 0 3402
1823 0 3403
1823 0 2350
1823 0 1169
1823 0 1622
1824 0 2497
1824 0 1252
1824 0 5
1824 0 2725
1824 0 3405
1824 0 3406
1824 0 1232
1824 0 2868
1824 0 347
1825 0 35
1826 0 76
1826 0 3415
1827 0 3418
1827 0 2902
1828 0 134
1829 0 3420
1830 0 3424
1830 0 2443
1830 0 349
1831 0 1466
1831 0 1467
1832 0 3426
1833 0 942
1834 0 3429
1835 0 599
1836 0 3430
1837 0 3432
1837 0 3433
1837 0 2462
1839 0 5
1840 0 3441
1840 0 3442
1840 0 3443
1840 0 1990
1842 0 564
1843 0 10
1843 0 2346
1843 0 1477
1843 0 351
1844 0 3444
1845 0 349
1846 0 3457
1846 0 3458
1846 0 3459
1846 0 5
1846 0 3465
1846 0 3466
1846 0 12
1846 0 3469
1846 0 3471
1846 0 3472
1846 0 894
1846 0 3099
1846 0 1320
1846 0 304
1846 0 689
1846 0 2101
1846 0 1613
1846 0 591
1846 0 1751
1846 0 126
1846 0 2789
1846 0 3445
1846 0 3448
1846 0 3449
1846 0 3450
1846 0 3451
1846 0 3454
1846 0 3455
1847 0 2146
1848 0 3480
1849 0 10
1850 0 266
1851 0 3488
1851 0 3482
1851 0 3484
1851 0 3485
1851 0 3487
1852 0 998
1853 0 5
1854 0 10
1855 0 3489
1856 0 4114
1857 0 3490
1857 0 3491
1857 0 1732
1857 0 549
1857 0 5
1857 0 551
1857 0 552
1857 0 3492
1857 0 3493
1857 0 3495
1857 0 3052
1857 0 3497
1857 0 3503
1857 0 562
1857 0 2588
1859 0 1207
1860 0 3505
1860 0 299
1861 0 3229
1861 0 1230
1861 0 903
1863 0 8
1864 0 243
1864 0 244
1864 0 3507
1866 0 3513
1866 0 506
1866 0 826
1866 0 5
1867 0 3515
1868 0 1921
1868 0 10
1868 0 3519
1868 0 3520
1868 0 1983
1868 0 836
1868 0 3525
1868 0 3526
1868 0 3527
1868 0 3529
1868 0 1994
1868 0 3530
1868 0 3531
1868 0 3533
1868 0 3534
1868 0 3535
1868 0 3536
1868 0 2385
1868 0 3537
1868 0 3538
1868 0 2405
1868 0 496
1869 0 1301
1871 0 5
1872 0 3201
1872 0 5
1872 0 2186
1872 0 15
1872 0 806
1872 0 2092
1872 0 1082
1872 0 2497
1872 0 7877
1872 0 1483
1872 0 1484
1872 0 3405
1872 0 3578
1872 0 3549
1872 0 3550
1872 0 3551
1872 0 3552
1872 0 3558
1872 0 106
1872 0 3562
1872 0 3566
1872 0 3568
1872 0 3569
1872 0 3571
1872 0 3572
1872 0 3574
1872 0 3575
1872 0 3576
1872 0 3577
1872 0 2298
1872 0 3579
1872 0 3580
1873 0 490
1874 0 3584
1874 0 3585
1874 0 3586
1874 0 3587
1874 0 168
1874 0 169
1874 0 8105
1874 0 1581
1874 0 8526
1874 0 3247
1874 0 3249
1874 0 1043
1874 0 51
1874 0 565
1874 0 1877
1875 0 3591
1876 0 3592
1877 0 114
1878 0 8
1878 0 103
1879 0 3597
1879 0 5
1880 0 6399
1880 0 2244
1880 0 4036
1880 0 238
1880 0 1716
1880 0 1909
1880 0 2235
1880 0 220
1880 0 62
1880 0 3583
1881 0 3599
1882 0 106
1883 0 5
1886 0 5
1887 0 358
1887 0 1775
1887 0 1270
1887 0 3609
1887 0 3610
1887 0 3611
1887 0 3612
1887 0 3613
1887 0 3614
1888 0 3616
1888 0 3617
1888 0 3618
1888 0 1616
1888 0 888
1889 0 2297
1890 0 5
1890 0 3622
1890 0 703
1891 0 413
1891 0 1014
1892 0 103
1894 0 3627
1895 0 7863
1896 0 5
1897 0 5
1897 0 238
1898 0 95
1899 0 184
1899 0 1141
1900 0 3635
1901 0 2663
1902 0 624
1902 0 2288
1902 0 3090
1902 0 3638
1902 0 3417
1903 0 519
1903 0 1709
1903 0 1461
1903 0 533
1903 0 3641
1903 0 894
1905 0 431
1906 0 3648
1906 0 5
1906 0 3656
1906 0 3179
1906 0 77
1906 0 1456
1906 0 3059
1906 0 373
1906 0 155
1907 0 851
1908 0 1835
1908 0 3660
1909 0 3663
1910 0 2303
1911 0 3666
1912 0 3671
1913 0 2780
1914 0 3682
1914 0 3684
1915 0 3686
1916 0 3234
1916 0 2020
1916 0 1008
1916 0 952
1916 0 62
1918 0 3694
1919 0 3695
1920 0 3697
1921 0 3701
1922 0 8
1922 0 3704
1922 0 3702
1922 0 3703
1922 0 568
1923 0 2674
1925 0 6
1926 0 3712
1926 0 3715
1926 0 5
1926 0 3718
1926 0 8
1926 0 3723
1926 0 3724
1926 0 3729
1926 0 3731
1926 0 24
1926 0 413
1926 0 3105
1926 0 1578
1926 0 2737
1926 0 3390
1926 0 1344
1926 0 68
1926 0 2634
1926 0 2891
1926 0 720
1926 0 1622
1926 0 3419
1926 0 5999
1926 0 3707
1926 0 3709
1926 0 3710
1926 0 3711
1927 0 3491
1928 0 3263
1929 0 1335
1930 0 3737
1930 0 3738
1932 0 644
1933 0 3741
1934 0 3744
1934 0 413
1934 0 3743
1936 0 836
1937 0 343
1938 0 941
1939 0 1142
1941 0 1467
1941 0 564
1942 0 351
1944 0 289
1944 0 1314
1944 0 3748
1944 0 3311
1944 0 81
1944 0 786
1944 0 631
1945 0 216
1947 0 3750
1948 0 3752
1949 0 5
1950 0 3753
1951 0 3754
1951 0 3755
1953 0 19
1954 0 5
1954 0 3759
1955 0 1300
1955 0 5
1957 0 599
1958 0 8
1959 0 3766
1960 0 3768
1961 0 5
1961 0 519
1961 0 3219
1961 0 1814
1961 0 937
1961 0 13738
1961 0 942
1961 0 691
1961 0 3769
1961 0 3772
1961 0 3774
1961 0 3776
1961 0 3778
1961 0 3779
1961 0 3783
1961 0 3784
1961 0 3786
1961 0 77
1961 0 3300
1961 0 358
1961 0 240
1962 0 95
1963 0 3264
1963 0 3787
1964 0 103
1966 0 2458
1967 0 3789
1967 0 3790
1967 0 3791
1967 0 2255
1967 0 3792
1967 0 510
1968 0 3169
1969 0 3793
1969 0 3794
1969 0 3795
1969 0 268
1970 0 68
1971 0 3115
1971 0 2108
1972 0 681
1972 0 1314
1972 0 3796
1972 0 1313
1973 0 894
1974 0 464
1976 0 1423
1976 0 405
1976 0 2756
1976 0 967
1976 0 968
1976 0 970
1976 0 971
1976 0 973
1976 0 213
1976 0 3799
1976 0 3800
1976 0 3801
1976 0 3802
1976 0 3804
1976 0 3805
1976 0 3806
1976 0 3807
1976 0 2912
1976 0 3808
1976 0 3809
1976 0 3810
1976 0 3811
1977 0 1834
1979 0 1840
1979 0 3701
1979 0 756
1979 0 3533
1980 0 5
1981 0 1128
1983 0 10
1984 0 3816
1984 0 3817
1984 0 1469
1984 0 13760
1985 0 3150
1986 0 3818
1987 0 3819
1987 0 3820
1988 0 3821
1989 0 3823
1990 0 3824
1990 0 5
1990 0 1110
1991 0 609
1991 0 1061
1991 0 5
1991 0 2375
1991 0 1198
1991 0 15
1991 0 3473
1991 0 3825
1991 0 2293
1991 0 1174
1991 0 2297
1991 0 1466
1991 0 1787
1991 0 3613
1991 0 3774
1992 0 1282
1992 0 6
1992 0 267
1992 0 1805
1992 0 32
1992 0 806
1992 0 945
1992 0 180
1992 0 2375
1992 0 3831
1992 0 1229
1992 0 1230
1992 0 3832
1992 0 3833
1992 0 727
1992 0 3835
1992 0 3938
1992 0 4839
1992 0 3691
1992 0 3826
1992 0 3827
1992 0 1652
1992 0 3828
1992 0 3829
1992 0 2807
1992 0 3830
1992 0 505
1992 0 3834
1992 0 1271
1992 0 3836
1992 0 3837
1992 0 7807
1993 0 3839
1994 0 3840
1994 0 474
1995 0 8
1995 0 2633
1995 0 451
1996 0 3842
1998 0 1331
1999 0 3843
1999 0 8796
2000 0 1027
2001 0 5
2003 0 356
2004 0 3844
2005 0 558
2007 0 3846
2008 0 10
2009 0 3847
2011 0 3848
2011 0 5
2011 0 3334
2012 0 3849
2013 0 3850
2013 0 139
2015 0 3851
2016 0 1415
2017 0 1460
2018 0 1792
2018 0 2560
2018 0 1349
2018 0 8
2018 0 3852
2018 0 750
2018 0 95
2019 0 2544
2019 0 594
2019 0 1613
2020 0 3853
2021 0 5
2021 0 3854
2021 0 3855
2021 0 3857
2021 0 2967
2022 0 8
2022 0 521
2022 0 3726
2022 0 3858
2022 0 3859
2022 0 3860
2022 0 3861
2022 0 3862
2022 0 3863
2022 0 2967
2022 0 3864
2022 0 3865
2022 0 3867
2022 0 3871
2022 0 3873
2022 0 3874
2022 0 3875
2022 0 3876
2022 0 2853
2022 0 3879
2022 0 3880
2022 0 3881
2022 0 3882
2022 0 13739
2022 0 3884
2022 0 13740
2022 0 3886
2022 0 3887
2022 0 3888
2022 0 2865
2022 0 1851
2023 0 767
2024 0 157
2025 0 5
2026 0 1516
2027 0 641
2027 0 1794
2027 0 644
2027 0 5
2027 0 2183
2027 0 3720
2027 0 13960
2027 0 12
2027 0 2835
2027 0 3860
2027 0 918
2027 0 1697
2027 0 419
2027 0 431
2027 0 3890
2027 0 3892
2027 0 1077
2027 0 310
2027 0 438
2027 0 3893
2027 0 3894
2027 0 3895
2027 0 3896
2027 0 3897
2027 0 3898
2027 0 3899
2027 0 3900
2027 0 1984
2027 0 3901
2027 0 3523
2027 0 720
2027 0 90
2027 0 347
2027 0 734
2027 0 2784
2027 0 487
2027 0 1141
2027 0 126
2028 0 3902
2029 0 18
2030 0 631
2033 0 3904
2034 0 1297
2035 0 3069
2037 0 3905
2037 0 3906
2038 0 1209
2039 0 130
2040 0 3907
2041 0 3332
2041 0 8
2041 0 141
2041 0 5527
2041 0 1440
2041 0 2086
2041 0 561
2041 0 1849
2041 0 451
2041 0 196
2041 0 3395
2041 0 3908
2041 0 3909
2041 0 3910
2041 0 3911
2041 0 3912
2041 0 203
2041 0 3913
2041 0 3914
2041 0 3915
2041 0 3916
2041 0 3917
2041 0 3918
2041 0 3919
2041 0 3920
2041 0 3921
2041 0 1109
2041 0 3922
2041 0 3923
2041 0 3924
2041 0 3926
2041 0 3927
2041 0 3928
2041 0 3930
2041 0 3934
2041 0 3935
2041 0 1641
2041 0 2040
2041 0 890
2041 0 2303
2042 0 3936
2042 0 285
2042 0 5
2042 0 3318
2043 0 3938
2043 0 3939
2043 0 3940
2043 0 3941
2043 0 199
2043 0 1196
2043 0 310
2043 0 3579
2043 0 1179
2044 0 5
2045 0 1411
2045 0 516
2045 0 8
2045 0 2848
2045 0 824
2045 0 3273
2045 0 1487
2045 0 3942
2045 0 3943
2045 0 3944
2045 0 3945
2045 0 3946
2045 0 875
2045 0 876
2045 0 877
2045 0 3947
2045 0 3949
2045 0 3950
2045 0 3952
2045 0 3954
2045 0 3955
2045 0 2293
2045 0 3957
2045 0 3958
2045 0 249
2046 0 1809
2046 0 3172
2046 0 1653
2046 0 1646
2047 0 464
2047 0 774
2047 0 3959
2048 0 3960
2049 0 8
2049 0 121
2049 0 10
2051 0 3962
2051 0 3963
2051 0 3964
2052 0 10
2053 0 464
2053 0 385
2054 0 3965
2054 0 3966
2054 0 3967
2055 0 3968
2055 0 3969
2055 0 3970
2055 0 3971
2055 0 1156
2055 0 5
2055 0 2788
2055 0 3972
2055 0 12
2055 0 240
2055 0 854
2055 0 1658
2057 0 3973
2057 0 3974
2058 0 13761
2058 0 805
2058 0 709
2058 0 3975
2058 0 3976
2058 0 6725
2058 0 3979
2058 0 3980
2058 0 6095
2058 0 3286
2058 0 793
2058 0 1020
2058 0 6847
2059 0 411
2060 0 702
2061 0 1290
2062 0 18
2062 0 356
2063 0 1488
2063 0 3981
2064 0 702
2065 0 5
2065 0 3982
2066 0 3436
2067 0 299
2068 0 3984
2068 0 513
2069 0 3985
2071 0 3986
2072 0 3071
2072 0 11
2072 0 3987
2072 0 655
2073 0 514
2073 0 1027
2073 0 772
2073 0 5
2073 0 6
2073 0 645
2073 0 139
2073 0 653
2073 0 3988
2073 0 3989
2073 0 3990
2073 0 3991
2073 0 3992
2073 0 3993
2073 0 3994
2073 0 3995
2073 0 2101
2073 0 954
2073 0 3261
2073 0 574
2073 0 65
2073 0 580
2073 0 582
2073 0 2891
2073 0 2256
2073 0 348
2073 0 349
2073 0 1374
2073 0 510
2074 0 2811
2075 0 3996
2076 0 1351
2076 0 266
2076 0 1358
2076 0 951
2076 0 3998
2076 0 3999
2077 0 1876
2078 0 4000
2078 0 4001
2078 0 4002
2078 0 4003
2078 0 1066
2078 0 3391
2079 0 680
2079 0 203
2079 0 4004
2079 0 141
2080 0 4005
2081 0 911
2082 0 4006
2083 0 4007
2084 0 1345
2084 0 266
2084 0 1775
2084 0 2257
2084 0 178
2084 0 1012
2084 0 1108
2084 0 1752
2084 0 1086
2085 0 1237
2086 0 4008
2086 0 1563
2087 0 3208
2087 0 1775
2088 0 4009
2089 0 102
2090 0 601
2090 0 467
2090 0 2245
2090 0 1847
2092 0 4011
2093 0 95
2094 0 4912
2094 0 4012
2094 0 6328
2094 0 6327
2095 0 244
2095 0 95
2096 0 2891
2096 0 2685
2097 0 117
2098 0 1203
2100 0 801
2100 0 4019
2101 0 506
2101 0 4020
2102 0 3998
2103 0 5
2104 0 3172
2104 0 2598
2104 0 1100
2104 0 4021
2104 0 2335
2105 0 3908
2106 0 2649
2108 0 349
2109 0 516
2109 0 3399
2109 0 266
2109 0 394
2109 0 3252
2109 0 4023
2109 0 4024
2109 0 4026
2109 0 4027
2109 0 4028
2109 0 4029
2109 0 510
2110 0 8
2110 0 394
2110 0 395
2110 0 1169
2110 0 1809
2110 0 275
2110 0 793
2110 0 1179
2110 0 806
2110 0 4010
2110 0 1453
2110 0 1198
2110 0 4021
2110 0 1466
2110 0 3003
2110 0 4031
2110 0 4032
2110 0 4034
2110 0 4035
2110 0 4036
2110 0 3321
2110 0 582
2110 0 455
2110 0 4037
2110 0 4038
2110 0 4039
2110 0 4040
2110 0 4041
2110 0 717
2110 0 4042
2110 0 1617
2110 0 2387
2110 0 1110
2110 0 3287
2110 0 475
2110 0 349
2110 0 95
2110 0 740
2110 0 105
2110 0 106
2110 0 4330
2110 0 1644
2110 0 3569
2110 0 2297
2110 0 3579
2110 0 893
2111 0 68
2112 0 65
2113 0 2795
2115 0 4044
2116 0 1026
2116 0 900
2116 0 3204
2116 0 1814
2116 0 1565
2116 0 4259
2116 0 2093
2116 0 433
2116 0 2233
2116 0 196
2116 0 581
2116 0 964
2116 0 4046
2116 0 4047
2116 0 592
2116 0 4048
2116 0 853
2116 0 2395
2116 0 1757
2116 0 349
2116 0 358
2116 0 1645
2116 0 1138
2116 0 243
2116 0 244
2116 0 245
2117 0 4050
2118 0 248
2118 0 1442
2118 0 172
2118 0 2835
2118 0 4030
2118 0 4051
2118 0 4052
2118 0 4053
2118 0 24
2118 0 94
2118 0 351
2120 0 4055
2121 0 413
2122 0 4056
2123 0 3955
2124 0 72
2125 0 2368
2125 0 3200
2125 0 8964
2125 0 4059
2125 0 173
2125 0 2011
2125 0 4060
2126 0 4061
2127 0 3836
2128 0 355
2129 0 3124
2131 0 82
2132 0 103
2133 0 1536
2133 0 4097
2133 0 4098
2133 0 4099
2133 0 4100
2133 0 4101
2133 0 4102
2133 0 4103
2133 0 4104
2133 0 4105
2133 0 510
2133 0 4107
2133 0 544
2133 0 3113
2133 0 1581
2133 0 591
2133 0 1623
2133 0 601
2133 0 3164
2133 0 2159
2133 0 1143
2133 0 3743
2133 0 169
2133 0 170
2133 0 2238
2133 0 2768
2133 0 213
2133 0 220
2133 0 2785
2133 0 3323
2133 0 2316
2133 0 2891
2133 0 844
2133 0 845
2133 0 2898
2133 0 2899
2133 0 3930
2133 0 2912
2133 0 1890
2133 0 3437
2133 0 1913
2133 0 5001
2133 0 1419
2133 0 1435
2133 0 3490
2133 0 434
2133 0 440
2133 0 967
2133 0 968
2133 0 971
2133 0 972
2133 0 2007
2133 0 4063
2133 0 4064
2133 0 4065
2133 0 4066
2133 0 4067
2133 0 4068
2133 0 4069
2133 0 4070
2133 0 4071
2133 0 4072
2133 0 4074
2133 0 4077
2133 0 4078
2133 0 4079
2133 0 4081
2133 0 4082
2133 0 4083
2133 0 4085
2133 0 4086
2133 0 4088
2133 0 4089
2133 0 4090
2133 0 4091
2133 0 4092
2133 0 4094
2133 0 4095
2136 0 5
2137 0 641
2137 0 4111
2137 0 463
2137 0 850
2137 0 918
2138 0 2627
2138 0 3174
2138 0 230
2138 0 6218
2138 0 6602
2138 0 1837
2138 0 4112
2138 0 4113
2138 0 4114
2138 0 4115
2138 0 4116
2138 0 5138
2138 0 4118
2138 0 4119
2138 0 4120
2138 0 766
2139 0 5
2140 0 3016
2141 0 2660
2141 0 5
2141 0 1196
2141 0 4045
2141 0 4123
2141 0 2750
2142 0 3462
2143 0 288
2143 0 1438
2144 0 1225
2146 0 349
2146 0 103
2147 0 901
2147 0 4127
2149 0 3900
2150 0 5
2151 0 4129
2152 0 4130
2153 0 4131
2153 0 4132
2154 0 1903
2155 0 4133
2156 0 3908
2157 0 5
2157 0 265
2157 0 395
2157 0 793
2157 0 925
2157 0 413
2157 0 4134
2157 0 4135
2157 0 4137
2157 0 4138
2157 0 4140
2157 0 4141
2157 0 4144
2157 0 4145
2157 0 4146
2157 0 4148
2157 0 4149
2157 0 4151
2157 0 4152
2157 0 4153
2157 0 4154
2157 0 445
2157 0 13764
2157 0 2007
2157 0 601
2157 0 1242
2157 0 11363
2157 0 3178
2157 0 2416
2157 0 3826
2157 0 2296
2157 0 763
2158 0 4156
2159 0 4161
2159 0 3529
2159 0 4158
2159 0 4159
2160 0 451
2160 0 4164
2160 0 1798
2160 0 103
2160 0 8
2161 0 269
2162 0 4165
2163 0 224
2163 0 4166
2163 0 4167
2163 0 4168
2163 0 4169
2163 0 171
2163 0 4171
2163 0 3533
2163 0 4172
2163 0 4173
2163 0 592
2164 0 1024
2164 0 672
2164 0 1095
2164 0 1580
2164 0 1358
2164 0 655
2164 0 4174
2164 0 4176
2164 0 3058
2164 0 4177
2164 0 854
2164 0 312
2164 0 1311
2165 0 2672
2166 0 13961
2166 0 2591
2167 0 1389
2168 0 4178
2168 0 7869
2169 0 4179
2169 0 4180
2170 0 1147
2170 0 403
2170 0 4181
2170 0 4182
2171 0 4184
2171 0 1769
2172 0 4185
2173 0 73
2174 0 8
2175 0 1926
2176 0 4187
2178 0 349
2179 0 4188
2180 0 645
2181 0 4189
2181 0 4191
2182 0 1344
2182 0 257
2182 0 4192
2182 0 4194
2182 0 4195
2182 0 4196
2182 0 4168
2182 0 4169
2182 0 170
2182 0 171
2182 0 4170
2182 0 4171
2182 0 4172
2182 0 4173
2182 0 4081
2182 0 413
2183 0 4200
2183 0 4198
2183 0 4199
2184 0 2235
2185 0 1539
2185 0 644
2185 0 262
2185 0 265
2185 0 3729
2185 0 3770
2185 0 1852
2185 0 445
2185 0 1488
2185 0 3300
2185 0 4201
2185 0 4202
2185 0 4205
2185 0 4206
2185 0 4207
2185 0 4208
2185 0 4209
2185 0 4210
2185 0 4211
2185 0 4213
2185 0 4214
2185 0 4216
2185 0 4217
2185 0 4218
2185 0 3198
2186 0 4219
2187 0 601
2188 0 539
2189 0 1415
2189 0 2994
2189 0 4221
2189 0 4220
2189 0 2141
2189 0 4223
2190 0 4226
2191 0 4227
2192 0 4230
2192 0 4232
2192 0 4233
2192 0 12
2192 0 3316
2192 0 437
2192 0 351
2193 0 3090
2193 0 955
2194 0 1142
2195 0 349
2196 0 179
2197 0 4234
2198 0 2580
2199 0 938
2200 0 5
2200 0 8
2200 0 4236
2200 0 4237
2200 0 4238
2200 0 4239
2200 0 4240
2200 0 529
2200 0 4241
2200 0 4242
2200 0 4243
2200 0 4245
2200 0 4246
2200 0 4248
2200 0 4249
2200 0 4251
2200 0 823
2200 0 1466
2200 0 3008
2200 0 2765
2200 0 81
2200 0 467
2200 0 3289
2200 0 349
2200 0 4961
2200 0 356
2200 0 1258
2200 0 236
2200 0 2290
2201 0 4252
2202 0 4254
2202 0 5
2202 0 4253
2203 0 5
2204 0 386
2204 0 1335
2205 0 269
2205 0 4255
2206 0 8
2207 0 4256
2208 0 3272
2208 0 1058
2209 0 4257
2209 0 4258
2209 0 1987
2210 0 2357
2211 0 3042
2211 0 4259
2211 0 4260
2211 0 5
2211 0 4261
2211 0 4263
2211 0 2568
2211 0 4264
2211 0 140
2211 0 141
2211 0 3930
2211 0 90
2211 0 2333
2212 0 4266
2213 0 4267
2214 0 2052
2215 0 260
2215 0 5
2215 0 1990
2215 0 4268
2215 0 1071
2215 0 786
2215 0 2713
2215 0 3099
2216 0 1849
2217 0 4269
2217 0 1062
2218 0 5
2218 0 519
2218 0 10
2218 0 1419
2218 0 1425
2218 0 1313
2218 0 2598
2218 0 2220
2218 0 3756
2218 0 4270
2218 0 4271
2218 0 4272
2218 0 4273
2218 0 1970
2218 0 4274
2218 0 4275
2218 0 4021
2218 0 4278
2218 0 3255
2218 0 4280
2218 0 185
2218 0 3001
2218 0 1211
2218 0 4281
2218 0 4282
2218 0 4284
2218 0 4285
2218 0 451
2218 0 581
2218 0 4045
2218 0 720
2218 0 1109
2218 0 862
2218 0 1632
2218 0 2784
2218 0 226
2218 0 1122
2218 0 2915
2218 0 743
2218 0 1129
2218 0 1131
2218 0 1772
2218 0 240
2218 0 114
2220 0 8
2222 0 2551
2223 0 5
2224 0 2804
2225 0 95
2226 0 2483
2227 0 3760
2227 0 763
2227 0 4288
2228 0 4289
2229 0 681
2229 0 42
2231 0 690
2232 0 5
2233 0 4291
2234 0 363
2235 0 4292
2236 0 4293
2237 0 863
2238 0 1344
2238 0 578
2238 0 890
2239 0 104
2240 0 393
2240 0 4294
2241 0 4296
2241 0 4295
2242 0 1458
2242 0 3118
2243 0 4202
2244 0 4297
2245 0 81
2245 0 2805
2245 0 655
2246 0 4298
2246 0 2407
2247 0 772
2248 0 3028
2249 0 547
2249 0 10
2249 0 4299
2249 0 12
2249 0 1356
2249 0 4300
2249 0 4301
2251 0 5
2251 0 1759
2252 0 4303
2253 0 4304
2255 0 1344
2257 0 90
2259 0 139
2260 0 2758
2260 0 3436
2260 0 1487
2260 0 4306
2260 0 4307
2260 0 1972
2260 0 4308
2260 0 1021
2261 0 3058
2261 0 5
2262 0 3233
2262 0 3457
2263 0 1147
2264 0 636
2265 0 5
2266 0 4310
2267 0 4311
2268 0 4312
2269 0 5
2269 0 1455
2269 0 4313
2269 0 4315
2269 0 4316
2269 0 4317
2269 0 4318
2271 0 4320
2271 0 4319
2272 0 4321
2273 0 4322
2274 0 4324
2275 0 4325
2277 0 5
2277 0 1101
2277 0 1742
2277 0 3088
2277 0 2712
2278 0 568
2279 0 4331
2279 0 4333
2280 0 496
2280 0 3233
2280 0 951
2281 0 4334
2283 0 4337
2285 0 496
2286 0 4338
2286 0 5
2287 0 5
2288 0 4340
2289 0 2784
2289 0 3814
2291 0 3010
2291 0 1033
2291 0 4345
2291 0 4347
2291 0 4348
2292 0 4352
2292 0 1794
2292 0 4354
2292 0 772
2292 0 4356
2292 0 4357
2292 0 4358
2292 0 1545
2292 0 4362
2292 0 4364
2292 0 4365
2292 0 4367
2292 0 274
2292 0 4371
2292 0 4372
2292 0 4373
2292 0 4374
2292 0 4375
2292 0 4376
2292 0 4014
2292 0 1212
2292 0 13765
2292 0 77
2292 0 228
2292 0 1767
2292 0 627
2292 0 4350
2292 0 4351
2293 0 73
2294 0 10
2295 0 4383
2295 0 3471
2296 0 496
2296 0 3290
2297 0 4385
2297 0 1374
2298 0 5
2299 0 2303
2300 0 2764
2300 0 2303
2301 0 596
2302 0 5
2303 0 4390
2304 0 994
2304 0 644
2304 0 4330
2304 0 1931
2304 0 557
2304 0 4115
2304 0 596
2304 0 852
2304 0 568
2305 0 139
2306 0 4396
2307 0 3701
2308 0 1336
2308 0 666
2308 0 645
2309 0 3268
2309 0 13766
2310 0 681
2310 0 4401
2311 0 4402
2313 0 1108
2313 0 533
2313 0 62
2314 0 2122
2314 0 4164
2317 0 3352
2318 0 2850
2318 0 4241
2318 0 4404
2318 0 4405
2318 0 1786
2319 0 1419
2319 0 1420
2319 0 1421
2319 0 1426
2319 0 4406
2319 0 4407
2319 0 4061
2319 0 414
2320 0 4408
2320 0 2821
2321 0 4409
2321 0 4410
2321 0 4412
2321 0 654
2322 0 3290
2323 0 1694
2323 0 1695
2324 0 24
2325 0 1481
2326 0 3744
2326 0 1438
2327 0 105
2327 0 290
2327 0 618
2328 0 4413
2329 0 81
2330 0 2019
2331 0 90
2332 0 1929
2332 0 530
2332 0 3309
2333 0 81
2334 0 4414
2335 0 5
2336 0 451
2336 0 5
2336 0 679
2337 0 624
2338 0 2789
2340 0 2443
2341 0 5
2342 0 1056
2343 0 1627
2344 0 3714
2344 0 403
2344 0 1427
2344 0 536
2344 0 4415
2345 0 539
2345 0 2610
2345 0 592
2345 0 90
2345 0 1167
2345 0 1168
2345 0 3231
2345 0 3241
2345 0 2736
2345 0 690
2345 0 692
2345 0 3254
2345 0 1723
2345 0 4284
2345 0 196
2345 0 1221
2345 0 4299
2345 0 4300
2345 0 8912
2345 0 6361
2345 0 734
2345 0 1256
2345 0 240
2345 0 5361
2345 0 244
2345 0 255
2345 0 1282
2345 0 4364
2345 0 4383
2345 0 1313
2345 0 3365
2345 0 1344
2345 0 4416
2345 0 4417
2345 0 4418
2345 0 4419
2345 0 4420
2345 0 4421
2345 0 4423
2345 0 329
2345 0 1866
2345 0 1867
2345 0 3404
2345 0 4425
2345 0 4427
2345 0 4429
2345 0 4431
2345 0 4432
2345 0 2898
2345 0 4433
2345 0 4434
2345 0 4435
2345 0 4436
2345 0 4437
2345 0 4439
2345 0 4441
2345 0 4442
2345 0 4443
2345 0 4444
2345 0 4445
2345 0 4446
2345 0 4447
2345 0 4448
2345 0 4449
2345 0 4450
2345 0 4451
2345 0 4453
2345 0 4455
2345 0 360
2345 0 4456
2345 0 4459
2345 0 4460
2345 0 1414
2345 0 1431
2345 0 2472
2345 0 429
2345 0 480
2345 0 504
2345 0 3070
2347 0 2732
2348 0 4462
2349 0 4463
2350 0 1099
2351 0 4464
2351 0 3321
2353 0 568
2354 0 4465
2354 0 1142
2355 0 2257
2356 0 4466
2358 0 4467
2358 0 4188
2358 0 4215
2359 0 1466
2360 0 4468
2361 0 4469
2364 0 103
2365 0 3340
2367 0 8
2368 0 1378
2368 0 591
2369 0 212
2370 0 1179
2370 0 1061
2370 0 4471
2371 0 5
2373 0 4473
2374 0 2775
2375 0 4474
2375 0 4475
2376 0 4476
2377 0 4478
2378 0 4491
2378 0 4492
2378 0 3735
2379 0 5
2380 0 3735
2381 0 1046
2382 0 802
2384 0 385
2384 0 4494
2386 0 4495
2386 0 4496
2386 0 4497
2386 0 4498
2386 0 4499
2386 0 1332
2386 0 2490
2387 0 203
2387 0 2565
2388 0 4501
2388 0 4502
2389 0 4503
2389 0 2927
2390 0 2801
2391 0 4086
2393 0 95
2394 0 1374
2395 0 10
2395 0 4368
2395 0 4504
2395 0 2328
2395 0 4506
2395 0 539
2395 0 4508
2395 0 4510
2395 0 4511
2395 0 4512
2395 0 4515
2395 0 3249
2395 0 4278
2395 0 4038
2395 0 3271
2395 0 4045
2395 0 981
2395 0 862
2395 0 1389
2395 0 3066
2396 0 1668
2396 0 6
2396 0 13963
2396 0 1302
2396 0 3229
2396 0 160
2396 0 3360
2396 0 4518
2396 0 4519
2396 0 2984
2396 0 3625
2396 0 170
2396 0 4520
2396 0 4521
2396 0 4525
2396 0 4526
2396 0 4528
2396 0 4529
2396 0 4530
2396 0 4531
2396 0 4532
2396 0 4533
2396 0 4534
2396 0 4535
2396 0 4536
2396 0 4025
2396 0 4537
2396 0 4538
2396 0 4540
2396 0 4542
2396 0 4543
2396 0 2624
2396 0 4545
2396 0 4546
2396 0 1220
2396 0 4548
2396 0 4550
2396 0 4167
2396 0 4552
2396 0 4553
2396 0 4554
2396 0 2510
2396 0 4431
2396 0 465
2396 0 593
2396 0 4315
2396 0 1246
2396 0 224
2396 0 2281
2396 0 2933
2396 0 510
2397 0 4099
2397 0 5
2397 0 24
2397 0 26
2397 0 31
2397 0 32
2397 0 35
2397 0 62
2397 0 6220
2397 0 81
2397 0 87
2397 0 4189
2397 0 110
2397 0 2159
2397 0 2162
2397 0 2170
2397 0 2172
2397 0 128
2397 0 131
2397 0 138
2397 0 139
2397 0 4258
2397 0 169
2397 0 2220
2397 0 4274
2397 0 6327
2397 0 184
2397 0 2233
2397 0 2238
2397 0 2244
2397 0 2255
2397 0 6356
2397 0 213
2397 0 12505
2397 0 220
2397 0 6366
2397 0 227
2397 0 4327
2397 0 12519
2397 0 240
2397 0 2289
2397 0 6390
2397 0 249
2397 0 6393
2397 0 261
2397 0 2315
2397 0 2316
2397 0 4363
2397 0 12563
2397 0 290
2397 0 6440
2397 0 6443
2397 0 8499
2397 0 2377
2397 0 8528
2397 0 2385
2397 0 346
2397 0 349
2397 0 8554
2397 0 4461
2397 0 8567
2397 0 6529
2397 0 390
2397 0 394
2397 0 6539
2397 0 6543
2397 0 6547
2397 0 404
2397 0 405
2397 0 406
2397 0 4508
2397 0 4512
2397 0 4514
2397 0 4515
2397 0 8623
2397 0 433
2397 0 434
2397 0 6577
2397 0 6580
2397 0 448
2397 0 12750
2397 0 4568
2397 0 4571
2397 0 4576
2397 0 481
2397 0 482
2397 0 487
2397 0 4583
2397 0 496
2397 0 2552
2397 0 2559
2397 0 4615
2397 0 533
2397 0 539
2397 0 544
2397 0 562
2397 0 2614
2397 0 4664
2397 0 2621
2397 0 576
2397 0 6726
2397 0 591
2397 0 599
2397 0 2648
2397 0 601
2397 0 2649
2397 0 2650
2397 0 2651
2397 0 2652
2397 0 2653
2397 0 2654
2397 0 2656
2397 0 2657
2397 0 612
2397 0 4720
2397 0 627
2397 0 2685
2397 0 643
2397 0 645
2397 0 10890
2397 0 10898
2397 0 4761
2397 0 689
2397 0 4795
2397 0 4796
2397 0 707
2397 0 717
2397 0 6862
2397 0 8911
2397 0 2769
2397 0 4817
2397 0 733
2397 0 736
2397 0 2784
2397 0 8929
2397 0 749
2397 0 753
2397 0 756
2397 0 6905
2397 0 763
2397 0 764
2397 0 774
2397 0 4875
2397 0 785
2397 0 786
2397 0 2835
2397 0 6933
2397 0 793
2397 0 806
2397 0 11055
2397 0 4912
2397 0 2865
2397 0 6961
2397 0 11057
2397 0 830
2397 0 4926
2397 0 845
2397 0 2898
2397 0 2899
2397 0 2904
2397 0 2906
2397 0 862
2397 0 2911
2397 0 2912
2397 0 866
2397 0 875
2397 0 4982
2397 0 889
2397 0 11137
2397 0 4995
2397 0 4999
2397 0 5000
2397 0 7051
2397 0 5037
2397 0 950
2397 0 968
2397 0 969
2397 0 970
2397 0 971
2397 0 972
2397 0 973
2397 0 3042
2397 0 9186
2397 0 5114
2397 0 1020
2397 0 3079
2397 0 13350
2397 0 1076
2397 0 3127
2397 0 5176
2397 0 11321
2397 0 7235
2397 0 3143
2397 0 9297
2397 0 13401
2397 0 5214
2397 0 1130
2397 0 1132
2397 0 3185
2397 0 7286
2397 0 1151
2397 0 9343
2397 0 1165
2397 0 3214
2397 0 9380
2397 0 5286
2397 0 7339
2397 0 3246
2397 0 3247
2397 0 3249
2397 0 3255
2397 0 3257
2397 0 3261
2397 0 3267
2397 0 11463
2397 0 3276
2397 0 3283
2397 0 1237
2397 0 7402
2397 0 9457
2397 0 1271
2397 0 7421
2397 0 13568
2397 0 1282
2397 0 3338
2397 0 1302
2397 0 5405
2397 0 1313
2397 0 1323
2397 0 5424
2397 0 1331
2397 0 1334
2397 0 1340
2397 0 12887
2397 0 1358
2397 0 9551
2397 0 1377
2397 0 9577
2397 0 9580
2397 0 1389
2397 0 1391
2397 0 3439
2397 0 3445
2397 0 7541
2397 0 9589
2397 0 7550
2397 0 1413
2397 0 1423
2397 0 1432
2397 0 1446
2397 0 11689
2397 0 3498
2397 0 11690
2397 0 7597
2397 0 3503
2397 0 1475
2397 0 13768
2397 0 13771
2397 0 13772
2397 0 1485
2397 0 13773
2397 0 1487
2397 0 13775
2397 0 13777
2397 0 13778
2397 0 13779
2397 0 13781
2397 0 13782
2397 0 13783
2397 0 13786
2397 0 13787
2397 0 13789
2397 0 13790
2397 0 13791
2397 0 13793
2397 0 1506
2397 0 13794
2397 0 13796
2397 0 13797
2397 0 13799
2397 0 13800
2397 0 3561
2397 0 13801
2397 0 13802
2397 0 3583
2397 0 5633
2397 0 1538
2397 0 3586
2397 0 7688
2397 0 1546
2397 0 1552
2397 0 5655
2397 0 9762
2397 0 7725
2397 0 1584
2397 0 1590
2397 0 5693
2397 0 9808
2397 0 1632
2397 0 1633
2397 0 1634
2397 0 1636
2397 0 1644
2397 0 7788
2397 0 13964
2397 0 3729
2397 0 3743
2397 0 1716
2397 0 1722
2397 0 5820
2397 0 1732
2397 0 1738
2397 0 1739
2397 0 1740
2397 0 9931
2397 0 1765
2397 0 9964
2397 0 1794
2397 0 1815
2397 0 7959
2397 0 1849
2397 0 10042
2397 0 6011
2397 0 1917
2397 0 1931
2397 0 1933
2397 0 3987
2397 0 12185
2397 0 1970
2397 0 4025
2397 0 4031
2397 0 12232
2397 0 1999
2397 0 4047
2397 0 4052
2397 0 6102
2397 0 2007
2397 0 2011
2397 0 6107
2397 0 8169
2397 0 4076
2397 0 6130
2397 0 2041
2397 0 8187
2398 0 1271
2399 0 4557
2400 0 1110
2400 0 535
2401 0 3355
2402 0 225
2402 0 2715
2402 0 3348
2403 0 4600
2403 0 4601
2403 0 4602
2403 0 4603
2404 0 266
2405 0 4604
2406 0 4605
2407 0 3186
2407 0 4606
2407 0 3194
2408 0 4507
2409 0 4607
2410 0 5
2411 0 2633
2411 0 349
2412 0 4608
2412 0 5
2412 0 236
2412 0 269
2412 0 3767
2412 0 120
2413 0 5
2414 0 4609
2414 0 2427
2415 0 2233
2416 0 335
2417 0 1362
2418 0 4610
2419 0 4611
2421 0 2784
2421 0 918
2421 0 2183
2423 0 4613
2424 0 4614
2424 0 4615
2424 0 3646
2424 0 231
2425 0 2804
2426 0 10
2427 0 1794
2428 0 3019
2429 0 394
2429 0 715
2429 0 5197
2429 0 1237
2429 0 1110
2429 0 7863
2429 0 220
2429 0 2463
2430 0 2614
2431 0 2848
2431 0 4616
2431 0 4617
2431 0 4618
2431 0 203
2431 0 4619
2431 0 141
2431 0 4620
2431 0 4621
2431 0 3219
2431 0 1653
2431 0 4021
2432 0 1623
2433 0 355
2433 0 1451
2433 0 4077
2433 0 4622
2433 0 349
2434 0 2849
2434 0 859
2434 0 1933
2434 0 4625
2434 0 531
2434 0 1589
2434 0 1590
2434 0 891
2435 0 4628
2436 0 5
2438 0 601
2440 0 5
2441 0 4630
2442 0 4633
2442 0 4634
2443 0 1369
2443 0 1201
2444 0 3805
2445 0 4635
2446 0 4637
2447 0 4640
2447 0 3265
2447 0 4641
2447 0 4643
2447 0 4644
2447 0 1861
2447 0 4645
2447 0 4646
2447 0 4648
2447 0 780
2447 0 77
2447 0 4653
2447 0 4655
2447 0 4639
2448 0 1645
2449 0 385
2449 0 4481
2449 0 5
2449 0 2566
2449 0 8
2449 0 10
2449 0 911
2449 0 1679
2449 0 18
2449 0 278
2449 0 3095
2449 0 24
2449 0 409
2449 0 25
2449 0 4504
2449 0 2206
2449 0 3487
2449 0 36
2449 0 550
2449 0 299
2449 0 3630
2449 0 2229
2449 0 3125
2449 0 4664
2449 0 4665
2449 0 2174
2449 0 4667
2449 0 4668
2449 0 4669
2449 0 4670
2449 0 4671
2449 0 1344
2449 0 65
2449 0 578
2449 0 451
2449 0 2499
2449 0 4672
2449 0 4673
2449 0 3143
2449 0 4674
2449 0 4677
2449 0 4683
2449 0 4685
2449 0 4686
2449 0 4687
2449 0 4689
2449 0 594
2449 0 4691
2449 0 4692
2449 0 4693
2449 0 4697
2449 0 4698
2449 0 4701
2449 0 4702
2449 0 95
2449 0 4707
2449 0 1124
2449 0 4459
2449 0 3693
2449 0 4210
2449 0 2291
2449 0 1655
2449 0 1789
2449 0 1534
2450 0 643
2450 0 269
2450 0 15
2450 0 918
2450 0 1179
2450 0 3491
2450 0 1199
2450 0 1466
2450 0 702
2450 0 197
2450 0 326
2450 0 1869
2450 0 3287
2450 0 355
2450 0 4710
2450 0 4713
2450 0 106
2450 0 491
2450 0 3691
2450 0 4714
2450 0 4715
2450 0 4719
2450 0 4465
2451 0 4720
2452 0 413
2453 0 679
2456 0 349
2458 0 4723
2458 0 5
2459 0 4723
2460 0 1344
2460 0 8
2460 0 4594
2460 0 4724
2460 0 4726
2460 0 95
2461 0 568
2461 0 351
2462 0 1474
2462 0 626
2462 0 7787
2463 0 4731
2464 0 489
2464 0 4732
2464 0 4733
2464 0 127
2465 0 5
2465 0 2189
2466 0 105
2466 0 10
2466 0 4735
2467 0 4736
2468 0 9728
2468 0 13824
2468 0 13825
2468 0 13826
2468 0 5
2468 0 13829
2468 0 9223
2468 0 8
2468 0 13830
2468 0 13831
2468 0 13832
2468 0 13833
2468 0 7693
2468 0 13834
2468 0 13835
2468 0 13836
2468 0 13837
2468 0 13840
2468 0 1555
2468 0 3604
2468 0 13842
2468 0 13843
2468 0 13844
2468 0 13846
2468 0 566
2468 0 8247
2468 0 2617
2468 0 4668
2468 0 6719
2468 0 10308
2468 0 2633
2468 0 3660
2468 0 10829
2468 0 1110
2468 0 1628
2468 0 8288
2468 0 5231
2468 0 626
2468 0 1152
2468 0 12928
2468 0 5767
2468 0 10887
2468 0 13965
2468 0 1182
2468 0 3753
2468 0 689
2468 0 1717
2468 0 6846
2468 0 1727
2468 0 3776
2468 0 10435
2468 0 4825
2468 0 7387
2468 0 12513
2468 0 743
2468 0 7400
2468 0 4841
2468 0 12011
2468 0 13548
2468 0 750
2468 0 7408
2468 0 241
2468 0 8951
2468 0 252
2468 0 2816
2468 0 6412
2468 0 1295
2468 0 11036
2468 0 289
2468 0 1324
2468 0 5945
2468 0 3902
2468 0 1861
2468 0 11590
2468 0 10061
2468 0 1358
2468 0 335
2468 0 3415
2468 0 355
2468 0 13667
2468 0 8555
2468 0 1904
2468 0 10619
2468 0 7040
2468 0 385
2468 0 13817
2468 0 13818
2468 0 12186
2468 0 11185
2468 0 434
2468 0 1459
2468 0 1460
2468 0 437
2468 0 1462
2468 0 13248
2468 0 12230
2468 0 2513
2468 0 12243
2468 0 2519
2468 0 6105
2468 0 482
2468 0 9702
2468 0 13803
2468 0 13804
2468 0 8685
2468 0 13805
2468 0 13806
2468 0 13807
2468 0 13808
2468 0 3058
2468 0 13809
2468 0 13810
2468 0 13811
2468 0 5622
2468 0 13812
2468 0 3064
2468 0 13813
2468 0 13814
2468 0 13819
2468 0 13821
2468 0 13822
2468 0 13823
2469 0 4738
2469 0 4740
2469 0 4741
2469 0 4742
2469 0 666
2470 0 620
2471 0 5
2473 0 4747
2474 0 4129
2474 0 4228
2474 0 1381
2474 0 5
2474 0 935
2474 0 4749
2474 0 4750
2474 0 4751
2474 0 4753
2474 0 4756
2474 0 4757
2474 0 4759
2474 0 191
2476 0 4761
2477 0 4762
2477 0 4598
2478 0 3088
2478 0 4767
2478 0 2029
2478 0 3919
2479 0 4390
2480 0 4769
2480 0 1652
2481 0 691
2481 0 4771
2481 0 1759
2482 0 5
2483 0 4772
2483 0 1493
2483 0 3102
2484 0 4774
2486 0 113
2487 0 5
2488 0 4775
2489 0 4776
2490 0 4778
2491 0 1466
2491 0 4780
2492 0 3635
2493 0 4781
2494 0 4516
2494 0 175
2494 0 4783
2494 0 4784
2494 0 178
2494 0 1653
2494 0 1564
2495 0 4785
2495 0 1651
2496 0 1211
2496 0 445
2496 0 2502
2497 0 4786
2497 0 286
2498 0 4789
2499 0 24
2500 0 2851
2501 0 1110
2501 0 4791
2502 0 1632
2502 0 2660
2502 0 5
2502 0 4368
2502 0 4793
2502 0 1623
2502 0 889
2502 0 4794
2502 0 4795
2502 0 4797
2503 0 113
2504 0 269
2504 0 5
2505 0 955
2505 0 12
2507 0 1243
2509 0 3940
2510 0 4806
2510 0 4807
2510 0 4585
2510 0 2060
2510 0 2349
2512 0 1027
2514 0 1130
2515 0 4814
2516 0 8
2516 0 4817
2517 0 241
2518 0 836
2518 0 203
2518 0 140
2518 0 4819
2518 0 4820
2518 0 4821
2518 0 4822
2518 0 90
2518 0 3930
2518 0 890
2520 0 288
2520 0 4832
2520 0 4834
2520 0 4835
2520 0 5
2520 0 2022
2520 0 745
2520 0 431
2520 0 763
2522 0 5
2523 0 13848
2524 0 5
2525 0 8
2525 0 766
2526 0 5
2526 0 4858
2526 0 745
2526 0 1545
2526 0 236
2526 0 1837
2526 0 1455
2526 0 3856
2526 0 4847
2526 0 4850
2526 0 915
2526 0 2611
2526 0 4853
2526 0 4855
2526 0 696
2526 0 826
2526 0 4859
2526 0 318
2527 0 4865
2527 0 196
2527 0 1479
2527 0 855
2527 0 888
2527 0 637
2527 0 4862
2528 0 4866
2529 0 451
2530 0 276
2530 0 4869
2531 0 4872
2531 0 4873
2531 0 4870
2531 0 4871
2532 0 4283
2533 0 5
2534 0 3001
2535 0 1472
2535 0 4876
2535 0 823
2535 0 4877
2535 0 4879
2535 0 4880
2535 0 4881
2535 0 4883
2535 0 4884
2535 0 1975
2535 0 2588
2536 0 1052
2536 0 4885
2536 0 1014
2536 0 4886
2537 0 4887
2538 0 3368
2538 0 745
2538 0 5
2538 0 374
2539 0 510
2540 0 1344
2541 0 514
2541 0 8
2541 0 265
2541 0 10
2541 0 396
2541 0 780
2541 0 22
2541 0 4889
2541 0 4892
2541 0 4895
2541 0 3617
2541 0 4899
2541 0 941
2541 0 1845
2541 0 2617
2541 0 1727
2541 0 1477
2541 0 1481
2541 0 1110
2541 0 10728
2541 0 622
2541 0 750
2541 0 1011
2542 0 4903
2542 0 415
2543 0 4906
2544 0 4907
2545 0 4908
2546 0 1012
2547 0 103
2548 0 4911
2549 0 1460
2550 0 1840
2550 0 3505
2551 0 4915
2552 0 81
2554 0 4921
2554 0 4919
2555 0 5
2555 0 4614
2555 0 519
2555 0 140
2555 0 141
2555 0 151
2555 0 4924
2555 0 445
2555 0 4925
2555 0 1727
2555 0 1344
2555 0 2496
2555 0 2498
2555 0 2625
2555 0 196
2555 0 4927
2555 0 4929
2555 0 4931
2555 0 4932
2555 0 1737
2555 0 4933
2555 0 203
2555 0 4811
2555 0 4934
2555 0 718
2555 0 4937
2555 0 4945
2555 0 4947
2555 0 2902
2555 0 3930
2555 0 4954
2555 0 860
2555 0 4828
2555 0 4955
2555 0 2911
2555 0 2912
2555 0 3169
2555 0 4956
2555 0 613
2555 0 742
2555 0 1647
2555 0 1138
2555 0 376
2555 0 890
2555 0 763
2555 0 2813
2555 0 894
2556 0 3987
2557 0 4958
2558 0 24
2558 0 4598
2558 0 4959
2559 0 4960
2559 0 4961
2559 0 5
2559 0 743
2559 0 2350
2560 0 510
2561 0 394
2561 0 5
2561 0 918
2562 0 2530
2563 0 5
2563 0 18
2563 0 2204
2563 0 1950
2563 0 2086
2563 0 13862
2563 0 3373
2563 0 4023
2563 0 707
2563 0 843
2563 0 1741
2563 0 1102
2563 0 4560
2563 0 1365
2563 0 599
2563 0 4963
2563 0 4964
2563 0 4965
2563 0 4968
2563 0 4970
2563 0 3051
2563 0 4460
2563 0 1005
2563 0 4461
2563 0 4975
2563 0 4976
2563 0 3186
2563 0 4978
2563 0 4724
2563 0 2293
2563 0 4982
2563 0 889
2563 0 4987
2563 0 4988
2563 0 4989
2564 0 269
2565 0 3324
2565 0 631
2567 0 5
2568 0 3515
2569 0 4993
2570 0 4994
2571 0 1458
2571 0 373
2572 0 4998
2572 0 2550
2574 0 5002
2575 0 5
2576 0 5003
2576 0 4597
2577 0 4960
2578 0 5004
2581 0 1536
2581 0 1537
2581 0 972
2581 0 5006
2581 0 5007
2581 0 1488
2581 0 5008
2581 0 2898
2581 0 5009
2581 0 5010
2581 0 5011
2581 0 1526
2581 0 1527
2581 0 4056
2581 0 2042
2581 0 1532
2582 0 1058
2582 0 1829
2582 0 5
2582 0 5015
2582 0 3390
2583 0 514
2584 0 1374
2585 0 155
2586 0 1987
2587 0 5022
2588 0 313
2590 0 3663
2591 0 9934
2591 0 275
2591 0 5
2591 0 3795
2593 0 750
2594 0 5033
2595 0 1825
2596 0 5041
2597 0 539
2598 0 5050
2598 0 240
2598 0 5042
2598 0 5043
2598 0 4564
2598 0 1876
2598 0 5044
2598 0 5045
2598 0 4824
2598 0 5046
2598 0 5048
2598 0 4571
2599 0 413
2600 0 3614
2600 0 903
2600 0 1775
2600 0 720
2600 0 5054
2600 0 5055
2602 0 2327
2603 0 1374
2604 0 2321
2604 0 2244
2605 0 5058
2605 0 4021
2605 0 2335
2606 0 5059
2607 0 1626
2609 0 1137
2610 0 5064
2611 0 2940
2612 0 5066
2613 0 2753
2613 0 5
2614 0 5067
2615 0 3057
2616 0 65
2616 0 3043
2616 0 1028
2616 0 358
2616 0 102
2616 0 5036
2616 0 5074
2616 0 5075
2616 0 5076
2616 0 3767
2616 0 120
2617 0 12
2618 0 5
2618 0 745
2618 0 1581
2618 0 5079
2618 0 5078
2618 0 599
2618 0 2104
2619 0 5083
2620 0 5
2621 0 32
2621 0 4404
2622 0 349
2623 0 5087
2624 0 709
2625 0 10
2625 0 103
2626 0 894
2627 0 5
2628 0 113
2628 0 1018
2629 0 5091
2629 0 5092
2630 0 1106
2631 0 3153
2632 0 3993
2632 0 2762
2633 0 3026
2634 0 5095
2636 0 1844
2637 0 10
2639 0 1451
2640 0 1458
2640 0 5097
2640 0 10
2640 0 5096
2641 0 624
2643 0 4864
2644 0 565
2645 0 3089
2645 0 102
2646 0 1271
2648 0 1336
2648 0 3273
2649 0 5100
2650 0 5101
2651 0 4264
2651 0 575
2652 0 2305
2652 0 386
2652 0 5122
2652 0 5124
2652 0 5125
2652 0 3596
2652 0 3480
2652 0 539
2652 0 160
2652 0 1065
2652 0 1723
2652 0 2114
2652 0 465
2652 0 1620
2652 0 103
2652 0 3437
2652 0 5103
2652 0 624
2652 0 5104
2652 0 3445
2652 0 5110
2652 0 5111
2652 0 5116
2652 0 5117
2652 0 5118
2652 0 767
2653 0 5
2654 0 4725
2655 0 156
2656 0 355
2657 0 105
2658 0 5131
2658 0 867
2658 0 5
2658 0 351
2659 0 5132
2659 0 5133
2660 0 269
2661 0 6
2662 0 62
2663 0 1840
2664 0 3888
2664 0 801
2664 0 5135
2665 0 1829
2665 0 5143
2666 0 5150
2667 0 5152
2669 0 5155
2669 0 4404
2669 0 718
2670 0 1060
2671 0 4737
2672 0 2489
2672 0 5159
2673 0 516
2673 0 5030
2673 0 5163
2673 0 627
2673 0 1015
2673 0 1468
2674 0 666
2674 0 3844
2674 0 717
2675 0 5166
2676 0 81
2677 0 445
2678 0 5172
2678 0 5174
2678 0 5175
2678 0 5177
2678 0 1373
2680 0 665
2681 0 275
2682 0 1856
2682 0 1477
2682 0 8
2682 0 1294
2682 0 274
2682 0 1977
2682 0 5181
2683 0 5183
2683 0 5
2683 0 2423
2684 0 5184
2685 0 4617
2685 0 1419
2685 0 269
2685 0 1422
2685 0 1809
2685 0 3986
2685 0 2835
2685 0 533
2685 0 3614
2685 0 3486
2685 0 3487
2685 0 1314
2685 0 3748
2685 0 169
2685 0 1468
2685 0 5187
2685 0 5189
2685 0 5190
2685 0 5191
2685 0 5192
2685 0 5193
2685 0 5194
2685 0 5195
2685 0 4684
2685 0 845
2685 0 5196
2685 0 3050
2685 0 1775
2685 0 114
2686 0 1351
2688 0 1865
2689 0 5
2689 0 8
2689 0 652
2689 0 2064
2689 0 275
2689 0 1045
2689 0 539
2689 0 805
2689 0 1716
2689 0 951
2689 0 454
2689 0 5198
2689 0 5199
2689 0 1110
2689 0 5206
2689 0 601
2689 0 1374
2689 0 614
2689 0 618
2689 0 3436
2689 0 750
2690 0 5
2691 0 5
2692 0 5208
2693 0 3264
2693 0 273
2693 0 3830
2693 0 793
2694 0 103
2695 0 1242
2696 0 4515
2696 0 5
2696 0 328
2696 0 1449
2696 0 1323
2696 0 4013
2696 0 846
2696 0 81
2696 0 1877
2696 0 4023
2696 0 5212
2696 0 5214
2697 0 745
2698 0 298
2699 0 822
2700 0 890
2700 0 141
2701 0 5
2701 0 2406
2701 0 5224
2701 0 5225
2701 0 5227
2702 0 488
2704 0 5229
2704 0 5230
2706 0 5
2706 0 5231
2707 0 514
2708 0 2170
2709 0 269
2711 0 90
2712 0 8
2713 0 906
2713 0 5237
2714 0 5
2715 0 5205
2717 0 10
2718 0 5242
2719 0 349
2720 0 290
2720 0 3721
2720 0 1046
2720 0 342
2720 0 5243
2720 0 95
2723 0 5248
2723 0 5247
2724 0 4219
2725 0 3077
2727 0 5252
2728 0 1663
2729 0 3614
2729 0 5055
2730 0 8
2731 0 1344
2731 0 609
2731 0 2342
2731 0 743
2731 0 346
2732 0 4964
2732 0 5258
2732 0 13706
2732 0 5262
2732 0 5263
2732 0 5264
2732 0 305
2732 0 5265
2732 0 5266
2732 0 5268
2732 0 986
2734 0 349
2735 0 4390
2735 0 2583
2736 0 413
2737 0 5271
2738 0 3384
2738 0 5273
2738 0 10
2738 0 2676
2739 0 3096
2739 0 5276
2739 0 5277
2739 0 702
2741 0 5281
2742 0 789
2743 0 5
2745 0 767
2746 0 5288
2747 0 5289
2748 0 5290
2748 0 578
2748 0 582
2750 0 5297
2751 0 5298
2752 0 2720
2752 0 578
2752 0 36
2752 0 940
2752 0 2125
2752 0 238
2752 0 814
2752 0 1806
2752 0 1809
2752 0 18
2752 0 3441
2752 0 5299
2752 0 5301
2752 0 3287
2752 0 2427
2752 0 5310
2752 0 510
2753 0 618
2753 0 275
2753 0 1090
2753 0 455
2754 0 5
2755 0 5311
2755 0 1374
2755 0 567
2756 0 5
2756 0 3077
2756 0 10
2756 0 4106
2756 0 12
2756 0 4623
2756 0 18
2756 0 4121
2756 0 5145
2756 0 1061
2756 0 5160
2756 0 5165
2756 0 4661
2756 0 5173
2756 0 1086
2756 0 5185
2756 0 1108
2756 0 96
2756 0 624
2756 0 1143
2756 0 4250
2756 0 1179
2756 0 690
2756 0 4793
2756 0 2748
2756 0 1728
2756 0 1729
2756 0 5313
2756 0 5314
2756 0 5316
2756 0 5317
2756 0 5318
2756 0 5319
2756 0 5320
2756 0 5321
2756 0 5322
2756 0 5323
2756 0 5325
2756 0 5326
2756 0 2256
2756 0 2768
2756 0 5328
2756 0 5329
2756 0 5330
2756 0 5331
2756 0 5332
2756 0 5333
2756 0 728
2756 0 5334
2756 0 5335
2756 0 5336
2756 0 5337
2756 0 5338
2756 0 5339
2756 0 5340
2756 0 5342
2756 0 5344
2756 0 5345
2756 0 5347
2756 0 5348
2756 0 5349
2756 0 5350
2756 0 5351
2756 0 5352
2756 0 1261
2756 0 1775
2756 0 241
2756 0 767
2756 0 2821
2756 0 3340
2756 0 2349
2756 0 1862
2756 0 1863
2756 0 1864
2756 0 1865
2756 0 1866
2756 0 1867
2756 0 2887
2756 0 3415
2756 0 3482
2756 0 3483
2756 0 3484
2756 0 4506
2756 0 1950
2756 0 940
2756 0 2994
2756 0 3005
2756 0 2507
2756 0 3051
2757 0 867
2758 0 2387
2759 0 3951
2761 0 4774
2762 0 164
2762 0 5
2762 0 5068
2762 0 5037
2762 0 1008
2763 0 1110
2764 0 632
2765 0 68
2765 0 486
2765 0 1318
2765 0 4584
2765 0 1321
2765 0 10
2765 0 395
2765 0 1324
2765 0 3630
2765 0 5358
2765 0 2257
2765 0 506
2765 0 4724
2765 0 247
2765 0 90
2765 0 445
2766 0 3081
2766 0 650
2766 0 259
2766 0 5363
2768 0 349
2769 0 394
2770 0 3299
2771 0 5
2772 0 506
2772 0 299
2772 0 1622
2772 0 2846
2773 0 5364
2773 0 5
2778 0 5
2779 0 5
2780 0 5372
2781 0 166
2782 0 4583
2783 0 942
2785 0 4173
2787 0 5376
2787 0 5375
2788 0 5377
2789 0 400
2789 0 385
2789 0 5378
2789 0 5379
2790 0 5381
2791 0 0
2792 0 1101
2794 0 5
2795 0 13966
2796 0 131
2796 0 8
2796 0 5384
2796 0 1740
2796 0 1708
2796 0 3409
2797 0 1378
2797 0 8
2797 0 5386
2797 0 12
2797 0 496
2797 0 1392
2797 0 1010
2797 0 2615
2797 0 1310
2797 0 351
2798 0 4305
2798 0 12
2799 0 5388
2800 0 505
2800 0 1141
2800 0 3717
2801 0 126
2803 0 455
2804 0 5
2804 0 5390
2805 0 413
2805 0 62
2806 0 5392
2807 0 5393
2809 0 1334
2810 0 5396
2811 0 5397
2811 0 343
2812 0 5
2812 0 3246
2813 0 246
2814 0 114
2814 0 5
2814 0 854
2815 0 4111
2816 0 2375
2817 0 624
2818 0 4141
2818 0 2471
2819 0 1899
2819 0 5
2819 0 1494
2821 0 2440
2823 0 4965
2823 0 5415
2823 0 2444
2823 0 4465
2823 0 3701
2823 0 2011
2823 0 1852
2824 0 117
2825 0 1475
2826 0 1322
2826 0 5428
2826 0 886
2827 0 5432
2827 0 5433
2827 0 13863
2827 0 5431
2828 0 4224
2828 0 3586
2828 0 5
2828 0 2825
2828 0 906
2828 0 5001
2828 0 269
2828 0 167
2828 0 3625
2828 0 4267
2828 0 3631
2828 0 4275
2828 0 4150
2828 0 5046
2828 0 5435
2828 0 5436
2828 0 702
2828 0 5438
2828 0 5439
2828 0 5442
2828 0 5443
2828 0 5318
2828 0 5446
2828 0 5447
2828 0 5448
2828 0 3914
2828 0 5449
2828 0 5452
2828 0 5453
2828 0 5454
2828 0 4196
2828 0 103
2828 0 3048
2828 0 3561
2828 0 4086
2828 0 2039
2829 0 349
2830 0 1732
2831 0 177
2831 0 525
2831 0 3406
2831 0 2485
2832 0 3290
2834 0 411
2834 0 4019
2835 0 3310
2836 0 5455
2837 0 592
2837 0 19
2839 0 2406
2840 0 952
2840 0 2333
2840 0 2567
2841 0 5
2842 0 4864
2842 0 166
2842 0 806
2842 0 10
2842 0 1101
2842 0 81
2842 0 561
2842 0 4017
2842 0 4018
2842 0 5460
2842 0 5461
2842 0 2106
2842 0 859
2842 0 636
2843 0 4031
2844 0 1955
2844 0 3525
2844 0 5462
2844 0 5463
2844 0 5464
2845 0 1188
2845 0 1548
2846 0 827
2847 0 1643
2848 0 496
2848 0 5
2849 0 5
2850 0 2057
2851 0 644
2852 0 5123
2854 0 5467
2855 0 5468
2855 0 5469
2858 0 395
2859 0 6
2860 0 349
2861 0 568
2862 0 5473
2863 0 5474
2864 0 641
2865 0 1310
2866 0 352
2867 0 5476
2868 0 5478
2869 0 5479
2870 0 5480
2871 0 440
2871 0 419
2872 0 5481
2874 0 5492
2874 0 5483
2874 0 4972
2874 0 2423
2876 0 3065
2876 0 1375
2877 0 665
2877 0 5
2878 0 5
2880 0 5494
2880 0 2550
2880 0 5495
2881 0 5496
2881 0 5497
2881 0 5498
2881 0 3516
2881 0 1759
2882 0 5290
2882 0 5499
2883 0 1376
2883 0 1786
2884 0 785
2885 0 767
2886 0 3437
2888 0 538
2888 0 2469
2888 0 167
2889 0 1271
2890 0 5
2891 0 5
2892 0 13968
2892 0 13969
2892 0 2090
2892 0 13967
2893 0 5
2894 0 8651
2894 0 62
2895 0 5520
2896 0 1515
2898 0 36
2899 0 3428
2900 0 5079
2901 0 4304
2901 0 1427
2901 0 1823
2902 0 5522
2902 0 2588
2903 0 121
2904 0 601
2906 0 951
2907 0 3465
2908 0 5
2908 0 3625
2908 0 1423
2908 0 691
2908 0 5528
2908 0 5530
2908 0 5531
2909 0 4147
2909 0 1853
2910 0 5534
2910 0 2807
2911 0 5
2912 0 5
2913 0 8
2914 0 3104
2914 0 5536
2914 0 5537
2914 0 5538
2914 0 5539
2914 0 3974
2914 0 103
2914 0 776
2914 0 5535
2914 0 5529
2914 0 1851
2914 0 5405
2914 0 3103
2915 0 2544
2916 0 69
2916 0 5542
2916 0 487
2917 0 5543
2918 0 5545
2919 0 5553
2922 0 1127
2923 0 5
2924 0 568
2925 0 5565
2926 0 3428
2927 0 5
2927 0 8
2927 0 12
2927 0 24
2927 0 539
2927 0 1054
2927 0 32
2927 0 13864
2927 0 3125
2927 0 68
2927 0 1093
2927 0 2634
2927 0 3660
2927 0 81
2927 0 90
2927 0 7260
2927 0 5221
2927 0 3690
2927 0 622
2927 0 2680
2927 0 1165
2927 0 157
2927 0 167
2927 0 2233
2927 0 3269
2927 0 2763
2927 0 209
2927 0 745
2927 0 1263
2927 0 4862
2927 0 3842
2927 0 269
2927 0 2831
2927 0 4371
2927 0 796
2927 0 5411
2927 0 1320
2927 0 815
2927 0 321
2927 0 1345
2927 0 846
2927 0 2904
2927 0 351
2927 0 3454
2927 0 3455
2927 0 397
2927 0 5005
2927 0 1423
2927 0 926
2927 0 428
2927 0 1965
2927 0 431
2927 0 4015
2927 0 4016
2927 0 4025
2927 0 5571
2927 0 5573
2927 0 5574
2927 0 5575
2927 0 968
2927 0 5576
2927 0 5579
2927 0 5581
2927 0 5582
2927 0 5586
2927 0 5595
2927 0 5596
2927 0 5599
2927 0 5601
2927 0 5602
2927 0 5603
2927 0 5607
2927 0 5608
2927 0 5609
2927 0 490
2927 0 4075
2927 0 5610
2927 0 1005
2927 0 5611
2927 0 5612
2927 0 2551
2928 0 1835
2929 0 8
2931 0 1149
2932 0 5618
2933 0 1717
2934 0 1698
2934 0 4426
2934 0 1131
2934 0 5619
2934 0 5621
2934 0 1784
2935 0 795
2937 0 236
2939 0 5367
2940 0 5
2941 0 5626
2942 0 5628
2943 0 5630
2945 0 1347
2945 0 2565
2946 0 670
2947 0 1860
2948 0 5631
2949 0 5632
2950 0 1698
2951 0 643
2952 0 4926
2954 0 578
2954 0 5634
2954 0 2891
2954 0 470
2954 0 1847
2956 0 5639
2957 0 349
2958 0 451
2958 0 5
2958 0 894
2958 0 998
2959 0 5640
2959 0 290
2959 0 655
2961 0 5628
2962 0 1027
2962 0 4164
2962 0 5
2962 0 937
2962 0 5644
2962 0 5646
2962 0 2255
2962 0 1489
2962 0 505
2962 0 474
2963 0 4441
2963 0 81
2963 0 2332
2963 0 5649
2964 0 63
2965 0 898
2965 0 5
2965 0 395
2965 0 397
2965 0 3213
2965 0 4111
2965 0 5650
2965 0 5651
2965 0 5652
2965 0 5653
2965 0 5654
2965 0 5655
2965 0 5656
2965 0 793
2965 0 5657
2965 0 539
2965 0 5658
2965 0 5659
2965 0 3102
2965 0 32
2965 0 1824
2965 0 2722
2965 0 164
2965 0 2227
2965 0 1076
2965 0 2486
2965 0 445
2965 0 1477
2965 0 1351
2965 0 2375
2965 0 2510
2965 0 81
2965 0 2011
2965 0 2015
2965 0 4319
2965 0 3169
2965 0 1644
2965 0 4718
2965 0 496
2965 0 624
2965 0 766
2966 0 1324
2967 0 609
2968 0 13710
2969 0 1580
2970 0 5664
2970 0 5665
2971 0 952
2971 0 5
2972 0 288
2972 0 5666
2972 0 5667
2972 0 2126
2972 0 17
2972 0 626
2972 0 1489
2972 0 3124
2972 0 1302
2973 0 5670
2974 0 5671
2975 0 5
2975 0 5673
2975 0 5678
2975 0 113
2975 0 2303
2979 0 3900
2980 0 730
2980 0 2114
2980 0 5686
2981 0 2118
2981 0 3817
2981 0 5687
2981 0 5688
2981 0 5689
2981 0 5690
2983 0 2336
2984 0 706
2985 0 5697
2985 0 1737
2986 0 8
2987 0 5699
2988 0 5700
2989 0 65
2990 0 5701
2991 0 3836
2992 0 5
2993 0 1196
2994 0 5
2994 0 935
2994 0 5704
2994 0 5705
2994 0 4458
2994 0 5483
2994 0 5706
2994 0 269
2994 0 5357
2994 0 5708
2994 0 5709
2994 0 4627
2994 0 213
2994 0 2424
2995 0 3914
2995 0 5
2995 0 5710
2996 0 3276
2996 0 823
2997 0 5713
2997 0 1037
2999 0 349
3000 0 1842
3000 0 5405
3001 0 5
3002 0 2579
3003 0 451
3005 0 3228
3006 0 349
3007 0 2416
3007 0 5720
3008 0 4871
3009 0 2423
3010 0 499
3010 0 5726
3010 0 5727
3011 0 6
3011 0 1547
3011 0 1548
3011 0 2711
3011 0 1058
3011 0 1711
3011 0 446
3011 0 707
3011 0 5079
3011 0 1241
3011 0 4443
3011 0 3038
3011 0 5729
3011 0 5730
3011 0 5731
3011 0 2660
3011 0 5733
3011 0 5734
3011 0 5735
3011 0 5737
3011 0 1130
3011 0 5738
3011 0 5739
3011 0 5741
3011 0 5742
3011 0 5749
3011 0 1274
3012 0 3488
3013 0 5
3014 0 1814
3014 0 445
3014 0 599
3014 0 519
3015 0 3253
3016 0 1141
3017 0 5752
3018 0 103
3019 0 633
3020 0 601
3020 0 289
3020 0 5754
3020 0 1221
3021 0 5756
3021 0 513
3021 0 732
3021 0 197
3021 0 486
3021 0 8
3021 0 10
3021 0 114
3021 0 1202
3021 0 2293
3021 0 854
3021 0 3158
3021 0 444
3021 0 1566
3021 0 1727
3022 0 961
3023 0 3179
3024 0 5
3025 0 998
3026 0 5760
3027 0 3807
3028 0 5762
3029 0 5763
3029 0 2798
3029 0 767
3030 0 2720
3030 0 898
3030 0 5
3030 0 3237
3030 0 2631
3030 0 5765
3030 0 5766
3030 0 2762
3030 0 4875
3030 0 204
3030 0 13865
3030 0 4975
3031 0 5767
3031 0 103
3032 0 5242
3033 0 2689
3033 0 5768
3033 0 5769
3033 0 5770
3033 0 5771
3033 0 5772
3033 0 5774
3033 0 5775
3033 0 3998
3033 0 681
3033 0 2349
3033 0 568
3033 0 702
3033 0 74
3033 0 465
3033 0 849
3033 0 1362
3033 0 1623
3033 0 110
3033 0 3579
3033 0 1148
3034 0 5776
3035 0 8
3037 0 548
3037 0 5
3037 0 679
3037 0 103
3037 0 1903
3038 0 568
3039 0 5778
3039 0 6735
3040 0 5
3041 0 5
3043 0 160
3043 0 2297
3044 0 4746
3044 0 539
3044 0 2019
3045 0 360
3045 0 4284
3045 0 2598
3045 0 255
3046 0 4424
3047 0 8
3047 0 5783
3048 0 385
3049 0 10
3049 0 1301
3050 0 437
3051 0 413
3052 0 467
3052 0 351
3053 0 2116
3054 0 431
3055 0 1805
3056 0 90
3057 0 209
3057 0 1578
3057 0 957
3059 0 206
3059 0 5791
3060 0 5793
3060 0 823
3060 0 1615
3060 0 592
3060 0 855
3060 0 3963
3061 0 2020
3062 0 65
3063 0 2280
3064 0 1207
3065 0 269
3065 0 1854
3066 0 1506
3067 0 4831
3068 0 3699
3068 0 5804
3070 0 1398
3071 0 1513
3072 0 5807
3073 0 5809
3073 0 5810
3074 0 5812
3075 0 2852
3076 0 5814
3077 0 385
3077 0 3457
3077 0 609
3077 0 4264
3077 0 937
3077 0 5819
3078 0 955
3078 0 5822
3080 0 2707
3083 0 68
3084 0 3776
3085 0 269
3086 0 445
3086 0 950
3087 0 1840
3087 0 1884
3089 0 3972
3090 0 5832
3091 0 692
3091 0 854
3092 0 3062
3094 0 819
3095 0 1017
3096 0 703
3096 0 813
3096 0 103
3097 0 5
3098 0 5840
3099 0 5841
3100 0 5
3101 0 866
3101 0 1556
3101 0 5846
3101 0 5847
3101 0 5848
3101 0 2234
3102 0 103
3104 0 5
3106 0 338
3107 0 1860
3107 0 284
3107 0 285
3107 0 5854
3107 0 5855
3108 0 5858
3108 0 2660
3108 0 5
3108 0 843
3108 0 5460
3109 0 5861
3109 0 3190
3110 0 2171
3110 0 3556
3112 0 4906
3113 0 212
3114 0 5868
3115 0 3073
3115 0 5
3115 0 4999
3115 0 10
3115 0 273
3115 0 800
3115 0 422
3115 0 1839
3115 0 1460
3115 0 1465
3115 0 3523
3115 0 329
3115 0 5454
3115 0 5079
3115 0 90
3115 0 1634
3115 0 103
3115 0 5870
3115 0 5871
3115 0 5872
3115 0 5874
3115 0 5875
3115 0 5877
3115 0 5880
3115 0 5881
3115 0 5882
3115 0 5883
3115 0 5885
3116 0 2156
3116 0 382
3117 0 2147
3117 0 4995
3117 0 5891
3117 0 5892
3117 0 5893
3117 0 5352
3117 0 1065
3117 0 490
3117 0 971
3117 0 3275
3117 0 5894
3117 0 558
3117 0 3055
3117 0 5895
3117 0 5554
3117 0 2902
3117 0 823
3117 0 3964
3118 0 5897
3119 0 5898
3120 0 765
3121 0 5902
3122 0 5903
3123 0 677
3124 0 5904
3125 0 91
3125 0 763
3126 0 5850
3127 0 5905
3128 0 5908
3128 0 5733
3129 0 3271
3129 0 151
3130 0 1142
3131 0 4266
3132 0 1939
3132 0 1941
3132 0 1942
3132 0 1943
3133 0 74
3134 0 5913
3134 0 5914
3134 0 5915
3135 0 110
3136 0 356
3136 0 12
3137 0 2850
3137 0 13698
3137 0 1061
3137 0 4974
3137 0 601
3137 0 5917
3138 0 5921
3140 0 1230
3142 0 2715
3142 0 645
3143 0 5928
3143 0 5929
3143 0 5930
3144 0 5
3145 0 1968
3146 0 5931
3147 0 2030
3148 0 349
3150 0 5
3151 0 727
3152 0 257
3152 0 1732
3152 0 868
3152 0 3977
3152 0 1167
3152 0 5936
3152 0 5937
3152 0 3804
3153 0 5938
3153 0 5251
3154 0 5939
3155 0 288
3156 0 5941
3156 0 5942
3157 0 5943
3158 0 5944
3159 0 365
3160 0 134
3161 0 5945
3162 0 5946
3164 0 5948
3165 0 73
3165 0 422
3166 0 4928
3167 0 5950
3168 0 3744
3168 0 5952
3168 0 1061
3168 0 293
3168 0 4327
3168 0 2189
3168 0 526
3168 0 110
3168 0 4528
3168 0 4974
3168 0 5389
3168 0 2227
3168 0 1271
3168 0 4253
3168 0 1374
3168 0 159
3169 0 5956
3170 0 8
3171 0 2007
3173 0 5
3174 0 32
3174 0 1899
3175 0 4910
3176 0 2356
3177 0 5965
3179 0 240
3180 0 5
3181 0 5969
3182 0 5972
3183 0 95
3185 0 5984
3185 0 2280
3185 0 5481
3185 0 952
3185 0 2685
3185 0 5982
3185 0 4991
3186 0 298
3186 0 4535
3187 0 362
3187 0 5986
3187 0 4682
3187 0 854
3188 0 1110
3189 0 482
3189 0 226
3189 0 5987
3189 0 4614
3189 0 5990
3189 0 203
3189 0 140
3189 0 2476
3189 0 4205
3191 0 5991
3192 0 5992
3192 0 5
3193 0 4274
3193 0 5996
3194 0 601
3195 0 1311
3196 0 3102
3197 0 850
3198 0 411
3199 0 876
3199 0 5999
3199 0 6000
3199 0 5009
3199 0 6001
3199 0 6002
3199 0 6003
3199 0 6004
3199 0 1527
3199 0 1183
3200 0 13973
3201 0 1117
3203 0 5
3204 0 6017
3204 0 6018
3204 0 356
3204 0 806
3204 0 4828
3205 0 288
3207 0 3707
3208 0 6019
3209 0 6020
3210 0 248
3210 0 467
3210 0 6022
3210 0 3743
3211 0 1584
3213 0 4758
3214 0 5
3214 0 651
3214 0 6027
3214 0 1485
3214 0 3441
3214 0 691
3214 0 4723
3214 0 6035
3214 0 662
3214 0 599
3214 0 445
3215 0 2825
3215 0 6025
3215 0 1951
3216 0 827
3216 0 98
3216 0 68
3216 0 5
3216 0 231
3216 0 2632
3216 0 745
3216 0 3271
3216 0 6044
3216 0 558
3216 0 814
3216 0 2514
3216 0 2489
3216 0 6041
3216 0 571
3216 0 2748
3218 0 72
3218 0 5642
3219 0 4574
3220 0 2789
3221 0 6052
3222 0 6053
3223 0 720
3223 0 5724
3223 0 6054
3224 0 6055
3224 0 872
3224 0 6056
3224 0 433
3224 0 1562
3224 0 1374
3225 0 188
3226 0 3517
3227 0 3080
3227 0 6057
3227 0 578
3227 0 1335
3228 0 6058
3230 0 6060
3230 0 6061
3230 0 3166
3231 0 5407
3232 0 4452
3232 0 613
3232 0 2085
3232 0 4614
3232 0 4937
3232 0 203
3232 0 5742
3232 0 6071
3232 0 2388
3232 0 2325
3232 0 182
3232 0 4983
3232 0 4794
3232 0 6068
3232 0 90
3232 0 6069
3232 0 188
3232 0 6070
3233 0 269
3234 0 160
3234 0 127
3235 0 1008
3235 0 6072
3236 0 2789
3237 0 117
3238 0 6073
3239 0 3561
3240 0 533
3240 0 62
3241 0 5
3242 0 8
3242 0 2433
3242 0 2245
3242 0 503
3243 0 1121
3243 0 6075
3243 0 1117
3243 0 2111
3244 0 3694
3245 0 2384
3246 0 5
3246 0 784
3246 0 18
3246 0 3090
3246 0 1046
3246 0 666
3246 0 3752
3246 0 3505
3246 0 5047
3246 0 1084
3246 0 3261
3246 0 65
3246 0 6083
3246 0 81
3246 0 2257
3246 0 1378
3246 0 995
3246 0 126
3246 0 240
3246 0 117
3246 0 634
3246 0 510
3247 0 6087
3248 0 6088
3250 0 265
3251 0 5
3253 0 329
3253 0 2251
3253 0 6092
3253 0 599
3253 0 445
3255 0 5
3256 0 4272
3257 0 4864
3258 0 6105
3259 0 4864
3260 0 6106
3261 0 275
3261 0 645
3261 0 2559
3262 0 8
3262 0 95
3263 0 3317
3263 0 6110
3263 0 1071
3264 0 269
3265 0 6115
3266 0 5
3266 0 6118
3267 0 651
3267 0 767
3268 0 1592
3269 0 2304
3270 0 486
3271 0 6145
3271 0 514
3271 0 6146
3271 0 5
3271 0 6151
3271 0 6153
3271 0 6154
3271 0 1043
3271 0 1431
3271 0 2841
3271 0 5020
3271 0 5404
3271 0 940
3271 0 1585
3271 0 3761
3271 0 6141
3271 0 1847
3271 0 578
3271 0 707
3271 0 2371
3271 0 3664
3271 0 734
3271 0 5728
3271 0 5737
3271 0 109
3271 0 6125
3271 0 6126
3271 0 6127
3271 0 6128
3271 0 6129
3271 0 6130
3271 0 244
3271 0 245
3271 0 3445
3271 0 1271
3271 0 4213
3271 0 6132
3271 0 1020
3271 0 2813
3271 0 6142
3271 0 6143
3272 0 81
3273 0 994
3273 0 4516
3273 0 2565
3273 0 1806
3273 0 4976
3274 0 1585
3274 0 6162
3274 0 3213
3275 0 672
3275 0 4392
3275 0 5059
3276 0 3994
3277 0 6165
3278 0 6166
3280 0 8
3281 0 69
3281 0 626
3281 0 2165
3281 0 1622
3281 0 6170
3282 0 1445
3284 0 2403
3285 0 266
3286 0 645
3287 0 2009
3288 0 5
3290 0 4916
3291 0 6175
3292 0 4057
3292 0 6177
3293 0 1024
3293 0 290
3293 0 6178
3293 0 68
3293 0 6181
3293 0 5990
3293 0 6182
3293 0 2413
3293 0 4724
3293 0 5883
3294 0 1669
3294 0 4022
3294 0 599
3295 0 1061
3295 0 5
3295 0 6184
3295 0 4048
3295 0 4018
3295 0 2365
3295 0 1757
3296 0 6187
3297 0 68
3298 0 395
3299 0 480
3300 0 1552
3300 0 637
3300 0 1550
3300 0 1551
3302 0 5
3303 0 269
3304 0 6192
3305 0 5
3305 0 127
3306 0 3466
3306 0 6194
3307 0 6197
3308 0 6199
3309 0 3439
3310 0 8
3311 0 123
3311 0 645
3312 0 6200
3313 0 5648
3313 0 5710
3313 0 582
3314 0 8
3314 0 3324
3314 0 2615
3315 0 480
3315 0 6122
3315 0 2356
3316 0 2892
3316 0 3198
3317 0 1260
3318 0 349
3319 0 6208
3319 0 6209
3319 0 1890
3319 0 6211
3319 0 6212
3319 0 6213
3319 0 1670
3319 0 2824
3319 0 6203
3319 0 940
3319 0 6102
3319 0 2075
3319 0 6204
3319 0 6205
3320 0 3264
3320 0 65
3320 0 1028
3320 0 389
3320 0 6217
3320 0 3406
3320 0 178
3320 0 3252
3320 0 1558
3320 0 3226
3320 0 1083
3320 0 3836
3321 0 5131
3322 0 6223
3324 0 2665
3324 0 1396
3324 0 6228
3325 0 5710
3325 0 1470
3325 0 1374
3325 0 2231
3326 0 6229
3326 0 3325
3327 0 6230
3328 0 81
3329 0 269
3330 0 91
3331 0 3704
3332 0 6233
3332 0 578
3332 0 4985
3332 0 437
3332 0 2712
3332 0 601
3332 0 6235
3333 0 5
3335 0 114
3336 0 8
3336 0 1345
3337 0 2244
3339 0 490
3340 0 4621
3341 0 6241
3341 0 3623
3342 0 6242
3342 0 5
3343 0 5
3344 0 6244
3344 0 269
3344 0 1457
3344 0 1266
3344 0 1620
3344 0 3704
3345 0 6155
3345 0 1643
3345 0 805
3346 0 496
3346 0 6245
3347 0 3202
3347 0 259
3347 0 269
3347 0 529
3347 0 2324
3347 0 3231
3347 0 1316
3347 0 5808
3347 0 2101
3347 0 2106
3347 0 2754
3347 0 4810
3347 0 2256
3347 0 2388
3347 0 4455
3347 0 4330
3347 0 6250
3347 0 6252
3347 0 4461
3347 0 494
3347 0 750
3347 0 496
3347 0 4720
3347 0 6253
3347 0 6254
3347 0 3071
3348 0 496
3349 0 6257
3350 0 5
3351 0 2867
3352 0 5
3354 0 1142
3355 0 2545
3356 0 4065
3358 0 5
3359 0 8
3360 0 1479
3360 0 615
3360 0 6264
3360 0 6265
3360 0 6266
3360 0 6267
3360 0 6268
3361 0 4622
3361 0 662
3361 0 3932
3361 0 6270
3361 0 6271
3362 0 3233
3362 0 1755
3362 0 1852
3362 0 6183
3363 0 355
3364 0 1046
3365 0 299
3366 0 2077
3367 0 6189
3368 0 6272
3369 0 5
3370 0 6273
3371 0 5
3373 0 624
3374 0 3064
3374 0 41
3375 0 1720
3376 0 1426
3376 0 5890
3376 0 1421
3376 0 2238
3377 0 289
3377 0 5410
3377 0 1027
3377 0 6274
3377 0 237
3377 0 2064
3377 0 2835
3377 0 1972
3377 0 3671
3377 0 3996
3377 0 4926
3378 0 6275
3379 0 2720
3380 0 1090
3380 0 1207
3381 0 531
3383 0 6277
3384 0 618
3386 0 846
3386 0 4279
3387 0 1729
3387 0 579
3387 0 163
3387 0 198
3387 0 391
3387 0 1805
3387 0 1780
3387 0 149
3388 0 1146
3389 0 6280
3389 0 1609
3389 0 3276
3389 0 6279
3390 0 5
3391 0 6282
3391 0 6283
3391 0 6284
3391 0 6285
3392 0 2341
3393 0 5
3394 0 36
3394 0 6
3394 0 6027
3394 0 1933
3394 0 1838
3394 0 2126
3394 0 6286
3394 0 1489
3394 0 626
3395 0 6236
3396 0 6289
3397 0 6291
3399 0 1643
3400 0 6293
3401 0 6294
3402 0 6295
3404 0 6296
3405 0 6299
3405 0 349
3406 0 873
3406 0 6301
3407 0 5090
3407 0 2019
3407 0 6306
3407 0 6307
3407 0 742
3407 0 6308
3407 0 4201
3407 0 4810
3407 0 172
3407 0 846
3407 0 2064
3407 0 1727
3407 0 690
3407 0 6132
3407 0 539
3407 0 863
3408 0 443
3408 0 6309
3408 0 6310
3409 0 4141
3410 0 8
3411 0 2016
3411 0 2801
3412 0 6311
3413 0 7909
3415 0 2925
3416 0 304
3416 0 3852
3417 0 5348
3418 0 3849
3418 0 6314
3418 0 5496
3418 0 793
3418 0 126
3420 0 3584
3421 0 3169
3421 0 1378
3421 0 2551
3421 0 1061
3421 0 901
3421 0 1351
3421 0 4039
3421 0 394
3421 0 1646
3421 0 6318
3421 0 6319
3421 0 4561
3421 0 6320
3421 0 275
3421 0 6323
3421 0 1847
3421 0 3773
3423 0 1824
3423 0 1374
3424 0 5094
3425 0 5157
3425 0 1142
3427 0 5
3428 0 5000
3428 0 5014
3428 0 4377
3428 0 2720
3428 0 4384
3428 0 3498
3428 0 5034
3428 0 1454
3428 0 3503
3428 0 6325
3428 0 6326
3428 0 6327
3428 0 6328
3428 0 4665
3428 0 4793
3428 0 1722
3428 0 4796
3428 0 2371
3428 0 4291
3428 0 199
3428 0 1740
3428 0 1622
3428 0 866
3428 0 3304
3428 0 3819
3428 0 1132
3429 0 894
3430 0 3270
3432 0 2664
3432 0 6333
3432 0 2381
3432 0 3663
3433 0 6337
3435 0 6339
3436 0 389
3436 0 394
3436 0 3340
3436 0 3214
3436 0 275
3436 0 3610
3436 0 6429
3436 0 930
3436 0 803
3436 0 420
3436 0 13737
3436 0 940
3436 0 6064
3436 0 178
3436 0 437
3436 0 2231
3436 0 4027
3436 0 6340
3436 0 837
3436 0 6341
3436 0 6343
3436 0 6345
3436 0 6347
3436 0 6348
3436 0 1230
3436 0 466
3436 0 3038
3436 0 95
3436 0 120
3436 0 505
3437 0 5
3438 0 6351
3439 0 4317
3440 0 352
3440 0 8
3440 0 464
3440 0 81
3440 0 2352
3440 0 1621
3440 0 2394
3441 0 5650
3442 0 5374
3443 0 6355
3443 0 998
3444 0 4278
3445 0 2565
3446 0 6357
3446 0 6358
3446 0 63
3447 0 6359
3448 0 3523
3449 0 2722
3450 0 6361
3450 0 2020
3451 0 5
3452 0 269
3452 0 4533
3452 0 1751
3452 0 6363
3452 0 6364
3452 0 6365
3453 0 1467
3454 0 6367
3455 0 4416
3455 0 755
3455 0 1407
3456 0 4322
3457 0 6369
3457 0 203
3457 0 140
3457 0 141
3458 0 6372
3459 0 2007
3461 0 3061
3462 0 2436
3462 0 6373
3462 0 5
3462 0 6374
3462 0 4818
3464 0 1538
3464 0 901
3464 0 4245
3464 0 151
3464 0 4376
3464 0 3996
3464 0 4775
3464 0 5170
3464 0 4665
3464 0 5308
3464 0 445
3464 0 579
3464 0 4036
3464 0 3397
3464 0 198
3464 0 845
3464 0 4046
3464 0 464
3464 0 3552
3464 0 5221
3464 0 6376
3464 0 6377
3464 0 106
3464 0 6378
3464 0 6382
3464 0 6385
3464 0 2290
3464 0 6388
3464 0 6391
3464 0 6392
3464 0 6394
3464 0 6395
3464 0 6398
3464 0 6399
3465 0 5022
3466 0 6400
3466 0 4961
3470 0 6405
3471 0 5
3472 0 128
3472 0 5197
3472 0 1142
3473 0 5152
3473 0 1824
3473 0 5400
3473 0 6406
3473 0 1240
3474 0 1244
3474 0 5
3474 0 3270
3475 0 6407
3476 0 6408
3476 0 137
3476 0 6409
3476 0 203
3476 0 982
3476 0 1815
3477 0 6410
3478 0 6411
3478 0 2199
3479 0 13962
3479 0 6412
3479 0 6413
3479 0 6414
3479 0 4655
3480 0 860
3480 0 5
3481 0 1732
3482 0 5
3483 0 5616
3484 0 304
3486 0 987
3487 0 465
3487 0 2002
3487 0 2247
3488 0 6419
3488 0 1156
3488 0 1349
3489 0 6421
3490 0 8
3490 0 1034
3490 0 3342
3490 0 1553
3490 0 3345
3490 0 4883
3490 0 3092
3490 0 3093
3490 0 6290
3490 0 6423
3490 0 6424
3490 0 6426
3490 0 6427
3490 0 5374
3490 0 6430
3490 0 288
3490 0 6432
3490 0 6433
3490 0 6434
3490 0 6436
3490 0 6437
3490 0 6438
3490 0 6439
3490 0 4264
3490 0 5802
3490 0 1199
3490 0 176
3490 0 6065
3490 0 690
3490 0 2487
3490 0 4684
3490 0 845
3490 0 5076
3490 0 2645
3490 0 1752
3490 0 1374
3490 0 1375
3490 0 1376
3490 0 1377
3490 0 1378
3490 0 355
3490 0 357
3490 0 1774
3490 0 4335
3490 0 2812
3490 0 3838
3491 0 104
3492 0 8
3493 0 2598
3494 0 1708
3495 0 5700
3495 0 805
3495 0 750
3495 0 4216
3495 0 6458
3495 0 6459
3495 0 765
3496 0 5216
3496 0 6461
3497 0 6464
3497 0 6466
3497 0 3146
3497 0 3185
3497 0 3186
3498 0 1936
3498 0 1937
3498 0 1938
3498 0 1940
3498 0 1941
3498 0 1942
3498 0 1943
3498 0 1945
3498 0 1946
3498 0 5664
3498 0 700
3498 0 701
3498 0 6468
3498 0 6469
3498 0 6470
3498 0 6472
3498 0 6473
3498 0 6475
3498 0 6477
3498 0 1367
3498 0 1629
3498 0 353
3498 0 635
3498 0 125
3499 0 6480
3501 0 4026
3502 0 6481
3503 0 5
3504 0 1460
3505 0 5068
3506 0 1626
3508 0 5
3509 0 8
3510 0 1539
3510 0 6
3510 0 1546
3510 0 5651
3510 0 2609
3510 0 2627
3510 0 3143
3510 0 6217
3510 0 5199
3510 0 4176
3510 0 3671
3510 0 1125
3510 0 4212
3510 0 3703
3510 0 3207
3510 0 3214
3510 0 2722
3510 0 163
3510 0 679
3510 0 168
3510 0 685
3510 0 3255
3510 0 3257
3510 0 3261
3510 0 2255
3510 0 3290
3510 0 750
3510 0 2801
3510 0 1271
3510 0 265
3510 0 1814
3510 0 5912
3510 0 793
3510 0 805
3510 0 5931
3510 0 5424
3510 0 1336
3510 0 1344
3510 0 2376
3510 0 6482
3510 0 6483
3510 0 6484
3510 0 6485
3510 0 6486
3510 0 6487
3510 0 6488
3510 0 6489
3510 0 6491
3510 0 6492
3510 0 6493
3510 0 6495
3510 0 6496
3510 0 6497
3510 0 3426
3510 0 867
3510 0 6498
3510 0 6499
3510 0 1894
3510 0 6500
3510 0 6501
3510 0 6502
3510 0 6504
3510 0 6505
3510 0 6506
3510 0 6508
3510 0 6509
3510 0 6511
3510 0 6512
3510 0 6513
3510 0 6514
3510 0 6515
3510 0 911
3510 0 6044
3510 0 413
3510 0 6049
3510 0 6066
3510 0 1461
3510 0 4026
3510 0 1477
3510 0 4037
3510 0 5065
3510 0 1486
3510 0 3031
3510 0 1016
3510 0 2525
3510 0 6112
3510 0 6131
3510 0 2552
3513 0 774
3515 0 3590
3515 0 3214
3515 0 1809
3515 0 1810
3515 0 406
3515 0 7832
3515 0 3228
3515 0 6429
3515 0 2462
3515 0 4516
3515 0 1061
3515 0 6521
3515 0 6522
3515 0 6063
3515 0 4784
3515 0 6064
3515 0 179
3515 0 310
3515 0 2113
3515 0 2375
3515 0 2124
3515 0 847
3515 0 601
3515 0 475
3515 0 1374
3515 0 102
3515 0 3837
3515 0 3562
3515 0 7807
3515 0 3187
3515 0 4213
3515 0 4857
3515 0 6517
3515 0 6520
3515 0 2297
3515 0 2298
3515 0 6523
3515 0 6524
3515 0 3197
3515 0 6526
3515 0 6527
3516 0 539
3517 0 6528
3519 0 5
3520 0 2868
3521 0 973
3522 0 6529
3523 0 6010
3524 0 6530
3524 0 6531
3524 0 5
3524 0 4296
3524 0 4445
3525 0 852
3526 0 6533
3527 0 1579
3528 0 5
3529 0 288
3529 0 3875
3530 0 257
3530 0 645
3530 0 6534
3530 0 519
3530 0 6535
3530 0 6537
3530 0 6538
3530 0 6539
3530 0 4881
3530 0 4882
3530 0 2711
3530 0 792
3530 0 537
3530 0 1052
3530 0 6429
3530 0 1452
3530 0 2094
3530 0 53
3530 0 438
3530 0 1852
3530 0 62
3530 0 65
3530 0 1607
3530 0 4681
3530 0 4566
3530 0 732
3530 0 3804
3530 0 226
3530 0 995
3530 0 4460
3530 0 4461
3530 0 1135
3530 0 3570
3530 0 628
3530 0 2165
3530 0 3836
3531 0 3218
3532 0 4388
3533 0 290
3534 0 2551
3535 0 1411
3535 0 1539
3535 0 5
3535 0 6540
3535 0 6541
3535 0 6542
3535 0 1935
3535 0 6543
3535 0 6544
3535 0 6546
3535 0 6547
3535 0 6549
3535 0 6550
3535 0 6551
3535 0 2233
3535 0 571
3535 0 5199
3535 0 3169
3535 0 867
3535 0 3814
3535 0 381
3535 0 249
3535 0 1021
3536 0 2441
3536 0 4235
3536 0 1549
3537 0 4864
3537 0 6552
3537 0 375
3538 0 6431
3539 0 6554
3540 0 6555
3540 0 6557
3541 0 5
3542 0 12368
3542 0 451
3542 0 5
3543 0 250
3544 0 806
3545 0 6558
3546 0 385
3546 0 95
3548 0 296
3549 0 8
3550 0 6560
3550 0 6561
3550 0 5491
3551 0 269
3551 0 5
3552 0 2573
3553 0 5
3553 0 2565
3553 0 5381
3553 0 266
3553 0 149
3553 0 533
3553 0 539
3553 0 6562
3553 0 6564
3553 0 6565
3553 0 808
3553 0 6568
3553 0 6569
3553 0 6570
3553 0 4528
3553 0 3125
3553 0 196
3553 0 68
3553 0 2116
3553 0 2628
3553 0 1096
3553 0 6485
3553 0 1623
3553 0 860
3553 0 3036
3553 0 351
3553 0 2660
3553 0 1640
3553 0 2280
3553 0 5738
3553 0 1899
3553 0 506
3553 0 1274
3554 0 795
3556 0 6571
3557 0 901
3557 0 998
3557 0 950
3557 0 3035
3557 0 1755
3560 0 3352
3561 0 288
3561 0 4499
3562 0 6572
3563 0 114
3564 0 6573
3565 0 2416
3565 0 1588
3566 0 5
3567 0 690
3567 0 213
3568 0 901
3569 0 4493
3570 0 3247
3571 0 144
3572 0 3788
3574 0 1477
3574 0 1546
3574 0 1835
3574 0 240
3574 0 6576
3574 0 631
3574 0 510
3575 0 103
3576 0 349
3577 0 24
3577 0 5
3578 0 2507
3579 0 269
3580 0 451
3580 0 8
3580 0 2632
3580 0 6577
3580 0 157
3581 0 5
3582 0 811
3583 0 796
3584 0 2020
3584 0 189
3585 0 2336
3586 0 6578
3587 0 6579
3587 0 6580
3588 0 1044
3588 0 6581
3591 0 6583
3591 0 1437
3591 0 454
3591 0 375
3592 0 5
3592 0 2891
3592 0 3092
3592 0 215
3592 0 6584
3592 0 4412
3592 0 6495
3595 0 6586
3595 0 18
3595 0 266
3595 0 510
3596 0 5
3597 0 5
3598 0 1272
3598 0 1984
3598 0 2592
3598 0 2625
3598 0 12558
3598 0 3856
3598 0 11730
3598 0 2261
3598 0 6587
3598 0 376
3598 0 13977
3598 0 2939
3598 0 6588
3598 0 863
3599 0 196
3601 0 6589
3601 0 607
3602 0 5
3604 0 6590
3605 0 763
3606 0 3417
3606 0 6591
3607 0 6592
3608 0 2618
3611 0 4935
3612 0 572
3614 0 75
3614 0 6596
3614 0 6595
3615 0 24
3616 0 6597
3616 0 793
3616 0 1578
3616 0 2101
3617 0 1351
3618 0 451
3619 0 6598
3620 0 2660
3621 0 894
3621 0 6599
3622 0 3437
3623 0 1622
3624 0 395
3625 0 5
3626 0 6600
3628 0 5
3630 0 877
3631 0 717
3632 0 641
3632 0 5
3632 0 1190
3632 0 13481
3632 0 6602
3632 0 6603
3632 0 6604
3632 0 6606
3632 0 463
3632 0 850
3632 0 5467
3632 0 985
3632 0 1242
3632 0 2491
3632 0 1853
3633 0 163
3633 0 2374
3633 0 358
3633 0 3590
3633 0 5031
3633 0 3819
3633 0 268
3633 0 6607
3633 0 6608
3633 0 6609
3633 0 6610
3633 0 13585
3633 0 2487
3633 0 3483
3633 0 11807
3634 0 6611
3635 0 2801
3636 0 289
3636 0 1314
3636 0 2835
3637 0 5804
3638 0 1302
3639 0 5
3640 0 533
3641 0 1628
3642 0 3902
3643 0 568
3643 0 3169
3643 0 4576
3643 0 5534
3644 0 6612
3645 0 4233
3645 0 910
3646 0 5
3647 0 64
3648 0 5579
3649 0 6488
3650 0 5
3650 0 785
3650 0 6613
3650 0 6614
3650 0 1242
3651 0 3267
3652 0 4403
3652 0 1357
3653 0 717
3654 0 437
3655 0 6615
3656 0 1489
3656 0 18
3656 0 5
3658 0 81
3658 0 6617
3658 0 1494
3659 0 5047
3660 0 4458
3662 0 5481
3662 0 652
3663 0 5
3664 0 2712
3665 0 568
3666 0 6618
3668 0 6619
3669 0 6620
3669 0 6621
3670 0 6622
3671 0 1332
3672 0 5
3673 0 1301
3674 0 6623
3675 0 6624
3675 0 6625
3675 0 6628
3675 0 1653
3676 0 6252
3678 0 2898
3678 0 6629
3678 0 2902
3679 0 1429
3680 0 898
3680 0 103
3681 0 5191
3682 0 1079
3683 0 6630
3684 0 641
3685 0 1295
3686 0 90
3688 0 6016
3689 0 2015
3690 0 2560
3690 0 8
3690 0 6632
3690 0 6633
3690 0 2094
3690 0 157
3693 0 421
3693 0 1413
3693 0 4614
3693 0 4234
3693 0 6635
3693 0 6636
3693 0 785
3693 0 90
3693 0 1020
3694 0 6252
3695 0 1910
3696 0 5
3696 0 6635
3696 0 6637
3696 0 3310
3696 0 4623
3696 0 6639
3696 0 6641
3696 0 6642
3696 0 6643
3696 0 5339
3696 0 1054
3697 0 2406
3698 0 349
3699 0 1792
3699 0 6647
3699 0 4132
3699 0 1093
3699 0 5
3699 0 1223
3699 0 6616
3699 0 6648
3699 0 4301
3699 0 6644
3699 0 6645
3699 0 4214
3699 0 6646
3699 0 3224
3699 0 6041
3699 0 6331
3699 0 5023
3699 0 1727
3700 0 6649
3701 0 4967
3703 0 806
3704 0 2049
3706 0 2648
3707 0 5042
3708 0 841
3708 0 5554
3708 0 123
3708 0 6651
3709 0 262
3710 0 1422
3711 0 1270
3712 0 368
3713 0 151
3715 0 2891
3716 0 582
3717 0 1545
3717 0 3858
3718 0 6293
3719 0 4026
3719 0 3340
3720 0 6652
3720 0 103
3721 0 6653
3723 0 2488
3724 0 1024
3724 0 6656
3724 0 290
3724 0 859
3724 0 6657
3724 0 6658
3724 0 2023
3724 0 2120
3724 0 6655
3724 0 81
3724 0 4149
3724 0 793
3724 0 283
3724 0 284
3724 0 285
3724 0 445
3725 0 1539
3725 0 2565
3725 0 6
3725 0 6662
3725 0 8
3725 0 6663
3725 0 6664
3725 0 6665
3725 0 6666
3725 0 1549
3725 0 6667
3725 0 6668
3725 0 6669
3725 0 6670
3725 0 18
3725 0 6671
3725 0 6672
3725 0 6673
3725 0 6674
3725 0 6675
3725 0 6676
3725 0 6678
3725 0 6679
3725 0 6681
3725 0 6682
3725 0 6683
3725 0 6684
3725 0 6686
3725 0 6687
3725 0 6688
3725 0 6689
3725 0 6691
3725 0 6692
3725 0 6693
3725 0 6695
3725 0 558
3725 0 2611
3725 0 65
3725 0 578
3725 0 4674
3725 0 580
3725 0 4164
3725 0 582
3725 0 1617
3725 0 3681
3725 0 3172
3725 0 1130
3725 0 114
3725 0 627
3725 0 4213
3725 0 645
3725 0 1680
3725 0 4245
3725 0 1686
3725 0 672
3725 0 3233
3725 0 164
3725 0 3748
3725 0 167
3725 0 174
3725 0 4270
3725 0 692
3725 0 1211
3725 0 1728
3725 0 2245
3725 0 720
3725 0 234
3725 0 3826
3725 0 5876
3725 0 1271
3725 0 248
3725 0 265
3725 0 1809
3725 0 289
3725 0 1314
3725 0 803
3725 0 299
3725 0 1838
3725 0 1336
3725 0 4409
3725 0 5956
3725 0 326
3725 0 1876
3725 0 854
3725 0 859
3725 0 349
3725 0 1374
3725 0 351
3725 0 1382
3725 0 1899
3725 0 3437
3725 0 2927
3725 0 884
3725 0 1411
3725 0 5514
3725 0 5006
3725 0 1435
3725 0 413
3725 0 4514
3725 0 4528
3725 0 4031
3725 0 5060
3725 0 5069
3725 0 465
3725 0 6097
3725 0 467
3725 0 474
3725 0 4060
3725 0 5597
3725 0 995
3725 0 490
3725 0 6649
3725 0 2558
3726 0 2736
3726 0 3500
3726 0 1844
3727 0 1095
3728 0 774
3729 0 6696
3730 0 772
3730 0 774
3730 0 1680
3730 0 6697
3730 0 6699
3730 0 6700
3730 0 4013
3730 0 6701
3730 0 6703
3730 0 6704
3730 0 3505
3730 0 6705
3730 0 179
3730 0 2356
3730 0 951
3730 0 450
3730 0 2115
3730 0 1613
3730 0 1358
3730 0 5970
3730 0 4975
3730 0 2801
3730 0 123
3731 0 6707
3732 0 2417
3732 0 4363
3733 0 496
3735 0 5305
3735 0 6682
3735 0 1701
3736 0 74
3736 0 269
3738 0 3477
3739 0 1463
3740 0 506
3740 0 6710
3741 0 6711
3742 0 772
3742 0 5
3742 0 198
3742 0 774
3742 0 6715
3742 0 237
3742 0 6713
3742 0 4721
3742 0 2290
3742 0 691
3742 0 4723
3742 0 6712
3742 0 793
3742 0 6714
3742 0 91
3742 0 6717
3744 0 5065
3744 0 349
3745 0 886
3746 0 4502
3747 0 6718
3750 0 5002
3751 0 11690
3751 0 565
3752 0 1344
3752 0 578
3752 0 1187
3752 0 5700
3752 0 901
3752 0 6027
3752 0 4972
3752 0 717
3752 0 1391
3752 0 849
3752 0 1110
3752 0 888
3752 0 3451
3752 0 1374
3754 0 6720
3754 0 6721
3754 0 5
3754 0 490
3754 0 4330
3754 0 1102
3755 0 5
3756 0 704
3756 0 2325
3757 0 5152
3757 0 5409
3757 0 6722
3757 0 6723
3757 0 6724
3757 0 5
3757 0 3557
3757 0 3367
3757 0 558
3757 0 1774
3757 0 1970
3757 0 4468
3757 0 1590
3757 0 1975
3757 0 1209
3757 0 2042
3757 0 1147
3757 0 253
3758 0 6727
3760 0 6728
3761 0 5
3762 0 6730
3762 0 5236
3763 0 12
3764 0 5
3765 0 336
3765 0 1501
3765 0 237
3766 0 1018
3767 0 3436
3768 0 3187
3769 0 6731
3769 0 1876
3770 0 240
3770 0 6732
3772 0 393
3774 0 5
3774 0 6376
3774 0 521
3774 0 3755
3774 0 3435
3774 0 6734
3774 0 848
3774 0 6736
3774 0 6737
3774 0 6738
3774 0 6739
3774 0 6740
3774 0 4697
3775 0 290
3775 0 5993
3775 0 3051
3775 0 4910
3775 0 6741
3775 0 6742
3775 0 4250
3775 0 1950
3776 0 5
3777 0 901
3777 0 454
3777 0 2250
3777 0 5650
3777 0 727
3777 0 24
3777 0 2011
3778 0 3341
3779 0 10
3780 0 6743
3781 0 5
3782 0 6016
3783 0 6744
3784 0 6745
3784 0 4077
3784 0 1332
3784 0 5
3785 0 6785
3785 0 6786
3785 0 6788
3785 0 5
3785 0 13
3785 0 5661
3785 0 1440
3785 0 6055
3785 0 6775
3785 0 3625
3785 0 6776
3785 0 563
3785 0 691
3785 0 1721
3785 0 3001
3785 0 1475
3785 0 1862
3785 0 1863
3785 0 587
3785 0 848
3785 0 5072
3785 0 6738
3785 0 1111
3785 0 217
3785 0 6746
3785 0 2011
3785 0 6747
3785 0 6748
3785 0 6749
3785 0 6751
3785 0 6752
3785 0 6753
3785 0 226
3785 0 866
3785 0 5858
3785 0 6754
3785 0 6755
3785 0 6756
3785 0 6757
3785 0 5353
3785 0 1130
3785 0 6758
3785 0 6759
3785 0 6762
3785 0 6763
3785 0 6765
3785 0 240
3785 0 6766
3785 0 6768
3785 0 6769
3785 0 2804
3785 0 6771
3785 0 6772
3785 0 6773
3785 0 6774
3785 0 6779
3785 0 6780
3785 0 6781
3785 0 6782
3785 0 6783
3786 0 68
3787 0 6792
3787 0 6791
3788 0 6793
3789 0 385
3789 0 7
3789 0 6666
3789 0 6795
3789 0 6797
3789 0 6798
3789 0 6800
3789 0 6801
3789 0 1298
3789 0 6802
3789 0 6804
3789 0 6805
3789 0 6806
3789 0 535
3789 0 24
3789 0 6807
3789 0 6808
3789 0 6809
3789 0 2716
3789 0 6810
3789 0 6811
3789 0 6812
3789 0 544
3789 0 4257
3789 0 13978
3789 0 2469
3789 0 6181
3789 0 3373
3789 0 2351
3789 0 1458
3789 0 1845
3789 0 2103
3789 0 1464
3789 0 313
3789 0 5048
3789 0 5431
3789 0 4285
3789 0 2497
3789 0 2498
3789 0 1225
3789 0 2813
3789 0 8399
3789 0 81
3789 0 6611
3789 0 1110
3789 0 3288
3789 0 1116
3789 0 2014
3789 0 1759
3789 0 5216
3789 0 1382
3789 0 6758
3789 0 236
3789 0 242
3789 0 373
3789 0 4220
3789 0 125
3790 0 3073
3791 0 4335
3792 0 1208
3792 0 103
3793 0 6725
3794 0 290
3794 0 395
3794 0 204
3794 0 557
3794 0 1393
3794 0 3579
3794 0 2297
3794 0 1179
3794 0 6813
3795 0 5248
3796 0 1374
3797 0 400
3797 0 2255
3798 0 3350
3799 0 558
3800 0 2874
3801 0 2714
3802 0 5761
3803 0 5269
3803 0 862
3805 0 6814
3806 0 178
3807 0 3526
3808 0 3071
3809 0 5
3809 0 1655
3809 0 1416
3809 0 1289
3809 0 5001
3809 0 1294
3809 0 400
3809 0 533
3809 0 5014
3809 0 3352
3809 0 286
3809 0 6815
3809 0 6817
3809 0 3234
3809 0 6818
3809 0 6819
3809 0 6820
3809 0 6821
3809 0 6822
3809 0 6823
3809 0 6824
3809 0 6825
3809 0 6827
3809 0 1709
3809 0 1454
3809 0 6189
3809 0 6829
3809 0 6830
3809 0 6833
3809 0 6834
3809 0 6836
3809 0 4789
3809 0 951
3809 0 445
3809 0 1472
3809 0 3143
3809 0 3271
3809 0 1739
3809 0 4044
3809 0 81
3809 0 470
3809 0 231
3809 0 237
3809 0 1008
3809 0 1014
3809 0 1271
3809 0 4987
3809 0 125
3809 0 894
3811 0 6838
3811 0 6839
3812 0 1096
3813 0 6840
3814 0 3752
3814 0 90
3814 0 6842
3815 0 4739
3815 0 6843
3816 0 6845
3817 0 2049
3817 0 5
3817 0 6663
3817 0 4621
3817 0 1040
3817 0 2064
3817 0 2074
3817 0 539
3817 0 543
3817 0 1578
3817 0 3115
3817 0 59
3817 0 575
3817 0 4179
3817 0 1142
3817 0 3192
3817 0 126
3817 0 3727
3817 0 1182
3817 0 2740
3817 0 5307
3817 0 6846
3817 0 6847
3817 0 6848
3817 0 6849
3817 0 1218
3817 0 6850
3817 0 6851
3817 0 6852
3817 0 6853
3817 0 6854
3817 0 6855
3817 0 6856
3817 0 6857
3817 0 715
3817 0 6858
3817 0 6859
3817 0 6860
3817 0 6862
3817 0 6861
3817 0 6864
3817 0 4306
3817 0 6866
3817 0 6868
3817 0 6869
3817 0 6870
3817 0 6871
3817 0 6872
3817 0 6873
3817 0 6874
3817 0 6875
3817 0 6878
3817 0 3295
3817 0 6879
3817 0 6880
3817 0 6863
3817 0 6881
3817 0 4841
3817 0 1285
3817 0 5917
3817 0 2850
3817 0 5426
3817 0 5938
3817 0 1335
3817 0 823
3817 0 3397
3817 0 9045
3817 0 5984
3817 0 381
3817 0 13698
3817 0 1923
3817 0 3474
3817 0 3505
3817 0 2495
3817 0 4040
3817 0 4047
3817 0 5587
3817 0 1020
3818 0 5994
3818 0 6883
3819 0 1609
3821 0 4514
3821 0 4067
3821 0 4999
3821 0 5000
3821 0 4912
3821 0 599
3821 0 793
3821 0 413
3822 0 2551
3823 0 673
3824 0 5
3825 0 1821
3826 0 6885
3827 0 5
3828 0 707
3829 0 3016
3830 0 4392
3830 0 674
3830 0 677
3830 0 678
3831 0 18
3831 0 850
3831 0 1142
3832 0 356
3832 0 743
3832 0 6887
3832 0 6888
3832 0 6889
3832 0 269
3832 0 339
3832 0 631
3832 0 157
3833 0 6890
3834 0 6891
3836 0 6
3838 0 120
3839 0 634
3840 0 2403
3840 0 2459
3840 0 6893
3841 0 385
3842 0 3618
3844 0 6872
3844 0 33
3844 0 2565
3844 0 4703
3846 0 8
3848 0 156
3849 0 42
3850 0 368
3850 0 6897
3850 0 6896
3850 0 6895
3852 0 351
3853 0 6898
3854 0 4793
3855 0 3083
3855 0 645
3856 0 8
3857 0 459
3857 0 5
3857 0 5533
3858 0 6900
3858 0 1358
3859 0 1323
3859 0 5
3860 0 1561
3862 0 2491
3862 0 6901
3862 0 6902
3863 0 2385
3864 0 6903
3864 0 558
3864 0 1814
3866 0 2535
3867 0 6652
3869 0 95
3871 0 5
3872 0 5096
3872 0 557
3872 0 5616
3872 0 849
3872 0 1142
3872 0 6905
3872 0 827
3874 0 6906
3875 0 6908
3875 0 6907
3875 0 172
3876 0 6910
3877 0 5
3878 0 5804
3879 0 196
3880 0 1221
3880 0 1814
3881 0 5
3882 0 6834
3883 0 5
3884 0 1124
3885 0 240
3885 0 2385
3886 0 1841
3887 0 2060
3888 0 313
3888 0 5218
3889 0 4822
3890 0 6911
3891 0 6912
3891 0 6913
3891 0 5795
3891 0 709
3891 0 1551
3891 0 1552
3892 0 114
3893 0 5881
3894 0 5
3895 0 6914
3896 0 6915
3897 0 894
3897 0 4391
3898 0 3902
3899 0 6918
3900 0 5
3901 0 4463
3902 0 3593
3902 0 6919
3904 0 3836
3904 0 164
3904 0 2013
3905 0 727
3906 0 6920
3906 0 625
3907 0 6921
3908 0 5
3908 0 645
3908 0 4049
3908 0 117
3908 0 510
3909 0 2086
3910 0 168
3911 0 258
3911 0 5245
3912 0 5
3915 0 1460
3916 0 675
3917 0 251
3917 0 644
3918 0 1322
3918 0 6923
3918 0 6925
3918 0 6926
3918 0 3130
3918 0 4862
3919 0 4196
3919 0 4114
3919 0 2244
3919 0 6927
3920 0 2693
3921 0 6928
3922 0 2691
3923 0 2579
3923 0 5
3924 0 836
3924 0 5901
3924 0 3855
3924 0 6929
3924 0 6930
3924 0 2580
3924 0 729
3924 0 795
3925 0 6931
3926 0 104
3926 0 3180
3927 0 4
3928 0 643
3929 0 644
3930 0 5
3931 0 1520
3931 0 6933
3931 0 4047
3933 0 2439
3934 0 5122
3934 0 6435
3934 0 6935
3934 0 5650
3934 0 3093
3934 0 4438
3934 0 6934
3934 0 601
3934 0 3226
3934 0 2556
3934 0 1791
3935 0 1190
3936 0 1374
3937 0 6936
3938 0 2261
3939 0 6938
3940 0 5
3941 0 4864
3942 0 5
3943 0 81
3943 0 6939
3943 0 300
3944 0 6941
3944 0 6940
3944 0 5
3945 0 6942
3945 0 6943
3946 0 6944
3946 0 6302
3947 0 6945
3947 0 6946
3947 0 6947
3948 0 4325
3949 0 5
3950 0 6948
3951 0 6949
3952 0 6950
3953 0 1118
3954 0 121
3955 0 6951
3956 0 480
3956 0 2432
3956 0 6952
3956 0 6953
3956 0 1130
3956 0 6954
3956 0 3404
3956 0 6956
3956 0 6957
3956 0 3254
3957 0 3650
3957 0 3830
3958 0 139
3958 0 5196
3958 0 117
3959 0 2805
3960 0 2568
3960 0 2588
3960 0 1221
3960 0 6584
3961 0 2403
3962 0 337
3963 0 6958
3964 0 4664
3965 0 1186
3965 0 5
3965 0 6959
3965 0 81
3965 0 3743
3966 0 3457
3966 0 772
3966 0 5636
3966 0 519
3966 0 1931
3966 0 793
3966 0 283
3966 0 284
3966 0 285
3966 0 5164
3966 0 6960
3966 0 445
3966 0 330
3966 0 2763
3966 0 5579
3966 0 717
3966 0 6733
3966 0 4943
3966 0 614
3966 0 2406
3966 0 2413
3966 0 238
3966 0 1653
3966 0 4984
3966 0 5374
3967 0 389
3967 0 6
3967 0 3974
3967 0 2441
3967 0 5644
3967 0 525
3967 0 1549
3967 0 2128
3967 0 3345
3967 0 6961
3967 0 275
3967 0 1043
3967 0 117
3968 0 1259
3970 0 349
3971 0 6963
3972 0 1730
3972 0 6964
3973 0 5
3974 0 793
3975 0 6965
3976 0 594
3977 0 1418
3977 0 1419
3977 0 4106
3977 0 6967
3977 0 4884
3977 0 6966
3977 0 151
3978 0 90
3979 0 1474
3980 0 361
3980 0 6969
3980 0 299
3980 0 335
3981 0 6970
3982 0 90
3983 0 227
3983 0 645
3983 0 1069
3983 0 5103
3983 0 81
3983 0 18
3983 0 2292
3983 0 4477
3983 0 351
3985 0 6971
3985 0 1221
3986 0 2272
3987 0 3600
3988 0 2261
3989 0 361
3990 0 872
3991 0 6361
3991 0 6972
3992 0 273
3992 0 3986
3992 0 75
3993 0 6973
3994 0 2562
3995 0 6974
3996 0 1076
3997 0 5
3999 0 2578
4000 0 6355
4000 0 6975
4001 0 2731
4001 0 5
4002 0 6976
4003 0 1852
4004 0 6977
4004 0 3525
4004 0 806
4004 0 6
4004 0 10
4005 0 6978
4007 0 5256
4007 0 6979
4007 0 6980
4009 0 6981
4011 0 1849
4011 0 399
4012 0 6982
4013 0 81
4014 0 6983
4015 0 455
4016 0 8
4017 0 4832
4017 0 5
4017 0 6984
4017 0 1033
4017 0 4720
4018 0 2805
4019 0 6985
4019 0 1258
4019 0 6986
4020 0 2173
4021 0 4
4021 0 2441
4021 0 10
4021 0 4235
4021 0 141
4021 0 1549
4021 0 6432
4021 0 1581
4021 0 3247
4021 0 3249
4021 0 951
4021 0 3272
4021 0 73
4021 0 203
4021 0 6987
4021 0 1101
4021 0 6988
4021 0 6989
4021 0 6990
4021 0 81
4021 0 6991
4021 0 6992
4021 0 6356
4021 0 6993
4021 0 6994
4021 0 6995
4021 0 90
4022 0 5
4024 0 6997
4025 0 3713
4026 0 720
4027 0 18
4028 0 437
4029 0 290
4029 0 5
4029 0 1142
4029 0 793
4029 0 1566
4030 0 732
4030 0 4021
4031 0 5
4032 0 6999
4033 0 635
4034 0 2297
4034 0 894
4035 0 199
4035 0 3784
4035 0 1841
4035 0 3347
4035 0 4437
4035 0 7000
4035 0 11386
4035 0 3196
4035 0 8317
4036 0 7001
4037 0 2443
4038 0 4546
4038 0 7002
4039 0 7003
4042 0 5
4042 0 10
4042 0 5132
4042 0 5136
4042 0 1530
4042 0 19
4042 0 1556
4042 0 5139
4042 0 5142
4042 0 5144
4042 0 5145
4042 0 5146
4042 0 8730
4042 0 7196
4042 0 557
4042 0 1581
4042 0 3631
4042 0 1590
4042 0 1079
4042 0 56
4042 0 9280
4042 0 72
4042 0 77
4042 0 2638
4042 0 10318
4042 0 9808
4042 0 90
4042 0 103
4042 0 106
4042 0 618
4042 0 4714
4042 0 4716
4042 0 626
4042 0 1657
4042 0 1148
4042 0 2177
4042 0 651
4042 0 141
4042 0 8336
4042 0 9879
4042 0 1179
4042 0 13980
4042 0 157
4042 0 13981
4042 0 13982
4042 0 160
4042 0 13984
4042 0 13985
4042 0 1187
4042 0 13986
4042 0 13987
4042 0 13988
4042 0 167
4042 0 13989
4042 0 13990
4042 0 13992
4042 0 13995
4042 0 13996
4042 0 13997
4042 0 1198
4042 0 13998
4042 0 14000
4042 0 2737
4042 0 14001
4042 0 14002
4042 0 14004
4042 0 14005
4042 0 14007
4042 0 14008
4042 0 5305
4042 0 2751
4042 0 1218
4042 0 10435
4042 0 1220
4042 0 3272
4042 0 203
4042 0 225
4042 0 745
4042 0 2795
4042 0 237
4042 0 750
4042 0 2814
4042 0 767
4042 0 2304
4042 0 261
4042 0 262
4042 0 5384
4042 0 9481
4042 0 2321
4042 0 11540
4042 0 3350
4042 0 12054
4042 0 12570
4042 0 6432
4042 0 4898
4042 0 4388
4042 0 4900
4042 0 10023
4042 0 2350
4042 0 819
4042 0 822
4042 0 4407
4042 0 1344
4042 0 4929
4042 0 326
4042 0 329
4042 0 6996
4042 0 349
4042 0 1378
4042 0 355
4042 0 356
4042 0 3427
4042 0 881
4042 0 1393
4042 0 7539
4042 0 2427
4042 0 385
4042 0 11653
4042 0 1415
4042 0 5513
4042 0 2443
4042 0 400
4042 0 6550
4042 0 7065
4042 0 12191
4042 0 8608
4042 0 4520
4042 0 5042
4042 0 1460
4042 0 437
4042 0 13237
4042 0 10167
4042 0 3515
4042 0 6587
4042 0 4030
4042 0 4031
4042 0 1472
4042 0 1473
4042 0 9663
4042 0 451
4042 0 4037
4042 0 455
4042 0 1994
4042 0 465
4042 0 2513
4042 0 3545
4042 0 6107
4042 0 10720
4042 0 3041
4042 0 2531
4042 0 7141
4042 0 9702
4042 0 9704
4042 0 1522
4042 0 1524
4042 0 4087
4042 0 4601
4042 0 2042
4042 0 2043
4042 0 4095
4043 0 7006
4044 0 10
4045 0 7008
4045 0 7007
4045 0 254
4045 0 4743
4046 0 191
4047 0 4864
4047 0 5632
4047 0 4994
4047 0 5507
4047 0 6530
4047 0 5
4047 0 10
4047 0 1816
4047 0 6553
4047 0 2723
4047 0 938
4047 0 437
4047 0 4920
4047 0 5307
4047 0 444
4047 0 5821
4047 0 5824
4047 0 836
4047 0 5964
4047 0 338
4047 0 2388
4047 0 7011
4047 0 7012
4047 0 3941
4047 0 7013
4047 0 7015
4047 0 7016
4047 0 7017
4047 0 7018
4047 0 7019
4047 0 620
4047 0 7020
4047 0 7021
4047 0 7022
4047 0 7023
4047 0 5745
4047 0 3058
4047 0 3699
4047 0 628
4047 0 884
4047 0 7024
4047 0 7025
4047 0 7026
4047 0 7027
4048 0 356
4048 0 389
4048 0 10
4048 0 717
4048 0 784
4048 0 4784
4048 0 7028
4048 0 1560
4051 0 1058
4051 0 3427
4051 0 5
4051 0 7031
4052 0 2594
4053 0 7040
4053 0 356
4053 0 1477
4053 0 298
4053 0 7037
4053 0 1910
4053 0 7034
4053 0 7035
4053 0 5500
4053 0 349
4053 0 7039
4054 0 2247
4055 0 10
4056 0 5
4057 0 5428
4058 0 1545
4058 0 68
4058 0 3311
4060 0 1451
4061 0 2292
4062 0 4577
4063 0 1792
4064 0 5
4065 0 7040
4066 0 568
4067 0 5
4068 0 4433
4068 0 901
4069 0 7045
4069 0 7046
4071 0 7048
4071 0 1271
4072 0 6925
4073 0 7050
4074 0 5
4076 0 2293
4077 0 901
4077 0 7056
4077 0 1169
4077 0 7057
4077 0 7058
4077 0 7061
4077 0 7062
4077 0 7065
4077 0 1697
4077 0 1186
4077 0 1187
4077 0 1188
4077 0 2851
4077 0 3889
4077 0 4664
4077 0 5964
4077 0 5328
4077 0 5329
4077 0 1763
4077 0 1767
4077 0 753
4077 0 5747
4077 0 4728
4077 0 4729
4077 0 4730
4078 0 860
4079 0 3054
4080 0 261
4080 0 1187
4080 0 69
4080 0 5
4081 0 81
4081 0 5
4082 0 717
4084 0 2819
4085 0 3229
4086 0 5930
4087 0 7088
4087 0 2011
4087 0 4805
4087 0 1622
4090 0 1212
4090 0 2342
4091 0 3995
4091 0 4052
4091 0 486
4092 0 7097
4093 0 6146
4093 0 6418
4093 0 180
4093 0 7102
4094 0 7104
4094 0 385
4094 0 6129
4094 0 7103
4095 0 7105
4095 0 10
4095 0 1066
4095 0 90
4097 0 103
4098 0 2736
4099 0 240
4099 0 482
4099 0 7108
4100 0 3725
4101 0 7112
4102 0 633
4103 0 7113
4103 0 2635
4104 0 90
4104 0 103
4106 0 4775
4107 0 24
4108 0 1451
4109 0 1061
4110 0 2015
4111 0 7005
4112 0 7117
4113 0 351
4116 0 1010
4119 0 1344
4119 0 1415
4119 0 6856
4119 0 558
4119 0 6386
4119 0 7122
4119 0 14011
4120 0 6105
4121 0 6633
4122 0 95
4123 0 7123
4124 0 440
4125 0 3297
4125 0 3782
4125 0 2342
4126 0 7124
4128 0 7125
4129 0 4224
4129 0 772
4129 0 1290
4129 0 269
4129 0 1814
4129 0 3360
4129 0 805
4129 0 3877
4129 0 1451
4129 0 4908
4129 0 5291
4129 0 2350
4129 0 2606
4129 0 4536
4129 0 6842
4129 0 62
4129 0 2116
4129 0 3273
4129 0 717
4129 0 1358
4129 0 467
4129 0 727
4129 0 601
4129 0 7133
4129 0 1374
4129 0 351
4129 0 7135
4129 0 7137
4129 0 7138
4129 0 7139
4129 0 2020
4129 0 7140
4129 0 7142
4129 0 7143
4129 0 5871
4129 0 624
4129 0 6261
4129 0 5116
4129 0 125
4130 0 1923
4131 0 7145
4131 0 7146
4131 0 7147
4131 0 7149
4131 0 1550
4131 0 1551
4131 0 7150
4131 0 4147
4131 0 3510
4131 0 953
4132 0 5
4132 0 519
4132 0 7152
4132 0 7153
4132 0 4626
4132 0 2238
4133 0 4010
4134 0 2056
4134 0 2972
4134 0 3877
4135 0 5
4136 0 75
4137 0 2454
4138 0 521
4138 0 7155
4139 0 565
4140 0 7157
4140 0 7156
4140 0 5
4140 0 4535
4141 0 53
4142 0 5743
4143 0 65
4143 0 7159
4143 0 1841
4144 0 1741
4145 0 1252
4145 0 7163
4145 0 940
4145 0 1108
4145 0 2868
4145 0 7162
4145 0 347
4145 0 445
4146 0 5065
4147 0 599
4148 0 2321
4149 0 2565
4150 0 5920
4150 0 6529
4150 0 7169
4150 0 2787
4150 0 2789
4150 0 240
4150 0 273
4150 0 4594
4150 0 724
4150 0 154
4150 0 7164
4150 0 349
4151 0 4978
4151 0 7173
4152 0 5
4153 0 1349
4153 0 7174
4153 0 7175
4153 0 7176
4153 0 7177
4153 0 7178
4153 0 7179
4153 0 7180
4153 0 7182
4153 0 7183
4153 0 7184
4153 0 7185
4153 0 6227
4153 0 3477
4153 0 3000
4154 0 4655
4156 0 4369
4156 0 7186
4156 0 7187
4157 0 651
4159 0 535
4160 0 4810
4160 0 7189
4161 0 7190
4161 0 2479
4163 0 4099
4163 0 2821
4163 0 262
4163 0 405
4163 0 7194
4163 0 7195
4163 0 7196
4163 0 7197
4163 0 7199
4163 0 2983
4163 0 434
4163 0 3123
4163 0 5310
4163 0 967
4163 0 5832
4163 0 971
4163 0 972
4163 0 973
4163 0 2898
4163 0 2899
4163 0 3288
4164 0 5110
4165 0 1466
4165 0 7203
4165 0 3900
4165 0 1110
4166 0 4235
4167 0 7204
4168 0 6329
4168 0 274
4168 0 7205
4169 0 1002
4169 0 949
4169 0 2303
4171 0 240
4171 0 3701
4172 0 3805
4172 0 533
4173 0 2874
4174 0 5
4175 0 7208
4175 0 2497
4175 0 13692
4175 0 7209
4176 0 1345
4176 0 620
4176 0 5
4177 0 140
4178 0 5037
4179 0 5
4180 0 1474
4180 0 7213
4181 0 6995
4182 0 969
4182 0 77
4182 0 2159
4182 0 6039
4182 0 81
4182 0 2162
4182 0 213
4182 0 1749
4182 0 1750
4183 0 2995
4184 0 995
4184 0 3229
4186 0 203
4188 0 4809
4189 0 103
4190 0 6983
4191 0 1755
4192 0 5
4193 0 3247
4193 0 7222
4193 0 7223
4193 0 7224
4193 0 4989
4194 0 7225
4195 0 1427
4196 0 7229
4197 0 7235
4197 0 580
4197 0 940
4197 0 431
4197 0 1392
4197 0 981
4197 0 1814
4197 0 5787
4197 0 638
4198 0 5904
4199 0 3069
4201 0 72
4202 0 7237
4204 0 8
4205 0 1312
4205 0 3427
4205 0 356
4205 0 5
4205 0 8
4205 0 5197
4206 0 3808
4206 0 65
4206 0 582
4206 0 519
4206 0 7
4206 0 2762
4206 0 2891
4206 0 7244
4206 0 2385
4206 0 601
4207 0 591
4208 0 1344
4208 0 836
4208 0 5
4208 0 262
4208 0 5222
4208 0 648
4208 0 4524
4208 0 1358
4208 0 7246
4208 0 1110
4209 0 704
4209 0 451
4209 0 2439
4209 0 8
4209 0 12
4209 0 5324
4209 0 7248
4209 0 7249
4209 0 4723
4209 0 2293
4209 0 3610
4209 0 508
4213 0 380
4214 0 5
4215 0 5856
4215 0 5857
4215 0 4904
4215 0 6955
4215 0 4942
4215 0 7254
4215 0 284
4216 0 386
4216 0 4039
4216 0 204
4216 0 1198
4216 0 7256
4216 0 3579
4216 0 61
4218 0 3008
4219 0 385
4220 0 7262
4221 0 8
4221 0 5536
4222 0 355
4224 0 5
4225 0 7268
4226 0 7269
4227 0 7272
4227 0 7273
4229 0 13720
4229 0 889
4229 0 13721
4230 0 7281
4231 0 2357
4232 0 7282
4233 0 470
4234 0 53
4236 0 1024
4237 0 123
4238 0 7284
4239 0 290
4239 0 3986
4240 0 7290
4241 0 352
4241 0 290
4241 0 7299
4241 0 836
4241 0 6053
4241 0 10
4241 0 7291
4241 0 12
4241 0 7292
4241 0 81
4241 0 2173
4241 0 4982
4241 0 4027
4241 0 4508
4241 0 349
4242 0 7301
4243 0 5529
4245 0 2375
4246 0 2000
4246 0 234
4246 0 5
4247 0 7305
4248 0 5993
4249 0 5194
4250 0 2372
4250 0 4617
4250 0 7307
4250 0 1484
4250 0 7308
4250 0 526
4250 0 5039
4250 0 5051
4251 0 102
4252 0 6041
4253 0 1485
4253 0 5
4254 0 5
4256 0 7329
4256 0 7321
4256 0 5
4256 0 6758
4256 0 7334
4256 0 7337
4256 0 3373
4256 0 7341
4256 0 7318
4256 0 7351
4256 0 3289
4256 0 7322
4256 0 7323
4256 0 7326
4257 0 7007
4257 0 4439
4258 0 2489
4259 0 5
4260 0 7356
4261 0 7358
4262 0 5
4263 0 7361
4263 0 3532
4264 0 3445
4264 0 95
4265 0 681
4265 0 1211
4266 0 1281
4268 0 7365
4269 0 5586
4270 0 1266
4270 0 1363
4271 0 1657
4272 0 225
4272 0 994
4272 0 7367
4272 0 8
4272 0 7368
4272 0 7370
4272 0 3667
4275 0 3075
4275 0 2859
4275 0 7372
4275 0 7373
4275 0 7374
4275 0 7375
4275 0 7377
4277 0 898
4279 0 7380
4279 0 213
4280 0 238
4281 0 894
4282 0 888
4283 0 3169
4284 0 160
4284 0 7385
4284 0 5256
4286 0 6974
4287 0 3003
4288 0 1110
4289 0 7393
4289 0 1043
4291 0 12
4292 0 7400
4292 0 2372
4292 0 2253
4292 0 3263
4293 0 808
4293 0 3819
4294 0 6376
4295 0 295
4296 0 3933
4297 0 2925
4298 0 2176
4298 0 1609
4299 0 1474
4300 0 5981
4302 0 273
4302 0 533
4302 0 237
4303 0 1122
4303 0 647
4303 0 7401
4303 0 7402
4303 0 7404
4303 0 6958
4303 0 7406
4303 0 1117
4303 0 2298
4303 0 2525
4304 0 7408
4304 0 3007
4305 0 238
4306 0 7409
4307 0 672
4307 0 673
4307 0 675
4307 0 676
4307 0 677
4307 0 678
4307 0 180
4307 0 951
4309 0 6650
4310 0 2804
4311 0 7412
4312 0 3725
4313 0 342
4314 0 5
4315 0 5281
4316 0 8
4317 0 7417
4317 0 5703
4319 0 451
4319 0 356
4319 0 5
4319 0 645
4319 0 10
4319 0 3051
4319 0 6379
4319 0 269
4319 0 15
4319 0 4276
4319 0 3229
4319 0 349
4319 0 7423
4320 0 7429
4320 0 1477
4320 0 7430
4320 0 7431
4320 0 2793
4320 0 7432
4320 0 4814
4320 0 4115
4320 0 14014
4321 0 5
4322 0 1374
4323 0 81
4324 0 1506
4327 0 7439
4329 0 6648
4330 0 7444
4332 0 2720
4333 0 5381
4334 0 8246
4334 0 95
4335 0 5
4335 0 3019
4335 0 8247
4335 0 8248
4335 0 8249
4336 0 1377
4337 0 6363
4339 0 1211
4339 0 324
4339 0 6676
4339 0 863
4340 0 2453
4341 0 8253
4341 0 8251
4341 0 7269
4342 0 5533
4343 0 5
4346 0 6700
4346 0 5853
4346 0 2614
4348 0 618
4349 0 5
4351 0 2674
4352 0 8261
4353 0 2528
4353 0 8262
4354 0 1824
4354 0 4205
4355 0 4245
4356 0 5424
4357 0 6667
4358 0 2994
4358 0 740
4358 0 2820
4359 0 970
4359 0 8266
4359 0 973
4359 0 434
4359 0 213
4359 0 2904
4360 0 1626
4361 0 930
4362 0 3681
4362 0 5
4362 0 3198
4362 0 5654
4363 0 241
4363 0 8271
4364 0 7690
4365 0 5853
4367 0 288
4367 0 259
4367 0 2051
4367 0 4964
4367 0 5197
4367 0 3986
4367 0 436
4367 0 1142
4367 0 918
4368 0 3457
4368 0 5162
4369 0 8273
4369 0 8275
4370 0 4989
4370 0 4455
4371 0 772
4371 0 5
4371 0 645
4371 0 774
4371 0 510
4371 0 6565
4371 0 2630
4371 0 6782
4371 0 8276
4371 0 8277
4371 0 4566
4371 0 8279
4371 0 8281
4371 0 8282
4371 0 91
4371 0 8283
4371 0 477
4371 0 7390
4371 0 8284
4371 0 8285
4371 0 8287
4371 0 631
4371 0 1273
4371 0 3194
4371 0 3198
4372 0 2352
4372 0 2057
4372 0 836
4373 0 5
4374 0 2233
4375 0 5
4376 0 5524
4376 0 5
4377 0 1840
4378 0 1344
4379 0 721
4379 0 2406
4380 0 103
4381 0 4677
4383 0 1156
4385 0 2618
4386 0 553
4386 0 2281
4387 0 1374
4388 0 1855
4389 0 5
4391 0 4416
4392 0 8306
4393 0 2011
4393 0 945
4393 0 275
4393 0 727
4393 0 795
4394 0 6
4394 0 103
4394 0 77
4394 0 1271
4394 0 24
4395 0 1511
4397 0 1258
4397 0 8318
4398 0 6882
4398 0 4837
4398 0 73
4398 0 3050
4398 0 108
4398 0 56
4398 0 8319
4399 0 8321
4399 0 8322
4399 0 8325
4399 0 8326
4399 0 2440
4399 0 4810
4399 0 1969
4399 0 377
4399 0 6780
4400 0 349
4401 0 981
4401 0 1109
4401 0 109
4401 0 3070
4402 0 3701
4403 0 355
4404 0 5405
4405 0 1232
4406 0 3178
4407 0 5
4408 0 8340
4410 0 349
4411 0 8205
4412 0 5
4412 0 6647
4413 0 5
4414 0 275
4416 0 2120
4417 0 4811
4418 0 8344
4418 0 5524
4419 0 8345
4419 0 221
4421 0 3959
4422 0 3016
4423 0 2423
4424 0 8349
4425 0 6874
4425 0 3071
4425 0 3877
4425 0 351
4426 0 8351
4427 0 5
4428 0 4780
4429 0 6197
4430 0 4512
4430 0 3169
4430 0 1485
4430 0 496
4430 0 1392
4430 0 3900
4430 0 5534
4431 0 5
4432 0 1282
4432 0 5
4432 0 1061
4432 0 8357
4432 0 105
4432 0 618
4432 0 651
4432 0 6380
4432 0 1489
4432 0 1174
4432 0 1179
4433 0 593
4434 0 8369
4435 0 2596
4436 0 8368
4436 0 5
4440 0 8372
4441 0 1024
4441 0 4576
4441 0 2670
4441 0 5144
4441 0 2719
4442 0 7525
4443 0 901
4444 0 8384
4444 0 4929
4444 0 2297
4444 0 5318
4444 0 1899
4444 0 3918
4444 0 599
4444 0 793
4444 0 349
4445 0 533
4448 0 6422
4449 0 4978
4449 0 8035
4451 0 2549
4452 0 8390
4453 0 8391
4454 0 2020
4455 0 1374
4456 0 14016
4457 0 8
4458 0 2558
4459 0 4720
4460 0 298
4460 0 2829
4460 0 269
4460 0 815
4460 0 8398
4460 0 8399
4460 0 8400
4460 0 5939
4460 0 8401
4460 0 8402
4460 0 3293
4461 0 6528
4461 0 4450
4461 0 613
4461 0 1101
4461 0 591
4462 0 1862
4463 0 3001
4463 0 8410
4463 0 3265
4463 0 8405
4464 0 95
4465 0 8415
4466 0 824
4466 0 6723
4467 0 894
4468 0 3221
4469 0 3069
4469 0 558
4470 0 506
4470 0 2644
4472 0 8423
4473 0 1570
4473 0 1947
4474 0 5
4475 0 8433
4475 0 8434
4475 0 284
4476 0 763
4477 0 1374
4478 0 5
4479 0 3744
4479 0 196
4479 0 4775
4479 0 4108
4479 0 283
4479 0 284
4479 0 285
4480 0 8441
4480 0 822
4481 0 68
4481 0 5246
4482 0 5
4483 0 8446
4484 0 720
4484 0 850
4484 0 2750
4485 0 901
4486 0 4816
4486 0 14017
4486 0 3165
4487 0 704
4490 0 3930
4491 0 8456
4492 0 8459
4492 0 7381
4493 0 890
4493 0 8460
4493 0 8462
4493 0 8463
4497 0 422
4498 0 496
4499 0 8465
4500 0 3739
4501 0 8163
4501 0 421
4501 0 2118
4501 0 3302
4501 0 6
4501 0 3338
4501 0 2059
4501 0 8469
4501 0 8472
4501 0 4284
4502 0 601
4503 0 6467
4503 0 8473
4503 0 3144
4503 0 4904
4503 0 3374
4503 0 6767
4503 0 533
4503 0 4697
4503 0 8474
4503 0 4542
4504 0 2669
4506 0 3915
4507 0 6576
4507 0 8480
4507 0 5
4507 0 941
4508 0 2530
4509 0 648
4509 0 1560
4510 0 8481
4510 0 5
4513 0 3491
4515 0 5
4515 0 266
4515 0 1740
4515 0 1809
4515 0 4629
4515 0 1849
4517 0 0
4518 0 1479
4518 0 8488
4518 0 4715
4518 0 528
4518 0 7476
4518 0 349
4518 0 637
4518 0 4862
4519 0 8489
4520 0 385
4521 0 6448
4522 0 5
4523 0 5
4524 0 3584
4525 0 385
4525 0 5
4525 0 5183
4526 0 3744
4527 0 5
4528 0 8498
4529 0 7168
4529 0 2690
4529 0 1035
4529 0 557
4529 0 4814
4529 0 624
4529 0 305
4529 0 1044
4529 0 8504
4529 0 8505
4529 0 2814
4529 0 767
4530 0 5
4533 0 8511
4534 0 5
4535 0 5352
4535 0 5185
4535 0 3005
4536 0 8519
4538 0 968
4538 0 969
4538 0 970
4538 0 971
4538 0 2898
4539 0 953
4540 0 8522
4541 0 5
4542 0 8523
4542 0 131
4543 0 673
4543 0 2529
4543 0 6689
4543 0 5
4543 0 3545
4543 0 1101
4543 0 4046
4543 0 7180
4543 0 784
4543 0 3825
4543 0 8525
4543 0 8529
4543 0 982
4543 0 3065
4543 0 3770
4543 0 251
4543 0 3836
4543 0 5534
4545 0 2441
4546 0 998
4547 0 1786
4547 0 2091
4548 0 8537
4548 0 953
4549 0 4452
4549 0 652
4549 0 3247
4549 0 3249
4549 0 7093
4550 0 3840
4550 0 3257
4550 0 940
4551 0 592
4552 0 2804
4554 0 890
4555 0 2379
4555 0 2285
4555 0 3741
4555 0 103
4556 0 2904
4556 0 8544
4556 0 1151
4558 0 826
4558 0 5
4559 0 8548
4559 0 349
4560 0 8345
4560 0 4978
4561 0 1662
4562 0 898
4563 0 2446
4564 0 724
4565 0 5
4566 0 8555
4567 0 5275
4568 0 4825
4568 0 4978
4568 0 476
4568 0 7
4569 0 2030
4569 0 3436
4569 0 766
4569 0 1631
4570 0 1362
4571 0 5790
4572 0 5856
4572 0 3299
4572 0 4805
4572 0 134
4572 0 679
4572 0 649
4572 0 10
4572 0 6254
4572 0 303
4572 0 433
4572 0 3955
4572 0 1622
4572 0 1814
4572 0 8571
4572 0 8572
4572 0 3933
4572 0 2974
4573 0 8055
4574 0 7635
4575 0 3153
4575 0 8923
4576 0 1056
4576 0 8930
4576 0 8931
4576 0 5906
4576 0 663
4576 0 2009
4576 0 8925
4576 0 8927
4577 0 5901
4577 0 5
4578 0 8935
4579 0 545
4580 0 8939
4580 0 7479
4581 0 8941
4582 0 3605
4582 0 4495
4583 0 4214
4583 0 8942
4584 0 8944
4585 0 8948
4585 0 5
4586 0 4723
4587 0 1504
4587 0 6055
4587 0 872
4587 0 1961
4587 0 8953
4587 0 8951
4587 0 8345
4589 0 8956
4591 0 721
4592 0 8
4594 0 8963
4595 0 380
4596 0 1539
4596 0 5
4596 0 8
4596 0 3340
4596 0 269
4596 0 1302
4596 0 3352
4596 0 3614
4596 0 1718
4596 0 1847
4596 0 7990
4596 0 62
4596 0 5055
4596 0 8639
4596 0 582
4596 0 2505
4596 0 2506
4596 0 847
4596 0 720
4596 0 81
4596 0 6991
4596 0 347
4596 0 349
4596 0 229
4596 0 1012
4596 0 7158
4597 0 539
4597 0 348
4597 0 763
4598 0 24
4598 0 8976
4598 0 8144
4599 0 1018
4600 0 2694
4601 0 363
4602 0 8978
4603 0 12
4604 0 2839
4605 0 2393
4606 0 496
4606 0 601
4606 0 8467
4607 0 1570
4608 0 102
4609 0 1046
4611 0 3703
4612 0 445
4613 0 8980
4614 0 1460
4614 0 743
4615 0 3457
4616 0 5930
4617 0 599
4618 0 8984
4618 0 8986
4618 0 8987
4618 0 166
4619 0 8988
4620 0 10185
4620 0 12917
4621 0 822
4622 0 2257
4622 0 804
4622 0 1860
4624 0 8995
4626 0 1536
4626 0 6272
4626 0 5
4626 0 774
4626 0 265
4626 0 139
4626 0 2831
4626 0 4880
4626 0 8208
4626 0 533
4626 0 1181
4626 0 544
4626 0 9000
4626 0 5417
4626 0 1194
4626 0 1451
4626 0 10921
4626 0 4142
4626 0 9006
4626 0 3123
4626 0 2484
4626 0 9014
4626 0 9015
4626 0 56
4626 0 1849
4626 0 9017
4626 0 1084
4626 0 445
4626 0 4924
4626 0 6206
4626 0 9021
4626 0 9029
4626 0 199
4626 0 9031
4626 0 9033
4626 0 717
4626 0 5453
4626 0 2255
4626 0 6357
4626 0 4825
4626 0 6361
4626 0 3036
4626 0 8284
4626 0 2911
4626 0 2016
4626 0 4075
4626 0 4459
4626 0 237
4626 0 4082
4626 0 6899
4626 0 7545
4627 0 3619
4627 0 9036
4627 0 9037
4627 0 9038
4628 0 9040
4629 0 5377
4629 0 2438
4629 0 651
4629 0 7701
4629 0 5662
4629 0 288
4629 0 3877
4629 0 2352
4629 0 3632
4629 0 4536
4629 0 3776
4629 0 8904
4629 0 1358
4629 0 335
4629 0 8400
4629 0 9050
4629 0 9055
4629 0 9057
4629 0 9060
4629 0 9063
4629 0 9067
4629 0 9068
4629 0 2670
4629 0 9070
4629 0 9071
4629 0 9073
4629 0 9074
4629 0 9077
4629 0 1142
4629 0 4598
4629 0 9078
4629 0 5884
4632 0 9282
4632 0 3628
4632 0 7578
4632 0 3987
4632 0 982
4632 0 8022
4632 0 1242
4632 0 987
4632 0 5052
4632 0 7933
4633 0 9092
4634 0 4961
4634 0 1010
4635 0 1570
4635 0 2020
4635 0 182
4635 0 9098
4636 0 356
4636 0 5669
4637 0 2315
4638 0 578
4638 0 5
4638 0 265
4638 0 782
4638 0 1838
4638 0 978
4638 0 1810
4638 0 9309
4638 0 533
4638 0 3038
4638 0 2743
4638 0 2232
4638 0 730
4638 0 91
4638 0 413
4638 0 894
4639 0 9317
4640 0 1861
4641 0 9112
4641 0 9050
4642 0 8772
4642 0 4680
4642 0 3355
4642 0 1974
4642 0 6007
4642 0 7259
4644 0 172
4645 0 4224
4645 0 4738
4645 0 645
4645 0 10
4645 0 522
4645 0 3344
4645 0 662
4645 0 1814
4645 0 8479
4645 0 9125
4645 0 551
4645 0 169
4645 0 9131
4645 0 9132
4645 0 9133
4645 0 4526
4645 0 6064
4645 0 5297
4645 0 9136
4645 0 9137
4645 0 3765
4645 0 6071
4645 0 1720
4645 0 9143
4645 0 9147
4645 0 6720
4645 0 3137
4645 0 3138
4645 0 3139
4645 0 3140
4645 0 581
4645 0 3141
4645 0 3142
4645 0 2760
4645 0 3905
4645 0 4166
4645 0 5443
4645 0 5444
4645 0 9160
4645 0 6608
4645 0 9173
4645 0 3290
4645 0 3037
4645 0 9152
4645 0 9153
4645 0 4326
4645 0 1644
4645 0 9155
4645 0 505
4645 0 2171
4646 0 480
4646 0 9280
4646 0 1349
4646 0 3743
4646 0 9329
4646 0 949
4646 0 8247
4646 0 7421
4646 0 7039
4648 0 715
4648 0 2418
4648 0 282
4648 0 220
4648 0 9183
4649 0 995
4649 0 5
4649 0 3996
4649 0 5037
4649 0 1646
4649 0 4785
4649 0 18
4649 0 7186
4649 0 5213
4649 0 533
4649 0 1494
4649 0 3229
4649 0 348
4649 0 413
4649 0 62
4650 0 103
4651 0 349
4652 0 5
4653 0 5
4654 0 8907
4654 0 9356
4655 0 1294
4656 0 2227
4657 0 8360
4657 0 3804
4658 0 7651
4658 0 2022
4659 0 742
4660 0 4778
4660 0 7389
4661 0 437
4662 0 9187
4663 0 3877
4663 0 4614
4663 0 9192
4663 0 329
4663 0 5161
4663 0 2060
4663 0 431
4663 0 3632
4663 0 529
4663 0 2719
4664 0 9196
4665 0 6
4665 0 2566
4665 0 525
4665 0 526
4665 0 1553
4665 0 18
4665 0 1560
4665 0 1563
4665 0 9243
4665 0 1565
4665 0 1567
4665 0 32
4665 0 9251
4665 0 9255
4665 0 2093
4665 0 4657
4665 0 9267
4665 0 9272
4665 0 12345
4665 0 1082
4665 0 3135
4665 0 65
4665 0 582
4665 0 594
4665 0 87
4665 0 1645
4665 0 110
4665 0 1646
4665 0 112
4665 0 3196
4665 0 4735
4665 0 7809
4665 0 1666
4665 0 645
4665 0 2697
4665 0 3209
4665 0 9865
4665 0 7308
4665 0 653
4665 0 3227
4665 0 3229
4665 0 5279
4665 0 2720
4665 0 1196
4665 0 173
4665 0 175
4665 0 2223
4665 0 177
4665 0 179
4665 0 2227
4665 0 3252
4665 0 5299
4665 0 3767
4665 0 3263
4665 0 14018
4665 0 198
4665 0 2247
4665 0 204
4665 0 2252
4665 0 2253
4665 0 5325
4665 0 1235
4665 0 727
4665 0 7900
4665 0 7902
4665 0 8417
4665 0 740
4665 0 3304
4665 0 4335
4665 0 241
4665 0 1780
4665 0 1271
4665 0 2297
4665 0 2298
4665 0 3833
4665 0 2812
4665 0 3838
4665 0 5374
4665 0 3840
4665 0 3841
4665 0 1282
4665 0 7942
4665 0 1801
4665 0 266
4665 0 267
4665 0 3342
4665 0 784
4665 0 3344
4665 0 3345
4665 0 1315
4665 0 806
4665 0 4400
4665 0 7477
4665 0 1336
4665 0 3900
4665 0 2372
4665 0 2374
4665 0 7497
4665 0 2395
4665 0 3938
4665 0 1379
4665 0 359
4665 0 6508
4665 0 6519
4665 0 6520
4665 0 6521
4665 0 6535
4665 0 1931
4665 0 2448
4665 0 2451
4665 0 406
4665 0 3993
4665 0 2462
4665 0 940
4665 0 6063
4665 0 5040
4665 0 433
4665 0 945
4665 0 6065
4665 0 4532
4665 0 2485
4665 0 2487
4665 0 7610
4665 0 5051
4665 0 3528
4665 0 1483
4665 0 2000
4665 0 4049
4665 0 6612
4665 0 475
4665 0 3549
4665 0 3551
4665 0 6113
4665 0 995
4665 0 8164
4665 0 3568
4665 0 3571
4665 0 9209
4665 0 9210
4665 0 9211
4665 0 2559
4666 0 9380
4666 0 677
4666 0 3272
4666 0 1324
4666 0 3756
4666 0 9371
4666 0 7578
4666 0 7663
4666 0 1844
4666 0 1845
4666 0 9368
4666 0 9369
4666 0 5690
4666 0 3099
4667 0 9385
4667 0 346
4667 0 3462
4668 0 9388
4669 0 1096
4669 0 9394
4670 0 10142
4671 0 9091
4671 0 9095
4671 0 11
4671 0 6380
4671 0 9103
4671 0 2101
4672 0 10717
4674 0 2627
4675 0 763
4677 0 273
4677 0 18
4678 0 8554
4679 0 1152
4679 0 7424
4679 0 643
4679 0 5
4679 0 519
4679 0 2439
4679 0 10
4679 0 9226
4679 0 4876
4679 0 9227
4679 0 1550
4679 0 1551
4679 0 1552
4679 0 4369
4679 0 8336
4679 0 9229
4679 0 9235
4679 0 7190
4679 0 2711
4679 0 9242
4679 0 9246
4679 0 9248
4679 0 290
4679 0 1058
4679 0 3618
4679 0 2598
4679 0 4264
4679 0 1449
4679 0 7980
4679 0 5933
4679 0 431
4679 0 3253
4679 0 5438
4679 0 707
4679 0 8646
4679 0 970
4679 0 203
4679 0 3404
4679 0 973
4679 0 4042
4679 0 8396
4679 0 2768
4679 0 2769
4679 0 2388
4679 0 2773
4679 0 7382
4679 0 2775
4679 0 6233
4679 0 1116
4679 0 1756
4679 0 480
4679 0 992
4679 0 6114
4679 0 6250
4679 0 1518
4679 0 2552
4679 0 6009
4679 0 1402
4679 0 2813
4679 0 3070
4680 0 6216
4680 0 3770
4680 0 6215
4681 0 8
4682 0 6114
4682 0 5
4682 0 5709
4682 0 496
4682 0 275
4682 0 1844
4682 0 2807
4682 0 4060
4682 0 349
4683 0 81
4684 0 4416
4684 0 196
4684 0 265
4684 0 3979
4684 0 428
4684 0 5585
4684 0 9269
4684 0 9270
4684 0 126
4685 0 1741
4686 0 1860
4688 0 422
4689 0 850
4690 0 4793
4692 0 10742
4692 0 1131
4692 0 9551
4692 0 2023
4693 0 5223
4694 0 9278
4695 0 3427
4695 0 5
4695 0 3465
4695 0 4308
4695 0 7189
4695 0 10744
4695 0 4539
4695 0 4828
4695 0 9471
4696 0 5
4697 0 1506
4698 0 10750
4699 0 5
4701 0 8247
4702 0 5253
4702 0 7719
4703 0 578
4704 0 1472
4704 0 9286
4704 0 346
4704 0 618
4705 0 5
4705 0 3834
4705 0 9127
4705 0 1419
4705 0 172
4705 0 269
4705 0 9134
4705 0 1809
4705 0 666
4705 0 535
4705 0 634
4705 0 1083
4705 0 4319
4706 0 3806
4707 0 5
4708 0 5
4709 0 903
4710 0 894
4711 0 102
4712 0 1171
4712 0 5350
4714 0 1676
4714 0 10765
4715 0 10768
4715 0 1805
4716 0 5
4718 0 5900
4719 0 273
4719 0 237
4720 0 9291
4721 0 269
4721 0 346
4721 0 5
4722 0 8
4723 0 289
4723 0 451
4723 0 804
4723 0 935
4723 0 5578
4723 0 7563
4723 0 2352
4723 0 851
4723 0 10775
4723 0 7609
4723 0 671
4724 0 103
4725 0 8
4726 0 5124
4726 0 5
4726 0 4709
4727 0 7616
4727 0 4838
4727 0 1451
4727 0 9148
4727 0 3805
4728 0 103
4729 0 6312
4729 0 10793
4729 0 10795
4730 0 8
4731 0 5
4732 0 1121
4733 0 9306
4734 0 10327
4735 0 10812
4736 0 5
4737 0 240
4737 0 380
4738 0 1207
4739 0 1518
4739 0 1169
4739 0 1174
4739 0 151
4740 0 95
4742 0 3429
4743 0 10822
4744 0 1486
4745 0 5481
4746 0 3125
4747 0 1312
4748 0 9759
4749 0 10467
4749 0 2719
4750 0 4838
4751 0 2496
4751 0 5
4751 0 743
4752 0 3083
4752 0 4805
4752 0 702
4753 0 5570
4754 0 10835
4754 0 10837
4754 0 349
4755 0 2406
4756 0 4645
4757 0 631
4758 0 481
4758 0 227
4758 0 164
4758 0 5
4758 0 6249
4758 0 1386
4758 0 395
4758 0 594
4758 0 2486
4759 0 845
4759 0 7286
4760 0 4012
4761 0 240
4766 0 1366
4768 0 6297
4771 0 5569
4771 0 5
4771 0 10221
4771 0 10863
4771 0 2037
4773 0 10
4774 0 445
4775 0 8
4776 0 9157
4776 0 9158
4779 0 81
4780 0 9164
4782 0 2448
4782 0 2092
4782 0 3832
4783 0 1101
4784 0 3650
4784 0 1556
4787 0 5
4787 0 126
4788 0 10888
4789 0 253
4790 0 5
4790 0 1662
4791 0 356
4791 0 709
4791 0 3300
4791 0 329
4791 0 1450
4791 0 4723
4791 0 10900
4791 0 662
4791 0 727
4791 0 3900
4791 0 7708
4792 0 8260
4792 0 3693
4793 0 1732
4793 0 2588
4794 0 5920
4795 0 10906
4796 0 5242
4797 0 52
4799 0 8
4799 0 269
4800 0 6346
4800 0 109
4800 0 9168
4800 0 9169
4800 0 9170
4800 0 9171
4800 0 9176
4801 0 2521
4802 0 349
4803 0 10915
4803 0 5
4803 0 679
4803 0 10
4803 0 1075
4803 0 444
4804 0 1242
4805 0 2256
4805 0 234
4805 0 2440
4805 0 1086
4806 0 5519
4806 0 2287
4806 0 10920
4806 0 95
4808 0 5
4810 0 9378
4810 0 9379
4810 0 3437
4811 0 5
4812 0 9384
4812 0 4810
4812 0 1814
4813 0 274
4813 0 1366
4814 0 1332
4815 0 5
4816 0 5
4817 0 9391
4818 0 164
4818 0 238
4819 0 24
4820 0 10944
4820 0 10945
4820 0 10948
4821 0 104
4822 0 160
4822 0 5
4822 0 10949
4822 0 4622
4822 0 5678
4822 0 9878
4822 0 1340
4822 0 4542
4823 0 9402
4824 0 1575
4825 0 3172
4825 0 6
4825 0 717
4825 0 4718
4825 0 591
4826 0 6293
4827 0 349
4828 0 81
4829 0 947
4830 0 5
4831 0 4723
4831 0 662
4832 0 6240
4832 0 8200
4832 0 10954
4833 0 3994
4834 0 10956
4836 0 3840
4836 0 9408
4836 0 1026
4836 0 9414
4836 0 7369
4836 0 9290
4836 0 2891
4836 0 5035
4836 0 9417
4836 0 3406
4836 0 4528
4836 0 4657
4836 0 3826
4836 0 5077
4836 0 3190
4836 0 6523
4836 0 9405
4837 0 6650
4837 0 2042
4837 0 6876
4837 0 220
4838 0 1323
4839 0 5
4840 0 5298
4841 0 5244
4841 0 621
4843 0 376
4844 0 1590
4845 0 3436
4845 0 1971
4845 0 940
4845 0 533
4846 0 1931
4847 0 1122
4848 0 5481
4848 0 3523
4848 0 5772
4848 0 10966
4849 0 7820
4849 0 5103
4850 0 4598
4851 0 5
4852 0 105
4852 0 4715
4852 0 9455
4852 0 2257
4852 0 95
4853 0 4065
4853 0 10979
4853 0 10980
4853 0 10981
4853 0 6023
4853 0 2760
4853 0 5865
4853 0 9896
4853 0 10983
4853 0 8524
4853 0 365
4853 0 558
4853 0 10984
4853 0 10985
4854 0 1792
4854 0 1727
4855 0 10306
4855 0 10990
4855 0 10992
4855 0 1266
4855 0 6963
4855 0 3444
4855 0 1140
4855 0 3605
4855 0 7347
4855 0 346
4856 0 1333
4857 0 3515
4857 0 2444
4857 0 1877
4857 0 487
4858 0 6312
4860 0 368
4860 0 5350
4860 0 1182
4861 0 1492
4862 0 1292
4863 0 429
4864 0 1246
4865 0 3444
4866 0 9471
4867 0 922
4869 0 356
4870 0 2866
4870 0 852
4870 0 5
4870 0 7252
4871 0 11050
4871 0 543
4872 0 573
4872 0 894
4873 0 290
4874 0 9485
4875 0 8
4876 0 998
4879 0 431
4880 0 9486
4881 0 97
4881 0 11061
4881 0 1797
4882 0 265
4882 0 4775
4882 0 14019
4882 0 1271
4883 0 6182
4884 0 2016
4884 0 5
4884 0 114
4884 0 533
4884 0 601
4884 0 346
4885 0 11065
4885 0 6842
4886 0 5251
4887 0 5
4888 0 5
4890 0 601
4892 0 1477
4892 0 11070
4892 0 431
4893 0 103
4894 0 1477
4895 0 10243
4895 0 5
4895 0 6
4895 0 8
4895 0 10
4895 0 2064
4895 0 2577
4895 0 533
4895 0 32
4895 0 9256
4895 0 557
4895 0 1587
4895 0 7731
4895 0 2622
4895 0 4670
4895 0 578
4895 0 7238
4895 0 3655
4895 0 2125
4895 0 5717
4895 0 2136
4895 0 95
4895 0 3169
4895 0 105
4895 0 3691
4895 0 1644
4895 0 1645
4895 0 110
4895 0 1646
4895 0 7788
4895 0 4723
4895 0 7795
4895 0 1655
4895 0 631
4895 0 2172
4895 0 7805
4895 0 2688
4895 0 662
4895 0 1174
4895 0 7832
4895 0 1179
4895 0 6813
4895 0 3232
4895 0 164
4895 0 1190
4895 0 1704
4895 0 7850
4895 0 2227
4895 0 2229
4895 0 2230
4895 0 5814
4895 0 1211
4895 0 3263
4895 0 2250
4895 0 204
4895 0 717
4895 0 2255
4895 0 5328
4895 0 5329
4895 0 5331
4895 0 5332
4895 0 727
4895 0 9446
4895 0 1770
4895 0 750
4895 0 1774
4895 0 2289
4895 0 3830
4895 0 1272
4895 0 2297
4895 0 7423
4895 0 4363
4895 0 7947
4895 0 3341
4895 0 6928
4895 0 275
4895 0 1300
4895 0 5405
4895 0 290
4895 0 10024
4895 0 310
4895 0 3385
4895 0 11081
4895 0 11084
4895 0 11088
4895 0 11089
4895 0 11090
4895 0 2387
4895 0 11091
4895 0 11092
4895 0 11093
4895 0 11094
4895 0 11097
4895 0 11098
4895 0 11099
4895 0 11100
4895 0 3939
4895 0 11110
4895 0 11115
4895 0 2413
4895 0 1391
4895 0 4981
4895 0 4984
4895 0 11128
4895 0 11129
4895 0 11130
4895 0 11131
4895 0 387
4895 0 11145
4895 0 395
4895 0 6035
4895 0 8090
4895 0 4508
4895 0 4510
4895 0 1439
4895 0 4513
4895 0 419
4895 0 420
4895 0 931
4895 0 3491
4895 0 6575
4895 0 5040
4895 0 951
4895 0 1982
4895 0 4034
4895 0 451
4895 0 4037
4895 0 5061
4895 0 455
4895 0 4039
4895 0 973
4895 0 1485
4895 0 1486
4895 0 8153
4895 0 8154
4895 0 994
4895 0 3557
4895 0 490
4895 0 2559
4896 0 3800
4896 0 9497
4898 0 8537
4901 0 1120
4902 0 11153
4904 0 283
4905 0 6217
4905 0 6
4906 0 5
4907 0 1849
4907 0 7862
4907 0 894
4909 0 11162
4910 0 9758
4911 0 480
4911 0 1099
4911 0 1014
4911 0 5199
4912 0 9473
4912 0 6277
4912 0 266
4912 0 3229
4912 0 11168
4912 0 11170
4912 0 11171
4912 0 1061
4912 0 6566
4912 0 11174
4912 0 11175
4912 0 7721
4912 0 11181
4912 0 11182
4912 0 2608
4912 0 306
4912 0 2739
4912 0 7489
4912 0 707
4912 0 6598
4912 0 3788
4912 0 2255
4912 0 854
4912 0 215
4912 0 3168
4912 0 5090
4912 0 995
4912 0 2020
4912 0 11113
4912 0 8814
4912 0 4721
4912 0 505
4912 0 508
4913 0 9509
4914 0 8548
4914 0 5
4914 0 4786
4914 0 850
4914 0 564
4914 0 4792
4914 0 158
4915 0 5
4915 0 494
4916 0 2496
4916 0 631
4917 0 5
4918 0 400
4919 0 1835
4919 0 6302
4920 0 8
4921 0 11200
4922 0 4260
4923 0 8979
4923 0 644
4924 0 5
4925 0 9185
4925 0 356
4925 0 5
4925 0 5320
4925 0 1481
4925 0 400
4925 0 1457
4925 0 8662
4925 0 5816
4925 0 9182
4926 0 5
4927 0 631
4928 0 636
4929 0 1755
4930 0 349
4932 0 10240
4932 0 1066
4932 0 11211
4932 0 9996
4932 0 141
4932 0 81
4932 0 55
4932 0 6040
4932 0 7577
4932 0 1242
4933 0 593
4934 0 6557
4935 0 321
4935 0 901
4935 0 1840
4935 0 436
4935 0 1110
4935 0 2427
4936 0 1849
4937 0 2439
4938 0 11217
4938 0 11219
4939 0 2280
4940 0 267
4940 0 388
4941 0 2257
4944 0 7896
4945 0 11225
4946 0 5829
4946 0 1142
4947 0 1148
4947 0 11229
4947 0 1814
4948 0 355
4948 0 8700
4949 0 5
4950 0 9562
4951 0 385
4951 0 2001
4953 0 1332
4954 0 3203
4954 0 5925
4954 0 7470
4954 0 4026
4954 0 349
4956 0 6
4957 0 1516
4957 0 445
4958 0 9576
4958 0 49
4958 0 6612
4958 0 9581
4959 0 592
4960 0 3296
4960 0 6132
4960 0 2820
4960 0 3487
4961 0 422
4962 0 8934
4963 0 342
4964 0 165
4964 0 1033
4964 0 400
4964 0 9593
4964 0 9594
4964 0 1308
4964 0 5661
4965 0 3064
4965 0 2588
4966 0 645
4966 0 2375
4966 0 240
4966 0 6519
4966 0 510
4967 0 3214
4968 0 6214
4970 0 81
4972 0 1824
4972 0 1076
4973 0 2580
4974 0 330
4974 0 9606
4974 0 4982
4976 0 4961
4977 0 505
4977 0 2255
4978 0 5347
4978 0 1354
4978 0 2283
4978 0 9615
4978 0 9617
4978 0 9618
4978 0 1972
4978 0 215
4978 0 408
4978 0 249
4978 0 3415
4979 0 2722
4979 0 1060
4979 0 591
4979 0 850
4979 0 6015
4980 0 2560
4980 0 645
4980 0 5032
4980 0 1483
4980 0 4532
4980 0 1752
4981 0 11267
4983 0 537
4984 0 82
4985 0 6191
4986 0 6594
4987 0 4920
4987 0 9632
4988 0 11045
4989 0 351
4990 0 9655
4991 0 3070
4992 0 942
4993 0 11272
4994 0 11277
4995 0 9661
4996 0 5
4997 0 8832
4997 0 9793
4997 0 403
4997 0 4235
4998 0 5
4999 0 642
4999 0 1204
4999 0 2479
5000 0 568
5001 0 3127
5002 0 1272
5003 0 2690
5003 0 5
5003 0 9670
5003 0 9673
5003 0 9677
5003 0 4814
5003 0 7710
5005 0 160
5005 0 1242
5005 0 578
5006 0 6249
5006 0 578
5006 0 1835
5007 0 2838
5008 0 3316
5011 0 819
5012 0 451
5012 0 8
5012 0 11304
5012 0 849
5012 0 850
5012 0 3378
5012 0 4594
5012 0 767
5013 0 1847
5014 0 9698
5014 0 363
5014 0 6379
5014 0 2544
5014 0 8977
5015 0 8
5016 0 5
5017 0 1340
5018 0 431
5020 0 3933
5022 0 8230
5024 0 5
5025 0 5
5026 0 370
5027 0 3737
5027 0 242
5028 0 290
5028 0 5
5029 0 9454
5030 0 1388
5030 0 445
5033 0 529
5034 0 9714
5034 0 4422
5036 0 5068
5037 0 1025
5038 0 1010
5038 0 5775
5039 0 1966
5040 0 8578
5040 0 771
5040 0 1290
5040 0 1931
5040 0 1300
5040 0 9125
5040 0 2352
5040 0 1458
5040 0 6456
5040 0 319
5040 0 2496
5040 0 2624
5040 0 1477
5040 0 4552
5040 0 1371
5040 0 3943
5040 0 9063
5040 0 5104
5040 0 9203
5040 0 3956
5040 0 9204
5040 0 5110
5040 0 503
5040 0 9205
5040 0 1657
5040 0 7035
5040 0 6908
5041 0 643
5041 0 3814
5041 0 487
5041 0 3464
5041 0 937
5041 0 236
5041 0 1715
5041 0 413
5041 0 3071
5042 0 5
5043 0 1127
5044 0 677
5045 0 1931
5045 0 1061
5046 0 9747
5049 0 10
5050 0 75
5051 0 5405
5052 0 11480
5052 0 11484
5052 0 11485
5052 0 1566
5052 0 11487
5053 0 9740
5054 0 894
5055 0 5481
5055 0 464
5055 0 2423
5055 0 3770
5055 0 7164
5055 0 1374
5056 0 692
5057 0 1792
5057 0 9763
5057 0 5
5058 0 9762
5059 0 11266
5059 0 643
5059 0 6
5059 0 8
5059 0 24
5059 0 5915
5059 0 1179
5059 0 5150
5059 0 1061
5059 0 935
5059 0 5032
5059 0 1082
5059 0 8638
5059 0 4928
5059 0 1741
5059 0 81
5059 0 3667
5059 0 8059
5059 0 7783
5059 0 11498
5059 0 1644
5059 0 3700
5059 0 3579
5059 0 7423
5060 0 196
5061 0 6893
5062 0 489
5064 0 451
5064 0 9957
5064 0 1109
5064 0 342
5064 0 2296
5064 0 123
5066 0 645
5067 0 3886
5068 0 11510
5069 0 5952
5070 0 4493
5070 0 582
5071 0 169
5072 0 32
5072 0 740
5072 0 5
5072 0 4701
5072 0 1644
5072 0 110
5072 0 945
5072 0 786
5072 0 4723
5072 0 3228
5072 0 3261
5072 0 1086
5072 0 63
5073 0 7119
5074 0 1698
5074 0 1955
5074 0 5
5074 0 1867
5074 0 2930
5074 0 6099
5074 0 405
5074 0 3805
5074 0 11518
5075 0 9666
5075 0 1194
5075 0 998
5076 0 9793
5076 0 9794
5076 0 260
5076 0 5
5076 0 6149
5076 0 6758
5076 0 2441
5076 0 2569
5076 0 4235
5076 0 140
5076 0 4587
5076 0 4588
5076 0 5359
5076 0 403
5076 0 952
5076 0 3930
5076 0 9789
5078 0 1849
5078 0 1867
5079 0 6222
5080 0 5
5081 0 519
5082 0 5
5083 0 1539
5083 0 62
5084 0 516
5084 0 5
5084 0 3590
5084 0 7
5084 0 9
5084 0 526
5084 0 2577
5084 0 18
5084 0 533
5084 0 4629
5084 0 2072
5084 0 1563
5084 0 2592
5084 0 36
5084 0 9252
5084 0 2086
5084 0 1578
5084 0 2616
5084 0 1084
5084 0 63
5084 0 64
5084 0 65
5084 0 578
5084 0 5700
5084 0 8261
5084 0 5703
5084 0 2633
5084 0 1613
5084 0 590
5084 0 1102
5084 0 2128
5084 0 9806
5084 0 594
5084 0 4178
5084 0 9812
5084 0 1109
5084 0 1622
5084 0 9814
5084 0 9818
5084 0 91
5084 0 9819
5084 0 9820
5084 0 3169
5084 0 4705
5084 0 7266
5084 0 3172
5084 0 9828
5084 0 5227
5084 0 624
5084 0 9841
5084 0 114
5084 0 117
5084 0 2165
5084 0 9848
5084 0 6777
5084 0 2682
5084 0 1148
5084 0 1665
5084 0 3715
5084 0 645
5084 0 137
5084 0 2697
5084 0 139
5084 0 140
5084 0 9868
5084 0 9879
5084 0 2712
5084 0 666
5084 0 3228
5084 0 1194
5084 0 174
5084 0 2223
5084 0 9905
5084 0 178
5084 0 3252
5084 0 4276
5084 0 1208
5084 0 2748
5084 0 3772
5084 0 3774
5084 0 1727
5084 0 3263
5084 0 9918
5084 0 198
5084 0 2247
5084 0 9926
5084 0 6345
5084 0 1741
5084 0 2255
5084 0 9425
5084 0 4306
5084 0 1750
5084 0 727
5084 0 9945
5084 0 730
5084 0 1755
5084 0 7900
5084 0 5341
5084 0 2785
5084 0 9953
5084 0 237
5084 0 9965
5084 0 4335
5084 0 240
5084 0 1271
5084 0 248
5084 0 6391
5084 0 763
5084 0 3324
5084 0 3836
5084 0 3838
5084 0 9209
5084 0 1282
5084 0 1801
5084 0 266
5084 0 273
5084 0 1809
5084 0 275
5084 0 4885
5084 0 1814
5084 0 5911
5084 0 793
5084 0 4378
5084 0 1310
5084 0 2848
5084 0 2851
5084 0 805
5084 0 4392
5084 0 1838
5084 0 5424
5084 0 310
5084 0 1351
5084 0 2375
5084 0 2891
5084 0 337
5084 0 342
5084 0 2392
5084 0 4440
5084 0 6493
5084 0 1374
5084 0 351
5084 0 8033
5084 0 8546
5084 0 3940
5084 0 2406
5084 0 902
5084 0 6534
5084 0 8070
5084 0 1933
5084 0 2458
5084 0 3996
5084 0 413
5084 0 8095
5084 0 1442
5084 0 4516
5084 0 5032
5084 0 1449
5084 0 940
5084 0 5038
5084 0 4528
5084 0 5040
5084 0 1460
5084 0 438
5084 0 4025
5084 0 3003
5084 0 5051
5084 0 4030
5084 0 3008
5084 0 2002
5084 0 467
5084 0 1493
5084 0 470
5084 0 5077
5084 0 2524
5084 0 5597
5084 0 2020
5084 0 13796
5084 0 1513
5084 0 3566
5084 0 496
5084 0 499
5084 0 3572
5084 0 4085
5084 0 2551
5084 0 505
5084 0 2042
5084 0 1021
5084 0 510
5085 0 2551
5086 0 4571
5088 0 4715
5089 0 9969
5089 0 9967
5090 0 5326
5091 0 2439
5092 0 5
5093 0 529
5093 0 1884
5094 0 4555
5095 0 8
5095 0 7562
5095 0 624
5095 0 2705
5095 0 11537
5095 0 11538
5095 0 1142
5096 0 1566
5096 0 204
5096 0 8372
5096 0 9976
5096 0 9979
5096 0 349
5096 0 1501
5096 0 7646
5097 0 5037
5098 0 231
5099 0 7
5099 0 2062
5099 0 2576
5099 0 9238
5099 0 5144
5099 0 4641
5099 0 8744
5099 0 9768
5099 0 1075
5099 0 10305
5099 0 6245
5099 0 113
5099 0 8834
5099 0 644
5099 0 2707
5099 0 3735
5099 0 5281
5099 0 4778
5099 0 10420
5099 0 703
5099 0 8904
5099 0 225
5099 0 8421
5099 0 7400
5099 0 10992
5099 0 1295
5099 0 7449
5099 0 11550
5099 0 11552
5099 0 11553
5099 0 11554
5099 0 11555
5099 0 11556
5099 0 11557
5099 0 2342
5099 0 11560
5099 0 11561
5099 0 11563
5099 0 11564
5099 0 11566
5099 0 11569
5099 0 11571
5099 0 1333
5099 0 11575
5099 0 824
5099 0 4920
5099 0 11577
5099 0 11578
5099 0 11580
5099 0 11581
5099 0 11584
5099 0 11586
5099 0 6467
5099 0 11587
5099 0 11590
5099 0 11592
5099 0 11593
5099 0 11594
5099 0 2892
5099 0 6476
5099 0 11597
5099 0 11599
5099 0 11601
5099 0 11605
5099 0 11609
5099 0 346
5099 0 11610
5099 0 11613
5099 0 11615
5099 0 11619
5099 0 11622
5099 0 11623
5099 0 11624
5099 0 11626
5099 0 11627
5099 0 11628
5099 0 11631
5099 0 11632
5099 0 11633
5099 0 11634
5099 0 11635
5099 0 4468
5099 0 11639
5099 0 11642
5099 0 11646
5099 0 11650
5099 0 11651
5099 0 5523
5099 0 9638
5099 0 429
5099 0 9134
5099 0 1501
5099 0 10220
5099 0 3057
5099 0 3060
5099 0 4598
5099 0 9724
5100 0 1778
5101 0 3653
5101 0 230
5101 0 807
5101 0 1101
5101 0 1840
5101 0 8504
5102 0 6632
5102 0 204
5102 0 7884
5102 0 2675
5102 0 8121
5103 0 3003
5104 0 624
5105 0 9984
5106 0 592
5106 0 6090
5106 0 4184
5107 0 860
5108 0 9045
5109 0 90
5110 0 9993
5111 0 10499
5111 0 10627
5111 0 2950
5111 0 8
5111 0 10123
5111 0 11659
5111 0 1166
5111 0 5902
5111 0 1936
5111 0 5136
5111 0 1938
5111 0 1939
5111 0 1940
5111 0 1941
5111 0 1942
5111 0 1943
5111 0 664
5111 0 1944
5111 0 1946
5111 0 3098
5111 0 4124
5111 0 4248
5111 0 11676
5111 0 545
5111 0 6949
5111 0 8357
5111 0 6823
5111 0 11688
5111 0 11689
5111 0 11562
5111 0 11690
5111 0 5934
5111 0 563
5111 0 2739
5111 0 3508
5111 0 7349
5111 0 8374
5111 0 184
5111 0 6584
5111 0 11703
5111 0 11704
5111 0 700
5111 0 701
5111 0 11664
5111 0 11705
5111 0 11706
5111 0 11665
5111 0 451
5111 0 3908
5111 0 11714
5111 0 11715
5111 0 11666
5111 0 11716
5111 0 11717
5111 0 6474
5111 0 1995
5111 0 3019
5111 0 11724
5111 0 11728
5111 0 81
5111 0 1745
5111 0 3858
5111 0 11730
5111 0 10075
5111 0 10204
5111 0 5856
5111 0 2416
5111 0 4627
5111 0 1778
5111 0 7411
5111 0 2678
5111 0 2942
5112 0 11733
5113 0 10016
5113 0 591
5115 0 11737
5116 0 289
5117 0 8
5117 0 564
5117 0 2614
5118 0 11744
5118 0 2081
5118 0 4516
5118 0 11748
5118 0 1449
5118 0 11753
5118 0 523
5118 0 4077
5118 0 10287
5118 0 2868
5118 0 1781
5118 0 11732
5118 0 4535
5118 0 348
5119 0 11582
5122 0 1024
5123 0 5
5124 0 5
5124 0 2565
5124 0 2439
5124 0 139
5124 0 140
5124 0 9872
5124 0 4245
5124 0 664
5124 0 666
5124 0 10013
5124 0 8094
5124 0 10014
5124 0 35
5124 0 10019
5124 0 10021
5124 0 1575
5124 0 10025
5124 0 6828
5124 0 9649
5124 0 62
5124 0 4679
5124 0 5575
5124 0 6217
5124 0 720
5124 0 3930
5124 0 2914
5124 0 7273
5124 0 4461
5124 0 494
5124 0 888
5124 0 890
5124 0 2813
5124 0 894
5126 0 1564
5126 0 2247
5127 0 622
5128 0 3523
5128 0 652
5129 0 631
5131 0 7737
5132 0 1835
5133 0 1460
5133 0 2375
5133 0 1727
5134 0 7621
5135 0 1377
5135 0 31
5136 0 539
5137 0 1289
5138 0 4278
5139 0 1344
5139 0 3617
5139 0 1282
5139 0 7202
5139 0 10049
5139 0 5
5139 0 6991
5139 0 10046
5139 0 3127
5139 0 62
5140 0 1011
5141 0 2646
5142 0 10050
5143 0 3488
5144 0 3840
5144 0 7555
5144 0 2372
5144 0 180
5144 0 2262
5144 0 5049
5145 0 4664
5145 0 1474
5146 0 5274
5147 0 10056
5147 0 10057
5147 0 10054
5147 0 10055
5148 0 2492
5148 0 5158
5149 0 5
5150 0 668
5151 0 4566
5152 0 103
5153 0 4151
5154 0 422
5154 0 329
5154 0 1449
5154 0 9035
5154 0 8912
5154 0 10064
5154 0 10065
5154 0 10066
5154 0 10067
5154 0 1815
5155 0 1334
5156 0 745
5158 0 9355
5159 0 2728
5160 0 696
5161 0 5947
5161 0 4151
5162 0 5597
5163 0 2784
5163 0 4899
5163 0 4964
5163 0 5
5163 0 299
5163 0 8943
5163 0 568
5163 0 7385
5163 0 955
5163 0 11773
5165 0 10070
5166 0 11778
5167 0 2030
5167 0 7423
5168 0 10722
5169 0 10072
5171 0 10588
5172 0 1947
5173 0 2059
5173 0 9278
5174 0 11797
5175 0 4360
5175 0 9210
5176 0 1148
5177 0 5316
5177 0 11799
5179 0 9212
5180 0 5
5180 0 8
5180 0 395
5180 0 400
5180 0 9239
5180 0 11804
5180 0 285
5180 0 11806
5180 0 11056
5180 0 9154
5180 0 1732
5180 0 3269
5180 0 4039
5180 0 81
5180 0 7122
5180 0 729
5180 0 987
5180 0 220
5180 0 355
5180 0 3173
5180 0 2416
5181 0 1340
5182 0 329
5182 0 467
5184 0 9213
5185 0 408
5186 0 90
5187 0 7555
5187 0 1028
5187 0 389
5187 0 645
5187 0 2566
5187 0 2824
5187 0 4617
5187 0 266
5187 0 524
5187 0 5648
5187 0 18
5187 0 11157
5187 0 1052
5187 0 1564
5187 0 8095
5187 0 1061
5187 0 2601
5187 0 684
5187 0 5036
5187 0 2224
5187 0 178
5187 0 2227
5187 0 3252
5187 0 3767
5187 0 8119
5187 0 1084
5187 0 1470
5187 0 3263
5187 0 3264
5187 0 2497
5187 0 7490
5187 0 580
5187 0 2762
5187 0 2255
5187 0 4049
5187 0 5331
5187 0 5077
5187 0 7383
5187 0 348
5187 0 1251
5187 0 3171
5187 0 234
5187 0 7530
5187 0 6257
5187 0 3572
5187 0 1653
5187 0 2807
5187 0 120
5187 0 2812
5187 0 510
5187 0 6527
5189 0 802
5190 0 11828
5191 0 252
5192 0 5853
5193 0 6281
5194 0 6899
5195 0 4935
5197 0 7
5198 0 266
5199 0 11846
5200 0 1109
5200 0 1815
5201 0 9648
5201 0 5788
5201 0 11853
5202 0 2418
5203 0 90
5203 0 244
5204 0 1562
5205 0 519
5205 0 8168
5205 0 3145
5205 0 203
5205 0 5293
5205 0 4368
5205 0 6802
5205 0 1683
5205 0 5588
5205 0 1814
5205 0 763
5206 0 9189
5207 0 25
5208 0 531
5208 0 183
5209 0 4955
5210 0 11859
5211 0 131
5211 0 772
5211 0 1732
5211 0 774
5211 0 1010
5211 0 691
5211 0 793
5212 0 7280
5213 0 7484
5213 0 269
5215 0 9601
5215 0 5
5215 0 523
5215 0 3340
5215 0 9229
5215 0 1559
5215 0 3614
5215 0 163
5215 0 1841
5215 0 5047
5215 0 954
5215 0 1084
5215 0 3261
5215 0 574
5215 0 961
5215 0 7877
5215 0 7378
5215 0 1116
5215 0 11868
5215 0 11870
5215 0 11871
5215 0 11872
5215 0 11873
5215 0 11874
5215 0 11875
5215 0 10724
5215 0 11876
5215 0 11877
5215 0 7403
5215 0 1780
5215 0 1781
5215 0 3188
5215 0 123
5216 0 779
5218 0 29
5219 0 6711
5220 0 1545
5220 0 743
5221 0 9171
5221 0 9197
5222 0 11879
5223 0 11880
5223 0 4700
5224 0 1849
5224 0 631
5225 0 5
5226 0 11882
5226 0 836
5229 0 6316
5230 0 5
5231 0 9208
5231 0 3726
5232 0 624
5232 0 8123
5232 0 5
5232 0 11887
5234 0 8194
5234 0 9218
5234 0 516
5234 0 523
5234 0 9228
5234 0 9230
5234 0 15
5234 0 18
5234 0 5650
5234 0 9236
5234 0 9240
5234 0 9241
5234 0 3099
5234 0 5147
5234 0 2077
5234 0 36
5234 0 9252
5234 0 2086
5234 0 9256
5234 0 9264
5234 0 9265
5234 0 1084
5234 0 574
5234 0 579
5234 0 582
5234 0 2635
5234 0 2644
5234 0 1110
5234 0 91
5234 0 3168
5234 0 618
5234 0 4720
5234 0 627
5234 0 3191
5234 0 1655
5234 0 4735
5234 0 3200
5234 0 3207
5234 0 1680
5234 0 1179
5234 0 681
5234 0 175
5234 0 1199
5234 0 692
5234 0 1209
5234 0 2233
5234 0 2761
5234 0 2762
5234 0 717
5234 0 2253
5234 0 720
5234 0 2257
5234 0 1252
5234 0 2789
5234 0 2290
5234 0 248
5234 0 253
5234 0 1282
5234 0 772
5234 0 265
5234 0 267
5234 0 269
5234 0 275
5234 0 8981
5234 0 6429
5234 0 5410
5234 0 2342
5234 0 4915
5234 0 2868
5234 0 1855
5234 0 2891
5234 0 3406
5234 0 2387
5234 0 347
5234 0 348
5234 0 349
5234 0 2927
5234 0 376
5234 0 7040
5234 0 898
5234 0 8076
5234 0 2462
5234 0 2974
5234 0 940
5234 0 3505
5234 0 951
5234 0 5047
5234 0 954
5234 0 1470
5234 0 4030
5234 0 961
5234 0 4044
5234 0 2510
5234 0 2511
5234 0 466
5234 0 2011
5234 0 3549
5234 0 3038
5234 0 5093
5234 0 486
5234 0 1012
5234 0 3574
5234 0 506
5234 0 510
5235 0 9283
5235 0 5
5236 0 4055
5237 0 8705
5237 0 5
5237 0 519
5237 0 3083
5237 0 2574
5237 0 1556
5237 0 47
5237 0 10309
5237 0 75
5237 0 81
5237 0 3665
5237 0 90
5237 0 95
5237 0 106
5237 0 2159
5237 0 11893
5237 0 11894
5237 0 11895
5237 0 2167
5237 0 2171
5237 0 11902
5237 0 11903
5237 0 1663
5237 0 11905
5237 0 11907
5237 0 645
5237 0 11909
5237 0 10891
5237 0 2204
5237 0 160
5237 0 679
5237 0 681
5237 0 690
5237 0 5307
5237 0 5821
5237 0 2238
5237 0 221
5237 0 3852
5237 0 2845
5237 0 2349
5237 0 843
5237 0 845
5237 0 6478
5237 0 846
5237 0 2898
5237 0 2899
5237 0 2900
5237 0 2902
5237 0 2904
5237 0 2905
5237 0 2906
5237 0 4443
5237 0 1375
5237 0 352
5237 0 1377
5237 0 1378
5237 0 2911
5237 0 1382
5237 0 2413
5237 0 9581
5237 0 4995
5237 0 8579
5237 0 1423
5237 0 10137
5237 0 3994
5237 0 2987
5237 0 4523
5237 0 1968
5237 0 433
5237 0 434
5237 0 3523
5237 0 967
5237 0 968
5237 0 969
5237 0 970
5237 0 971
5237 0 972
5237 0 973
5237 0 2022
5237 0 11262
5238 0 5
5239 0 8
5239 0 1211
5239 0 5060
5239 0 9287
5240 0 4328
5241 0 5868
5243 0 10747
5244 0 5
5245 0 385
5245 0 5
5245 0 6
5245 0 3461
5245 0 3082
5245 0 395
5245 0 2956
5245 0 3469
5245 0 275
5245 0 5143
5245 0 413
5245 0 1071
5245 0 8753
5245 0 8754
5245 0 8755
5245 0 4790
5245 0 4799
5245 0 1990
5245 0 9293
5245 0 6862
5245 0 9302
5245 0 1495
5245 0 732
5245 0 9310
5245 0 351
5245 0 9315
5245 0 9318
5245 0 9319
5245 0 9320
5245 0 9326
5245 0 496
5245 0 1651
5246 0 3965
5247 0 5
5249 0 9342
5250 0 18
5251 0 3987
5251 0 3172
5251 0 7613
5252 0 5322
5252 0 1667
5253 0 990
5254 0 4
5254 0 7671
5256 0 81
5258 0 3457
5258 0 645
5258 0 6
5258 0 1798
5258 0 8
5258 0 2566
5258 0 9352
5258 0 9353
5258 0 525
5258 0 9360
5258 0 6546
5258 0 9364
5258 0 533
5258 0 7191
5258 0 2712
5258 0 3099
5258 0 4516
5258 0 2614
5258 0 5319
5258 0 6487
5258 0 5210
5258 0 3038
5258 0 3169
5258 0 8417
5258 0 356
5258 0 2020
5258 0 240
5258 0 2418
5258 0 3572
5258 0 1271
5259 0 56
5260 0 3973
5260 0 325
5260 0 3974
5260 0 776
5260 0 2798
5260 0 1142
5261 0 7171
5262 0 873
5262 0 1804
5263 0 950
5264 0 4938
5264 0 12
5264 0 8781
5266 0 1110
5267 0 9420
5268 0 11945
5269 0 5877
5270 0 11946
5270 0 11831
5271 0 2064
5271 0 5
5272 0 2496
5272 0 9381
5272 0 9415
5272 0 2356
5272 0 316
5273 0 1282
5273 0 2551
5274 0 953
5275 0 376
5275 0 9021
5276 0 4322
5277 0 889
5278 0 11394
5278 0 10468
5278 0 11960
5278 0 2352
5278 0 498
5278 0 11955
5278 0 2804
5278 0 3318
5278 0 11958
5278 0 696
5278 0 826
5278 0 2303
5279 0 4546
5279 0 578
5280 0 4272
5281 0 594
5282 0 17
5283 0 2256
5283 0 2170
5283 0 3038
5284 0 5
5285 0 138
5285 0 1882
5285 0 510
5285 0 5199
5286 0 385
5286 0 3830
5287 0 8705
5287 0 867
5287 0 10982
5287 0 6023
5287 0 11976
5287 0 11977
5287 0 10986
5287 0 11979
5287 0 11980
5287 0 11981
5287 0 178
5287 0 8726
5287 0 11895
5287 0 4088
5287 0 11262
5288 0 5
5289 0 11983
5291 0 3153
5291 0 10475
5292 0 10090
5292 0 10091
5294 0 704
5294 0 1232
5295 0 12000
5295 0 12001
5295 0 6946
5295 0 5
5295 0 151
5295 0 2040
5295 0 1882
5295 0 795
5295 0 10780
5296 0 8761
5296 0 1879
5297 0 290
5298 0 3096
5299 0 3221
5300 0 12009
5300 0 12010
5300 0 4651
5300 0 6158
5301 0 2596
5302 0 1398
5303 0 10106
5304 0 214
5305 0 14024
5305 0 1093
5305 0 10110
5305 0 9391
5306 0 3258
5306 0 10111
5307 0 5
5307 0 1990
5307 0 10123
5307 0 533
5307 0 1947
5309 0 10249
5310 0 10127
5312 0 8985
5312 0 299
5312 0 6380
5312 0 4910
5313 0 1472
5313 0 3703
5315 0 12026
5315 0 12027
5316 0 4241
5316 0 763
5316 0 4723
5316 0 5
5317 0 2545
5318 0 3010
5319 0 3032
5320 0 226
5320 0 12034
5320 0 6566
5320 0 1096
5320 0 203
5320 0 4566
5320 0 1566
5320 0 7679
5321 0 7021
5321 0 158
5321 0 3615
5322 0 3113
5322 0 2285
5323 0 10143
5324 0 4470
5325 0 385
5325 0 935
5325 0 8
5325 0 12043
5325 0 300
5325 0 4847
5325 0 850
5325 0 4723
5325 0 564
5325 0 793
5325 0 7743
5326 0 3456
5326 0 226
5326 0 5
5326 0 1097
5326 0 10217
5326 0 1005
5326 0 6579
5326 0 2388
5326 0 4566
5326 0 1784
5326 0 284
5326 0 285
5326 0 5246
5327 0 7661
5328 0 7664
5329 0 9111
5330 0 5488
5331 0 533
5332 0 7527
5333 0 2712
5333 0 4363
5333 0 10155
5334 0 548
5335 0 6380
5335 0 464
5335 0 2612
5335 0 349
5335 0 2493
5336 0 400
5337 0 1814
5338 0 2356
5339 0 10172
5339 0 7158
5340 0 10544
5342 0 10180
5343 0 3715
5343 0 519
5343 0 6153
5343 0 2442
5343 0 5423
5344 0 1345
5346 0 8504
5346 0 643
5347 0 305
5347 0 12058
5347 0 6769
5347 0 12057
5348 0 691
5348 0 356
5349 0 6942
5350 0 5042
5351 0 484
5352 0 5
5354 0 482
5354 0 1366
5354 0 12063
5355 0 128
5355 0 578
5355 0 2245
5355 0 3505
5355 0 466
5355 0 6102
5355 0 539
5355 0 732
5355 0 1021
5356 0 1296
5356 0 68
5356 0 2615
5357 0 1825
5358 0 5068
5359 0 8
5360 0 11424
5360 0 1096
5360 0 2442
5360 0 4587
5360 0 4588
5361 0 8
5362 0 9209
5363 0 4864
5363 0 1155
5363 0 5
5363 0 167
5363 0 6184
5363 0 3145
5363 0 11
5363 0 590
5363 0 2255
5363 0 2545
5363 0 3473
5363 0 1876
5363 0 7672
5363 0 1374
5364 0 5
5365 0 1562
5366 0 4122
5367 0 12072
5367 0 75
5368 0 1506
5368 0 5
5368 0 8
5368 0 12074
5368 0 2956
5368 0 81
5368 0 2933
5369 0 5
5370 0 1316
5370 0 231
5370 0 12076
5370 0 12077
5370 0 182
5370 0 184
5371 0 1821
5371 0 535
5373 0 5
5374 0 5
5375 0 1093
5375 0 2956
5375 0 5743
5375 0 12086
5375 0 12087
5375 0 12088
5375 0 12093
5376 0 9921
5377 0 1474
5377 0 355
5377 0 275
5377 0 1272
5377 0 381
5378 0 2498
5378 0 5
5381 0 12096
5381 0 12098
5381 0 1966
5382 0 561
5382 0 3915
5382 0 5908
5383 0 6095
5384 0 8
5384 0 349
5384 0 9287
5385 0 763
5386 0 3064
5387 0 1196
5387 0 436
5387 0 127
5388 0 704
5388 0 6913
5388 0 2324
5389 0 5
5390 0 10222
5391 0 10224
5391 0 6457
5392 0 8472
5393 0 3061
5393 0 3994
5393 0 5
5393 0 454
5394 0 5
5395 0 1842
5396 0 90
5397 0 2633
5398 0 1097
5398 0 12107
5398 0 6075
5398 0 2111
5400 0 57
5400 0 7542
5400 0 4078
5402 0 10241
5402 0 1282
5402 0 5
5402 0 10247
5402 0 10249
5402 0 10252
5402 0 1294
5402 0 2448
5402 0 3345
5402 0 10258
5402 0 6419
5402 0 406
5402 0 1442
5402 0 7463
5402 0 169
5402 0 10237
5402 0 4278
5402 0 4536
5402 0 1466
5402 0 4283
5402 0 2372
5402 0 837
5402 0 6345
5402 0 6476
5402 0 1741
5402 0 5325
5402 0 7118
5402 0 2000
5402 0 81
5402 0 90
5402 0 3036
5402 0 349
5402 0 95
5402 0 5221
5402 0 2406
5402 0 4838
5402 0 5875
5402 0 10235
5402 0 3581
5402 0 10238
5402 0 1151
5403 0 819
5404 0 5903
5405 0 4857
5405 0 3437
5406 0 3908
5407 0 2441
5407 0 4235
5407 0 140
5407 0 141
5407 0 1041
5407 0 6163
5407 0 6164
5407 0 1815
5407 0 1949
5407 0 10269
5407 0 10270
5407 0 10272
5407 0 4002
5407 0 10275
5407 0 10277
5407 0 8230
5407 0 935
5407 0 10281
5407 0 1962
5407 0 1963
5407 0 10282
5407 0 6704
5407 0 3514
5407 0 1342
5407 0 2625
5407 0 7107
5407 0 196
5407 0 1098
5407 0 203
5407 0 4299
5407 0 4300
5407 0 1872
5407 0 983
5407 0 3930
5407 0 5727
5407 0 480
5407 0 5993
5407 0 7664
5407 0 504
5407 0 890
5408 0 5381
5409 0 130
5410 0 8
5411 0 6293
5412 0 1108
5412 0 413
5412 0 1252
5413 0 14025
5413 0 4122
5413 0 772
5413 0 774
5414 0 8442
5414 0 8411
5414 0 1149
5415 0 3153
5416 0 2029
5417 0 5
5418 0 4523
5418 0 103
5420 0 898
5420 0 275
5420 0 901
5421 0 2908
5422 0 5619
5423 0 68
5424 0 515
5424 0 5
5425 0 5
5425 0 72
5425 0 10
5425 0 1774
5425 0 4691
5425 0 3773
5427 0 5357
5427 0 103
5428 0 36
5428 0 5
5428 0 580
5428 0 5157
5428 0 557
5428 0 5103
5428 0 1849
5428 0 3836
5429 0 5
5430 0 2565
5430 0 5804
5430 0 5
5430 0 12143
5432 0 633
5433 0 894
5434 0 1362
5435 0 1932
5436 0 5
5436 0 10295
5437 0 2560
5437 0 7
5437 0 10
5437 0 160
5437 0 2850
5437 0 4904
5437 0 942
5437 0 1079
5437 0 1466
5437 0 10298
5437 0 318
5437 0 10304
5437 0 1473
5437 0 10308
5437 0 7239
5437 0 73
5437 0 853
5437 0 346
5437 0 9440
5437 0 482
5437 0 5222
5437 0 110
5437 0 1010
5437 0 886
5437 0 10237
5438 0 60
5439 0 2502
5440 0 568
5442 0 1996
5442 0 5357
5443 0 12155
5443 0 6696
5443 0 77
5443 0 1845
5443 0 12154
5443 0 11163
5444 0 6313
5445 0 11148
5445 0 622
5446 0 12159
5447 0 7594
5449 0 2805
5450 0 240
5450 0 644
5450 0 5
5451 0 1937
5451 0 1940
5453 0 2907
5454 0 2233
5455 0 730
5456 0 1570
5456 0 5
5457 0 4883
5458 0 3940
5459 0 7172
5461 0 130
5461 0 10311
5461 0 1608
5461 0 12168
5461 0 4778
5461 0 12169
5461 0 12170
5461 0 12171
5461 0 12174
5461 0 1903
5461 0 12178
5461 0 471
5461 0 568
5462 0 1835
5463 0 2712
5464 0 5
5465 0 269
5466 0 506
5467 0 533
5468 0 106
5469 0 2720
5469 0 389
5469 0 175
5469 0 3573
5469 0 599
5469 0 894
5470 0 6051
5470 0 5
5470 0 269
5470 0 3473
5470 0 5404
5470 0 2109
5470 0 126
5473 0 169
5473 0 12188
5473 0 1103
5474 0 546
5475 0 1366
5475 0 631
5476 0 1101
5477 0 580
5479 0 95
5480 0 2510
5481 0 3471
5482 0 395
5483 0 3637
5484 0 1472
5486 0 2625
5487 0 460
5488 0 2029
5489 0 2118
5490 0 1324
5492 0 12194
5492 0 12195
5493 0 12199
5494 0 5
5494 0 1285
5494 0 4101
5494 0 275
5494 0 533
5494 0 1950
5494 0 2720
5494 0 9132
5494 0 12205
5494 0 5825
5494 0 1350
5494 0 464
5494 0 592
5494 0 9307
5494 0 4089
5494 0 9312
5494 0 1126
5494 0 3051
5494 0 11501
5494 0 2039
5494 0 1784
5494 0 1657
5494 0 506
5494 0 2559
5495 0 1211
5496 0 1374
5497 0 240
5497 0 2440
5499 0 10370
5499 0 5
5499 0 10373
5499 0 10379
5499 0 10387
5499 0 1815
5499 0 168
5499 0 3249
5499 0 51
5499 0 3523
5499 0 6222
5499 0 9551
5499 0 336
5499 0 1755
5499 0 10213
5499 0 2801
5499 0 10356
5499 0 2037
5499 0 2549
5499 0 10357
5499 0 894
5500 0 349
5502 0 349
5503 0 672
5503 0 673
5503 0 10400
5503 0 2660
5503 0 519
5503 0 4971
5503 0 10390
5503 0 599
5503 0 7002
5503 0 9725
5503 0 62
5504 0 290
5504 0 21
5505 0 10552
5506 0 12210
5507 0 1643
5508 0 717
5509 0 3338
5510 0 10209
5510 0 7311
5511 0 38
5512 0 3435
5512 0 3532
5513 0 10406
5513 0 1975
5514 0 4994
5515 0 641
5515 0 1845
5516 0 413
5516 0 1983
5517 0 1506
5517 0 5219
5517 0 3882
5517 0 2573
5517 0 10414
5517 0 5616
5517 0 9309
5517 0 10431
5518 0 708
5519 0 594
5519 0 5
5521 0 5
5522 0 3259
5523 0 3417
5524 0 53
5524 0 2814
5525 0 8
5526 0 504
5526 0 1552
5526 0 1755
5526 0 3247
5527 0 799
5528 0 618
5529 0 5578
5529 0 7259
5529 0 10557
5529 0 5927
5530 0 636
5531 0 889
5531 0 4308
5532 0 1466
5532 0 1467
5533 0 7393
5533 0 806
5533 0 6886
5533 0 7527
5533 0 1613
5533 0 6093
5533 0 624
5533 0 5430
5533 0 12216
5533 0 415
5534 0 1259
5536 0 397
5537 0 10571
5538 0 12222
5539 0 5
5541 0 5117
5542 0 3290
5542 0 231
5543 0 1489
5543 0 1562
5543 0 3090
5543 0 5102
5544 0 8
5544 0 793
5545 0 1131
5545 0 5
5547 0 3756
5548 0 5
5549 0 6073
5550 0 898
5550 0 1174
5550 0 15
5552 0 703
5553 0 3505
5553 0 5
5554 0 103
5556 0 8011
5557 0 10457
5558 0 516
5558 0 139
5558 0 3473
5558 0 4132
5558 0 4645
5558 0 5037
5558 0 9651
5558 0 1460
5558 0 1462
5558 0 4797
5558 0 12226
5558 0 12227
5558 0 12228
5558 0 12230
5558 0 2634
5558 0 10318
5558 0 12242
5558 0 12243
5558 0 1110
5558 0 1113
5558 0 9440
5558 0 742
5558 0 627
5558 0 6132
5558 0 2806
5558 0 3321
5559 0 275
5561 0 2344
5561 0 526
5562 0 10
5562 0 4627
5562 0 802
5562 0 1829
5562 0 12247
5562 0 12248
5562 0 12250
5562 0 12251
5562 0 12252
5562 0 12253
5562 0 12254
5562 0 12255
5562 0 12257
5562 0 12258
5562 0 12259
5562 0 12260
5562 0 12261
5562 0 231
5562 0 617
5562 0 240
5563 0 18
5565 0 5405
5566 0 7168
5567 0 265
5567 0 666
5567 0 9646
5567 0 351
5568 0 1054
5570 0 5
5571 0 102
5571 0 7054
5571 0 10460
5571 0 7384
5571 0 1148
5571 0 541
5571 0 542
5572 0 1710
5574 0 400
5575 0 1075
5576 0 10323
5577 0 5
5578 0 12269
5580 0 827
5581 0 5
5582 0 1366
5583 0 1539
5583 0 5
5583 0 3471
5583 0 23
5583 0 8352
5583 0 3234
5583 0 681
5583 0 59
5583 0 4795
5583 0 4926
5583 0 2496
5583 0 1732
5583 0 4040
5583 0 4171
5583 0 7123
5583 0 986
5583 0 742
5583 0 490
5583 0 10484
5583 0 506
5584 0 212
5585 0 12273
5586 0 10489
5587 0 6130
5588 0 110
5589 0 236
5589 0 709
5589 0 2662
5590 0 3034
5591 0 6509
5592 0 750
5592 0 10503
5593 0 6
5594 0 480
5594 0 10497
5594 0 3042
5594 0 10498
5594 0 10501
5594 0 2662
5594 0 2377
5594 0 3404
5595 0 5
5596 0 5900
5597 0 10511
5599 0 4216
5600 0 8
5600 0 400
5601 0 313
5601 0 8282
5601 0 5
5602 0 4042
5602 0 3490
5602 0 1653
5602 0 2070
5603 0 7037
5604 0 6907
5605 0 852
5606 0 2634
5607 0 2072
5608 0 3856
5610 0 2784
5611 0 5732
5611 0 12295
5612 0 588
5613 0 5081
5615 0 5
5616 0 10523
5617 0 3073
5617 0 6410
5618 0 12262
5619 0 4280
5619 0 2636
5620 0 1377
5620 0 2009
5620 0 2245
5620 0 1375
5621 0 2613
5622 0 1931
5623 0 5741
5624 0 4388
5624 0 727
5624 0 110
5624 0 1489
5624 0 1271
5625 0 5730
5626 0 33
5628 0 476
5628 0 703
5629 0 6019
5629 0 12326
5631 0 5
5631 0 10537
5631 0 10538
5631 0 4235
5631 0 1549
5631 0 6143
5632 0 6405
5632 0 1917
5633 0 218
5634 0 4177
5634 0 212
5634 0 11974
5634 0 2014
5635 0 599
5638 0 626
5639 0 433
5640 0 81
5641 0 6933
5644 0 10552
5645 0 10553
5646 0 10555
5647 0 3136
5647 0 10561
5647 0 5
5647 0 105
5647 0 2925
5647 0 1520
5647 0 3444
5647 0 343
5647 0 10559
5648 0 3617
5649 0 6155
5650 0 10564
5651 0 2913
5652 0 12338
5653 0 3877
5655 0 103
5657 0 12
5657 0 349
5657 0 95
5658 0 1344
5659 0 1506
5660 0 1080
5660 0 12340
5660 0 12341
5663 0 10577
5663 0 10578
5664 0 633
5664 0 6495
5665 0 10251
5667 0 5
5668 0 2280
5668 0 9576
5668 0 140
5668 0 77
5668 0 141
5668 0 2736
5668 0 1396
5668 0 1301
5668 0 1717
5668 0 2103
5668 0 408
5668 0 12343
5668 0 890
5668 0 3930
5668 0 703
5669 0 5
5670 0 4044
5671 0 8700
5672 0 776
5672 0 12353
5672 0 12354
5672 0 1141
5673 0 3081
5674 0 5
5675 0 1952
5675 0 708
5675 0 6981
5675 0 8
5675 0 12360
5675 0 298
5675 0 12361
5675 0 269
5675 0 77
5675 0 7566
5675 0 12366
5675 0 849
5675 0 2513
5675 0 3698
5675 0 2613
5675 0 2805
5675 0 10236
5675 0 767
5677 0 1840
5677 0 10740
5677 0 2101
5678 0 1613
5679 0 1350
5680 0 10438
5682 0 823
5683 0 80
5684 0 4758
5686 0 3204
5686 0 389
5686 0 1804
5686 0 6167
5686 0 5533
5686 0 7714
5686 0 164
5686 0 1449
5686 0 5161
5686 0 1451
5686 0 1965
5686 0 2479
5686 0 3257
5686 0 5051
5686 0 3772
5686 0 3005
5686 0 3774
5686 0 329
5686 0 9290
5686 0 12375
5686 0 4827
5686 0 4320
5686 0 4077
5686 0 3572
5686 0 7028
5686 0 9467
5686 0 4735
5687 0 5
5688 0 645
5689 0 1282
5689 0 5
5689 0 12389
5689 0 3614
5689 0 1801
5689 0 6027
5689 0 524
5689 0 881
5689 0 601
5689 0 3357
5689 0 3165
5689 0 3038
5689 0 12383
5691 0 641
5691 0 6542
5691 0 275
5691 0 918
5691 0 795
5691 0 3741
5691 0 1065
5691 0 689
5691 0 562
5691 0 6578
5691 0 8243
5691 0 4814
5691 0 103
5691 0 105
5691 0 12394
5691 0 2667
5691 0 8687
5691 0 12399
5691 0 2545
5691 0 1142
5691 0 5114
5692 0 5
5693 0 349
5694 0 999
5695 0 12401
5696 0 2069
5698 0 898
5698 0 15
5699 0 8144
5699 0 6945
5699 0 11114
5700 0 1086
5701 0 438
5702 0 10592
5703 0 5
5704 0 529
5704 0 4636
5704 0 9087
5706 0 4880
5706 0 9901
5707 0 321
5707 0 5
5707 0 1383
5707 0 7820
5707 0 2637
5707 0 238
5707 0 7853
5707 0 1489
5707 0 2577
5707 0 2486
5707 0 23
5707 0 380
5707 0 7901
5708 0 1849
5709 0 3978
5710 0 1130
5711 0 144
5711 0 97
5711 0 539
5711 0 5
5713 0 12418
5715 0 4320
5715 0 12420
5715 0 1061
5715 0 12421
5715 0 496
5715 0 2448
5716 0 225
5717 0 5
5717 0 12422
5717 0 1901
5717 0 5774
5717 0 1717
5717 0 7225
5718 0 1472
5718 0 582
5719 0 3353
5719 0 998
5720 0 745
5720 0 4779
5720 0 50
5720 0 9175
5720 0 2549
5720 0 3253
5720 0 8182
5720 0 4664
5720 0 2233
5720 0 9178
5720 0 9179
5721 0 5
5722 0 6361
5722 0 860
5722 0 10606
5723 0 10609
5724 0 5088
5724 0 5248
5724 0 290
5724 0 4162
5724 0 10622
5724 0 72
5724 0 4241
5724 0 9078
5724 0 10617
5724 0 2814
5725 0 8
5725 0 10
5725 0 12432
5725 0 3733
5725 0 12437
5725 0 24
5725 0 12440
5725 0 6051
5725 0 433
5725 0 1075
5725 0 6071
5725 0 184
5725 0 1337
5725 0 451
5725 0 196
5725 0 3908
5725 0 1101
5725 0 848
5725 0 81
5725 0 850
5725 0 1361
5725 0 1236
5725 0 1109
5725 0 2029
5725 0 11384
5726 0 12453
5726 0 12456
5726 0 330
5726 0 3538
5726 0 10420
5726 0 1301
5726 0 5718
5727 0 5
5727 0 1543
5727 0 8
5727 0 10637
5727 0 10639
5727 0 10640
5727 0 10643
5727 0 22
5727 0 10648
5727 0 10650
5727 0 10653
5727 0 10657
5727 0 10659
5727 0 10662
5727 0 3879
5727 0 2728
5727 0 42
5727 0 10667
5727 0 10668
5727 0 10669
5727 0 10671
5727 0 10672
5727 0 1457
5727 0 11056
5727 0 10676
5727 0 10295
5727 0 10680
5727 0 8251
5727 0 702
5727 0 10689
5727 0 5570
5727 0 3397
5727 0 8646
5727 0 6859
5727 0 2764
5727 0 9935
5727 0 7250
5727 0 212
5727 0 7380
5727 0 2015
5727 0 480
5727 0 8423
5727 0 10215
5727 0 2930
5727 0 4340
5727 0 7037
5728 0 1545
5728 0 227
5728 0 1187
5728 0 655
5729 0 2867
5730 0 7313
5730 0 10693
5732 0 45
5733 0 7556
5735 0 7904
5736 0 4576
5736 0 7107
5736 0 14026
5736 0 14027
5736 0 14028
5736 0 14029
5736 0 10454
5736 0 504
5736 0 2489
5737 0 2489
5737 0 5883
5737 0 1861
5737 0 7710
5739 0 1298
5740 0 5059
5741 0 9437
5742 0 139
5744 0 106
5745 0 6421
5746 0 4576
5748 0 1917
5748 0 951
5749 0 5090
5750 0 5
5750 0 9446
5751 0 335
5752 0 1993
5753 0 283
5753 0 284
5753 0 285
5754 0 127
5755 0 7424
5755 0 8320
5755 0 258
5755 0 9472
5755 0 9473
5755 0 9474
5755 0 2327
5755 0 2331
5755 0 6565
5755 0 1575
5755 0 2730
5755 0 4279
5755 0 1872
5755 0 9454
5755 0 3185
5755 0 3186
5755 0 9457
5755 0 9460
5755 0 9462
5755 0 1656
5755 0 9468
5755 0 6143
5756 0 953
5757 0 7302
5758 0 514
5758 0 1413
5758 0 2385
5758 0 470
5758 0 2231
5758 0 8223
5759 0 81
5762 0 539
5762 0 351
5763 0 2870
5764 0 2352
5764 0 81
5764 0 703
5765 0 1296
5766 0 9499
5767 0 8068
5767 0 9500
5767 0 7398
5768 0 730
5769 0 9504
5769 0 9505
5769 0 9506
5769 0 9507
5769 0 9508
5769 0 9512
5769 0 713
5769 0 9513
5770 0 4297
5771 0 2382
5772 0 601
5772 0 4218
5774 0 3024
5775 0 5
5776 0 5
5777 0 1485
5779 0 5
5780 0 9602
5780 0 644
5780 0 1413
5780 0 9607
5780 0 7688
5780 0 3850
5780 0 273
5780 0 9619
5780 0 1814
5780 0 9366
5780 0 9624
5780 0 8345
5780 0 3996
5780 0 5789
5780 0 9630
5780 0 672
5780 0 673
5780 0 9598
5780 0 9642
5780 0 6571
5780 0 9515
5780 0 9647
5780 0 4400
5780 0 6577
5780 0 7347
5780 0 9652
5780 0 1334
5780 0 1335
5780 0 951
5780 0 9656
5780 0 9657
5780 0 9533
5780 0 5952
5780 0 2753
5780 0 4035
5780 0 9030
5780 0 77
5780 0 1613
5780 0 6222
5780 0 467
5780 0 2261
5780 0 6358
5780 0 2009
5780 0 90
5780 0 1755
5780 0 9565
5780 0 5214
5780 0 1375
5780 0 1376
5780 0 351
5780 0 1377
5780 0 1632
5780 0 2016
5780 0 742
5780 0 1770
5780 0 1899
5780 0 3436
5780 0 9580
5780 0 1008
5780 0 3441
5780 0 4727
5780 0 889
5780 0 506
5780 0 893
5780 0 894
5780 0 9343
5781 0 1606
5781 0 3218
5781 0 4245
5781 0 2231
5781 0 7480
5781 0 31
5782 0 1179
5783 0 998
5785 0 12
5786 0 2352
5786 0 7899
5786 0 9692
5786 0 4118
5787 0 9702
5788 0 2994
5789 0 1552
5790 0 81
5792 0 5945
5793 0 4577
5795 0 881
5798 0 1151
5799 0 7314
5799 0 671
5800 0 5329
5801 0 5290
5802 0 9728
5802 0 9729
5802 0 9730
5802 0 3461
5802 0 134
5802 0 9735
5802 0 9737
5802 0 3852
5802 0 5773
5802 0 400
5802 0 529
5802 0 9746
5802 0 9751
5802 0 24
5802 0 9752
5802 0 410
5802 0 9753
5802 0 3102
5802 0 7710
5802 0 9760
5802 0 9764
5802 0 6309
5802 0 2089
5802 0 299
5802 0 9773
5802 0 9774
5802 0 1839
5802 0 1840
5802 0 2352
5802 0 9775
5802 0 9778
5802 0 4917
5802 0 4535
5802 0 9787
5802 0 1985
5802 0 9795
5802 0 68
5802 0 1860
5802 0 9796
5802 0 7239
5802 0 72
5802 0 9797
5802 0 9798
5802 0 9799
5802 0 81
5802 0 5714
5802 0 343
5802 0 1242
5802 0 90
5802 0 95
5802 0 352
5802 0 9567
5802 0 5994
5802 0 1266
5802 0 4594
5802 0 628
5802 0 8179
5802 0 1913
5802 0 9722
5802 0 9724
5802 0 1662
5803 0 9801
5803 0 3805
5803 0 1711
5804 0 5
5805 0 1378
5806 0 5
5808 0 7263
5809 0 7320
5809 0 50
5810 0 5
5810 0 4847
5811 0 1795
5811 0 5
5811 0 9125
5811 0 5160
5811 0 4873
5811 0 4537
5811 0 5164
5811 0 400
5811 0 9808
5811 0 9810
5811 0 275
5811 0 1429
5811 0 793
5811 0 1402
5811 0 1438
5811 0 1791
5812 0 385
5812 0 6175
5812 0 1437
5812 0 5183
5813 0 4542
5814 0 7325
5815 0 9858
5815 0 5
5815 0 7
5815 0 8
5815 0 24
5815 0 1317
5815 0 2349
5815 0 5423
5815 0 1332
5815 0 6708
5815 0 702
5815 0 1344
5815 0 68
5815 0 2375
5815 0 333
5815 0 8909
5815 0 594
5815 0 346
5815 0 1882
5815 0 9829
5815 0 9702
5815 0 103
5815 0 9836
5815 0 369
5815 0 9846
5815 0 1018
5815 0 5372
5815 0 2559
5816 0 2863
5818 0 5400
5819 0 5
5820 0 265
5820 0 114
5821 0 7330
5822 0 2057
5823 0 6412
5823 0 7333
5824 0 7335
5825 0 225
5825 0 6667
5825 0 1196
5825 0 3525
5826 0 9868
5826 0 6571
5826 0 692
5826 0 1398
5827 0 1723
5828 0 7336
5828 0 1964
5828 0 275
5828 0 260
5829 0 581
5829 0 2598
5829 0 1551
5830 0 347
5830 0 1516
5830 0 591
5831 0 918
5832 0 832
5832 0 7655
5832 0 8873
5832 0 9874
5832 0 4084
5832 0 62
5833 0 7360
5833 0 1093
5833 0 103
5833 0 265
5833 0 9881
5833 0 9882
5833 0 1340
5835 0 3114
5837 0 9885
5838 0 5
5839 0 4863
5840 0 641
5840 0 9891
5840 0 396
5840 0 1142
5840 0 955
5841 0 2814
5842 0 8899
5842 0 3719
5842 0 1447
5842 0 681
5842 0 4522
5842 0 9896
5842 0 7693
5842 0 9902
5842 0 9903
5842 0 1912
5842 0 6267
5843 0 1271
5844 0 5
5845 0 91
5846 0 141
5847 0 7339
5847 0 7340
5847 0 3437
5848 0 7338
5848 0 6466
5851 0 6544
5852 0 9440
5852 0 385
5852 0 5
5852 0 6831
5852 0 5327
5854 0 7343
5854 0 434
5854 0 7342
5854 0 1423
5855 0 487
5856 0 1628
5857 0 3775
5858 0 2716
5858 0 3714
5858 0 774
5858 0 1994
5858 0 3691
5858 0 5328
5858 0 7344
5858 0 338
5858 0 275
5858 0 3314
5858 0 7347
5858 0 7350
5858 0 6455
5858 0 795
5858 0 2588
5858 0 767
5860 0 529
5860 0 7354
5861 0 1079
5862 0 9917
5863 0 8307
5864 0 4409
5864 0 2565
5865 0 578
5866 0 160
5866 0 6499
5866 0 9925
5866 0 5
5866 0 9927
5866 0 2219
5868 0 3178
5868 0 1347
5868 0 844
5868 0 4453
5869 0 7359
5870 0 9931
5870 0 238
5871 0 24
5872 0 594
5873 0 7363
5874 0 6529
5875 0 645
5876 0 1124
5877 0 451
5877 0 240
5877 0 724
5877 0 6904
5877 0 575
5880 0 579
5880 0 6695
5880 0 3837
5880 0 330
5880 0 7369
5880 0 7376
5880 0 3506
5880 0 7379
5880 0 5076
5880 0 1752
5880 0 3324
5880 0 3613
5881 0 5
5881 0 6
5881 0 8
5881 0 526
5881 0 533
5881 0 1301
5881 0 3998
5881 0 451
5881 0 851
5881 0 7382
5881 0 7383
5881 0 7386
5881 0 1371
5881 0 349
5881 0 1375
5881 0 864
5881 0 3172
5881 0 7398
5881 0 103
5881 0 743
5881 0 1645
5881 0 1646
5882 0 7381
5883 0 179
5884 0 2444
5884 0 413
5885 0 385
5885 0 3073
5885 0 9988
5885 0 9995
5885 0 269
5885 0 9998
5885 0 9747
5885 0 8852
5885 0 5781
5885 0 10005
5885 0 10007
5885 0 4255
5885 0 288
5885 0 35
5885 0 804
5885 0 9726
5885 0 681
5885 0 1066
5885 0 7214
5885 0 9982
5885 0 433
5885 0 689
5885 0 5042
5885 0 6197
5885 0 5305
5885 0 2492
5885 0 3772
5885 0 452
5885 0 1351
5885 0 584
5885 0 1867
5885 0 1102
5885 0 337
5885 0 338
5885 0 2385
5885 0 9940
5885 0 1366
5885 0 9944
5885 0 90
5885 0 9947
5885 0 860
5885 0 9949
5885 0 9951
5885 0 9952
5885 0 227
5885 0 7270
5885 0 9960
5885 0 1772
5885 0 2413
5885 0 4846
5885 0 114
5885 0 627
5885 0 1141
5885 0 9973
5885 0 4218
5885 0 1915
5885 0 9980
5885 0 894
5886 0 451
5886 0 676
5886 0 164
5886 0 3505
5886 0 1374
5887 0 6864
5887 0 2801
5887 0 805
5888 0 288
5888 0 9280
5888 0 1477
5888 0 4711
5888 0 10023
5888 0 4713
5888 0 4714
5888 0 491
5888 0 3691
5888 0 4716
5888 0 7883
5888 0 1551
5888 0 1396
5888 0 564
5888 0 1467
5888 0 5142
5888 0 1179
5890 0 1662
5891 0 10031
5893 0 1644
5894 0 928
5896 0 869
5896 0 4278
5897 0 8
5898 0 564
5899 0 2760
5899 0 7403
5899 0 1487
5899 0 2737
5899 0 114
5899 0 796
5899 0 1374
5900 0 4400
5903 0 7266
5904 0 14030
5905 0 5
5906 0 4162
5906 0 644
5906 0 6405
5906 0 2284
5906 0 400
5906 0 4884
5906 0 10044
5907 0 7411
5908 0 9839
5909 0 8
5909 0 901
5910 0 1642
5911 0 5703
5913 0 269
5914 0 3919
5915 0 269
5916 0 73
5919 0 7427
5920 0 5
5920 0 2439
5920 0 10058
5920 0 236
5920 0 915
5921 0 2743
5922 0 1801
5922 0 7610
5923 0 5
5924 0 7434
5924 0 7435
5924 0 359
5925 0 889
5928 0 3523
5928 0 4814
5929 0 1121
5929 0 8866
5929 0 7404
5929 0 6612
5929 0 1465
5929 0 90
5929 0 5310
5930 0 5
5931 0 3436
5932 0 1296
5932 0 5528
5932 0 2845
5932 0 300
5932 0 45
5932 0 558
5932 0 433
5932 0 3505
5932 0 438
5932 0 4918
5932 0 568
5932 0 5307
5932 0 4540
5932 0 9276
5932 0 1472
5932 0 451
5932 0 68
5932 0 2116
5932 0 589
5932 0 4301
5932 0 6478
5932 0 8911
5932 0 81
5932 0 349
5932 0 1890
5932 0 740
5932 0 8296
5932 0 1513
5932 0 10099
5932 0 1142
5932 0 10109
5933 0 853
5934 0 6476
5936 0 7446
5937 0 7448
5937 0 6993
5937 0 3474
5937 0 7447
5938 0 5
5939 0 1821
5940 0 5
5940 0 9420
5940 0 1101
5940 0 10126
5940 0 4020
5941 0 10131
5942 0 10133
5943 0 533
5944 0 10151
5945 0 7452
5946 0 4075
5947 0 10163
5948 0 4576
5948 0 6382
5948 0 5525
5948 0 4406
5949 0 7457
5949 0 2423
5950 0 1539
5951 0 1903
5954 0 6996
5954 0 5
5955 0 2922
5956 0 289
5957 0 160
5957 0 2610
5957 0 183
5958 0 87
5958 0 15
5959 0 265
5959 0 496
5959 0 1076
5959 0 664
5959 0 9756
5960 0 3180
5962 0 1335
5963 0 8
5963 0 95
5964 0 5330
5964 0 5709
5966 0 6399
5968 0 3264
5969 0 1402
5970 0 76
5971 0 490
5972 0 5
5973 0 17
5973 0 651
5975 0 7465
5975 0 7466
5975 0 7467
5976 0 963
5977 0 7330
5977 0 1539
5979 0 10202
5979 0 717
5980 0 212
5980 0 1383
5980 0 95
5981 0 6985
5981 0 473
5982 0 2736
5982 0 81
5983 0 10208
5984 0 3024
5984 0 81
5984 0 5
5985 0 1024
5986 0 3462
5987 0 9953
5987 0 10210
5987 0 4260
5987 0 811
5987 0 7738
5987 0 6143
5988 0 624
5989 0 2227
5991 0 196
5992 0 8003
5993 0 7470
5994 0 1345
5995 0 2544
5995 0 7475
5995 0 7476
5996 0 275
5997 0 496
5997 0 1374
5997 0 1271
5998 0 3300
5998 0 8218
5998 0 2020
5999 0 898
5999 0 5
5999 0 5232
5999 0 7478
5999 0 7479
6001 0 289
6002 0 2260
6003 0 5
6004 0 451
6005 0 2352
6006 0 5
6007 0 6705
6008 0 5290
6009 0 395
6009 0 591
6010 0 1824
6010 0 651
6011 0 3172
6011 0 358
6011 0 487
6011 0 806
6011 0 4614
6011 0 3071
6011 0 1323
6011 0 433
6011 0 4369
6011 0 275
6011 0 4021
6011 0 2807
6011 0 539
6011 0 5181
6011 0 2335
6012 0 8814
6013 0 376
6013 0 2375
6014 0 654
6014 0 9223
6015 0 4673
6015 0 7481
6016 0 4391
6016 0 296
6016 0 3596
6016 0 10253
6016 0 3471
6016 0 2805
6016 0 1879
6016 0 1272
6016 0 892
6017 0 679
6017 0 3082
6017 0 1834
6017 0 376
6017 0 5244
6017 0 1247
6018 0 10256
6019 0 13705
6020 0 7485
6021 0 5
6022 0 10260
6023 0 391
6023 0 523
6023 0 3214
6023 0 4946
6023 0 1752
6023 0 1753
6025 0 3006
6026 0 4546
6028 0 5
6028 0 793
6028 0 10266
6028 0 10265
6028 0 10268
6028 0 681
6028 0 3511
6028 0 7480
6028 0 2108
6028 0 3264
6028 0 65
6028 0 582
6028 0 2011
6028 0 7900
6028 0 349
6028 0 7910
6028 0 1008
6028 0 4980
6028 0 9334
6029 0 537
6030 0 1584
6031 0 5
6032 0 2647
6033 0 105
6034 0 65
6035 0 10110
6035 0 5
6035 0 901
6036 0 1127
6037 0 533
6039 0 5
6040 0 5130
6042 0 2729
6042 0 7486
6042 0 6647
6043 0 4446
6043 0 3631
6044 0 356
6044 0 5
6046 0 1061
6047 0 105
6048 0 5
6048 0 105
6048 0 3081
6048 0 10290
6048 0 10291
6049 0 7284
6050 0 10294
6051 0 3528
6052 0 2290
6053 0 10300
6054 0 539
6056 0 2849
6056 0 1378
6056 0 2342
6056 0 103
6056 0 362
6056 0 269
6056 0 2702
6056 0 274
6056 0 4306
6056 0 1301
6056 0 2453
6056 0 4377
6056 0 2010
6056 0 1213
6057 0 2545
6057 0 3698
6057 0 2383
6058 0 6055
6059 0 10318
6060 0 3272
6060 0 1058
6062 0 897
6062 0 2049
6062 0 5
6062 0 10
6062 0 4875
6062 0 12
6062 0 1420
6062 0 1421
6062 0 9355
6062 0 1426
6062 0 3865
6062 0 4642
6062 0 3364
6062 0 42
6062 0 1198
6062 0 8878
6062 0 9911
6062 0 189
6062 0 4543
6062 0 4162
6062 0 10326
6062 0 10327
6062 0 10328
6062 0 10331
6062 0 349
6062 0 10333
6062 0 10334
6062 0 10335
6062 0 10339
6062 0 10340
6062 0 103
6062 0 10349
6063 0 1198
6066 0 425
6067 0 10
6067 0 1010
6068 0 2691
6069 0 6464
6070 0 855
6071 0 5228
6071 0 1810
6071 0 180
6071 0 2255
6072 0 1362
6073 0 1423
6074 0 1882
6075 0 3290
6076 0 3915
6076 0 7495
6077 0 2618
6078 0 5363
6079 0 351
6080 0 559
6081 0 7496
6083 0 368
6085 0 10380
6085 0 10381
6085 0 10382
6085 0 9399
6086 0 1731
6086 0 10381
6086 0 9399
6087 0 2565
6087 0 5
6087 0 5032
6087 0 745
6087 0 4532
6087 0 631
6088 0 6339
6089 0 1301
6090 0 1605
6090 0 5198
6090 0 1968
6090 0 8144
6090 0 10399
6091 0 5553
6093 0 7498
6094 0 898
6094 0 8198
6094 0 999
6094 0 4232
6094 0 9385
6094 0 5546
6094 0 10410
6094 0 5548
6094 0 5550
6094 0 2994
6094 0 10420
6094 0 601
6094 0 4252
6094 0 10429
6095 0 1095
6096 0 8885
6099 0 81
6099 0 1374
6100 0 2385
6101 0 7499
6101 0 7500
6101 0 7502
6101 0 7505
6101 0 7506
6101 0 6611
6101 0 852
6101 0 1717
6101 0 6968
6101 0 2363
6101 0 1087
6102 0 4147
6103 0 205
6103 0 5
6104 0 5318
6104 0 10447
6105 0 218
6105 0 5
6106 0 5
6107 0 8478
6108 0 103
6109 0 275
6110 0 3169
6110 0 237
6110 0 496
6110 0 4305
6110 0 786
6110 0 5042
6110 0 7509
6110 0 7512
6110 0 7513
6111 0 3904
6111 0 1349
6111 0 5
6111 0 299
6111 0 3858
6111 0 2804
6111 0 1333
6111 0 7515
6111 0 7516
6112 0 3
6112 0 5
6112 0 2022
6112 0 103
6112 0 8909
6112 0 5200
6112 0 6196
6112 0 2617
6112 0 10463
6113 0 65
6114 0 7518
6115 0 139
6116 0 226
6117 0 7522
6117 0 7523
6117 0 7524
6117 0 7525
6117 0 7531
6117 0 4172
6117 0 3053
6117 0 846
6117 0 1843
6117 0 1460
6117 0 1396
6117 0 3445
6117 0 6003
6117 0 3099
6117 0 3007
6118 0 2356
6119 0 1506
6119 0 10478
6119 0 10479
6119 0 10480
6119 0 696
6119 0 2585
6120 0 1142
6121 0 2394
6122 0 5
6122 0 16
6122 0 1049
6122 0 2082
6122 0 2087
6122 0 5161
6122 0 1578
6122 0 2091
6122 0 45
6122 0 561
6122 0 7228
6122 0 1102
6122 0 90
6122 0 1116
6122 0 6240
6122 0 3681
6122 0 4706
6122 0 100
6122 0 622
6122 0 13941
6122 0 6777
6122 0 4744
6122 0 2702
6122 0 165
6122 0 2233
6122 0 4284
6122 0 702
6122 0 7360
6122 0 7363
6122 0 5856
6122 0 226
6122 0 741
6122 0 5866
6122 0 5869
6122 0 255
6122 0 6928
6122 0 5394
6122 0 2325
6122 0 2334
6122 0 1320
6122 0 3371
6122 0 1840
6122 0 1332
6122 0 1844
6122 0 3382
6122 0 5456
6122 0 4442
6122 0 360
6122 0 7534
6122 0 7536
6122 0 7538
6122 0 7540
6122 0 7542
6122 0 7543
6122 0 1913
6122 0 7546
6122 0 7547
6122 0 7549
6122 0 7550
6122 0 7552
6122 0 7554
6122 0 7557
6122 0 7558
6122 0 7559
6122 0 7561
6122 0 7562
6122 0 7563
6122 0 7564
6122 0 7565
6122 0 7566
6122 0 7567
6122 0 7570
6122 0 7573
6122 0 7574
6122 0 7575
6122 0 7576
6122 0 7577
6122 0 1946
6122 0 7578
6122 0 7579
6122 0 1437
6122 0 7580
6122 0 7581
6122 0 7582
6122 0 7583
6122 0 7584
6122 0 4021
6122 0 6581
6122 0 1464
6122 0 2511
6122 0 988
6122 0 2528
6122 0 5607
6123 0 2250
6123 0 1335
6124 0 10482
6125 0 7585
6126 0 256
6126 0 5
6126 0 4103
6126 0 5652
6126 0 7587
6126 0 7588
6126 0 7590
6126 0 7591
6126 0 7592
6126 0 7594
6126 0 7595
6126 0 4013
6126 0 7597
6126 0 691
6126 0 1719
6126 0 954
6126 0 3770
6126 0 1344
6126 0 5058
6126 0 3271
6126 0 4044
6126 0 2256
6126 0 727
6126 0 599
6126 0 5978
6126 0 4060
6126 0 5090
6126 0 6123
6126 0 376
6126 0 4218
6127 0 321
6127 0 9135
6127 0 10483
6127 0 24
6127 0 4572
6128 0 4021
6128 0 1862
6129 0 5191
6130 0 329
6130 0 7599
6131 0 7598
6132 0 10488
6133 0 6709
6134 0 6051
6134 0 6376
6134 0 1648
6134 0 7600
6134 0 7602
6134 0 7603
6136 0 4578
6136 0 12
6136 0 3471
6136 0 2927
6136 0 7605
6136 0 2073
6136 0 1021
6137 0 1879
6138 0 3065
6138 0 4571
6139 0 8
6139 0 10493
6139 0 400
6139 0 4542
6140 0 3676
6140 0 10494
6141 0 10496
6141 0 5
6141 0 10495
6142 0 8448
6143 0 360
6143 0 9520
6143 0 4284
6143 0 255
6144 0 5
6145 0 4576
6146 0 645
6147 0 3172
6148 0 7145
6150 0 526
6152 0 5760
6152 0 7619
6152 0 8964
6152 0 2887
6152 0 10505
6152 0 10507
6152 0 10512
6152 0 4465
6152 0 6962
6152 0 7121
6152 0 10515
6152 0 5334
6152 0 7158
6152 0 2296
6152 0 4794
6152 0 2844
6152 0 126
6153 0 866
6154 0 5587
6154 0 10519
6155 0 269
6155 0 438
6156 0 56
6158 0 10521
6159 0 935
6159 0 2376
6159 0 7609
6159 0 1486
6159 0 4784
6159 0 6064
6159 0 178
6159 0 18
6159 0 596
6159 0 3579
6159 0 1302
6159 0 631
6159 0 7608
6159 0 183
6159 0 1179
6159 0 7613
6159 0 3583
6160 0 8
6161 0 10
6162 0 7617
6163 0 1451
6164 0 3856
6164 0 702
6166 0 1592
6166 0 2172
6166 0 1389
6167 0 7620
6168 0 5
6169 0 10531
6169 0 807
6169 0 9610
6169 0 7284
6169 0 884
6169 0 10171
6169 0 2942
6170 0 5
6171 0 704
6172 0 7621
6172 0 4926
6173 0 2630
6174 0 7623
6174 0 7624
6174 0 4681
6174 0 7625
6174 0 6846
6174 0 3743
6174 0 1876
6174 0 1622
6174 0 1817
6174 0 1146
6174 0 4411
6174 0 189
6174 0 190
6174 0 3071
6175 0 286
6178 0 3073
6179 0 9459
6180 0 5
6181 0 533
6182 0 2622
6182 0 81
6182 0 5
6182 0 1021
6183 0 692
6183 0 3437
6183 0 854
6184 0 2368
6185 0 5868
6186 0 7626
6187 0 1374
6188 0 5
6189 0 10539
6190 0 7627
6191 0 5334
6192 0 77
6193 0 6938
6194 0 3003
6195 0 138
6196 0 4388
6197 0 5
6199 0 1714
6200 0 372
6202 0 5631
6203 0 1840
6204 0 5
6205 0 532
6206 0 10554
6207 0 2551
6208 0 5
6209 0 5
6210 0 346
6211 0 7630
6211 0 7631
6212 0 90
6213 0 538
6214 0 1458
6215 0 330
6216 0 7632
6217 0 140
6217 0 5
6218 0 18
6219 0 645
6220 0 9120
6220 0 6920
6220 0 10569
6220 0 5866
6220 0 7371
6220 0 10570
6220 0 10571
6220 0 10572
6220 0 157
6220 0 158
6221 0 3400
6222 0 7634
6223 0 4964
6224 0 2764
6225 0 4664
6225 0 1794
6225 0 5518
6225 0 742
6226 0 10626
6226 0 5126
6226 0 8
6226 0 6920
6226 0 4491
6226 0 3852
6226 0 400
6226 0 4884
6226 0 1047
6226 0 1944
6226 0 1946
6226 0 155
6226 0 4636
6226 0 7579
6226 0 8735
6226 0 288
6226 0 548
6226 0 2852
6226 0 2603
6226 0 2350
6226 0 2606
6226 0 9393
6226 0 2613
6226 0 1462
6226 0 1464
6226 0 696
6226 0 184
6226 0 2879
6226 0 1472
6226 0 7104
6226 0 7615
6226 0 1481
6226 0 1360
6226 0 2390
6226 0 3671
6226 0 1496
6226 0 2393
6226 0 90
6226 0 6105
6226 0 10582
6226 0 349
6226 0 10583
6226 0 10585
6226 0 1760
6226 0 5601
6226 0 10593
6226 0 10597
6226 0 5222
6226 0 10598
6226 0 10600
6226 0 5866
6226 0 9578
6226 0 10602
6226 0 10607
6226 0 7666
6226 0 6643
6226 0 10615
6226 0 121
6226 0 10618
6226 0 10620
6226 0 10621
6227 0 7635
6229 0 5952
6229 0 533
6231 0 1622
6232 0 8083
6233 0 1243
6233 0 7636
6233 0 301
6234 0 1037
6234 0 3102
6234 0 6943
6236 0 18
6237 0 8
6237 0 898
6238 0 64
6238 0 4280
6239 0 3779
6240 0 3915
6242 0 2443
6243 0 187
6244 0 802
6245 0 1869
6247 0 3202
6248 0 1975
6249 0 10658
6249 0 10655
6250 0 4896
6250 0 7637
6252 0 10665
6252 0 10666
6252 0 196
6254 0 7640
6255 0 1266
6256 0 7415
6257 0 7643
6258 0 130
6259 0 7645
6259 0 7597
6260 0 5
6261 0 2670
6263 0 1010
6264 0 1662
6265 0 10
6265 0 1786
6266 0 4415
6266 0 599
6267 0 4162
6267 0 9283
6267 0 5
6267 0 10694
6267 0 4241
6267 0 1723
6269 0 356
6271 0 3427
6271 0 2439
6272 0 7680
6272 0 7681
6272 0 7683
6272 0 7684
6272 0 5
6272 0 7685
6272 0 2695
6272 0 7686
6272 0 7688
6272 0 533
6272 0 13722
6272 0 1570
6272 0 6829
6272 0 3503
6272 0 4912
6272 0 6321
6272 0 435
6272 0 5305
6272 0 4922
6272 0 1475
6272 0 4549
6272 0 6101
6272 0 4439
6272 0 351
6272 0 7652
6272 0 7653
6272 0 7654
6272 0 7655
6272 0 6632
6272 0 7656
6272 0 7657
6272 0 7658
6272 0 6124
6272 0 7660
6272 0 7662
6272 0 1263
6272 0 7664
6272 0 7665
6272 0 6130
6272 0 7666
6272 0 7667
6272 0 7668
6272 0 7675
6272 0 7676
6272 0 6141
6272 0 7678
6273 0 431
6274 0 2753
6274 0 3681
6274 0 2052
6274 0 709
6274 0 2375
6274 0 4999
6274 0 5000
6274 0 7273
6274 0 7690
6274 0 81
6274 0 3026
6274 0 950
6274 0 184
6274 0 5375
6276 0 5933
6277 0 654
6278 0 5
6278 0 8
6278 0 1003
6278 0 7691
6278 0 5209
6278 0 863
6279 0 2440
6280 0 601
6281 0 1447
6281 0 3688
6281 0 231
6281 0 7693
6281 0 7638
6281 0 1880
6282 0 3772
6283 0 4077
6284 0 290
6284 0 2852
6284 0 3462
6285 0 1992
6285 0 10722
6286 0 7698
6287 0 626
6288 0 90
6288 0 10725
6288 0 367
6289 0 10727
6290 0 1066
6291 0 7700
6292 0 543
6293 0 8863
6294 0 451
6294 0 356
6294 0 8
6294 0 10
6294 0 651
6294 0 7701
6294 0 1142
6295 0 5157
6295 0 402
6295 0 4821
6295 0 7704
6295 0 2234
6296 0 3290
6296 0 774
6297 0 218
6299 0 9787
6299 0 10740
6300 0 641
6300 0 5
6300 0 918
6301 0 5766
6302 0 544
6302 0 5
6302 0 9
6302 0 1488
6302 0 5243
6303 0 5
6304 0 400
6305 0 4017
6305 0 4018
6306 0 7427
6307 0 1864
6307 0 633
6307 0 10751
6307 0 10553
6308 0 2848
6308 0 6209
6308 0 1351
6308 0 490
6308 0 6539
6308 0 4943
6308 0 2064
6308 0 6961
6308 0 4466
6308 0 1971
6308 0 4664
6308 0 7708
6308 0 7709
6308 0 4735
6309 0 5001
6310 0 3243
6311 0 1024
6311 0 4225
6311 0 5
6311 0 1415
6311 0 10759
6311 0 651
6311 0 2060
6311 0 2571
6311 0 3339
6311 0 15
6311 0 400
6311 0 3727
6311 0 6415
6311 0 3479
6311 0 10519
6311 0 6041
6311 0 1821
6311 0 10782
6311 0 3743
6311 0 289
6311 0 290
6311 0 548
6311 0 804
6311 0 422
6311 0 679
6311 0 10788
6311 0 3497
6311 0 10790
6311 0 10794
6311 0 557
6311 0 6328
6311 0 313
6311 0 3003
6311 0 2492
6311 0 13756
6311 0 191
6311 0 1344
6311 0 1472
6311 0 6722
6311 0 68
6311 0 1349
6311 0 1994
6311 0 1613
6311 0 852
6311 0 1877
6311 0 854
6311 0 87
6311 0 3070
6311 0 601
6311 0 1371
6311 0 351
6311 0 1888
6311 0 225
6311 0 356
6311 0 103
6311 0 6376
6311 0 106
6311 0 490
6311 0 876
6311 0 877
6311 0 4458
6311 0 9580
6311 0 6256
6311 0 241
6311 0 114
6311 0 3955
6311 0 3956
6311 0 3829
6311 0 3190
6311 0 759
6311 0 3958
6311 0 4724
6311 0 126
6311 0 639
6312 0 242
6312 0 687
6313 0 4491
6314 0 4305
6315 0 90
6316 0 5
6318 0 2608
6318 0 2811
6319 0 7713
6319 0 4620
6319 0 1142
6319 0 7710
6319 0 7711
6320 0 9714
6321 0 2439
6322 0 4099
6322 0 8932
6322 0 10830
6322 0 10831
6322 0 9181
6324 0 806
6325 0 4978
6326 0 8216
6326 0 7279
6327 0 10840
6327 0 9034
6327 0 3508
6328 0 7168
6328 0 4322
6328 0 5655
6329 0 7285
6329 0 6038
6330 0 262
6331 0 5045
6331 0 7287
6332 0 174
6333 0 1867
6334 0 2736
6335 0 3701
6337 0 5297
6337 0 10851
6338 0 3024
6338 0 10
6338 0 636
6338 0 7710
6339 0 5
6340 0 2693
6342 0 329
6344 0 5504
6344 0 3975
6344 0 4136
6344 0 2471
6344 0 4142
6344 0 976
6344 0 4144
6344 0 10867
6344 0 2388
6344 0 10869
6344 0 8601
6345 0 167
6345 0 5453
6345 0 4086
6345 0 6134
6345 0 5183
6345 0 4095
6346 0 8
6346 0 1869
6346 0 269
6346 0 3919
6347 0 4098
6347 0 5
6347 0 4805
6347 0 6725
6347 0 1103
6347 0 2544
6347 0 602
6347 0 1209
6347 0 90
6347 0 6970
6348 0 3841
6348 0 3330
6348 0 10
6348 0 1301
6348 0 160
6348 0 290
6348 0 7721
6348 0 7467
6348 0 7724
6348 0 429
6348 0 7726
6348 0 7727
6348 0 7728
6348 0 433
6348 0 7729
6348 0 1845
6348 0 1465
6348 0 191
6348 0 1475
6348 0 708
6348 0 1356
6348 0 77
6348 0 81
6348 0 2646
6348 0 743
6348 0 2542
6348 0 3322
6349 0 3426
6352 0 2784
6352 0 257
6352 0 451
6352 0 7735
6352 0 3773
6352 0 7592
6352 0 1327
6352 0 1487
6352 0 1586
6352 0 5810
6352 0 7731
6352 0 7733
6352 0 854
6352 0 7734
6352 0 381
6352 0 126
6354 0 0
6354 0 5
6354 0 1093
6354 0 7050
6354 0 12
6354 0 557
6354 0 8909
6354 0 10899
6354 0 349
6355 0 7736
6356 0 915
6356 0 1877
6357 0 298
6358 0 721
6359 0 6581
6359 0 1933
6359 0 3055
6360 0 4779
6361 0 1146
6362 0 3646
6363 0 4448
6363 0 737
6363 0 380
6363 0 310
6364 0 4260
6364 0 1862
6364 0 493
6364 0 7739
6364 0 7740
6364 0 7741
6364 0 6143
6366 0 1992
6366 0 10919
6367 0 24
6368 0 10921
6369 0 3098
6369 0 767
6370 0 3617
6370 0 103
6370 0 10
6370 0 10922
6370 0 3852
6370 0 429
6370 0 10924
6370 0 10926
6370 0 10927
6370 0 5332
6370 0 90
6372 0 2048
6372 0 777
6372 0 8209
6372 0 7059
6372 0 1428
6372 0 4251
6372 0 6812
6372 0 8347
6372 0 7198
6372 0 9887
6372 0 4257
6372 0 1955
6372 0 8867
6372 0 553
6372 0 170
6372 0 171
6372 0 6444
6372 0 9133
6372 0 4526
6372 0 10929
6372 0 10930
6372 0 10931
6372 0 10932
6372 0 10933
6372 0 8502
6372 0 10934
6372 0 10935
6372 0 10936
6372 0 10937
6372 0 10938
6372 0 10939
6372 0 10940
6372 0 2238
6372 0 831
6372 0 4416
6372 0 10942
6372 0 834
6372 0 10820
6372 0 4169
6372 0 1994
6372 0 4170
6372 0 4171
6372 0 4172
6372 0 4173
6372 0 4431
6372 0 8395
6372 0 10074
6372 0 3295
6372 0 224
6372 0 225
6372 0 2912
6372 0 5346
6372 0 4196
6372 0 4197
6372 0 3046
6372 0 3559
6372 0 4198
6372 0 7659
6372 0 3052
6372 0 2162
6372 0 756
6372 0 8056
6372 0 8443
6373 0 666
6373 0 662
6374 0 1955
6374 0 4849
6374 0 18
6374 0 6899
6374 0 20
6374 0 8949
6374 0 1564
6375 0 81
6376 0 383
6377 0 480
6377 0 356
6377 0 5
6377 0 10951
6377 0 8
6377 0 10952
6377 0 3532
6377 0 7411
6377 0 8374
6378 0 7296
6378 0 7294
6378 0 7295
6379 0 952
6380 0 12
6381 0 1097
6381 0 10958
6381 0 431
6381 0 6075
6381 0 284
6381 0 2111
6383 0 3614
6384 0 1492
6385 0 2104
6385 0 81
6385 0 318
6385 0 7743
6386 0 3249
6386 0 7747
6386 0 3247
6387 0 7748
6389 0 793
6390 0 889
6391 0 3337
6392 0 7749
6392 0 5
6393 0 4960
6393 0 5
6393 0 5706
6393 0 269
6393 0 1814
6393 0 633
6394 0 482
6397 0 1584
6397 0 230
6398 0 18
6399 0 7751
6399 0 7753
6399 0 139
6399 0 973
6399 0 336
6399 0 5939
6399 0 2901
6399 0 2170
6399 0 62
6399 0 2911
6400 0 4513
6400 0 10977
6400 0 4038
6400 0 749
6400 0 7725
6400 0 1391
6400 0 10895
6400 0 698
6400 0 2172
6400 0 2750
6401 0 5
6402 0 1867
6403 0 10573
6404 0 523
6404 0 10991
6405 0 4599
6406 0 10138
6406 0 10996
6407 0 1560
6408 0 537
6408 0 53
6409 0 155
6410 0 3885
6411 0 36
6412 0 5
6413 0 3920
6414 0 5027
6414 0 8
6414 0 1329
6414 0 24
6414 0 346
6415 0 3945
6416 0 2912
6416 0 1220
6416 0 262
6416 0 8178
6416 0 8437
6417 0 2738
6418 0 5
6419 0 8649
6420 0 10973
6421 0 5122
6421 0 10504
6421 0 11690
6421 0 14035
6421 0 14036
6421 0 14037
6423 0 5076
6424 0 8191
6424 0 2660
6424 0 4900
6424 0 8190
6425 0 3970
6425 0 958
6426 0 4864
6427 0 4031
6427 0 627
6427 0 3165
6427 0 2791
6428 0 2529
6428 0 5189
6428 0 4392
6428 0 745
6428 0 1425
6428 0 10420
6430 0 5664
6430 0 11013
6430 0 1513
6430 0 1267
6430 0 125
6430 0 9470
6431 0 743
6432 0 4421
6433 0 209
6434 0 11019
6435 0 644
6436 0 867
6437 0 651
6438 0 4476
6439 0 1111
6440 0 7268
6441 0 11026
6442 0 1879
6443 0 105
6443 0 5063
6444 0 801
6445 0 2245
6445 0 168
6445 0 3441
6445 0 631
6445 0 568
6445 0 2009
6446 0 8193
6446 0 8195
6447 0 64
6447 0 8196
6447 0 8197
6447 0 5164
6447 0 2674
6447 0 5116
6448 0 5968
6449 0 8177
6449 0 5
6449 0 8198
6450 0 445
6451 0 6661
6451 0 8199
6452 0 418
6452 0 5453
6452 0 6039
6453 0 8200
6453 0 3528
6453 0 1931
6453 0 5454
6453 0 14038
6453 0 2200
6454 0 6961
6455 0 11034
6455 0 2375
6456 0 4435
6457 0 90
6459 0 5
6460 0 11043
6460 0 11045
6460 0 11046
6460 0 11037
6460 0 11038
6460 0 11039
6463 0 8201
6464 0 349
6465 0 209
6465 0 1052
6466 0 6702
6468 0 1344
6468 0 1658
6468 0 203
6471 0 848
6472 0 4943
6473 0 5361
6473 0 8203
6473 0 2477
6475 0 18
6476 0 9889
6476 0 9890
6476 0 2104
6476 0 5
6476 0 9125
6476 0 5992
6476 0 6601
6476 0 2040
6476 0 2010
6476 0 11067
6476 0 3743
6477 0 4571
6478 0 2375
6479 0 390
6479 0 5993
6479 0 6288
6479 0 3066
6479 0 539
6480 0 8
6481 0 1933
6482 0 11072
6482 0 11074
6482 0 2851
6482 0 3248
6482 0 6769
6482 0 729
6483 0 8205
6484 0 3809
6484 0 3810
6484 0 3811
6484 0 413
6485 0 5700
6486 0 6145
6486 0 6
6486 0 6169
6486 0 4127
6486 0 36
6486 0 4155
6486 0 61
6486 0 65
6486 0 2113
6486 0 2118
6486 0 6215
6486 0 6216
6486 0 6219
6486 0 2124
6486 0 6220
6486 0 4192
6486 0 110
6486 0 120
6486 0 6277
6486 0 173
6486 0 175
6486 0 2223
6486 0 177
6486 0 178
6486 0 179
6486 0 180
6486 0 2227
6486 0 2229
6486 0 4278
6486 0 186
6486 0 4283
6486 0 4284
6486 0 6341
6486 0 199
6486 0 2247
6486 0 6345
6486 0 204
6486 0 2253
6486 0 4322
6486 0 234
6486 0 2297
6486 0 2298
6486 0 2305
6486 0 2319
6486 0 2320
6486 0 276
6486 0 4388
6486 0 2344
6486 0 305
6486 0 309
6486 0 311
6486 0 325
6486 0 2373
6486 0 2375
6486 0 2376
6486 0 2395
6486 0 357
6486 0 359
6486 0 366
6486 0 2421
6486 0 6518
6486 0 6520
6486 0 6528
6486 0 6535
6486 0 394
6486 0 395
6486 0 396
6486 0 397
6486 0 6538
6486 0 2447
6486 0 2451
6486 0 406
6486 0 2462
6486 0 421
6486 0 4527
6486 0 4528
6486 0 433
6486 0 4531
6486 0 6582
6486 0 6583
6486 0 455
6486 0 4566
6486 0 4576
6486 0 2529
6486 0 491
6486 0 4595
6486 0 505
6486 0 2559
6486 0 511
6486 0 515
6486 0 516
6486 0 4617
6486 0 524
6486 0 525
6486 0 526
6486 0 4630
6486 0 4647
6486 0 2601
6486 0 4651
6486 0 2616
6486 0 2636
6486 0 2637
6486 0 2638
6486 0 603
6486 0 612
6486 0 2664
6486 0 627
6486 0 4744
6486 0 2697
6486 0 2699
6486 0 653
6486 0 670
6486 0 2720
6486 0 6819
6486 0 2727
6486 0 720
6486 0 737
6486 0 2798
6486 0 4852
6486 0 6900
6486 0 2812
6486 0 784
6486 0 785
6486 0 6934
6486 0 6938
6486 0 821
6486 0 837
6486 0 850
6486 0 6998
6486 0 4964
6486 0 7036
6486 0 5030
6486 0 5036
6486 0 5039
6486 0 5040
6486 0 945
6486 0 5051
6486 0 5052
6486 0 962
6486 0 974
6486 0 5071
6486 0 5077
6486 0 3032
6486 0 986
6486 0 987
6486 0 5103
6486 0 14045
6486 0 3081
6486 0 14046
6486 0 3089
6486 0 14047
6486 0 14049
6486 0 14050
6486 0 5157
6486 0 14053
6486 0 7224
6486 0 5197
6486 0 7247
6486 0 7278
6486 0 5244
6486 0 3200
6486 0 5251
6486 0 3204
6486 0 5253
6486 0 3206
6486 0 7303
6486 0 3208
6486 0 3209
6486 0 5258
6486 0 7307
6486 0 1169
6486 0 3220
6486 0 1174
6486 0 3222
6486 0 7320
6486 0 3225
6486 0 3227
6486 0 3228
6486 0 3232
6486 0 1198
6486 0 5299
6486 0 1208
6486 0 5325
6486 0 3287
6486 0 7383
6486 0 7423
6486 0 7434
6486 0 3370
6486 0 1327
6486 0 7497
6486 0 5450
6486 0 7503
6486 0 5459
6486 0 7520
6486 0 7521
6486 0 1386
6486 0 7578
6486 0 3514
6486 0 1483
6486 0 1489
6486 0 3549
6486 0 1507
6486 0 3571
6486 0 5619
6486 0 3573
6486 0 3574
6486 0 3575
6486 0 3579
6486 0 1544
6486 0 1553
6486 0 1554
6486 0 1558
6486 0 1559
6486 0 1560
6486 0 3609
6486 0 1562
6486 0 5654
6486 0 3612
6486 0 5690
6486 0 3652
6486 0 3653
6486 0 7756
6486 0 7757
6486 0 7759
6486 0 7761
6486 0 7762
6486 0 7763
6486 0 7764
6486 0 7765
6486 0 7766
6486 0 7767
6486 0 7768
6486 0 7769
6486 0 7771
6486 0 7772
6486 0 5725
6486 0 7773
6486 0 7774
6486 0 7776
6486 0 3681
6486 0 7777
6486 0 7779
6486 0 7781
6486 0 7783
6486 0 7785
6486 0 7786
6486 0 7787
6486 0 7788
6486 0 7789
6486 0 7790
6486 0 7791
6486 0 7793
6486 0 7794
6486 0 7795
6486 0 3700
6486 0 7796
6486 0 7798
6486 0 7799
6486 0 5752
6486 0 7800
6486 0 7801
6486 0 7802
6486 0 5756
6486 0 7803
6486 0 7805
6486 0 7807
6486 0 7809
6486 0 1666
6486 0 7810
6486 0 7812
6486 0 7813
6486 0 7814
6486 0 7816
6486 0 7818
6486 0 7819
6486 0 7820
6486 0 5776
6486 0 7824
6486 0 7825
6486 0 7826
6486 0 7829
6486 0 5782
6486 0 7831
6486 0 7832
6486 0 7833
6486 0 7834
6486 0 7835
6486 0 7836
6486 0 7837
6486 0 7839
6486 0 7840
6486 0 7843
6486 0 7844
6486 0 7845
6486 0 7846
6486 0 7847
6486 0 5800
6486 0 7848
6486 0 7849
6486 0 7850
6486 0 7851
6486 0 7853
6486 0 7855
6486 0 7856
6486 0 7857
6486 0 7858
6486 0 7860
6486 0 7861
6486 0 7862
6486 0 7864
6486 0 7865
6486 0 7866
6486 0 7868
6486 0 7869
6486 0 7870
6486 0 7871
6486 0 7872
6486 0 7873
6486 0 7875
6486 0 7876
6486 0 7877
6486 0 7878
6486 0 7880
6486 0 7881
6486 0 7882
6486 0 7883
6486 0 7884
6486 0 1741
6486 0 7885
6486 0 7886
6486 0 7887
6486 0 7888
6486 0 7889
6486 0 7891
6486 0 7893
6486 0 7894
6486 0 7895
6486 0 7896
6486 0 7897
6486 0 7898
6486 0 14040
6486 0 7900
6486 0 7901
6486 0 7902
6486 0 14042
6486 0 7904
6486 0 7905
6486 0 7906
6486 0 7907
6486 0 7908
6486 0 14044
6486 0 7910
6486 0 7911
6486 0 7912
6486 0 7913
6486 0 7914
6486 0 7915
6486 0 7916
6486 0 14052
6486 0 7918
6486 0 14054
6486 0 7920
6486 0 7922
6486 0 7923
6486 0 7924
6486 0 3830
6486 0 7927
6486 0 7928
6486 0 7930
6486 0 7931
6486 0 7932
6486 0 3837
6486 0 7933
6486 0 7934
6486 0 7935
6486 0 1795
6486 0 7939
6486 0 7940
6486 0 7942
6486 0 1800
6486 0 7945
6486 0 7946
6486 0 7948
6486 0 7949
6486 0 7950
6486 0 1807
6486 0 7952
6486 0 7953
6486 0 7957
6486 0 7958
6486 0 7960
6486 0 7961
6486 0 7962
6486 0 12057
6486 0 7964
6486 0 7965
6486 0 7966
6486 0 7969
6486 0 7970
6486 0 7971
6486 0 7974
6486 0 7975
6486 0 7976
6486 0 7978
6486 0 7979
6486 0 7980
6486 0 1838
6486 0 7983
6486 0 7984
6486 0 7985
6486 0 7986
6486 0 7987
6486 0 7988
6486 0 7990
6486 0 7992
6486 0 7993
6486 0 7994
6486 0 3900
6486 0 7999
6486 0 8001
6486 0 8004
6486 0 8005
6486 0 8006
6486 0 8010
6486 0 8012
6486 0 8014
6486 0 1872
6486 0 8016
6486 0 8018
6486 0 1875
6486 0 8020
6486 0 8021
6486 0 5974
6486 0 8022
6486 0 8023
6486 0 8024
6486 0 8027
6486 0 8028
6486 0 8029
6486 0 8031
6486 0 3937
6486 0 3938
6486 0 8033
6486 0 8034
6486 0 8036
6486 0 8037
6486 0 8039
6486 0 5993
6486 0 8041
6486 0 3947
6486 0 8042
6486 0 8043
6486 0 8044
6486 0 8045
6486 0 8046
6486 0 8048
6486 0 8049
6486 0 8050
6486 0 8051
6486 0 8052
6486 0 8053
6486 0 8054
6486 0 8055
6486 0 8058
6486 0 8060
6486 0 8062
6486 0 8066
6486 0 8067
6486 0 8068
6486 0 8072
6486 0 8075
6486 0 8077
6486 0 8080
6486 0 6033
6486 0 8081
6486 0 8082
6486 0 8085
6486 0 8087
6486 0 3993
6486 0 8089
6486 0 8091
6486 0 8092
6486 0 8096
6486 0 8097
6486 0 8098
6486 0 8102
6486 0 4008
6486 0 8104
6486 0 1963
6486 0 8108
6486 0 8110
6486 0 6063
6486 0 6064
6486 0 8111
6486 0 6066
6486 0 8112
6486 0 6068
6486 0 8113
6486 0 6070
6486 0 8114
6486 0 8115
6486 0 8117
6486 0 8118
6486 0 8120
6486 0 8121
6486 0 8122
6486 0 8125
6486 0 8126
6486 0 8127
6486 0 8129
6486 0 8130
6486 0 8131
6486 0 1988
6486 0 8134
6486 0 4039
6486 0 8137
6486 0 8138
6486 0 8139
6486 0 8140
6486 0 4045
6486 0 4046
6486 0 8143
6486 0 8146
6486 0 8147
6486 0 8149
6486 0 8152
6486 0 8153
6486 0 8154
6486 0 8159
6486 0 8162
6486 0 8163
6486 0 8167
6486 0 8170
6486 0 8171
6486 0 8172
6486 0 8174
6487 0 9768
6488 0 561
6488 0 6898
6489 0 4107
6489 0 3531
6489 0 8206
6489 0 8207
6489 0 2612
6490 0 5316
6490 0 4431
6490 0 8208
6490 0 8209
6490 0 8210
6490 0 8211
6490 0 3957
6490 0 3965
6490 0 1439
6491 0 5
6492 0 216
6493 0 2
6493 0 1323
6493 0 8214
6493 0 8215
6495 0 403
6496 0 8216
6497 0 533
6498 0 103
6500 0 5890
6500 0 837
6500 0 5069
6500 0 4078
6500 0 2387
6500 0 7827
6500 0 634
6500 0 918
6500 0 5272
6500 0 954
6500 0 3228
6500 0 382
6501 0 449
6501 0 681
6501 0 1392
6501 0 81
6501 0 4915
6502 0 645
6503 0 410
6504 0 1994
6504 0 2125
6504 0 5
6505 0 91
6505 0 388
6505 0 2253
6505 0 2015
6506 0 5
6507 0 8121
6508 0 9145
6508 0 11123
6508 0 4028
6508 0 1566
6509 0 288
6510 0 240
6511 0 1466
6511 0 10920
6511 0 386
6511 0 1110
6513 0 5059
6514 0 1027
6514 0 8198
6514 0 3095
6514 0 550
6514 0 6183
6514 0 568
6514 0 59
6514 0 580
6514 0 582
6514 0 2123
6514 0 5711
6514 0 2648
6514 0 4696
6514 0 4705
6514 0 4707
6514 0 105
6514 0 624
6514 0 631
6514 0 645
6514 0 4231
6514 0 4232
6514 0 7828
6514 0 9364
6514 0 2715
6514 0 10907
6514 0 5792
6514 0 5796
6514 0 10424
6514 0 5307
6514 0 1218
6514 0 3270
6514 0 5334
6514 0 5337
6514 0 6879
6514 0 228
6514 0 14055
6514 0 1772
6514 0 3824
6514 0 2811
6514 0 3836
6514 0 260
6514 0 4873
6514 0 269
6514 0 8974
6514 0 1302
6514 0 3350
6514 0 7452
6514 0 8479
6514 0 4391
6514 0 3889
6514 0 1842
6514 0 823
6514 0 10052
6514 0 2887
6514 0 1353
6514 0 5969
6514 0 349
6514 0 2413
6514 0 4974
6514 0 4467
6514 0 1402
6514 0 11134
6514 0 385
6514 0 386
6514 0 11140
6514 0 11141
6514 0 11142
6514 0 2439
6514 0 5515
6514 0 10132
6514 0 11158
6514 0 11161
6514 0 923
6514 0 11166
6514 0 10655
6514 0 3488
6514 0 11173
6514 0 11177
6514 0 4529
6514 0 11188
6514 0 11190
6514 0 11192
6514 0 1465
6514 0 3002
6514 0 11194
6514 0 5570
6514 0 11202
6514 0 11209
6514 0 2510
6514 0 4047
6514 0 10704
6514 0 11216
6514 0 11218
6514 0 1493
6514 0 8149
6514 0 11227
6514 0 11228
6514 0 11230
6514 0 2531
6514 0 11238
6514 0 11242
6514 0 11243
6514 0 1015
6514 0 8186
6514 0 2043
6514 0 8703
6516 0 7371
6517 0 32
6518 0 802
6518 0 4
6518 0 68
6518 0 8217
6518 0 8218
6518 0 3259
6519 0 1800
6519 0 5161
6519 0 5423
6519 0 8219
6519 0 8220
6520 0 90
6521 0 1344
6521 0 2016
6521 0 290
6521 0 451
6521 0 5
6521 0 557
6521 0 1236
6521 0 1983
6521 0 702
6521 0 703
6522 0 2557
6523 0 2002
6524 0 2002
6525 0 349
6526 0 299
6526 0 11253
6528 0 90
6528 0 789
6529 0 2088
6529 0 609
6529 0 1014
6529 0 3520
6530 0 2303
6531 0 11257
6532 0 290
6532 0 1061
6532 0 346
6532 0 8222
6533 0 651
6534 0 329
6534 0 73
6534 0 1110
6535 0 668
6536 0 3852
6537 0 1296
6538 0 5
6539 0 5724
6540 0 274
6541 0 4301
6541 0 209
6541 0 5
6541 0 103
6542 0 6835
6542 0 924
6542 0 5
6543 0 10021
6543 0 11268
6543 0 7717
6544 0 1011
6545 0 1556
6546 0 2844
6546 0 6102
6547 0 8223
6548 0 9149
6548 0 11270
6549 0 3391
6550 0 330
6550 0 3174
6551 0 1676
6552 0 385
6553 0 2040
6553 0 8224
6553 0 5988
6554 0 106
6555 0 1741
6555 0 7905
6555 0 77
6555 0 8225
6556 0 356
6557 0 1894
6557 0 1814
6558 0 5
6559 0 8226
6560 0 11279
6561 0 6273
6561 0 3014
6561 0 5867
6561 0 3824
6561 0 11283
6561 0 4215
6561 0 2591
6562 0 269
6563 0 5
6563 0 330
6563 0 9746
6563 0 2290
6563 0 1460
6563 0 11288
6563 0 11290
6564 0 1198
6566 0 7732
6567 0 5
6568 0 539
6569 0 1984
6569 0 11296
6569 0 10306
6569 0 11298
6569 0 11299
6569 0 8904
6570 0 437
6571 0 4133
6572 0 2522
6572 0 6970
6572 0 2618
6573 0 8
6574 0 5
6575 0 3200
6577 0 5
6577 0 8022
6578 0 882
6578 0 11306
6578 0 5
6579 0 16
6581 0 11309
6581 0 11310
6581 0 11311
6581 0 11312
6581 0 827
6581 0 4190
6583 0 727
6585 0 543
6587 0 8227
6588 0 11315
6590 0 514
6591 0 813
6593 0 8229
6594 0 1640
6594 0 5
6594 0 8230
6595 0 1959
6596 0 4099
6596 0 2820
6596 0 5
6596 0 2821
6596 0 20
6596 0 9242
6596 0 814
6596 0 819
6596 0 5178
6596 0 5179
6596 0 11324
6596 0 11326
6596 0 1600
6596 0 4416
6596 0 1602
6596 0 11328
6596 0 455
6596 0 4935
6596 0 2769
6596 0 2775
6596 0 599
6596 0 2778
6596 0 106
6596 0 365
6596 0 756
6596 0 1524
6596 0 506
6596 0 1915
6596 0 2045
6598 0 8
6598 0 6647
6598 0 3703
6599 0 5200
6599 0 801
6599 0 413
6600 0 6077
6600 0 3118
6602 0 3173
6603 0 487
6604 0 95
6605 0 4112
6606 0 898
6606 0 13701
6606 0 745
6606 0 2922
6606 0 436
6608 0 218
6609 0 5
6610 0 139
6611 0 8232
6612 0 1271
6613 0 8233
6614 0 5
6615 0 8
6615 0 2423
6616 0 437
6616 0 1670
6617 0 2342
6617 0 2567
6617 0 1266
6617 0 6677
6617 0 1819
6617 0 4989
6618 0 5
6618 0 167
6618 0 13735
6618 0 4075
6618 0 8244
6618 0 2649
6619 0 5071
6620 0 103
6621 0 5
6622 0 935
6623 0 5
6625 0 97
6625 0 1797
6625 0 13736
6625 0 4617
6625 0 2090
6625 0 11209
6625 0 81
6625 0 1812
6625 0 631
6625 0 568
6625 0 1083
6625 0 5756
6625 0 349
6626 0 3753
6626 0 1645
6626 0 429
6627 0 3505
6628 0 11375
6629 0 3456
6629 0 3936
6629 0 1186
6629 0 3369
6629 0 8236
6629 0 3437
6629 0 1966
6629 0 303
6629 0 6959
6629 0 8237
6629 0 8240
6629 0 7865
6629 0 1849
6629 0 7036
6630 0 4953
6631 0 1449
6632 0 3008
6632 0 3906
6632 0 681
6632 0 81
6632 0 90
6632 0 731
6633 0 576
6633 0 1833
6633 0 6974
6634 0 8235
6636 0 7206
6637 0 6914
6638 0 1506
6639 0 8241
6640 0 251
6640 0 675
6641 0 7585
6641 0 1041
6641 0 8242
6641 0 4565
6641 0 953
6642 0 6208
6642 0 8243
6642 0 995
6642 0 3229
6643 0 81
6644 0 110
6645 0 1377
6645 0 8176
6645 0 8177
6645 0 951
6645 0 5496
6645 0 2458
6646 0 8
6647 0 3457
6647 0 164
6647 0 7686
6647 0 172
6647 0 973
6647 0 1772
6647 0 624
6647 0 2256
6647 0 594
6647 0 6132
6647 0 8244
6647 0 221
6647 0 955
6647 0 4252
6647 0 349
6648 0 5
6650 0 2562
6650 0 6019
6650 0 2052
6650 0 1926
6650 0 7
6650 0 8
6650 0 3465
6650 0 8457
6650 0 11402
6650 0 3852
6650 0 7180
6650 0 6419
6650 0 1815
6650 0 1690
6650 0 2715
6650 0 4506
6650 0 11421
6650 0 2296
6650 0 9249
6650 0 11429
6650 0 2086
6650 0 11430
6650 0 3368
6650 0 1834
6650 0 1323
6650 0 3628
6650 0 3756
6650 0 11435
6650 0 431
6650 0 304
6650 0 1457
6650 0 2608
6650 0 4401
6650 0 6323
6650 0 8884
6650 0 11437
6650 0 11439
6650 0 11440
6650 0 2745
6650 0 11446
6650 0 1342
6650 0 3265
6650 0 7107
6650 0 11075
6650 0 1863
6650 0 1993
6650 0 4810
6650 0 1739
6650 0 10316
6650 0 1492
6650 0 87
6650 0 728
6650 0 729
6650 0 90
6650 0 10200
6650 0 1500
6650 0 1501
6650 0 7138
6650 0 867
6650 0 7014
6650 0 489
6650 0 123
6650 0 2155
6650 0 3309
6650 0 242
6650 0 1010
6650 0 2293
6650 0 3061
6650 0 375
6650 0 888
6650 0 379
6650 0 1020
6651 0 3297
6652 0 708
6653 0 5356
6655 0 5
6656 0 1643
6657 0 720
6658 0 15
6659 0 356
6660 0 2925
6661 0 3985
6662 0 1008
6663 0 24
6664 0 2120
6666 0 5
6667 0 5
6668 0 5504
6668 0 13058
6668 0 389
6668 0 645
6668 0 3207
6668 0 3334
6668 0 3848
6668 0 6534
6668 0 13062
6668 0 3340
6668 0 13063
6668 0 3342
6668 0 10645
6668 0 3993
6668 0 1567
6668 0 2725
6668 0 2988
6668 0 2094
6668 0 4784
6668 0 178
6668 0 311
6668 0 5047
6668 0 12600
6668 0 1083
6668 0 1084
6668 0 1470
6668 0 63
6668 0 5054
6668 0 1729
6668 0 11326
6668 0 7491
6668 0 580
6668 0 582
6668 0 11976
6668 0 6090
6668 0 971
6668 0 3787
6668 0 2253
6668 0 3405
6668 0 2769
6668 0 2645
6668 0 10212
6668 0 7141
6668 0 9577
6668 0 4459
6668 0 13041
6668 0 1652
6668 0 1653
6668 0 505
6669 0 10854
6669 0 998
6670 0 1621
6671 0 7824
6671 0 3417
6671 0 4964
6671 0 5103
6672 0 356
6672 0 269
6672 0 464
6672 0 8245
6672 0 409
6672 0 1371
6673 0 7983
6675 0 5488
6676 0 13086
6677 0 867
6678 0 4225
6679 0 2472
6680 0 5
6681 0 2672
6682 0 24
6683 0 5041
6684 0 13090
6685 0 12089
6686 0 102
6687 0 112
6689 0 290
6689 0 6404
6689 0 637
6689 0 3270
6689 0 13094
6689 0 9997
6689 0 12623
6689 0 496
6689 0 9648
6689 0 4149
6689 0 957
6689 0 639
6690 0 1752
6691 0 8256
6692 0 5
6693 0 8180
6693 0 8181
6694 0 1710
6695 0 283
6696 0 804
6696 0 12048
6696 0 4755
6696 0 11542
6696 0 13112
6696 0 13113
6697 0 1884
6698 0 8257
6699 0 592
6699 0 1657
6700 0 3523
6702 0 1024
6702 0 5
6702 0 2439
6702 0 2567
6702 0 2568
6702 0 11529
6702 0 403
6702 0 1819
6702 0 9504
6702 0 44
6702 0 5307
6702 0 13116
6702 0 13121
6702 0 2498
6702 0 13123
6702 0 13129
6702 0 13142
6702 0 12251
6702 0 866
6702 0 12258
6702 0 4989
6703 0 5
6704 0 2297
6705 0 128
6705 0 2049
6705 0 644
6705 0 3974
6705 0 413
6705 0 7198
6705 0 159
6705 0 289
6705 0 172
6705 0 1841
6705 0 1587
6705 0 5945
6705 0 1607
6705 0 73
6705 0 1751
6705 0 1371
6705 0 2910
6705 0 482
6705 0 2146
6705 0 13154
6705 0 6123
6705 0 370
6705 0 763
6705 0 381
6706 0 1668
6706 0 11965
6707 0 2762
6709 0 8899
6711 0 7178
6711 0 356
6711 0 454
6712 0 3649
6713 0 13164
6713 0 1501
6714 0 1885
6715 0 8258
6716 0 546
6717 0 5
6718 0 8163
6718 0 2472
6718 0 1034
6718 0 306
6718 0 159
6719 0 8259
6719 0 8260
6719 0 5
6720 0 13167
6721 0 1774
6722 0 2580
6723 0 1345
6724 0 2385
6724 0 732
6725 0 15
6726 0 3743
6727 0 331
6727 0 5
6727 0 8263
6728 0 1344
6728 0 8264
6728 0 83
6730 0 496
6730 0 1901
6731 0 5
6732 0 3028
6733 0 113
6733 0 884
6734 0 164
6734 0 5
6734 0 422
6734 0 1449
6734 0 12
6734 0 1809
6734 0 1271
6734 0 1336
6734 0 1211
6734 0 413
6735 0 3496
6736 0 1701
6737 0 5
6738 0 5
6739 0 81
6741 0 5
6742 0 8267
6742 0 8268
6742 0 8269
6742 0 8270
6742 0 117
6742 0 2363
6743 0 269
6744 0 2930
6745 0 18
6746 0 7040
6747 0 1975
6748 0 106
6749 0 1587
6749 0 1076
6749 0 1486
6750 0 269
6750 0 165
6751 0 445
6752 0 10327
6753 0 81
6754 0 4357
6754 0 1964
6754 0 8237
6754 0 1966
6754 0 9360
6754 0 13201
6754 0 13202
6754 0 13204
6754 0 13205
6754 0 13206
6754 0 13207
6755 0 9866
6755 0 139
6755 0 894
6755 0 533
6755 0 13210
6755 0 164
6755 0 4403
6755 0 578
6755 0 592
6755 0 8148
6755 0 5853
6755 0 1374
6755 0 1376
6755 0 8557
6755 0 110
6755 0 240
6755 0 2293
6755 0 763
6755 0 2558
6757 0 1056
6757 0 77
6757 0 8278
6758 0 388
6758 0 1028
6758 0 7434
6758 0 1553
6758 0 3217
6758 0 2462
6758 0 4127
6758 0 13218
6758 0 5032
6758 0 684
6758 0 4657
6758 0 2487
6758 0 4666
6758 0 8890
6758 0 1607
6758 0 2124
6758 0 474
6758 0 2395
6758 0 7900
6758 0 7902
6758 0 2280
6758 0 3832
6758 0 9211
6758 0 2812
6759 0 275
6759 0 318
6760 0 269
6761 0 6717
6762 0 288
6763 0 13708
6764 0 266
6765 0 5900
6766 0 400
6767 0 8286
6768 0 9929
6768 0 9937
6769 0 973
6769 0 845
6769 0 846
6770 0 13223
6770 0 13225
6770 0 13226
6770 0 13227
6770 0 11101
6771 0 5900
6773 0 2238
6774 0 2048
6774 0 514
6774 0 3077
6774 0 7
6774 0 18
6774 0 1046
6774 0 7193
6774 0 1570
6774 0 45
6774 0 65
6774 0 2626
6774 0 4166
6774 0 594
6774 0 4184
6774 0 601
6774 0 1644
6774 0 110
6774 0 6254
6774 0 1653
6774 0 634
6774 0 3710
6774 0 128
6774 0 1679
6774 0 5264
6774 0 6804
6774 0 666
6774 0 673
6774 0 3233
6774 0 8868
6774 0 167
6774 0 1194
6774 0 171
6774 0 1709
6774 0 690
6774 0 5814
6774 0 5305
6774 0 3261
6774 0 2238
6774 0 3280
6774 0 3796
6774 0 213
6774 0 4308
6774 0 727
6774 0 6358
6774 0 730
6774 0 221
6774 0 225
6774 0 13029
6774 0 4326
6774 0 4327
6774 0 1772
6774 0 238
6774 0 240
6774 0 6899
6774 0 265
6774 0 2831
6774 0 1298
6774 0 1814
6774 0 3350
6774 0 1310
6774 0 3359
6774 0 289
6774 0 8483
6774 0 805
6774 0 2342
6774 0 10533
6774 0 2868
6774 0 1849
6774 0 830
6774 0 5952
6774 0 845
6774 0 8527
6774 0 5456
6774 0 337
6774 0 4438
6774 0 347
6774 0 349
6774 0 1374
6774 0 351
6774 0 5991
6774 0 6503
6774 0 894
6774 0 3457
6774 0 8579
6774 0 1423
6774 0 3985
6774 0 403
6774 0 405
6774 0 1946
6774 0 2458
6774 0 1441
6774 0 6049
6774 0 2984
6774 0 940
6774 0 4527
6774 0 13232
6774 0 434
6774 0 5554
6774 0 13242
6774 0 3003
6774 0 13243
6774 0 13245
6774 0 3008
6774 0 8642
6774 0 13252
6774 0 9157
6774 0 13268
6774 0 13269
6774 0 13284
6774 0 4583
6774 0 13288
6774 0 13290
6774 0 3563
6774 0 4076
6774 0 13295
6774 0 4086
6774 0 506
6774 0 8700
6775 0 1340
6776 0 4880
6777 0 237
6778 0 338
6779 0 1164
6781 0 8290
6783 0 6107
6783 0 8292
6783 0 8293
6783 0 8294
6784 0 2756
6785 0 5405
6786 0 2761
6787 0 299
6787 0 7395
6788 0 8296
6789 0 796
6789 0 3830
6791 0 5858
6791 0 157
6792 0 2967
6793 0 13301
6794 0 6010
6794 0 8299
6795 0 1920
6795 0 131
6795 0 6148
6795 0 1418
6795 0 2128
6795 0 533
6795 0 6229
6795 0 13305
6796 0 351
6797 0 349
6798 0 557
6799 0 8
6799 0 269
6799 0 12535
6800 0 5
6802 0 5
6803 0 24
6803 0 618
6803 0 7498
6804 0 90
6805 0 9171
6806 0 2566
6807 0 1056
6807 0 10904
6809 0 1258
6810 0 5405
6811 0 8
6811 0 6095
6812 0 2763
6812 0 8484
6812 0 7371
6812 0 8443
6813 0 5
6815 0 160
6816 0 8303
6817 0 1093
6818 0 7733
6819 0 5
6820 0 160
6821 0 850
6821 0 5
6821 0 103
6822 0 849
6822 0 5
6823 0 32
6823 0 81
6824 0 7973
6825 0 81
6826 0 395
6827 0 3305
6828 0 1344
6828 0 6051
6828 0 106
6828 0 8331
6828 0 854
6829 0 330
6829 0 7538
6830 0 2303
6831 0 8545
6832 0 702
6834 0 2498
6835 0 2986
6836 0 5
6836 0 8
6836 0 1416
6836 0 10
6836 0 1297
6836 0 376
6836 0 154
6836 0 5278
6837 0 18
6837 0 3836
6837 0 574
6837 0 4127
6838 0 1824
6838 0 8308
6838 0 1374
6839 0 1014
6840 0 1876
6840 0 4070
6842 0 3059
6842 0 1093
6843 0 290
6844 0 8
6844 0 13328
6845 0 1334
6845 0 2064
6845 0 510
6846 0 8846
6847 0 349
6848 0 13330
6848 0 5
6849 0 11520
6849 0 5
6849 0 8205
6849 0 6069
6849 0 151
6849 0 4793
6850 0 1282
6850 0 3209
6850 0 524
6850 0 1567
6850 0 4647
6850 0 4651
6850 0 6063
6850 0 7858
6850 0 4021
6850 0 310
6850 0 7869
6850 0 199
6850 0 7503
6850 0 357
6850 0 3819
6850 0 7788
6850 0 4595
6850 0 3196
6850 0 7807
6851 0 857
6851 0 958
6852 0 13332
6853 0 641
6853 0 290
6853 0 618
6853 0 177
6853 0 11445
6853 0 2551
6853 0 1020
6854 0 898
6855 0 1838
6855 0 4527
6856 0 8314
6857 0 13337
6858 0 10496
6858 0 81
6858 0 641
6858 0 7980
6859 0 2712
6860 0 9
6860 0 2058
6860 0 9997
6860 0 2584
6860 0 4250
6860 0 13339
6860 0 13340
6860 0 1950
6860 0 13343
6860 0 13344
6860 0 13345
6860 0 2363
6860 0 4929
6860 0 1862
6860 0 1863
6860 0 5576
6860 0 1865
6860 0 1866
6860 0 1867
6860 0 1994
6860 0 5322
6860 0 10952
6860 0 729
6860 0 91
6860 0 1518
6860 0 3831
6860 0 4984
6860 0 1402
6861 0 8315
6862 0 13347
6862 0 196
6862 0 3057
6862 0 82
6862 0 927
6863 0 2784
6863 0 4926
6864 0 13348
6864 0 2125
6864 0 3441
6864 0 8181
6864 0 2297
6865 0 774
6866 0 13349
6866 0 2845
6867 0 117
6868 0 5
6869 0 5
6870 0 614
6871 0 72
6871 0 8316
6871 0 4670
6872 0 1415
6873 0 10995
6874 0 566
6875 0 986
6875 0 1562
6875 0 5654
6876 0 10130
6877 0 3685
6877 0 3462
6877 0 5126
6877 0 74
6877 0 6410
6877 0 636
6878 0 76
6879 0 1794
6879 0 1539
6879 0 6658
6879 0 2565
6879 0 774
6879 0 4103
6879 0 265
6879 0 1546
6879 0 1674
6879 0 3340
6879 0 2064
6879 0 1810
6879 0 6681
6879 0 666
6879 0 2844
6879 0 3614
6879 0 10144
6879 0 10145
6879 0 10147
6879 0 8613
6879 0 4006
6879 0 10150
6879 0 4011
6879 0 940
6879 0 5164
6879 0 692
6879 0 3125
6879 0 1847
6879 0 3257
6879 0 3772
6879 0 3774
6879 0 5054
6879 0 5055
6879 0 7621
6879 0 4044
6879 0 4428
6879 0 6605
6879 0 2256
6879 0 1108
6879 0 854
6879 0 601
6879 0 349
6879 0 351
6879 0 248
6879 0 6495
6879 0 1252
6879 0 5349
6879 0 4718
6879 0 1775
6879 0 1776
6879 0 5235
6879 0 117
6879 0 376
6879 0 1917
6879 0 126
6880 0 2321
6880 0 490
6880 0 262
6880 0 855
6881 0 8330
6882 0 10166
6883 0 262
6883 0 18
6883 0 7445
6883 0 538
6883 0 5169
6883 0 4919
6883 0 952
6883 0 1849
6883 0 10169
6883 0 2238
6883 0 62
6883 0 10176
6883 0 1220
6883 0 2245
6883 0 970
6883 0 845
6883 0 973
6883 0 2898
6883 0 6361
6883 0 2524
6883 0 3299
6883 0 1644
6883 0 4974
6883 0 4852
6884 0 4916
6886 0 4027
6887 0 8354
6888 0 2318
6889 0 8
6890 0 8
6891 0 9360
6892 0 8355
6893 0 290
6894 0 10012
6895 0 9505
6895 0 5870
6895 0 10192
6895 0 1398
6895 0 539
6896 0 6943
6899 0 1477
6900 0 2544
6900 0 81
6900 0 1821
6900 0 481
6901 0 7585
6901 0 1928
6901 0 745
6901 0 12
6901 0 16
6901 0 2418
6901 0 10199
6901 0 10200
6901 0 90
6902 0 10
6902 0 6974
6903 0 539
6903 0 10204
6903 0 10203
6903 0 951
6904 0 771
6905 0 1046
6906 0 8364
6907 0 10211
6907 0 2793
6907 0 13707
6907 0 6387
6907 0 10007
6907 0 12825
6907 0 90
6907 0 2590
6907 0 14047
6909 0 2128
6910 0 2912
6910 0 970
6910 0 690
6910 0 5204
6911 0 416
6912 0 2561
6912 0 290
6912 0 771
6913 0 2416
6913 0 9544
6913 0 3166
6913 0 9239
6914 0 10220
6915 0 10221
6917 0 8097
6918 0 2617
6919 0 4562
6920 0 130
6921 0 8370
6922 0 10225
6923 0 1110
6924 0 24
6925 0 4381
6927 0 866
6927 0 10243
6927 0 10244
6927 0 2871
6927 0 3632
6927 0 467
6927 0 659
6927 0 1332
6927 0 7315
6927 0 1015
6927 0 8660
6927 0 2713
6927 0 10231
6927 0 10236
6928 0 4077
6929 0 8909
6930 0 9486
6931 0 8374
6932 0 8333
6932 0 8334
6933 0 5
6934 0 3253
6935 0 1344
6935 0 2498
6935 0 5
6935 0 1894
6935 0 6981
6935 0 8295
6935 0 8893
6935 0 1902
6935 0 3989
6935 0 4311
6935 0 9883
6935 0 157
6935 0 702
6935 0 4255
6937 0 5235
6937 0 7470
6938 0 2490
6938 0 2629
6938 0 4879
6940 0 24
6940 0 3441
6941 0 431
6942 0 894
6943 0 8
6943 0 1061
6943 0 1367
6943 0 631
6944 0 9185
6944 0 259
6944 0 732
6944 0 4038
6945 0 5
6947 0 5
6948 0 9334
6949 0 103
6951 0 973
6952 0 2904
6952 0 2906
6952 0 10292
6953 0 1411
6954 0 5905
6955 0 238
6956 0 240
6957 0 1546
6958 0 1344
6958 0 767
6958 0 3605
6958 0 103
6959 0 3529
6960 0 10296
6960 0 5531
6961 0 1061
6961 0 5
6961 0 1801
6961 0 5074
6961 0 1558
6961 0 6680
6962 0 385
6962 0 12
6962 0 269
6962 0 400
6962 0 6293
6962 0 3994
6962 0 7452
6962 0 288
6962 0 10290
6962 0 9270
6962 0 444
6962 0 10301
6962 0 10303
6962 0 10309
6962 0 10310
6962 0 1479
6962 0 10316
6962 0 4053
6962 0 349
6962 0 224
6962 0 106
6962 0 2284
6963 0 8387
6964 0 32
6964 0 2304
6964 0 1186
6964 0 5152
6964 0 489
6964 0 8205
6964 0 1398
6964 0 346
6964 0 7036
6964 0 639
6965 0 10321
6966 0 10323
6968 0 1271
6968 0 15
6969 0 4130
6971 0 10336
6971 0 868
6971 0 3719
6971 0 8842
6971 0 7342
6972 0 7389
6972 0 3673
6972 0 557
6972 0 6401
6974 0 1008
6975 0 4061
6976 0 7686
6976 0 5130
6976 0 1675
6976 0 1933
6976 0 8336
6976 0 8339
6976 0 20
6976 0 1431
6976 0 4121
6976 0 289
6976 0 164
6976 0 1196
6976 0 557
6976 0 1199
6976 0 1584
6976 0 1460
6976 0 1844
6976 0 5694
6976 0 4039
6976 0 329
6976 0 5836
6976 0 6860
6976 0 81
6976 0 338
6976 0 850
6976 0 1489
6976 0 6355
6976 0 854
6976 0 349
6976 0 351
6976 0 2784
6976 0 106
6976 0 114
6976 0 2418
6976 0 631
6976 0 6648
6977 0 793
6978 0 4039
6979 0 81
6980 0 9987
6981 0 486
6982 0 5
6983 0 10120
6983 0 2890
6983 0 4106
6983 0 8788
6984 0 5795
6984 0 9650
6984 0 4053
6984 0 3062
6984 0 10358
6984 0 1277
6985 0 10364
6986 0 1562
6987 0 10
6987 0 12
6987 0 1759
6988 0 2303
6989 0 1821
6990 0 1110
6991 0 1008
6992 0 3432
6993 0 7698
6994 0 8397
6995 0 18
6996 0 3466
6998 0 10383
6999 0 465
7001 0 3059
7002 0 90
7003 0 8403
7003 0 1805
7004 0 8460
7005 0 218
7006 0 5
7007 0 505
7008 0 8350
7009 0 103
7010 0 6682
7011 0 5
7012 0 221
7013 0 5
7015 0 7709
7016 0 10402
7016 0 5
7016 0 10405
7016 0 3226
7016 0 10408
7016 0 2544
7016 0 18
7016 0 1460
7016 0 10425
7016 0 1882
7016 0 2811
7016 0 543
7017 0 273
7017 0 1349
7018 0 3889
7018 0 957
7019 0 2544
7020 0 644
7021 0 8416
7021 0 793
7021 0 724
7023 0 745
7023 0 848
7023 0 121
7023 0 953
7023 0 3068
7024 0 192
7024 0 1498
7024 0 314
7025 0 299
7026 0 1247
7027 0 5
7027 0 10446
7027 0 2801
7027 0 691
7027 0 348
7028 0 5
7029 0 2711
7031 0 10464
7031 0 5281
7031 0 10466
7031 0 8963
7031 0 10467
7031 0 10468
7031 0 10469
7031 0 10470
7031 0 10471
7031 0 10472
7031 0 6426
7031 0 10458
7031 0 10462
7032 0 1027
7032 0 7555
7032 0 8456
7032 0 7307
7032 0 3212
7032 0 5644
7032 0 3726
7032 0 8076
7032 0 18
7032 0 1556
7032 0 10263
7032 0 1816
7032 0 160
7032 0 2720
7032 0 5039
7032 0 5051
7032 0 580
7032 0 2375
7032 0 5327
7032 0 977
7032 0 2257
7032 0 8030
7032 0 1379
7032 0 356
7032 0 618
7032 0 3569
7032 0 4852
7032 0 634
7032 0 766
7033 0 5
7034 0 10499
7034 0 7411
7034 0 7149
7035 0 10
7036 0 62
7037 0 3373
7038 0 5
7039 0 8418
7040 0 269
7041 0 617
7042 0 1451
7042 0 114
7042 0 1141
7042 0 6357
7042 0 3516
7042 0 220
7042 0 445
7043 0 8421
7043 0 5252
7043 0 5
7044 0 1179
7046 0 3173
7047 0 231
7048 0 7138
7048 0 68
7048 0 5
7048 0 7567
7048 0 1840
7048 0 1621
7048 0 10518
7048 0 2014
7049 0 24
7049 0 6420
7049 0 10524
7050 0 103
7050 0 73
7050 0 17
7050 0 81
7050 0 10527
7051 0 9485
7052 0 4555
7053 0 118
7054 0 5
7055 0 290
7056 0 1323
7056 0 4980
7057 0 8
7057 0 6578
7057 0 2787
7057 0 103
7058 0 2850
7058 0 2244
7058 0 772
7058 0 774
7058 0 8615
7058 0 10536
7058 0 1546
7058 0 2290
7058 0 2418
7058 0 6485
7059 0 2801
7059 0 380
7060 0 429
7062 0 8427
7063 0 544
7064 0 691
7065 0 5427
7066 0 8430
7068 0 951
7070 0 5
7071 0 3886
7072 0 8440
7072 0 1093
7075 0 1674
7076 0 650
7076 0 2052
7076 0 10557
7077 0 2423
7080 0 10629
7080 0 263
7080 0 10631
7080 0 265
7080 0 10632
7080 0 139
7080 0 3985
7080 0 4625
7080 0 533
7080 0 1560
7080 0 3099
7080 0 1056
7080 0 3490
7080 0 163
7080 0 9128
7080 0 1451
7080 0 8882
7080 0 2101
7080 0 2233
7080 0 3770
7080 0 4410
7080 0 5945
7080 0 62
7080 0 1728
7080 0 449
7080 0 7616
7080 0 1860
7080 0 10565
7080 0 10566
7080 0 2631
7080 0 6222
7080 0 10574
7080 0 2256
7080 0 10576
7080 0 10580
7080 0 5717
7080 0 6358
7080 0 10581
7080 0 10590
7080 0 10591
7080 0 10594
7080 0 229
7080 0 102
7080 0 742
7080 0 360
7080 0 10604
7080 0 1262
7080 0 2288
7080 0 1015
7080 0 10616
7080 0 894
7081 0 10633
7082 0 1795
7082 0 2256
7082 0 1012
7082 0 727
7082 0 2559
7083 0 7746
7084 0 10164
7085 0 9405
7085 0 5102
7087 0 8486
7087 0 1322
7087 0 8464
7087 0 8466
7087 0 8467
7087 0 8468
7087 0 885
7087 0 886
7087 0 8470
7087 0 62
7088 0 4322
7088 0 7332
7088 0 396
7090 0 10647
7091 0 8145
7091 0 395
7092 0 5
7092 0 2544
7092 0 8500
7092 0 1468
7092 0 349
7093 0 5318
7095 0 651
7096 0 968
7096 0 2688
7097 0 2375
7099 0 8384
7099 0 2505
7099 0 2506
7099 0 10670
7099 0 2736
7099 0 10677
7099 0 5307
7099 0 9885
7100 0 1344
7100 0 5168
7102 0 2530
7103 0 1668
7103 0 9894
7103 0 2983
7103 0 10421
7103 0 10683
7103 0 8508
7103 0 10685
7103 0 10686
7104 0 1336
7104 0 36
7105 0 2385
7106 0 156
7107 0 2720
7107 0 6915
7107 0 582
7107 0 6217
7107 0 8490
7107 0 8491
7107 0 2092
7107 0 4076
7107 0 5072
7107 0 2801
7107 0 8507
7107 0 1141
7107 0 4086
7107 0 8503
7107 0 7993
7107 0 8506
7107 0 91
7109 0 8513
7109 0 8514
7109 0 8516
7109 0 8518
7109 0 3699
7110 0 10688
7110 0 289
7110 0 1319
7110 0 1640
7110 0 14057
7110 0 2737
7110 0 1011
7110 0 2644
7110 0 1845
7110 0 3701
7111 0 4529
7113 0 5
7114 0 10698
7114 0 139
7114 0 3003
7115 0 995
7115 0 36
7115 0 3523
7115 0 3789
7115 0 1230
7115 0 2255
7115 0 4852
7115 0 2712
7115 0 3610
7115 0 3229
7115 0 510
7116 0 8339
7117 0 10701
7118 0 5124
7119 0 10702
7120 0 265
7121 0 1809
7121 0 117
7121 0 6
7121 0 1271
7122 0 525
7123 0 1474
7124 0 24
7125 0 349
7125 0 4390
7126 0 889
7126 0 802
7127 0 24
7128 0 10705
7129 0 5
7130 0 237
7130 0 986
7130 0 5
7130 0 445
7131 0 10272
7131 0 2661
7133 0 3006
7134 0 2128
7134 0 1546
7134 0 5
7134 0 6039
7135 0 2009
7136 0 221
7137 0 1208
7138 0 10712
7138 0 6195
7138 0 606
7139 0 784
7140 0 6304
7140 0 5063
7141 0 7
7141 0 9288
7141 0 105
7141 0 10733
7141 0 624
7141 0 433
7141 0 506
7141 0 924
7142 0 5
7143 0 24
7143 0 8531
7143 0 3515
7144 0 368
7145 0 8533
7145 0 8534
7146 0 6189
7147 0 8535
7148 0 400
7148 0 68
7148 0 599
7149 0 10746
7150 0 5771
7150 0 819
7150 0 644
7151 0 568
7152 0 10752
7152 0 5
7152 0 3531
7152 0 9244
7152 0 8447
7153 0 203
7154 0 5
7156 0 8539
7157 0 651
7157 0 10756
7157 0 2029
7158 0 7521
7160 0 2801
7161 0 8789
7162 0 6653
7164 0 5142
7167 0 62
7168 0 800
7169 0 1553
7169 0 6332
7169 0 484
7169 0 2743
7170 0 5
7171 0 2565
7172 0 8543
7173 0 945
7173 0 1026
7173 0 4045
7173 0 1646
7174 0 9224
7175 0 480
7176 0 395
7178 0 1472
7178 0 8546
7178 0 5
7178 0 4915
7178 0 3135
7180 0 8547
7180 0 5
7180 0 8549
7180 0 8550
7180 0 8551
7180 0 1545
7180 0 4297
7180 0 8553
7180 0 8554
7180 0 4755
7180 0 5174
7180 0 919
7180 0 6014
7181 0 1545
7182 0 288
7184 0 18
7185 0 8558
7186 0 8
7186 0 1374
7187 0 275
7189 0 3905
7190 0 429
7190 0 2287
7190 0 8562
7190 0 8564
7190 0 8922
7190 0 8570
7190 0 8924
7191 0 4636
7192 0 5
7193 0 275
7194 0 987
7196 0 10784
7197 0 6758
7197 0 478
7200 0 5051
7201 0 9034
7202 0 2371
7202 0 7077
7202 0 1132
7202 0 4012
7202 0 3503
7202 0 4368
7202 0 2801
7202 0 894
7202 0 9107
7202 0 533
7202 0 6328
7202 0 1118
7203 0 81
7203 0 140
7203 0 141
7204 0 372
7204 0 12
7205 0 105
7206 0 5
7207 0 9042
7208 0 4810
7209 0 349
7209 0 5
7211 0 4793
7212 0 5
7213 0 2297
7213 0 18
7214 0 4576
7214 0 9280
7214 0 7330
7214 0 10817
7214 0 5
7214 0 10821
7214 0 3496
7214 0 730
7214 0 8221
7215 0 1393
7217 0 9052
7218 0 514
7218 0 898
7218 0 1442
7218 0 10825
7218 0 4010
7218 0 10827
7218 0 172
7218 0 269
7218 0 10479
7218 0 4926
7218 0 594
7218 0 1971
7218 0 2835
7218 0 3445
7218 0 10741
7218 0 506
7218 0 4030
7219 0 1570
7219 0 3203
7219 0 9045
7219 0 6559
7220 0 2809
7221 0 7138
7222 0 5125
7223 0 10883
7223 0 5
7223 0 10889
7223 0 10892
7223 0 10894
7223 0 10911
7223 0 10872
7223 0 8753
7223 0 1207
7223 0 706
7223 0 7240
7223 0 3922
7223 0 10194
7223 0 10839
7223 0 731
7223 0 10844
7223 0 2528
7223 0 10848
7223 0 228
7223 0 10854
7223 0 10860
7223 0 1903
7223 0 5240
7223 0 2423
7223 0 376
7223 0 763
7223 0 5628
7223 0 10879
7224 0 9900
7224 0 3558
7225 0 3234
7225 0 4005
7225 0 9066
7225 0 1809
7225 0 5529
7226 0 95
7227 0 9058
7227 0 5
7227 0 2233
7227 0 3003
7227 0 4542
7228 0 9069
7229 0 1449
7229 0 8907
7231 0 519
7232 0 103
7234 0 1025
7235 0 2342
7235 0 9105
7235 0 9075
7235 0 6933
7235 0 1749
7236 0 1424
7237 0 8
7237 0 9107
7237 0 9108
7237 0 9109
7237 0 7927
7237 0 8253
7238 0 81
7238 0 10354
7238 0 5363
7239 0 5
7240 0 1577
7240 0 795
7240 0 1849
7240 0 103
7241 0 104
7241 0 10943
7242 0 3820
7242 0 6222
7242 0 273
7242 0 1110
7242 0 5945
7242 0 1851
7243 0 385
7244 0 10947
7245 0 7021
7245 0 9142
7245 0 9141
7246 0 10950
7246 0 8
7246 0 1224
7246 0 557
7246 0 7667
7246 0 5567
7247 0 591
7248 0 10836
7249 0 4737
7249 0 4744
7249 0 266
7249 0 4239
7249 0 7187
7249 0 2325
7249 0 411
7249 0 284
7249 0 1821
7249 0 3229
7249 0 285
7249 0 7088
7249 0 7985
7249 0 183
7249 0 7865
7249 0 9149
7249 0 9151
7249 0 9154
7249 0 3146
7249 0 3404
7249 0 9165
7249 0 1230
7249 0 5583
7249 0 2385
7249 0 2388
7249 0 4442
7249 0 480
7249 0 995
7249 0 1124
7249 0 4964
7249 0 490
7249 0 1130
7249 0 7550
7250 0 2059
7251 0 5
7252 0 1066
7253 0 7338
7253 0 198
7256 0 349
7257 0 10959
7258 0 1634
7258 0 1071
7258 0 1296
7258 0 1745
7258 0 4561
7258 0 2804
7259 0 10960
7260 0 645
7261 0 1374
7262 0 702
7263 0 5
7263 0 9199
7263 0 9200
7263 0 9201
7263 0 3515
7263 0 703
7264 0 5
7265 0 1644
7266 0 5760
7266 0 3844
7266 0 395
7266 0 12
7266 0 269
7266 0 651
7266 0 4111
7266 0 4621
7266 0 7698
7266 0 2069
7266 0 539
7266 0 2844
7266 0 288
7266 0 5795
7266 0 298
7266 0 9516
7266 0 2863
7266 0 1840
7266 0 1841
7266 0 9648
7266 0 1076
7266 0 3125
7266 0 1084
7266 0 4412
7266 0 1344
7266 0 1728
7266 0 325
7266 0 2384
7266 0 10069
7266 0 10969
7266 0 1371
7266 0 732
7266 0 349
7266 0 10845
7266 0 1375
7266 0 1376
7266 0 4839
7266 0 10987
7266 0 3820
7266 0 10988
7266 0 496
7266 0 370
7266 0 246
7266 0 1271
7266 0 506
7267 0 1824
7267 0 5568
7267 0 130
7267 0 5788
7267 0 5796
7267 0 105
7267 0 2633
7267 0 11000
7267 0 1301
7267 0 10998
7267 0 10999
7267 0 632
7267 0 1148
7267 0 1374
7268 0 5
7269 0 342
7270 0 3586
7270 0 5
7270 0 7
7270 0 8
7270 0 3080
7270 0 10759
7270 0 1548
7270 0 6669
7270 0 5138
7270 0 1555
7270 0 533
7270 0 539
7270 0 4123
7270 0 6171
7270 0 36
7270 0 2087
7270 0 556
7270 0 7725
7270 0 1077
7270 0 6711
7270 0 2104
7270 0 9273
7270 0 4668
7270 0 81
7270 0 594
7270 0 7252
7270 0 599
7270 0 10907
7270 0 10845
7270 0 2145
7270 0 4706
7270 0 7266
7270 0 103
7270 0 6249
7270 0 3178
7270 0 6772
7270 0 2173
7270 0 2186
7270 0 662
7270 0 8856
7270 0 8857
7270 0 8858
7270 0 8859
7270 0 8860
7270 0 8861
7270 0 8862
7270 0 8863
7270 0 8864
7270 0 8865
7270 0 8866
7270 0 4259
7270 0 164
7270 0 8870
7270 0 685
7270 0 4782
7270 0 4785
7270 0 4278
7270 0 698
7270 0 1733
7270 0 1757
7270 0 227
7270 0 1255
7270 0 4840
7270 0 749
7270 0 243
7270 0 244
7270 0 9460
7270 0 10490
7270 0 11006
7270 0 255
7270 0 11008
7270 0 11010
7270 0 11016
7270 0 4363
7270 0 4368
7270 0 11024
7270 0 11030
7270 0 11032
7270 0 793
7270 0 1824
7270 0 10016
7270 0 11047
7270 0 11051
7270 0 4402
7270 0 5938
7270 0 2356
7270 0 11063
7270 0 11064
7270 0 5945
7270 0 11071
7270 0 3905
7270 0 3906
7270 0 11073
7270 0 4935
7270 0 11086
7270 0 2384
7270 0 8024
7270 0 7003
7270 0 6493
7270 0 11104
7270 0 11105
7270 0 11106
7270 0 4965
7270 0 1388
7270 0 1389
7270 0 1390
7270 0 1391
7270 0 11122
7270 0 1398
7270 0 888
7270 0 11130
7270 0 11137
7270 0 4995
7270 0 11144
7270 0 7565
7270 0 3475
7270 0 7062
7270 0 3995
7270 0 3996
7270 0 6555
7270 0 2974
7270 0 4514
7270 0 1955
7270 0 2982
7270 0 13741
7270 0 431
7270 0 13743
7270 0 445
7270 0 6594
7270 0 4038
7270 0 9685
7270 0 988
7270 0 2526
7270 0 4576
7270 0 481
7270 0 496
7270 0 3071
7271 0 11149
7273 0 2065
7274 0 4210
7274 0 4919
7275 0 7488
7275 0 1451
7275 0 5
7275 0 2238
7276 0 83
7277 0 5638
7280 0 11154
7281 0 954
7282 0 5215
7283 0 1236
7284 0 11155
7285 0 5
7286 0 2049
7286 0 482
7286 0 1348
7286 0 4709
7286 0 5515
7286 0 1964
7286 0 8141
7286 0 10926
7286 0 81
7286 0 529
7286 0 1332
7286 0 1301
7286 0 24
7286 0 11164
7286 0 157
7287 0 8417
7287 0 9220
7287 0 426
7287 0 491
7287 0 940
7287 0 1967
7287 0 1361
7287 0 7127
7287 0 7128
7287 0 2682
7287 0 4542
7288 0 11180
7288 0 2229
7289 0 5
7290 0 669
7291 0 11186
7291 0 4245
7292 0 1809
7292 0 266
7292 0 131
7292 0 9225
7293 0 5
7294 0 4596
7294 0 10
7294 0 12
7294 0 1362
7295 0 8260
7295 0 1845
7296 0 5
7300 0 1141
7301 0 4388
7303 0 2020
7304 0 11363
7304 0 5
7304 0 7879
7304 0 8682
7304 0 594
7304 0 1750
7305 0 2572
7307 0 2912
7307 0 9247
7307 0 1070
7307 0 159
7308 0 11207
7309 0 727
7310 0 2765
7310 0 5
7311 0 1263
7313 0 1124
7313 0 7339
7313 0 3853
7313 0 5037
7313 0 6935
7313 0 4926
7314 0 32
7314 0 1888
7314 0 4576
7314 0 4984
7314 0 5116
7314 0 9214
7315 0 2670
7316 0 62
7317 0 43
7318 0 482
7318 0 7671
7318 0 422
7318 0 73
7318 0 1449
7318 0 2813
7318 0 3532
7318 0 4393
7318 0 7245
7318 0 5744
7318 0 6800
7318 0 2455
7318 0 2104
7318 0 2841
7318 0 283
7318 0 285
7318 0 10910
7318 0 10297
7319 0 5
7319 0 8852
7319 0 662
7319 0 3994
7319 0 4123
7319 0 4508
7319 0 4510
7319 0 3360
7319 0 4513
7319 0 295
7319 0 2478
7319 0 4272
7319 0 691
7319 0 9273
7319 0 9274
7319 0 9276
7319 0 445
7319 0 7230
7319 0 9277
7319 0 1475
7319 0 964
7319 0 4038
7319 0 968
7319 0 5576
7319 0 1617
7319 0 599
7319 0 7003
7319 0 2013
7319 0 2015
7319 0 481
7319 0 3300
7319 0 6121
7319 0 6249
7319 0 14059
7319 0 2676
7319 0 2552
7320 0 10327
7321 0 4859
7322 0 2865
7323 0 17
7323 0 1682
7323 0 1810
7323 0 4245
7323 0 1051
7323 0 4393
7323 0 940
7323 0 582
7323 0 1486
7323 0 348
7323 0 5597
7323 0 11232
7323 0 11233
7323 0 11234
7323 0 11235
7323 0 356
7323 0 3172
7323 0 11236
7323 0 11237
7323 0 14060
7323 0 11247
7323 0 881
7323 0 117
7323 0 7163
7324 0 4482
7324 0 4484
7324 0 8
7324 0 6025
7324 0 10
7324 0 139
7324 0 1418
7324 0 1420
7324 0 1422
7324 0 1804
7324 0 275
7324 0 533
7324 0 2581
7324 0 6424
7324 0 8985
7324 0 4250
7324 0 1179
7324 0 6812
7324 0 3486
7324 0 3487
7324 0 164
7324 0 6440
7324 0 1449
7324 0 684
7324 0 9132
7324 0 1970
7324 0 4274
7324 0 1460
7324 0 5684
7324 0 4150
7324 0 4919
7324 0 955
7324 0 5691
7324 0 62
7324 0 5694
7324 0 9280
7324 0 3137
7324 0 835
7324 0 3143
7324 0 9289
7324 0 9162
7324 0 9290
7324 0 9295
7324 0 592
7324 0 9297
7324 0 6098
7324 0 6611
7324 0 9299
7324 0 9300
7324 0 9301
7324 0 9303
7324 0 9304
7324 0 4089
7324 0 9311
7324 0 9312
7324 0 9313
7324 0 8292
7324 0 5221
7324 0 490
7324 0 3053
7324 0 2672
7324 0 8178
7324 0 2039
7324 0 1657
7324 0 4735
7325 0 5
7326 0 9322
7327 0 2342
7327 0 1574
7327 0 9324
7327 0 9325
7327 0 4015
7327 0 4017
7327 0 9330
7327 0 4948
7327 0 9332
7327 0 4151
7327 0 6012
7327 0 4061
7327 0 767
7328 0 275
7329 0 8
7329 0 6769
7329 0 516
7329 0 2293
7331 0 6537
7332 0 1821
7335 0 11256
7336 0 9340
7337 0 11258
7338 0 2443
7339 0 533
7340 0 1013
7342 0 24
7343 0 56
7344 0 2303
7345 0 1344
7345 0 2101
7346 0 3290
7346 0 7719
7347 0 2789
7348 0 1578
7349 0 5982
7350 0 11264
7350 0 715
7350 0 2517
7351 0 4162
7351 0 356
7351 0 703
7353 0 81
7353 0 11269
7353 0 766
7353 0 6239
7354 0 510
7356 0 513
7356 0 9354
7356 0 565
7358 0 1289
7359 0 601
7360 0 32
7360 0 9905
7360 0 2124
7360 0 526
7361 0 2548
7362 0 2423
7363 0 2303
7364 0 3754
7364 0 11278
7365 0 81
7365 0 6196
7366 0 5481
7367 0 1729
7367 0 1252
7367 0 75
7367 0 3088
7367 0 3476
7367 0 662
7367 0 793
7367 0 633
7367 0 90
7367 0 2267
7368 0 6737
7369 0 265
7369 0 5047
7369 0 634
7369 0 1083
7369 0 1084
7370 0 11287
7371 0 1413
7373 0 5841
7373 0 9365
7374 0 4797
7375 0 2406
7376 0 1207
7377 0 1729
7377 0 579
7377 0 6063
7377 0 18
7377 0 1810
7377 0 1108
7377 0 2807
7377 0 2616
7377 0 348
7377 0 2462
7377 0 6527
7378 0 5
7378 0 774
7378 0 1093
7378 0 9382
7378 0 169
7378 0 3529
7378 0 972
7378 0 1403
7378 0 9374
7378 0 3487
7380 0 3317
7381 0 2712
7383 0 1932
7383 0 894
7383 0 5423
7384 0 1413
7384 0 10
7384 0 651
7384 0 15
7384 0 275
7384 0 533
7384 0 3357
7384 0 11300
7384 0 11301
7384 0 11307
7384 0 950
7384 0 2230
7384 0 1209
7384 0 2238
7384 0 2244
7384 0 968
7384 0 846
7384 0 213
7384 0 7260
7384 0 7261
7384 0 8032
7384 0 2663
7384 0 745
7384 0 490
7384 0 4715
7384 0 238
7384 0 2159
7384 0 2162
7384 0 376
7385 0 2898
7386 0 8934
7386 0 8936
7386 0 8937
7386 0 8938
7386 0 8940
7386 0 4593
7387 0 167
7389 0 11322
7389 0 6019
7390 0 2253
7393 0 5
7393 0 4389
7393 0 9575
7393 0 2729
7393 0 42
7393 0 3511
7393 0 3069
7394 0 1445
7395 0 1790
7396 0 734
7397 0 998
7399 0 1876
7402 0 2807
7403 0 2618
7403 0 935
7404 0 2560
7404 0 11148
7404 0 1294
7404 0 275
7404 0 5148
7404 0 296
7404 0 3505
7404 0 1477
7404 0 11336
7404 0 11341
7404 0 11346
7404 0 1371
7404 0 349
7404 0 999
7404 0 635
7404 0 2284
7404 0 3830
7404 0 4598
7404 0 3707
7404 0 9596
7405 0 7000
7406 0 5
7406 0 11355
7406 0 7628
7406 0 6290
7406 0 182
7406 0 11353
7406 0 11354
7406 0 10875
7406 0 11357
7407 0 2912
7407 0 8389
7407 0 5449
7407 0 4939
7407 0 1518
7407 0 6096
7407 0 8945
7407 0 8947
7407 0 1277
7408 0 10058
7408 0 2925
7409 0 5
7411 0 10573
7412 0 6421
7413 0 4025
7413 0 11365
7413 0 9045
7413 0 3974
7414 0 1412
7414 0 1351
7414 0 11370
7414 0 3727
7414 0 1392
7414 0 4561
7414 0 500
7414 0 950
7414 0 6102
7414 0 732
7415 0 11371
7415 0 1402
7415 0 171
7415 0 11373
7416 0 5
7416 0 8
7416 0 3720
7416 0 1298
7416 0 1301
7416 0 1307
7416 0 4636
7416 0 160
7416 0 4645
7416 0 1190
7416 0 10153
7416 0 298
7416 0 1451
7416 0 1842
7416 0 11187
7416 0 1077
7416 0 703
7416 0 3265
7416 0 578
7416 0 5065
7416 0 1487
7416 0 4688
7416 0 2513
7416 0 212
7416 0 1751
7416 0 346
7416 0 609
7416 0 103
7416 0 1515
7416 0 14061
7416 0 14062
7416 0 1393
7416 0 3441
7416 0 6513
7416 0 3318
7416 0 1787
7416 0 3708
7416 0 11773
7417 0 1014
7418 0 1644
7419 0 730
7420 0 937
7421 0 6765
7422 0 4385
7422 0 1028
7422 0 173
7422 0 3252
7422 0 2487
7423 0 1516
7425 0 2306
7426 0 1244
7427 0 4984
7427 0 1114
7427 0 1110
7428 0 349
7430 0 454
7431 0 8957
7432 0 1024
7432 0 11393
7432 0 4
7432 0 5
7432 0 11397
7432 0 11400
7432 0 3082
7432 0 3086
7432 0 2454
7432 0 795
7432 0 290
7432 0 679
7432 0 10024
7432 0 191
7432 0 81
7432 0 90
7432 0 11390
7432 0 1247
7432 0 11391
7432 0 103
7432 0 3435
7432 0 5243
7432 0 11388
7432 0 7038
7432 0 2303
7433 0 792
7433 0 1853
7434 0 1477
7435 0 9424
7436 0 4276
7437 0 9426
7438 0 3693
7439 0 257
7439 0 7304
7439 0 3209
7439 0 24
7439 0 1056
7439 0 2848
7439 0 1954
7439 0 5024
7439 0 7594
7439 0 431
7439 0 8504
7439 0 1727
7439 0 1984
7439 0 8397
7439 0 2388
7439 0 351
7439 0 9440
7439 0 2658
7439 0 9442
7439 0 1142
7439 0 3198
7440 0 1349
7441 0 5499
7442 0 1849
7443 0 5728
7444 0 8003
7444 0 5554
7444 0 9461
7444 0 9464
7444 0 9465
7445 0 3635
7446 0 78
7446 0 1424
7446 0 8532
7446 0 11413
7446 0 9622
7446 0 3288
7446 0 11417
7447 0 3940
7450 0 139
7450 0 4235
7450 0 403
7450 0 533
7450 0 1685
7450 0 11423
7450 0 11424
7450 0 11425
7450 0 11426
7450 0 4771
7450 0 11428
7450 0 11432
7450 0 11433
7450 0 11434
7450 0 11438
7450 0 5937
7450 0 11441
7450 0 2870
7450 0 2104
7450 0 11451
7450 0 1112
7450 0 4989
7450 0 4478
7451 0 11453
7452 0 964
7452 0 7390
7453 0 2544
7453 0 10513
7453 0 11457
7453 0 95
7454 0 953
7454 0 9091
7454 0 1073
7455 0 1928
7455 0 1545
7455 0 7251
7455 0 2852
7456 0 8780
7457 0 10856
7458 0 72
7459 0 5
7459 0 5342
7459 0 9487
7460 0 866
7460 0 5
7460 0 1515
7460 0 3852
7460 0 6446
7460 0 6364
7460 0 661
7460 0 9495
7460 0 631
7460 0 1500
7460 0 9502
7461 0 6981
7462 0 10
7463 0 1411
7463 0 3257
7463 0 5
7463 0 329
7463 0 6862
7463 0 14064
7463 0 2233
7463 0 8186
7463 0 796
7463 0 381
7463 0 3422
7465 0 1416
7465 0 12365
7466 0 4794
7467 0 12367
7468 0 8
7468 0 121
7469 0 5
7470 0 8233
7473 0 814
7475 0 3840
7475 0 8960
7475 0 8962
7475 0 899
7475 0 772
7475 0 645
7475 0 774
7475 0 900
7475 0 8965
7475 0 1801
7475 0 266
7475 0 4106
7475 0 8967
7475 0 525
7475 0 8968
7475 0 8971
7475 0 1553
7475 0 18
7475 0 1809
7475 0 1810
7475 0 666
7475 0 1583
7475 0 4657
7475 0 2227
7475 0 4532
7475 0 2485
7475 0 2487
7475 0 2374
7475 0 1230
7475 0 3832
7475 0 1110
7475 0 91
7475 0 2395
7475 0 868
7475 0 1252
7475 0 3172
7475 0 1645
7475 0 1646
7475 0 753
7475 0 1271
7475 0 376
7475 0 510
7477 0 9530
7478 0 5
7478 0 1801
7478 0 4873
7478 0 395
7478 0 2445
7478 0 5646
7478 0 15
7478 0 3986
7478 0 3091
7478 0 6162
7478 0 662
7478 0 1179
7478 0 539
7478 0 1061
7478 0 1062
7478 0 2982
7478 0 1198
7478 0 3770
7478 0 578
7478 0 5954
7478 0 2244
7478 0 837
7478 0 5063
7478 0 2632
7478 0 5199
7478 0 2000
7478 0 9556
7478 0 1621
7478 0 12373
7478 0 12374
7478 0 2520
7478 0 10585
7478 0 91
7478 0 12385
7478 0 1635
7478 0 12388
7478 0 105
7478 0 1129
7478 0 1132
7478 0 5871
7478 0 5616
7478 0 4723
7478 0 3830
7478 0 3320
7478 0 3579
7479 0 5
7479 0 238
7480 0 578
7480 0 3234
7480 0 5
7480 0 1415
7480 0 2537
7480 0 2538
7480 0 9546
7480 0 2140
7480 0 9552
7480 0 951
7480 0 1046
7480 0 599
7480 0 90
7480 0 283
7480 0 349
7480 0 285
7481 0 2352
7481 0 1554
7481 0 5
7482 0 6636
7484 0 400
7484 0 1849
7484 0 1477
7484 0 349
7485 0 5743
7486 0 10600
7486 0 490
7486 0 269
7487 0 7384
7488 0 3114
7488 0 510
7490 0 6063
7491 0 2814
7491 0 1263
7492 0 1273
7492 0 6145
7493 0 9003
7494 0 9569
7495 0 10
7496 0 3760
7496 0 4884
7497 0 6299
7497 0 4036
7497 0 9255
7498 0 8
7500 0 12412
7501 0 1644
7501 0 1191
7502 0 2616
7503 0 264
7503 0 715
7503 0 204
7503 0 1237
7503 0 2357
7503 0 666
7503 0 440
7503 0 282
7503 0 220
7505 0 9072
7505 0 2513
7506 0 349
7507 0 7705
7507 0 2118
7508 0 651
7509 0 645
7510 0 9600
7510 0 9608
7510 0 5674
7510 0 4982
7510 0 9592
7510 0 9595
7511 0 103
7512 0 5890
7512 0 11526
7512 0 8
7512 0 1418
7512 0 1420
7512 0 269
7512 0 1421
7512 0 4113
7512 0 3348
7512 0 12821
7512 0 12826
7512 0 426
7512 0 4016
7512 0 1845
7512 0 7349
7512 0 2487
7512 0 1207
7512 0 1866
7512 0 2395
7512 0 12134
7512 0 626
7512 0 9459
7512 0 1653
7512 0 1142
7512 0 1271
7512 0 1401
7512 0 3324
7512 0 894
7513 0 396
7513 0 4247
7514 0 4533
7515 0 1128
7517 0 1843
7519 0 12832
7519 0 5489
7519 0 1715
7520 0 514
7520 0 644
7520 0 5
7520 0 5253
7520 0 9220
7520 0 529
7520 0 4115
7520 0 3477
7520 0 1308
7520 0 5404
7520 0 35
7520 0 8099
7520 0 9637
7520 0 1323
7520 0 300
7520 0 1324
7520 0 1967
7520 0 2612
7520 0 4153
7520 0 4542
7520 0 5567
7520 0 6208
7520 0 7614
7520 0 7621
7520 0 8909
7520 0 81
7520 0 594
7520 0 3156
7520 0 342
7520 0 727
7520 0 218
7520 0 247
7520 0 1371
7520 0 2784
7520 0 356
7520 0 487
7520 0 2925
7520 0 4720
7520 0 2421
7520 0 631
7520 0 379
7521 0 7809
7521 0 1282
7521 0 388
7521 0 1028
7521 0 3208
7521 0 4617
7521 0 2447
7521 0 5147
7521 0 12835
7521 0 940
7521 0 176
7521 0 177
7521 0 4657
7521 0 7472
7521 0 4532
7521 0 1208
7521 0 6524
7521 0 1470
7521 0 8131
7521 0 2523
7521 0 3038
7521 0 737
7521 0 3171
7521 0 234
7521 0 3572
7521 0 3574
7521 0 3452
7522 0 356
7522 0 1093
7522 0 1065
7522 0 10
7522 0 5804
7522 0 9393
7522 0 594
7522 0 786
7522 0 5747
7522 0 12852
7522 0 342
7522 0 5078
7522 0 12854
7522 0 636
7523 0 6738
7523 0 4470
7524 0 2284
7525 0 10906
7526 0 5
7527 0 3985
7528 0 6532
7528 0 5
7528 0 5895
7528 0 8
7528 0 265
7528 0 2697
7528 0 10634
7528 0 652
7528 0 1556
7528 0 793
7528 0 4121
7528 0 1179
7528 0 4379
7528 0 413
7528 0 1310
7528 0 3613
7528 0 4395
7528 0 12844
7528 0 2478
7528 0 4274
7528 0 1972
7528 0 1717
7528 0 950
7528 0 2868
7528 0 1336
7528 0 830
7528 0 579
7528 0 10820
7528 0 12869
7528 0 198
7528 0 12879
7528 0 2257
7528 0 11602
7528 0 10579
7528 0 12884
7528 0 12886
7528 0 12887
7528 0 347
7528 0 348
7528 0 349
7528 0 8030
7528 0 1890
7528 0 6242
7528 0 1252
7528 0 5990
7528 0 11497
7528 0 106
7528 0 11498
7528 0 3052
7528 0 5999
7528 0 117
7528 0 3957
7528 0 631
7528 0 1402
7529 0 5
7532 0 2256
7533 0 1640
7534 0 3169
7535 0 1466
7536 0 2112
7536 0 9679
7536 0 690
7536 0 5620
7536 0 533
7536 0 9684
7536 0 9685
7536 0 952
7536 0 8697
7536 0 4443
7537 0 7515
7537 0 9701
7539 0 901
7541 0 9707
7541 0 3164
7541 0 2813
7542 0 266
7544 0 12898
7544 0 872
7544 0 5108
7544 0 1566
7544 0 703
7545 0 3646
7546 0 10
7547 0 1844
7547 0 567
7547 0 1209
7547 0 1213
7547 0 447
7548 0 5120
7548 0 610
7548 0 203
7548 0 1624
7548 0 3934
7549 0 9733
7549 0 8
7549 0 1546
7549 0 269
7549 0 9743
7549 0 793
7549 0 10664
7549 0 429
7549 0 9649
7549 0 1336
7549 0 1470
7549 0 2244
7549 0 4039
7549 0 1110
7549 0 2521
7549 0 1375
7549 0 2280
7549 0 745
7549 0 5743
7549 0 1909
7549 0 631
7549 0 252
7549 0 9725
7549 0 3071
7551 0 2560
7551 0 805
7551 0 11049
7551 0 8780
7551 0 190
7551 0 6270
7552 0 5
7554 0 4184
7555 0 727
7556 0 7452
7556 0 5
7556 0 9766
7557 0 2559
7558 0 9768
7559 0 4613
7559 0 5
7559 0 394
7559 0 4910
7559 0 3615
7560 0 4240
7561 0 5
7562 0 496
7563 0 269
7564 0 9770
7566 0 6611
7568 0 367
7569 0 168
7569 0 6800
7569 0 1062
7570 0 9114
7571 0 1302
7572 0 769
7573 0 81
7574 0 6684
7574 0 11157
7574 0 6
7574 0 175
7575 0 5110
7576 0 349
7577 0 5308
7577 0 1830
7577 0 3334
7578 0 745
7578 0 8291
7578 0 3068
7579 0 4228
7581 0 102
7583 0 2291
7584 0 9785
7584 0 4899
7585 0 1209
7586 0 3428
7587 0 5
7588 0 243
7588 0 244
7588 0 245
7589 0 9385
7589 0 1740
7590 0 12942
7592 0 1080
7593 0 12944
7594 0 4675
7596 0 5194
7596 0 9011
7596 0 4277
7596 0 10165
7596 0 2327
7596 0 5721
7598 0 4864
7599 0 1349
7599 0 1101
7599 0 951
7600 0 8
7600 0 3179
7600 0 356
7602 0 147
7603 0 4785
7604 0 1194
7605 0 3830
7606 0 2708
7607 0 421
7608 0 1344
7609 0 4910
7610 0 1815
7611 0 5
7612 0 5
7613 0 2688
7614 0 521
7615 0 259
7616 0 11169
7617 0 7006
7618 0 12967
7619 0 11347
7619 0 557
7619 0 1142
7620 0 6568
7620 0 10411
7621 0 568
7621 0 3860
7622 0 454
7624 0 1475
7625 0 489
7626 0 12969
7627 0 1208
7627 0 1027
7629 0 103
7631 0 618
7632 0 8066
7632 0 3203
7632 0 645
7632 0 1809
7632 0 1810
7632 0 406
7632 0 2077
7632 0 1309
7632 0 2462
7632 0 5534
7632 0 6559
7632 0 4519
7632 0 4522
7632 0 12973
7632 0 9390
7632 0 12978
7632 0 4532
7632 0 12981
7632 0 440
7632 0 8634
7632 0 12987
7632 0 8774
7632 0 2247
7632 0 10183
7632 0 10955
7632 0 1230
7632 0 2257
7632 0 5338
7632 0 1381
7632 0 5351
7632 0 3433
7632 0 234
7632 0 110
7632 0 3832
7632 0 11004
7634 0 9395
7635 0 9825
7636 0 2453
7636 0 2397
7636 0 2030
7637 0 6565
7637 0 3198
7639 0 5
7640 0 13013
7641 0 349
7641 0 3830
7641 0 103
7642 0 6800
7642 0 3130
7644 0 1093
7644 0 158
7645 0 13016
7646 0 24
7647 0 539
7648 0 5469
7648 0 533
7649 0 90
7650 0 4371
7651 0 13018
7652 0 4720
7653 0 0
7653 0 4296
7653 0 9811
7653 0 9815
7653 0 9822
7654 0 2648
7654 0 103
7655 0 641
7656 0 3617
7656 0 3059
7656 0 4598
7656 0 1403
7656 0 13021
7656 0 13022
7657 0 6055
7658 0 81
7659 0 13028
7660 0 5
7661 0 875
7661 0 877
7664 0 139
7665 0 156
7669 0 3080
7669 0 5
7669 0 1014
7670 0 90
7671 0 48
7671 0 8934
7673 0 13038
7674 0 2104
7674 0 3051
7674 0 8164
7675 0 1824
7676 0 5991
7677 0 6051
7677 0 260
7677 0 4037
7677 0 455
7677 0 745
7677 0 10
7677 0 490
7677 0 491
7677 0 4715
7677 0 1466
7677 0 13043
7677 0 13047
7677 0 5817
7677 0 314
7678 0 5381
7679 0 11430
7680 0 1444
7680 0 13060
7680 0 6
7680 0 13064
7680 0 13065
7680 0 13066
7680 0 1358
7680 0 3057
7680 0 1266
7680 0 5203
7681 0 2614
7683 0 13067
7684 0 9649
7686 0 232
7687 0 8
7688 0 1345
7689 0 343
7690 0 2496
7690 0 4864
7690 0 4160
7690 0 1062
7690 0 6736
7690 0 11664
7690 0 13073
7690 0 12985
7690 0 13083
7690 0 13085
7691 0 5114
7692 0 4743
7695 0 5
7696 0 1165
7696 0 4943
7696 0 1116
7696 0 1821
7696 0 862
7697 0 1344
7697 0 5
7697 0 13093
7697 0 18
7697 0 4499
7697 0 1686
7697 0 9243
7698 0 5802
7698 0 6146
7698 0 10500
7701 0 3091
7702 0 3494
7702 0 1982
7703 0 5896
7703 0 13101
7703 0 5
7703 0 13102
7704 0 3427
7705 0 3197
7706 0 2170
7707 0 356
7709 0 557
7711 0 7907
7711 0 356
7711 0 2865
7711 0 1011
7711 0 3893
7711 0 8983
7711 0 349
7713 0 299
7714 0 8
7715 0 81
7716 0 1662
7718 0 2979
7719 0 9842
7719 0 5
7720 0 5
7721 0 3693
7722 0 9853
7723 0 369
7724 0 9855
7725 0 935
7725 0 8
7725 0 5746
7725 0 24
7725 0 2618
7726 0 5
7728 0 13125
7729 0 2257
7730 0 1015
7730 0 9859
7730 0 375
7731 0 5
7732 0 6217
7733 0 1282
7733 0 12835
7733 0 36
7733 0 5
7733 0 389
7733 0 10312
7733 0 3212
7733 0 653
7733 0 6067
7733 0 180
7733 0 1653
7733 0 3574
7734 0 5
7735 0 83
7736 0 792
7736 0 3570
7736 0 1422
7736 0 12690
7737 0 7600
7739 0 4935
7740 0 5
7740 0 13143
7741 0 1141
7742 0 13145
7743 0 3838
7744 0 5
7744 0 745
7744 0 13149
7744 0 91
7744 0 4509
7744 0 5183
7745 0 248
7745 0 732
7747 0 5374
7748 0 8700
7749 0 125
7750 0 3031
7751 0 434
7751 0 2238
7751 0 846
7751 0 1423
7752 0 1706
7752 0 1707
7752 0 1812
7752 0 9845
7752 0 5278
7753 0 1132
7753 0 1118
7754 0 12883
7755 0 62
7756 0 1010
7757 0 2113
7757 0 2373
7757 0 6066
7757 0 120
7757 0 3224
7758 0 13161
7759 0 68
7760 0 4810
7760 0 5
7761 0 12
7761 0 349
7762 0 5
7763 0 564
7764 0 7369
7765 0 4535
7766 0 5
7767 0 1817
7769 0 9884
7769 0 4796
7769 0 1775
7770 0 1344
7771 0 5968
7771 0 1778
7771 0 13173
7772 0 665
7774 0 1375
7775 0 13178
7776 0 8
7777 0 4974
7779 0 6804
7780 0 10004
7781 0 13186
7781 0 11431
7782 0 13188
7783 0 14065
7784 0 10896
7784 0 10
7784 0 1645
7785 0 3936
7786 0 7014
7787 0 1590
7788 0 7580
7789 0 6708
7790 0 1412
7790 0 264
7790 0 9631
7790 0 9889
7790 0 9890
7790 0 9892
7790 0 9894
7790 0 2983
7790 0 9895
7790 0 4523
7790 0 690
7790 0 2238
7790 0 970
7790 0 845
7790 0 846
7790 0 1103
7790 0 2898
7790 0 2900
7790 0 213
7790 0 3800
7790 0 221
7790 0 2912
7790 0 8165
7790 0 3563
7790 0 4075
7790 0 4076
7790 0 2159
7790 0 2162
7790 0 2167
7790 0 4095
7791 0 13193
7792 0 5
7794 0 4784
7794 0 1321
7794 0 3774
7794 0 374
7795 0 2392
7796 0 8672
7796 0 3170
7796 0 1732
7796 0 6121
7796 0 4074
7796 0 4241
7796 0 6487
7796 0 1915
7797 0 12025
7797 0 12708
7797 0 6868
7798 0 5440
7798 0 529
7799 0 72
7800 0 355
7801 0 13208
7801 0 1117
7802 0 689
7803 0 1622
7804 0 4241
7804 0 1207
7805 0 2257
7805 0 18
7805 0 578
7805 0 1046
7807 0 5
7809 0 257
7809 0 514
7809 0 2441
7809 0 1419
7809 0 4235
7809 0 141
7809 0 1549
7809 0 531
7809 0 1431
7809 0 2598
7809 0 1705
7809 0 1845
7809 0 2375
7809 0 3151
7809 0 8786
7809 0 226
7809 0 3693
7809 0 244
7809 0 1655
7809 0 248
7809 0 2297
7809 0 2813
7809 0 3198
7811 0 882
7811 0 355
7811 0 13214
7812 0 9930
7812 0 4203
7814 0 1138
7814 0 4811
7815 0 88
7815 0 3409
7817 0 6030
7818 0 872
7818 0 1577
7818 0 6154
7818 0 147
7818 0 795
7820 0 13217
7820 0 3719
7820 0 3897
7820 0 7132
7820 0 2206
7821 0 843
7822 0 9950
7823 0 4867
7823 0 6056
7823 0 4077
7823 0 4630
7823 0 12475
7824 0 81
7825 0 121
7827 0 817
7828 0 1992
7828 0 11126
7828 0 13231
7829 0 5
7830 0 18
7831 0 451
7831 0 9957
7832 0 5
7834 0 265
7834 0 7398
7834 0 1103
7835 0 519
7835 0 13247
7835 0 395
7835 0 2891
7835 0 6926
7835 0 9976
7835 0 13241
7835 0 2007
7835 0 568
7835 0 793
7835 0 1787
7835 0 13244
7835 0 4607
7837 0 72
7837 0 1298
7838 0 9963
7839 0 1315
7839 0 535
7840 0 6152
7840 0 1071
7841 0 1819
7842 0 1840
7842 0 9971
7843 0 400
7844 0 81
7845 0 5563
7846 0 1643
7846 0 5199
7847 0 10
7848 0 8345
7849 0 165
7850 0 5
7851 0 7402
7852 0 3836
7854 0 9764
7854 0 13258
7854 0 939
7854 0 13265
7854 0 10748
7854 0 4543
7856 0 5
7857 0 128
7857 0 13280
7857 0 2859
7857 0 3788
7857 0 8429
7857 0 368
7857 0 13271
7857 0 3891
7857 0 8243
7857 0 1845
7857 0 13270
7857 0 3127
7857 0 13274
7857 0 13276
7857 0 13277
7857 0 13278
7857 0 13279
7858 0 72
7858 0 641
7858 0 6475
7858 0 9983
7859 0 578
7859 0 5090
7859 0 9989
7859 0 9990
7859 0 1516
7859 0 2287
7859 0 763
7859 0 4478
7860 0 4095
7861 0 6338
7861 0 9996
7861 0 6565
7862 0 13253
7863 0 6350
7864 0 1467
7865 0 643
7866 0 11850
7866 0 4467
7867 0 400
7867 0 13286
7868 0 904
7868 0 13287
7869 0 17
7869 0 594
7869 0 1486
7870 0 2565
7872 0 5372
7874 0 1977
7874 0 1708
7875 0 2112
7876 0 2321
7877 0 1088
7877 0 10000
7877 0 10
7877 0 455
7878 0 464
7879 0 7663
7881 0 13294
7882 0 1556
7883 0 4864
7883 0 8992
7883 0 8996
7883 0 8
7883 0 1096
7883 0 266
7883 0 2257
7883 0 18
7883 0 8991
7883 0 117
7883 0 22
7883 0 1110
7883 0 95
7884 0 8997
7885 0 1282
7886 0 13296
7887 0 261
7888 0 8990
7889 0 5954
7890 0 2801
7890 0 2582
7891 0 10452
7892 0 5
7893 0 3420
7895 0 2019
7895 0 4133
7896 0 5
7897 0 10009
7898 0 1194
7899 0 8
7899 0 2513
7899 0 10
7900 0 5793
7900 0 5042
7900 0 507
7901 0 9003
7901 0 1676
7902 0 288
7902 0 6977
7902 0 645
7902 0 7400
7903 0 1351
7904 0 643
7905 0 464
7906 0 5954
7906 0 68
7906 0 6949
7906 0 103
7906 0 8
7906 0 10
7906 0 1066
7906 0 12
7906 0 2509
7907 0 395
7908 0 2616
7908 0 7279
7909 0 3572
7909 0 127
7910 0 5275
7911 0 13302
7911 0 11967
7912 0 10978
7912 0 3427
7912 0 804
7912 0 489
7912 0 182
7912 0 13303
7912 0 184
7913 0 5
7914 0 1058
7914 0 3066
7914 0 4038
7914 0 3272
7914 0 2379
7914 0 5486
7914 0 9012
7914 0 3669
7914 0 9016
7914 0 250
7915 0 7731
7915 0 5868
7916 0 289
7918 0 139
7919 0 633
7920 0 591
7921 0 5
7922 0 5
7923 0 131
7924 0 1349
7925 0 10139
7925 0 13308
7926 0 99
7926 0 168
7926 0 13193
7926 0 4272
7926 0 13310
7927 0 4144
7927 0 8601
7927 0 4142
7927 0 2471
7928 0 5411
7929 0 951
7930 0 36
7932 0 1586
7934 0 2712
7935 0 106
7936 0 755
7936 0 10979
7937 0 4543
7938 0 465
7938 0 4236
7938 0 1084
7939 0 5
7939 0 203
7939 0 175
7939 0 81
7939 0 881
7939 0 3345
7939 0 2879
7940 0 5
7940 0 12023
7941 0 6819
7941 0 6949
7941 0 1991
7941 0 10
7941 0 843
7941 0 13563
7941 0 850
7941 0 10872
7941 0 2427
7941 0 2303
7943 0 6965
7945 0 12
7946 0 2614
7947 0 894
7947 0 10027
7947 0 62
7948 0 8
7948 0 95
7949 0 4388
7950 0 5
7951 0 10030
7952 0 9634
7952 0 2564
7953 0 95
7954 0 10033
7956 0 275
7956 0 395
7956 0 5
7956 0 1142
7957 0 8105
7957 0 624
7957 0 2288
7957 0 10035
7957 0 950
7958 0 8546
7959 0 853
7960 0 5054
7960 0 3614
7961 0 5
7961 0 3725
7963 0 1590
7964 0 743
7965 0 4524
7966 0 8692
7967 0 5
7968 0 863
7968 0 591
7969 0 506
7970 0 7725
7971 0 10235
7972 0 632
7973 0 65
7974 0 4961
7975 0 641
7976 0 95
7977 0 591
7978 0 1402
7978 0 5
7979 0 5
7981 0 1071
7982 0 3064
7983 0 559
7984 0 496
7985 0 5
7985 0 3719
7985 0 7693
7985 0 1300
7985 0 405
7985 0 10261
7985 0 4636
7985 0 4509
7985 0 1406
7985 0 7459
7985 0 10914
7985 0 1445
7985 0 10663
7985 0 9000
7985 0 12585
7985 0 4139
7985 0 434
7985 0 565
7985 0 12093
7985 0 8265
7985 0 971
7985 0 972
7985 0 1488
7985 0 13651
7985 0 13653
7985 0 13654
7985 0 3800
7985 0 2905
7985 0 4696
7985 0 13658
7985 0 13660
7985 0 4189
7985 0 13663
7985 0 356
7985 0 3944
7985 0 491
7985 0 1518
7985 0 2798
7985 0 1790
7985 0 8447
7986 0 2793
7986 0 13667
7986 0 5
7986 0 95
7988 0 95
7989 0 505
7990 0 3300
7990 0 2342
7990 0 519
7990 0 4723
7990 0 125
7990 0 445
7991 0 103
7992 0 2891
7992 0 717
7993 0 5142
7995 0 1207
7996 0 2116
7997 0 5
7998 0 5
7999 0 8519
7999 0 535
8000 0 349
8001 0 5760
8001 0 1186
8001 0 1187
8001 0 1188
8001 0 5
8001 0 5221
8001 0 1592
8001 0 3641
8002 0 8638
8002 0 4150
8003 0 9277
8004 0 2070
8005 0 10059
8006 0 114
8007 0 8976
8007 0 7396
8008 0 321
8008 0 643
8008 0 5
8008 0 42
8008 0 5356
8008 0 397
8008 0 2640
8008 0 6103
8008 0 1110
8008 0 1974
8008 0 2680
8008 0 6399
8009 0 8
8009 0 349
8010 0 13685
8011 0 9461
8012 0 3445
8013 0 451
8013 0 13686
8014 0 8
8015 0 10080
8015 0 5
8015 0 7111
8015 0 8654
8015 0 10096
8015 0 2097
8015 0 10097
8015 0 10098
8015 0 4153
8015 0 10076
8015 0 10078
8015 0 10079
8017 0 12899
8018 0 10102
8019 0 5
8020 0 1794
8021 0 2549
8023 0 1932
8024 0 1156
8024 0 1477
8024 0 2468
8024 0 2757
8024 0 872
8024 0 1320
8024 0 6698
8024 0 9767
8024 0 240
8024 0 9045
8024 0 854
8024 0 6300
8024 0 4862
8024 0 319
8025 0 505
8025 0 2255
8026 0 10115
8027 0 301
8028 0 10104
8029 0 13762
8029 0 9134
8030 0 2234
8030 0 126
8031 0 5
8032 0 671
8034 0 3426
8034 0 518
8034 0 10121
8034 0 4042
8034 0 10122
8034 0 6642
8034 0 2526
8035 0 5
8036 0 5
8039 0 32
8040 0 9798
8040 0 4443
8040 0 1876
8040 0 4555
8041 0 6544
8041 0 10
8041 0 1266
8042 0 4192
8043 0 13698
8043 0 772
8043 0 7524
8043 0 1449
8043 0 10384
8043 0 376
8043 0 7679
8044 0 930
8044 0 6206
8044 0 1727
8045 0 3338
8046 0 356
8048 0 1469
8049 0 498
8050 0 9067
8050 0 589
8051 0 9023
8052 0 9251
8052 0 2124
8052 0 4335
8053 0 1721
8054 0 226
8054 0 5863
8054 0 4235
8054 0 140
8054 0 4941
8054 0 8460
8054 0 3890
8054 0 4629
8054 0 3768
8054 0 4794
8056 0 4864
8058 0 3617
8058 0 9026
8058 0 5
8058 0 2680
8058 0 1369
8059 0 240
8061 0 5145
8061 0 2206
8061 0 2751
8063 0 11136
8063 0 3271
8063 0 7
8063 0 1110
8063 0 13018
8064 0 8629
8066 0 3488
8066 0 12113
8066 0 12116
8066 0 6544
8067 0 8773
8067 0 3496
8067 0 970
8067 0 971
8067 0 2904
8067 0 12122
8067 0 4091
8068 0 1110
8069 0 1538
8069 0 4356
8069 0 969
8069 0 2731
8069 0 3916
8069 0 4012
8069 0 1423
8069 0 3088
8069 0 3856
8069 0 690
8069 0 7027
8069 0 7038
8069 0 7286
8069 0 12127
8069 0 2040
8069 0 90
8069 0 2238
8069 0 4767
8070 0 0
8071 0 4883
8072 0 1396
8073 0 9839
8075 0 3064
8076 0 3768
8077 0 945
8077 0 4293
8079 0 614
8079 0 487
8079 0 9450
8079 0 1323
8079 0 4463
8079 0 4881
8079 0 2290
8079 0 53
8079 0 7224
8079 0 537
8080 0 5
8081 0 1378
8081 0 5
8081 0 3751
8081 0 5415
8081 0 1545
8081 0 12136
8081 0 139
8081 0 203
8081 0 591
8081 0 275
8081 0 539
8082 0 5
8084 0 618
8085 0 5
8086 0 337
8086 0 467
8087 0 942
8088 0 388
8088 0 389
8088 0 6
8088 0 645
8088 0 900
8088 0 3590
8088 0 266
8088 0 3340
8088 0 3214
8088 0 1553
8088 0 18
8088 0 1809
8088 0 3345
8088 0 5658
8088 0 8218
8088 0 5409
8088 0 5036
8088 0 2223
8088 0 4784
8088 0 1841
8088 0 6065
8088 0 179
8088 0 2487
8088 0 3261
8088 0 1470
8088 0 1086
8088 0 3264
8088 0 2497
8088 0 9021
8088 0 2115
8088 0 2375
8088 0 1230
8088 0 2257
8088 0 2262
8088 0 2395
8088 0 12140
8088 0 9197
8088 0 1646
8088 0 12141
8088 0 12142
8088 0 117
8088 0 1271
8088 0 2812
8088 0 3325
8088 0 510
8089 0 6229
8090 0 5219
8091 0 1794
8091 0 12162
8091 0 12163
8091 0 12167
8091 0 649
8091 0 1932
8091 0 1933
8091 0 3214
8091 0 12175
8091 0 12179
8091 0 533
8091 0 12182
8091 0 793
8091 0 4378
8091 0 1947
8091 0 7325
8091 0 32
8091 0 930
8091 0 3234
8091 0 7715
8091 0 10788
8091 0 8876
8091 0 3630
8091 0 2864
8091 0 4019
8091 0 6327
8091 0 445
8091 0 3773
8091 0 5181
8091 0 580
8091 0 4036
8091 0 4550
8091 0 8905
8091 0 1355
8091 0 2635
8091 0 4561
8091 0 598
8091 0 599
8091 0 601
8091 0 474
8091 0 91
8091 0 3300
8091 0 1125
8091 0 6246
8091 0 1128
8091 0 4329
8091 0 4584
8091 0 5096
8091 0 6376
8091 0 1389
8091 0 12156
8091 0 6511
8091 0 1008
8091 0 12158
8091 0 4723
8091 0 12149
8091 0 1014
8091 0 1655
8091 0 1272
8091 0 10235
8091 0 508
8091 0 12157
8091 0 3326
8091 0 1791
8092 0 5473
8092 0 3019
8092 0 884
8092 0 6076
8092 0 125
8093 0 12183
8094 0 5
8095 0 802
8095 0 7679
8097 0 5
8097 0 18
8097 0 283
8097 0 284
8097 0 285
8097 0 3391
8097 0 709
8097 0 840
8097 0 841
8097 0 1096
8097 0 207
8097 0 81
8097 0 4313
8097 0 4965
8097 0 9833
8097 0 9834
8097 0 7408
8097 0 1905
8097 0 6769
8097 0 9840
8097 0 3066
8098 0 3233
8098 0 8163
8098 0 804
8098 0 5
8098 0 2725
8098 0 7556
8098 0 9851
8098 0 533
8098 0 2712
8098 0 730
8098 0 5819
8099 0 2934
8100 0 5488
8101 0 5094
8102 0 665
8102 0 3372
8103 0 2712
8103 0 9515
8103 0 506
8103 0 4403
8104 0 95
8105 0 3940
8105 0 5
8105 0 9863
8105 0 3441
8105 0 7539
8105 0 3124
8105 0 3417
8105 0 7674
8106 0 12196
8106 0 5
8106 0 12200
8106 0 12201
8106 0 299
8106 0 1845
8107 0 9873
8108 0 4407
8109 0 564
8110 0 330
8111 0 5197
8112 0 6146
8112 0 6147
8112 0 1477
8112 0 5061
8112 0 1416
8112 0 11002
8112 0 1775
8112 0 275
8112 0 1398
8112 0 951
8112 0 1466
8113 0 854
8114 0 6
8115 0 3432
8115 0 3506
8115 0 4915
8115 0 3836
8117 0 400
8118 0 266
8118 0 18
8118 0 1302
8118 0 2712
8118 0 2458
8118 0 672
8118 0 289
8118 0 6828
8118 0 11436
8118 0 12206
8118 0 1334
8118 0 1847
8118 0 5952
8118 0 9045
8118 0 2789
8118 0 6250
8118 0 494
8118 0 240
8118 0 2807
8118 0 4984
8118 0 510
8119 0 677
8119 0 1486
8120 0 645
8120 0 5586
8120 0 12211
8120 0 4213
8120 0 4825
8120 0 4218
8120 0 1021
8122 0 8529
8123 0 5
8124 0 2244
8124 0 772
8124 0 774
8124 0 1546
8124 0 3247
8124 0 4210
8125 0 2911
8126 0 7187
8126 0 4022
8126 0 7036
8126 0 4381
8126 0 126
8127 0 568
8127 0 659
8128 0 12214
8129 0 9883
8129 0 461
8130 0 5916
8131 0 901
8132 0 244
8133 0 3435
8133 0 561
8133 0 1745
8133 0 2739
8133 0 636
8134 0 12218
8135 0 11074
8135 0 12219
8135 0 5
8136 0 465
8137 0 95
8140 0 2103
8141 0 529
8141 0 5524
8142 0 533
8143 0 5
8145 0 290
8146 0 368
8146 0 1798
8147 0 12224
8148 0 289
8148 0 7379
8149 0 601
8150 0 81
8150 0 4245
8150 0 3998
8151 0 4576
8151 0 9893
8151 0 1550
8151 0 1551
8151 0 1552
8151 0 81
8151 0 1555
8151 0 7284
8151 0 7382
8152 0 2064
8152 0 2066
8152 0 5650
8152 0 8594
8152 0 405
8152 0 155
8152 0 3231
8152 0 2980
8152 0 8740
8152 0 1447
8152 0 1578
8152 0 9904
8152 0 3249
8152 0 690
8152 0 1718
8152 0 9911
8152 0 9914
8152 0 2238
8152 0 4030
8152 0 9922
8152 0 9923
8152 0 4420
8152 0 2246
8152 0 968
8152 0 1612
8152 0 717
8152 0 845
8152 0 9933
8152 0 1488
8152 0 1877
8152 0 8023
8152 0 2904
8152 0 2649
8152 0 1755
8152 0 2908
8152 0 2909
8152 0 351
8152 0 2912
8152 0 355
8152 0 1643
8152 0 2285
8152 0 4082
8152 0 5496
8152 0 3835
8152 0 510
8153 0 4111
8154 0 3321
8155 0 7384
8155 0 9665
8155 0 2387
8157 0 18
8157 0 995
8157 0 3229
8158 0 9105
8159 0 1823
8160 0 12229
8160 0 10315
8160 0 4122
8160 0 5534
8160 0 2559
8161 0 2049
8161 0 3844
8161 0 8
8161 0 10
8161 0 140
8161 0 1167
8161 0 2833
8161 0 4882
8161 0 1427
8161 0 3351
8161 0 536
8161 0 792
8161 0 537
8161 0 924
8161 0 412
8161 0 3486
8161 0 9629
8161 0 422
8161 0 5418
8161 0 561
8161 0 823
8161 0 56
8161 0 2231
8161 0 7868
8161 0 3645
8161 0 3137
8161 0 583
8161 0 840
8161 0 329
8161 0 4680
8161 0 12232
8161 0 12233
8161 0 12237
8161 0 5072
8161 0 81
8161 0 12241
8161 0 12246
8161 0 729
8161 0 4446
8161 0 12256
8161 0 3173
8161 0 231
8161 0 3691
8161 0 4974
8161 0 4463
8161 0 3570
8161 0 3316
8161 0 245
8161 0 1784
8161 0 8569
8162 0 5
8163 0 2297
8164 0 6065
8164 0 2458
8164 0 3436
8164 0 2551
8165 0 9911
8166 0 8758
8167 0 9942
8168 0 5
8169 0 1109
8170 0 5
8170 0 745
8170 0 1994
8170 0 81
8170 0 5173
8170 0 5147
8172 0 6175
8173 0 4915
8174 0 103
8175 0 741
8175 0 103
8175 0 4361
8175 0 269
8175 0 9968
8175 0 529
8175 0 9972
8175 0 1493
8175 0 1080
8177 0 7547
8178 0 8
8179 0 2042
8181 0 9090
8181 0 5027
8181 0 804
8181 0 4903
8181 0 4554
8181 0 490
8181 0 9455
8181 0 9747
8181 0 9751
8182 0 103
8183 0 3973
8184 0 651
8185 0 4388
8186 0 385
8186 0 898
8186 0 296
8186 0 363
8186 0 1516
8186 0 5772
8186 0 368
8186 0 6736
8186 0 10002
8186 0 5725
8187 0 507
8188 0 720
8188 0 9456
8188 0 708
8189 0 12272
8190 0 1506
8191 0 5197
8192 0 3120
8193 0 244
8194 0 1432
8194 0 10010
8195 0 10012
8195 0 1054
8196 0 2912
8196 0 5081
8196 0 970
8196 0 5899
8198 0 3844
8198 0 103
8198 0 8
8198 0 1578
8198 0 1359
8198 0 3343
8198 0 81
8198 0 5363
8198 0 149
8198 0 249
8198 0 9211
8198 0 349
8198 0 894
8198 0 351
8199 0 3172
8200 0 12045
8201 0 1220
8201 0 490
8201 0 275
8201 0 1594
8201 0 2909
8202 0 6708
8203 0 486
8205 0 2304
8205 0 12291
8205 0 261
8205 0 3462
8205 0 5126
8205 0 14
8205 0 3343
8205 0 4239
8205 0 1809
8205 0 406
8205 0 1051
8205 0 3367
8205 0 1964
8205 0 1966
8205 0 4784
8205 0 561
8205 0 1585
8205 0 1973
8205 0 7865
8205 0 957
8205 0 3528
8205 0 7036
8205 0 5196
8205 0 5964
8205 0 1230
8205 0 81
8205 0 978
8205 0 2257
8205 0 605
8205 0 8670
8205 0 102
8205 0 4582
8205 0 745
8205 0 234
8205 0 9711
8205 0 3570
8205 0 243
8205 0 244
8205 0 245
8205 0 375
8205 0 633
8205 0 636
8205 0 510
8205 0 4735
8206 0 36
8206 0 582
8206 0 6064
8206 0 7993
8206 0 1084
8207 0 467
8208 0 482
8209 0 10029
8209 0 5
8210 0 3317
8210 0 5
8211 0 90
8211 0 349
8211 0 8486
8212 0 585
8213 0 5
8214 0 12298
8215 0 2789
8216 0 266
8216 0 539
8217 0 12302
8217 0 1662
8217 0 599
8218 0 12303
8220 0 10039
8221 0 763
8221 0 2101
8222 0 8
8223 0 356
8226 0 6999
8227 0 1345
8228 0 1861
8229 0 2850
8229 0 5157
8229 0 1302
8230 0 1876
8232 0 793
8234 0 849
8235 0 103
8236 0 5
8236 0 1545
8236 0 1869
8236 0 6742
8236 0 10047
8237 0 743
8238 0 894
8239 0 1075
8241 0 793
8241 0 395
8241 0 5
8242 0 10052
8242 0 573
8242 0 847
8243 0 240
8244 0 240
8244 0 138
8245 0 691
8246 0 10354
8247 0 3979
8248 0 8504
8248 0 9154
8248 0 3300
8248 0 12323
8248 0 12324
8248 0 4297
8248 0 2416
8248 0 2736
8248 0 9239
8248 0 24
8248 0 601
8248 0 5533
8249 0 10060
8249 0 10061
8250 0 10017
8251 0 12325
8252 0 4
8252 0 3391
8252 0 12329
8252 0 12330
8252 0 10204
8252 0 12334
8252 0 12335
8252 0 2352
8252 0 1075
8252 0 3539
8252 0 346
8252 0 892
8252 0 767
8254 0 631
8255 0 4555
8255 0 103
8257 0 5
8257 0 8
8257 0 10026
8257 0 12
8257 0 117
8257 0 3834
8257 0 445
8258 0 3521
8258 0 3300
8258 0 1167
8258 0 3194
8258 0 3547
8258 0 11293
8259 0 5077
8260 0 5
8261 0 10071
8262 0 514
8262 0 1412
8262 0 5
8262 0 390
8262 0 645
8262 0 3077
8262 0 5382
8262 0 7947
8262 0 793
8262 0 4253
8262 0 9887
8262 0 5160
8262 0 2611
8262 0 4150
8262 0 2231
8262 0 3256
8262 0 68
8262 0 9162
8262 0 8395
8262 0 8913
8262 0 1235
8262 0 2899
8262 0 4437
8262 0 9301
8262 0 10073
8262 0 10074
8262 0 10077
8262 0 10092
8262 0 3054
8262 0 2162
8262 0 2551
8262 0 2041
8262 0 5887
8263 0 10093
8264 0 3081
8265 0 114
8265 0 10036
8265 0 692
8265 0 854
8265 0 126
8266 0 61
8267 0 2561
8268 0 3125
8269 0 4696
8270 0 5
8271 0 6544
8271 0 3538
8272 0 10101
8273 0 178
8274 0 8
8275 0 11174
8275 0 1310
8275 0 1351
8276 0 1128
8276 0 8008
8276 0 982
8277 0 10103
8278 0 95
8279 0 12344
8280 0 5
8281 0 231
8282 0 5
8283 0 2490
8284 0 904
8285 0 3471
8285 0 301
8285 0 2711
8287 0 103
8288 0 8
8289 0 499
8290 0 2014
8291 0 12352
8291 0 12351
8292 0 5
8293 0 18
8294 0 576
8294 0 2456
8294 0 5836
8294 0 888
8294 0 1374
8295 0 275
8295 0 329
8295 0 267
8295 0 268
8296 0 10114
8296 0 3511
8297 0 717
8298 0 4555
8298 0 9798
8299 0 395
8299 0 1644
8299 0 445
8300 0 10632
8300 0 3340
8300 0 1168
8300 0 149
8300 0 533
8300 0 9625
8300 0 413
8300 0 12190
8300 0 2342
8300 0 10288
8300 0 2101
8300 0 1719
8300 0 1848
8300 0 4794
8300 0 7738
8300 0 704
8300 0 1344
8300 0 2496
8300 0 4546
8300 0 3144
8300 0 12364
8300 0 2255
8300 0 8786
8300 0 12370
8300 0 1876
8300 0 12376
8300 0 6493
8300 0 12382
8300 0 609
8300 0 4965
8300 0 358
8300 0 359
8300 0 5353
8300 0 234
8300 0 4460
8300 0 6381
8300 0 238
8300 0 10221
8300 0 112
8300 0 6769
8300 0 114
8300 0 4210
8300 0 1787
8300 0 636
8301 0 5281
8301 0 10116
8301 0 10118
8301 0 2665
8301 0 1230
8301 0 3342
8301 0 3229
8302 0 10
8302 0 269
8302 0 12393
8302 0 275
8302 0 8984
8302 0 1179
8302 0 11163
8302 0 5663
8302 0 8223
8302 0 10018
8302 0 35
8302 0 12411
8302 0 1061
8302 0 1446
8302 0 299
8302 0 1199
8302 0 10287
8302 0 2737
8302 0 438
8302 0 950
8302 0 2230
8302 0 3259
8302 0 61
8302 0 8641
8302 0 12353
8302 0 455
8302 0 1737
8302 0 3273
8302 0 204
8302 0 4044
8302 0 9677
8302 0 81
8302 0 82
8302 0 465
8302 0 467
8302 0 2385
8302 0 470
8302 0 90
8302 0 3165
8302 0 2784
8302 0 225
8302 0 3170
8302 0 12386
8302 0 356
8302 0 3301
8302 0 2791
8302 0 745
8302 0 106
8302 0 490
8302 0 875
8302 0 2795
8302 0 3436
8302 0 3692
8302 0 624
8302 0 3825
8302 0 4720
8302 0 12400
8302 0 12402
8302 0 2293
8302 0 3830
8302 0 12407
8302 0 1656
8302 0 11513
8302 0 3579
8303 0 4884
8305 0 1869
8306 0 5090
8306 0 1516
8308 0 2688
8308 0 5
8308 0 4486
8308 0 11
8308 0 12430
8308 0 6928
8308 0 1169
8308 0 1556
8308 0 12436
8308 0 1174
8308 0 6550
8308 0 5656
8308 0 12446
8308 0 159
8308 0 419
8308 0 12451
8308 0 9643
8308 0 2988
8308 0 3631
8308 0 1844
8308 0 4404
8308 0 4023
8308 0 824
8308 0 2874
8308 0 59
8308 0 3397
8308 0 711
8308 0 712
8308 0 1607
8308 0 8905
8308 0 77
8308 0 11087
8308 0 11089
8308 0 5331
8308 0 12116
8308 0 11093
8308 0 3544
8308 0 6361
8308 0 11097
8308 0 349
8308 0 1376
8308 0 225
8308 0 8032
8308 0 356
8308 0 11110
8308 0 103
8308 0 745
8308 0 4715
8308 0 3692
8308 0 1005
8308 0 2416
8308 0 8688
8308 0 12913
8308 0 1786
8308 0 5501
8310 0 200
8310 0 3225
8310 0 3212
8310 0 1486
8311 0 10
8312 0 1340
8313 0 4098
8313 0 1033
8313 0 3607
8313 0 2602
8313 0 559
8313 0 4143
8313 0 65
8313 0 2114
8313 0 6725
8313 0 5702
8313 0 4171
8313 0 2559
8313 0 7260
8313 0 8289
8313 0 7270
8313 0 7274
8313 0 1657
8313 0 134
8313 0 1170
8313 0 1171
8313 0 1172
8313 0 1177
8313 0 1178
8313 0 1182
8313 0 168
8313 0 3248
8313 0 690
8313 0 2227
8313 0 6838
8313 0 1209
8313 0 4286
8313 0 1227
8313 0 3295
8313 0 5345
8313 0 4837
8313 0 5350
8313 0 6391
8313 0 269
8313 0 5406
8313 0 5407
8313 0 5408
8313 0 5416
8313 0 1838
8313 0 8495
8313 0 3376
8313 0 9526
8313 0 9527
8313 0 9528
8313 0 9529
8313 0 9535
8313 0 9536
8313 0 9537
8313 0 9538
8313 0 9539
8313 0 9540
8313 0 9544
8313 0 9545
8313 0 6476
8313 0 9548
8313 0 9549
8313 0 9550
8313 0 9553
8313 0 9556
8313 0 9568
8313 0 866
8313 0 9571
8313 0 9572
8313 0 9573
8313 0 9574
8313 0 9578
8313 0 9579
8313 0 9583
8313 0 9585
8313 0 9586
8313 0 9587
8313 0 9589
8313 0 1403
8313 0 9597
8313 0 4991
8313 0 385
8313 0 9603
8313 0 9609
8313 0 9614
8313 0 6543
8313 0 400
8313 0 7572
8313 0 408
8313 0 8602
8313 0 413
8313 0 9629
8313 0 9631
8313 0 9633
8313 0 3490
8313 0 9645
8313 0 9650
8313 0 9651
8313 0 1994
8313 0 973
8313 0 8665
8313 0 478
8313 0 2531
8313 0 8165
8313 0 9190
8313 0 8685
8313 0 4086
8313 0 6136
8313 0 4607
8314 0 651
8315 0 995
8315 0 5055
8316 0 2611
8317 0 321
8317 0 3753
8318 0 9
8318 0 8447
8319 0 11056
8320 0 9663
8320 0 5821
8320 0 1879
8321 0 5
8322 0 3044
8322 0 2807
8324 0 10
8325 0 4621
8327 0 1416
8327 0 1876
8328 0 75
8329 0 5
8331 0 265
8331 0 690
8331 0 1805
8331 0 3169
8333 0 4614
8334 0 228
8336 0 147
8336 0 5
8337 0 614
8338 0 8718
8338 0 10383
8339 0 2763
8339 0 558
8340 0 10137
8341 0 3265
8341 0 930
8341 0 1539
8341 0 550
8341 0 745
8341 0 1545
8341 0 15
8341 0 5363
8341 0 1110
8341 0 2070
8341 0 346
8343 0 1833
8343 0 10139
8344 0 10140
8345 0 5804
8346 0 8473
8347 0 64
8347 0 2753
8347 0 356
8347 0 3237
8347 0 998
8347 0 7
8347 0 2342
8347 0 7113
8347 0 12485
8347 0 543
8347 0 12494
8347 0 400
8347 0 1015
8347 0 3283
8347 0 151
8347 0 95
8348 0 81
8349 0 3691
8350 0 3468
8351 0 451
8352 0 3907
8352 0 2763
8353 0 8
8353 0 12506
8354 0 358
8354 0 727
8355 0 955
8355 0 3003
8356 0 6968
8356 0 10153
8356 0 5
8356 0 10152
8357 0 1298
8358 0 73
8358 0 1821
8358 0 9567
8359 0 6145
8359 0 1475
8359 0 68
8359 0 326
8359 0 103
8359 0 3019
8359 0 496
8359 0 626
8359 0 1142
8359 0 601
8359 0 2558
8360 0 5
8361 0 451
8362 0 866
8363 0 4465
8363 0 18
8363 0 645
8364 0 5
8365 0 3300
8365 0 5
8365 0 106
8365 0 269
8365 0 274
8365 0 601
8365 0 3804
8365 0 5182
8366 0 1835
8366 0 6060
8368 0 2342
8369 0 342
8370 0 217
8370 0 10165
8370 0 5191
8371 0 1173
8372 0 5269
8373 0 2544
8374 0 8
8375 0 539
8375 0 451
8375 0 3102
8375 0 11263
8376 0 1058
8376 0 12524
8376 0 12525
8376 0 1575
8377 0 7660
8377 0 4388
8377 0 5
8377 0 1383
8378 0 5
8379 0 12528
8379 0 7710
8380 0 819
8381 0 187
8383 0 10171
8384 0 505
8384 0 2255
8385 0 81
8386 0 7869
8387 0 6744
8387 0 10168
8388 0 5
8389 0 241
8389 0 1093
8392 0 5
8393 0 10173
8394 0 3600
8395 0 1721
8395 0 10177
8395 0 3759
8396 0 6558
8397 0 3145
8398 0 12537
8398 0 8009
8398 0 12535
8398 0 12536
8398 0 665
8399 0 289
8400 0 6005
8401 0 10668
8402 0 10130
8403 0 10183
8403 0 8
8403 0 361
8403 0 10
8403 0 651
8403 0 5930
8403 0 269
8403 0 10187
8403 0 10188
8403 0 81
8403 0 1457
8403 0 533
8403 0 5182
8403 0 2204
8403 0 702
8404 0 3098
8405 0 2942
8407 0 5
8408 0 196
8409 0 265
8409 0 266
8409 0 12553
8409 0 12555
8409 0 18
8409 0 6263
8409 0 413
8409 0 9758
8409 0 6828
8409 0 9264
8409 0 6323
8409 0 572
8409 0 834
8409 0 3652
8409 0 1230
8409 0 3153
8409 0 1876
8409 0 3415
8409 0 356
8409 0 240
8409 0 1010
8409 0 1911
8409 0 9080
8410 0 3885
8412 0 4548
8413 0 6249
8413 0 250
8413 0 4363
8414 0 10196
8414 0 10198
8415 0 1721
8416 0 3063
8417 0 2059
8417 0 12580
8418 0 6391
8419 0 1772
8420 0 6650
8420 0 12131
8421 0 2502
8421 0 6246
8421 0 139
8421 0 1644
8421 0 12587
8421 0 4078
8421 0 591
8421 0 1810
8421 0 7539
8421 0 3453
8421 0 10166
8421 0 1562
8421 0 253
8421 0 4222
8423 0 1568
8423 0 10201
8423 0 5868
8424 0 9731
8424 0 9732
8424 0 10
8424 0 9741
8424 0 6673
8424 0 9745
8424 0 9748
8424 0 9749
8424 0 2070
8424 0 2075
8424 0 3099
8424 0 9755
8424 0 3102
8424 0 9757
8424 0 3105
8424 0 9264
8424 0 2101
8424 0 3125
8424 0 6209
8424 0 1118
8424 0 1632
8424 0 1636
8424 0 1129
8424 0 1131
8424 0 1132
8424 0 1137
8424 0 5246
8424 0 126
8424 0 4746
8424 0 1165
8424 0 3741
8424 0 675
8424 0 692
8424 0 6327
8424 0 6328
8424 0 2233
8424 0 1722
8424 0 1723
8424 0 5818
8424 0 4805
8424 0 1740
8424 0 209
8424 0 6871
8424 0 1241
8424 0 226
8424 0 258
8424 0 4377
8424 0 4378
8424 0 4912
8424 0 2371
8424 0 3408
8424 0 854
8424 0 862
8424 0 351
8424 0 3437
8424 0 3447
8424 0 4990
8424 0 3459
8424 0 3465
8424 0 930
8424 0 4012
8424 0 431
8424 0 3503
8424 0 9676
8424 0 1997
8424 0 9678
8424 0 9680
8424 0 9681
8424 0 9682
8424 0 6613
8424 0 9686
8424 0 6103
8424 0 9175
8424 0 9699
8424 0 9705
8424 0 9708
8424 0 9709
8424 0 9711
8424 0 2544
8424 0 9713
8424 0 9715
8424 0 9716
8424 0 9717
8424 0 9718
8424 0 2551
8424 0 9721
8424 0 9726
8424 0 9727
8425 0 1477
8425 0 8
8425 0 1809
8425 0 1010
8425 0 4984
8425 0 347
8425 0 348
8425 0 510
8427 0 635
8427 0 95
8428 0 5788
8428 0 3302
8428 0 9599
8429 0 2986
8430 0 642
8432 0 5763
8432 0 12612
8432 0 12614
8432 0 1294
8432 0 7634
8433 0 215
8434 0 568
8435 0 1028
8435 0 10245
8435 0 3590
8435 0 4617
8435 0 523
8435 0 526
8435 0 8720
8435 0 1553
8435 0 10262
8435 0 10263
8435 0 1560
8435 0 6680
8435 0 10264
8435 0 1563
8435 0 1564
8435 0 5147
8435 0 4127
8435 0 32
8435 0 10278
8435 0 4657
8435 0 2611
8435 0 2616
8435 0 1082
8435 0 1083
8435 0 1084
8435 0 574
8435 0 582
8435 0 6217
8435 0 3149
8435 0 91
8435 0 102
8435 0 3694
8435 0 1652
8435 0 4212
8435 0 120
8435 0 3201
8435 0 3204
8435 0 645
8435 0 9860
8435 0 3209
8435 0 3212
8435 0 3214
8435 0 9359
8435 0 3219
8435 0 3224
8435 0 666
8435 0 3226
8435 0 2720
8435 0 163
8435 0 2224
8435 0 179
8435 0 180
8435 0 3252
8435 0 5299
8435 0 3261
8435 0 9405
8435 0 1729
8435 0 198
8435 0 199
8435 0 1229
8435 0 1230
8435 0 2257
8435 0 727
8435 0 1752
8435 0 7900
8435 0 7902
8435 0 4320
8435 0 1251
8435 0 234
8435 0 1775
8435 0 1780
8435 0 1781
8435 0 3829
8435 0 2807
8435 0 2297
8435 0 4857
8435 0 2812
8435 0 3837
8435 0 3840
8435 0 772
8435 0 1801
8435 0 7434
8435 0 267
8435 0 268
8435 0 1805
8435 0 1806
8435 0 3342
8435 0 784
8435 0 1809
8435 0 8998
8435 0 1841
8435 0 7993
8435 0 7490
8435 0 2373
8435 0 2375
8435 0 2376
8435 0 2395
8435 0 7520
8435 0 10081
8435 0 359
8435 0 3432
8435 0 7545
8435 0 5499
8435 0 900
8435 0 389
8435 0 391
8435 0 6535
8435 0 3993
8435 0 2462
8435 0 6559
8435 0 4516
8435 0 426
8435 0 4528
8435 0 945
8435 0 5040
8435 0 6064
8435 0 4532
8435 0 2485
8435 0 954
8435 0 1470
8435 0 4046
8435 0 5071
8435 0 4049
8435 0 5076
8435 0 5077
8435 0 10212
8435 0 5093
8435 0 3562
8435 0 10223
8435 0 3572
8435 0 3573
8435 0 9209
8435 0 3581
8435 0 510
8436 0 1236
8437 0 65
8437 0 5042
8438 0 2373
8440 0 7546
8440 0 5
8442 0 8
8442 0 3523
8443 0 1849
8445 0 3427
8446 0 12625
8446 0 349
8448 0 1282
8448 0 7810
8448 0 5
8448 0 902
8448 0 7308
8448 0 1042
8448 0 533
8448 0 2072
8448 0 1563
8448 0 1564
8448 0 1313
8448 0 12345
8448 0 1229
8448 0 2253
8448 0 8013
8448 0 8272
8448 0 5074
8448 0 2260
8448 0 8155
8448 0 7905
8448 0 7396
8448 0 1652
8448 0 1270
8449 0 4318
8450 0 369
8450 0 6581
8451 0 1402
8451 0 2900
8451 0 2906
8452 0 10305
8452 0 10306
8452 0 611
8452 0 10307
8452 0 5
8452 0 8421
8452 0 459
8452 0 10220
8452 0 2062
8452 0 688
8452 0 850
8452 0 7353
8452 0 10302
8453 0 12635
8454 0 5
8454 0 103
8455 0 9577
8455 0 517
8456 0 1336
8457 0 12640
8457 0 10979
8457 0 12643
8457 0 12644
8457 0 10760
8457 0 11371
8457 0 2222
8457 0 1518
8457 0 11698
8457 0 12638
8457 0 12639
8458 0 393
8458 0 300
8459 0 5
8460 0 5215
8461 0 10315
8462 0 139
8463 0 12672
8463 0 12289
8463 0 12675
8463 0 12680
8463 0 12
8463 0 6669
8463 0 11920
8463 0 290
8463 0 7721
8463 0 2745
8463 0 1474
8463 0 8552
8463 0 12648
8463 0 2416
8463 0 12657
8463 0 12658
8463 0 1267
8463 0 628
8463 0 12660
8463 0 12661
8463 0 12665
8463 0 12667
8463 0 12669
8463 0 12670
8464 0 12
8465 0 5
8467 0 430
8468 0 8921
8469 0 1804
8470 0 5
8470 0 10
8470 0 269
8470 0 5517
8470 0 12688
8470 0 529
8470 0 12692
8470 0 12697
8470 0 12698
8470 0 8243
8470 0 8762
8470 0 1344
8470 0 5825
8470 0 68
8470 0 8133
8470 0 3143
8470 0 3031
8470 0 2927
8470 0 763
8470 0 2814
8471 0 7231
8472 0 2556
8473 0 8
8473 0 4129
8473 0 2443
8474 0 4240
8475 0 12700
8476 0 250
8476 0 2372
8476 0 5
8477 0 10325
8478 0 1626
8479 0 3881
8481 0 5
8482 0 6089
8483 0 4805
8484 0 1110
8485 0 1302
8486 0 465
8487 0 4542
8488 0 1201
8489 0 12706
8491 0 9234
8491 0 91
8491 0 2244
8491 0 774
8492 0 356
8492 0 10101
8492 0 7103
8493 0 3565
8494 0 4026
8494 0 3527
8495 0 1329
8496 0 1477
8497 0 12707
8498 0 645
8500 0 10199
8501 0 2440
8502 0 7994
8503 0 2587
8504 0 1817
8505 0 103
8506 0 3169
8506 0 5090
8506 0 727
8506 0 1709
8506 0 1271
8506 0 120
8506 0 1374
8506 0 1759
8507 0 4864
8507 0 8206
8509 0 800
8509 0 1344
8509 0 5
8509 0 1640
8509 0 1804
8509 0 568
8509 0 4537
8509 0 14076
8509 0 4735
8510 0 273
8511 0 5070
8512 0 1271
8513 0 1794
8513 0 10371
8513 0 900
8513 0 5
8513 0 645
8513 0 4359
8513 0 10372
8513 0 10377
8513 0 266
8513 0 394
8513 0 395
8513 0 523
8513 0 2442
8513 0 4235
8513 0 10122
8513 0 18
8513 0 4245
8513 0 10391
8513 0 10393
8513 0 10395
8513 0 8988
8513 0 10398
8513 0 1570
8513 0 10403
8513 0 9894
8513 0 2983
8513 0 10407
8513 0 10409
8513 0 1067
8513 0 2987
8513 0 4532
8513 0 2486
8513 0 1335
8513 0 1847
8513 0 10366
8513 0 445
8513 0 8257
8513 0 1230
8513 0 209
8513 0 467
8513 0 85
8513 0 8149
8513 0 9176
8513 0 348
8513 0 221
8513 0 2526
8513 0 351
8513 0 2656
8513 0 3164
8513 0 9437
8513 0 2406
8513 0 1383
8513 0 9963
8513 0 1646
8513 0 2801
8513 0 370
8513 0 10353
8513 0 10354
8513 0 117
8513 0 10361
8513 0 510
8514 0 1658
8515 0 103
8515 0 12716
8515 0 12717
8515 0 12718
8515 0 12719
8515 0 1622
8515 0 9596
8516 0 6804
8517 0 10411
8517 0 10412
8517 0 7310
8519 0 3637
8520 0 12725
8521 0 4473
8522 0 3368
8523 0 8601
8523 0 537
8523 0 538
8523 0 8476
8523 0 10396
8523 0 4525
8523 0 10416
8523 0 10417
8523 0 10418
8523 0 10419
8523 0 53
8523 0 10422
8523 0 10424
8523 0 10426
8523 0 10427
8523 0 10428
8523 0 3134
8523 0 10430
8523 0 10433
8523 0 10434
8523 0 5315
8523 0 839
8523 0 10442
8523 0 10443
8523 0 5452
8523 0 10444
8523 0 9296
8523 0 3928
8523 0 3929
8523 0 221
8523 0 876
8523 0 3570
8523 0 6006
8523 0 8566
8523 0 2553
8523 0 4095
8524 0 899
8524 0 900
8524 0 645
8524 0 2601
8524 0 8076
8524 0 275
8524 0 1334
8524 0 3834
8525 0 128
8525 0 3974
8525 0 10
8525 0 9998
8525 0 3088
8525 0 1046
8525 0 1302
8525 0 2073
8525 0 2848
8525 0 35
8525 0 1462
8525 0 12729
8525 0 12735
8525 0 1344
8525 0 12741
8525 0 81
8525 0 338
8525 0 7123
8525 0 349
8525 0 2784
8525 0 356
8525 0 103
8525 0 4583
8525 0 370
8525 0 5876
8525 0 5622
8525 0 249
8526 0 5
8528 0 5
8529 0 10452
8530 0 422
8531 0 10016
8531 0 8094
8533 0 117
8533 0 263
8535 0 898
8535 0 679
8535 0 103
8535 0 1992
8535 0 1073
8535 0 3860
8535 0 1621
8535 0 3670
8535 0 14077
8536 0 2752
8536 0 374
8537 0 3872
8538 0 4326
8540 0 1847
8541 0 3805
8542 0 11465
8542 0 12755
8542 0 1317
8543 0 3933
8544 0 12758
8546 0 10475
8546 0 10476
8547 0 376
8548 0 490
8548 0 9557
8550 0 1344
8551 0 7583
8552 0 8
8553 0 2789
8553 0 3753
8553 0 2002
8553 0 2707
8553 0 1307
8553 0 637
8553 0 3230
8554 0 1096
8554 0 9551
8554 0 6741
8554 0 3446
8554 0 988
8555 0 4617
8555 0 266
8555 0 267
8555 0 5001
8555 0 525
8555 0 1806
8555 0 271
8555 0 6027
8555 0 6160
8555 0 18
8555 0 1427
8555 0 1555
8555 0 533
8555 0 3347
8555 0 5907
8555 0 8981
8555 0 793
8555 0 10261
8555 0 1179
8555 0 3996
8555 0 3229
8555 0 4386
8555 0 36
8555 0 1061
8555 0 175
8555 0 5039
8555 0 2427
8555 0 3252
8555 0 5299
8555 0 310
8555 0 950
8555 0 3257
8555 0 5051
8555 0 445
8555 0 1086
8555 0 1470
8555 0 2498
8555 0 6212
8555 0 582
8555 0 2375
8555 0 2376
8555 0 1483
8555 0 2510
8555 0 2257
8555 0 8409
8555 0 1755
8555 0 2395
8555 0 3040
8555 0 2529
8555 0 3552
8555 0 995
8555 0 4320
8555 0 2789
8555 0 4322
8555 0 4964
8555 0 1135
8555 0 1012
8555 0 10485
8555 0 10486
8555 0 10487
8555 0 3833
8555 0 10490
8555 0 763
8556 0 4747
8557 0 105
8558 0 7308
8559 0 453
8559 0 5
8559 0 3847
8559 0 718
8559 0 5245
8560 0 269
8561 0 10517
8563 0 236
8564 0 1024
8565 0 12774
8566 0 772
8566 0 774
8567 0 10528
8567 0 10529
8567 0 3267
8567 0 167
8567 0 3978
8567 0 4075
8567 0 4525
8567 0 6061
8567 0 1151
8568 0 12777
8569 0 649
8570 0 3321
8570 0 5305
8571 0 10533
8573 0 288
8574 0 12783
8575 0 6253
8575 0 3071
8575 0 957
8575 0 703
8576 0 10521
8577 0 3373
8578 0 3900
8579 0 5
8580 0 1289
8580 0 269
8580 0 1322
8580 0 5804
8580 0 10541
8580 0 10547
8580 0 10550
8580 0 10551
8580 0 1466
8580 0 10556
8580 0 10562
8580 0 77
8580 0 2765
8580 0 10575
8580 0 3926
8580 0 5218
8580 0 8930
8580 0 356
8580 0 236
8580 0 7038
8581 0 1142
8582 0 4317
8582 0 1342
8583 0 5
8584 0 496
8584 0 7731
8585 0 103
8586 0 5
8586 0 10
8586 0 9900
8586 0 1968
8586 0 2811
8587 0 4527
8588 0 5
8589 0 2925
8590 0 1015
8591 0 1103
8592 0 236
8592 0 5
8593 0 6393
8594 0 10
8597 0 2113
8597 0 355
8597 0 4677
8597 0 5478
8597 0 6495
8597 0 8
8597 0 2891
8597 0 4461
8597 0 3092
8597 0 215
8597 0 6584
8597 0 4412
8597 0 4735
8598 0 175
8599 0 10627
8599 0 5
8599 0 9157
8599 0 1545
8599 0 9362
8599 0 435
8599 0 3863
8599 0 7515
8600 0 10635
8601 0 12815
8602 0 10651
8603 0 5000
8603 0 4999
8604 0 13774
8604 0 2814
8605 0 18
8605 0 237
8606 0 349
8607 0 2375
8608 0 505
8609 0 564
8610 0 593
8611 0 81
8611 0 10663
8613 0 2627
8613 0 103
8613 0 10664
8613 0 395
8613 0 6892
8613 0 557
8613 0 7883
8613 0 400
8613 0 305
8613 0 2801
8613 0 10128
8613 0 10673
8613 0 10675
8613 0 10678
8613 0 12054
8614 0 279
8615 0 3318
8616 0 7933
8617 0 894
8618 0 5
8619 0 385
8620 0 1340
8621 0 8
8621 0 5291
8622 0 1186
8622 0 355
8622 0 9662
8622 0 5703
8622 0 1230
8622 0 1327
8622 0 6094
8622 0 721
8622 0 3090
8622 0 9776
8622 0 9780
8622 0 9781
8622 0 470
8622 0 1334
8622 0 9782
8622 0 889
8622 0 62
8623 0 890
8624 0 819
8624 0 1415
8626 0 349
8627 0 5
8628 0 4576
8628 0 519
8629 0 5836
8630 0 1101
8631 0 7715
8632 0 2737
8632 0 7634
8632 0 10681
8632 0 10682
8632 0 10684
8633 0 321
8633 0 1498
8633 0 589
8634 0 2509
8634 0 3893
8634 0 5
8634 0 8223
8635 0 1034
8636 0 349
8636 0 7
8637 0 7104
8638 0 1013
8639 0 11158
8641 0 5
8643 0 1867
8644 0 9747
8645 0 480
8646 0 5787
8646 0 11196
8646 0 6
8647 0 2974
8648 0 9111
8649 0 10695
8650 0 12848
8650 0 5276
8651 0 2356
8652 0 5
8653 0 9378
8653 0 5
8653 0 711
8653 0 368
8653 0 4535
8653 0 6653
8654 0 1356
8655 0 368
8655 0 2793
8656 0 10703
8657 0 1824
8657 0 4044
8657 0 717
8658 0 7231
8659 0 641
8660 0 4012
8661 0 1056
8661 0 10709
8661 0 5
8662 0 5693
8662 0 6
8663 0 2724
8663 0 2584
8663 0 4522
8663 0 1547
8663 0 9642
8663 0 792
8663 0 536
8664 0 12858
8664 0 6998
8665 0 90
8666 0 261
8667 0 1460
8668 0 8
8668 0 10720
8668 0 103
8669 0 631
8670 0 13785
8672 0 12863
8673 0 137
8673 0 69
8674 0 1075
8674 0 375
8675 0 7457
8676 0 1800
8676 0 5380
8676 0 2485
8676 0 2487
8677 0 521
8677 0 7457
8678 0 568
8678 0 5473
8680 0 269
8681 0 3143
8683 0 12873
8684 0 12875
8685 0 32
8685 0 128
8685 0 9185
8685 0 3844
8685 0 342
8685 0 3994
8685 0 2013
8685 0 1342
8686 0 772
8686 0 2565
8686 0 774
8686 0 395
8686 0 3213
8686 0 7952
8686 0 951
8686 0 568
8686 0 4029
8686 0 3135
8686 0 91
8686 0 5597
8686 0 8546
8686 0 358
8686 0 231
8686 0 2280
8686 0 10738
8686 0 376
8686 0 9855
8687 0 5
8688 0 5
8689 0 5
8690 0 578
8690 0 164
8690 0 10
8690 0 717
8690 0 238
8690 0 3437
8690 0 692
8691 0 3435
8694 0 5
8696 0 1115
8697 0 349
8698 0 866
8699 0 12893
8700 0 10273
8700 0 12251
8700 0 231
8700 0 10
8700 0 4978
8700 0 3259
8700 0 5212
8700 0 637
8700 0 351
8701 0 103
8702 0 12899
8703 0 5
8704 0 5
8704 0 9703
8705 0 612
8706 0 609
8706 0 2558
8707 0 763
8707 0 908
8709 0 679
8710 0 10753
8711 0 643
8711 0 12932
8711 0 5
8711 0 12934
8711 0 8327
8711 0 11912
8711 0 651
8711 0 1804
8711 0 6284
8711 0 278
8711 0 5916
8711 0 5790
8711 0 1061
8711 0 2860
8711 0 557
8711 0 6708
8711 0 6581
8711 0 1974
8711 0 2615
8711 0 953
8711 0 2114
8711 0 3650
8711 0 3654
8711 0 5063
8711 0 973
8711 0 12919
8711 0 745
8711 0 6380
8711 0 12909
8711 0 12910
8711 0 10992
8711 0 12913
8711 0 6386
8711 0 12915
8711 0 3444
8711 0 3062
8711 0 631
8711 0 11129
8711 0 4735
8712 0 489
8712 0 1010
8713 0 1196
8714 0 3444
8715 0 5
8717 0 568
8718 0 3549
8718 0 737
8718 0 199
8718 0 7799
8718 0 2124
8718 0 2000
8718 0 3569
8718 0 4528
8718 0 4657
8718 0 4532
8718 0 3197
8718 0 5150
8718 0 7832
8718 0 1563
8718 0 3196
8718 0 1565
8718 0 2462
8718 0 5279
8719 0 10762
8720 0 1196
8721 0 5402
8722 0 8704
8723 0 258
8724 0 352
8725 0 418
8726 0 7496
8727 0 8
8728 0 1311
8730 0 510
8732 0 5
8733 0 9794
8735 0 1580
8735 0 926
8736 0 954
8736 0 3261
8737 0 12950
8738 0 496
8739 0 3932
8740 0 6356
8740 0 6476
8741 0 1376
8741 0 1378
8741 0 355
8741 0 2245
8741 0 496
8741 0 601
8741 0 539
8741 0 1374
8741 0 1375
8742 0 894
8743 0 2304
8743 0 69
8744 0 9800
8745 0 5973
8746 0 122
8747 0 837
8748 0 5926
8748 0 8043
8748 0 8016
8748 0 7382
8748 0 3255
8748 0 10776
8748 0 637
8749 0 4097
8750 0 149
8751 0 5221
8752 0 12960
8752 0 7
8752 0 2091
8752 0 1676
8752 0 5743
8752 0 4404
8752 0 1786
8753 0 5869
8754 0 72
8754 0 10777
8754 0 10778
8754 0 160
8755 0 10779
8756 0 352
8756 0 121
8756 0 269
8756 0 529
8758 0 1477
8759 0 9804
8760 0 1621
8761 0 10785
8762 0 3968
8762 0 897
8763 0 1334
8764 0 450
8765 0 10
8766 0 593
8766 0 10789
8766 0 126
8768 0 8213
8768 0 5870
8768 0 231
8769 0 451
8771 0 5858
8771 0 2660
8772 0 5
8773 0 480
8773 0 3257
8773 0 8797
8773 0 1484
8773 0 175
8773 0 9746
8773 0 601
8773 0 220
8773 0 5117
8774 0 8094
8775 0 2519
8776 0 9340
8776 0 1228
8776 0 12933
8777 0 505
8777 0 7379
8777 0 1841
8778 0 1204
8778 0 5636
8779 0 1951
8780 0 5
8781 0 651
8782 0 1835
8783 0 2544
8783 0 634
8783 0 413
8783 0 4535
8784 0 1065
8786 0 13005
8787 0 10033
8787 0 539
8788 0 2434
8788 0 7
8788 0 10
8788 0 11
8788 0 3083
8788 0 15
8788 0 8341
8788 0 6167
8788 0 413
8788 0 5289
8788 0 1196
8788 0 557
8788 0 431
8788 0 6320
8788 0 2865
8788 0 1209
8788 0 445
8788 0 2750
8788 0 319
8788 0 3269
8788 0 840
8788 0 13017
8788 0 2013
8788 0 5727
8788 0 1398
8788 0 11130
8788 0 2173
8789 0 81
8789 0 3310
8792 0 8
8792 0 10
8792 0 8714
8792 0 3090
8792 0 6163
8792 0 533
8792 0 1046
8792 0 3612
8792 0 2077
8792 0 8223
8792 0 10283
8792 0 5167
8792 0 9278
8792 0 3138
8792 0 582
8792 0 9800
8792 0 3145
8792 0 9297
8792 0 594
8792 0 85
8792 0 11369
8792 0 106
8792 0 1653
8792 0 3701
8792 0 2697
8792 0 139
8792 0 3212
8792 0 141
8792 0 665
8792 0 3233
8792 0 3237
8792 0 197
8792 0 198
8792 0 3784
8792 0 717
8792 0 1759
8792 0 13032
8792 0 234
8792 0 13036
8792 0 750
8792 0 240
8792 0 2801
8792 0 3831
8792 0 2297
8792 0 11004
8792 0 14079
8792 0 1794
8792 0 4866
8792 0 5381
8792 0 4870
8792 0 8456
8792 0 266
8792 0 268
8792 0 3342
8792 0 13071
8792 0 5393
8792 0 3346
8792 0 13077
8792 0 13084
8792 0 4382
8792 0 2848
8792 0 13088
8792 0 4388
8792 0 13095
8792 0 6440
8792 0 1321
8792 0 13106
8792 0 13107
8792 0 13108
8792 0 7992
8792 0 2363
8792 0 5445
8792 0 2375
8792 0 1876
8792 0 343
8792 0 3417
8792 0 3930
8792 0 10590
8792 0 863
8792 0 362
8792 0 7541
8792 0 7545
8792 0 1402
8792 0 890
8792 0 894
8792 0 901
8792 0 7560
8792 0 1420
8792 0 1933
8792 0 2452
8792 0 5524
8792 0 3486
8792 0 3487
8792 0 4510
8792 0 4516
8792 0 1449
8792 0 5033
8792 0 431
8792 0 1475
8792 0 4035
8792 0 467
8792 0 7123
8792 0 9178
8792 0 477
8792 0 2020
8792 0 9706
8792 0 1516
8792 0 1518
8792 0 4082
8792 0 504
8792 0 2553
8792 0 3070
8793 0 3258
8793 0 10811
8794 0 160
8794 0 1366
8795 0 6769
8796 0 4320
8796 0 10908
8796 0 7942
8796 0 391
8796 0 3433
8796 0 6057
8796 0 4335
8796 0 5039
8796 0 1012
8796 0 1780
8796 0 10907
8796 0 1752
8796 0 8889
8796 0 5051
8796 0 6332
8796 0 10909
8796 0 5374
8797 0 3545
8798 0 6027
8798 0 1477
8798 0 3647
8799 0 5143
8800 0 666
8800 0 2355
8801 0 8633
8802 0 11020
8804 0 5103
8805 0 451
8805 0 10
8805 0 1578
8805 0 209
8805 0 2835
8805 0 796
8806 0 103
8806 0 4009
8806 0 81
8806 0 2519
8806 0 632
8806 0 11965
8806 0 5438
8807 0 5481
8807 0 18
8808 0 5
8809 0 4692
8810 0 2736
8810 0 4935
8811 0 8
8811 0 232
8811 0 799
8811 0 103
8812 0 1819
8813 0 6022
8813 0 2441
8813 0 7434
8813 0 141
8813 0 1549
8813 0 766
8813 0 531
8813 0 1302
8813 0 795
8813 0 6429
8813 0 1061
8813 0 1451
8813 0 4780
8813 0 431
8813 0 7983
8813 0 4403
8813 0 6451
8813 0 310
8813 0 11002
8813 0 7999
8813 0 583
8813 0 1351
8813 0 1741
8813 0 847
8813 0 495
8813 0 4213
8813 0 11001
8813 0 2298
8813 0 11003
8813 0 11005
8813 0 890
8815 0 3002
8816 0 532
8817 0 592
8818 0 5215
8819 0 2049
8820 0 864
8820 0 11009
8820 0 6408
8820 0 1033
8820 0 1244
8820 0 11007
8822 0 3289
8823 0 5
8824 0 2416
8825 0 4561
8825 0 1982
8826 0 2498
8826 0 451
8826 0 3342
8826 0 1971
8826 0 12564
8826 0 4664
8826 0 702
8828 0 601
8830 0 11018
8830 0 7461
8831 0 1843
8831 0 1846
8832 0 645
8833 0 539
8834 0 3171
8835 0 8096
8835 0 6027
8835 0 4594
8835 0 12574
8835 0 7711
8836 0 1207
8836 0 5461
8836 0 575
8838 0 12577
8839 0 2248
8840 0 2072
8841 0 5707
8842 0 4566
8843 0 609
8843 0 7266
8843 0 349
8843 0 9551
8844 0 2857
8846 0 1602
8847 0 3257
8848 0 5
8849 0 4546
8849 0 259
8849 0 12579
8849 0 3437
8849 0 114
8849 0 692
8850 0 505
8850 0 3034
8850 0 349
8850 0 2255
8851 0 5
8852 0 2029
8853 0 594
8853 0 7373
8854 0 799
8855 0 5
8856 0 1121
8856 0 12581
8856 0 4810
8856 0 1010
8856 0 1117
8857 0 2447
8858 0 3065
8859 0 8912
8859 0 2419
8859 0 8908
8860 0 952
8860 0 5856
8860 0 10039
8861 0 11022
8862 0 4031
8863 0 131
8864 0 62
8865 0 7683
8865 0 7684
8865 0 5
8865 0 4615
8865 0 10124
8865 0 11023
8865 0 3473
8865 0 11027
8865 0 11028
8865 0 662
8865 0 8100
8865 0 806
8865 0 10022
8865 0 5800
8865 0 3631
8865 0 691
8865 0 4434
8865 0 5857
8865 0 3300
8865 0 1770
8865 0 496
8865 0 2161
8865 0 4723
8865 0 2680
8865 0 506
8866 0 3272
8866 0 114
8866 0 1058
8866 0 11036
8867 0 2583
8868 0 24
8869 0 8911
8870 0 6197
8871 0 2529
8871 0 10
8871 0 266
8871 0 1230
8871 0 2000
8872 0 11044
8873 0 400
8873 0 12586
8874 0 793
8874 0 763
8875 0 11048
8876 0 2624
8876 0 11075
8876 0 1156
8876 0 5
8876 0 1926
8876 0 650
8876 0 915
8876 0 7158
8876 0 2623
8877 0 400
8878 0 898
8879 0 3713
8879 0 2820
8879 0 5
8879 0 4101
8879 0 1931
8879 0 4502
8879 0 160
8879 0 1570
8879 0 2851
8879 0 805
8879 0 5417
8879 0 12588
8879 0 12590
8879 0 5427
8879 0 6323
8879 0 12596
8879 0 12599
8879 0 56
8879 0 12601
8879 0 6971
8879 0 12605
8879 0 2624
8879 0 12609
8879 0 969
8879 0 1225
8879 0 854
8879 0 9304
8879 0 349
8879 0 355
8879 0 4195
8879 0 3560
8879 0 4717
8879 0 114
8879 0 1657
8879 0 126
8879 0 1151
8880 0 18
8882 0 5
8883 0 5
8884 0 5
8885 0 10
8886 0 64
8886 0 260
8886 0 1796
8886 0 1797
8886 0 6373
8886 0 9226
8886 0 2318
8886 0 3248
8886 0 4818
8886 0 499
8886 0 1203
8886 0 533
8886 0 6451
8886 0 2711
8886 0 6642
8886 0 889
8886 0 5339
8887 0 5478
8888 0 1652
8888 0 780
8888 0 5094
8889 0 68
8890 0 5
8891 0 1096
8891 0 5
8892 0 1451
8893 0 160
8893 0 3538
8893 0 12459
8893 0 12634
8894 0 601
8894 0 273
8894 0 6721
8895 0 2019
8895 0 356
8895 0 10
8895 0 1489
8895 0 626
8896 0 269
8897 0 85
8898 0 1086
8899 0 5
8900 0 12641
8901 0 5636
8901 0 5
8901 0 3348
8901 0 2330
8901 0 1179
8901 0 3231
8901 0 9007
8901 0 304
8901 0 4925
8901 0 704
8901 0 1099
8901 0 1109
8901 0 3172
8901 0 487
8901 0 2791
8901 0 11775
8901 0 4461
8901 0 114
8901 0 2423
8901 0 13816
8901 0 2556
8901 0 7679
8903 0 4272
8904 0 4381
8904 0 5
8905 0 11102
8906 0 5
8907 0 7417
8907 0 10946
8907 0 471
8908 0 1374
8908 0 645
8908 0 510
8908 0 717
8908 0 691
8908 0 1108
8908 0 793
8908 0 62
8909 0 6565
8910 0 349
8911 0 3812
8911 0 8
8911 0 76
8911 0 1198
8911 0 2736
8911 0 8148
8911 0 1142
8911 0 1466
8911 0 1501
8912 0 11592
8913 0 1345
8913 0 3940
8913 0 3722
8913 0 77
8913 0 4153
8913 0 10170
8914 0 11111
8916 0 11117
8918 0 7423
8919 0 702
8921 0 2529
8921 0 986
8921 0 5725
8922 0 2416
8922 0 5
8922 0 5678
8923 0 3975
8924 0 643
8925 0 651
8926 0 8
8927 0 5
8929 0 18
8930 0 376
8931 0 5
8932 0 5
8933 0 1020
8935 0 918
8936 0 12224
8938 0 5410
8938 0 900
8939 0 12683
8939 0 5405
8939 0 351
8940 0 2440
8941 0 12684
8943 0 504
8943 0 6537
8943 0 1165
8944 0 12693
8944 0 2711
8945 0 269
8946 0 5
8946 0 12694
8948 0 5
8948 0 11143
8948 0 6706
8948 0 531
8948 0 3930
8948 0 890
8948 0 6623
8949 0 5
8950 0 304
8951 0 10965
8951 0 10961
8951 0 1010
8951 0 5
8952 0 5152
8953 0 196
8953 0 533
8954 0 696
8954 0 236
8954 0 1829
8955 0 474
8955 0 772
8955 0 774
8956 0 661
8957 0 3805
8958 0 5585
8959 0 10
8959 0 4926
8960 0 4864
8960 0 5
8960 0 102
8960 0 5711
8960 0 81
8960 0 3889
8960 0 631
8960 0 2040
8961 0 3088
8961 0 4767
8962 0 1056
8962 0 2394
8962 0 12144
8963 0 12708
8963 0 599
8964 0 5
8965 0 12709
8966 0 769
8967 0 10971
8967 0 450
8967 0 5
8967 0 7433
8967 0 618
8967 0 269
8967 0 17
8967 0 631
8967 0 10970
8967 0 539
8967 0 1374
8968 0 11176
8968 0 180
8968 0 260
8968 0 2485
8969 0 5642
8970 0 5255
8971 0 1849
8972 0 12712
8972 0 12713
8972 0 3635
8972 0 12711
8973 0 1024
8974 0 10824
8976 0 5299
8977 0 5
8978 0 4129
8979 0 679
8980 0 1472
8980 0 1061
8980 0 103
8980 0 4045
8980 0 15
8980 0 11187
8980 0 1179
8982 0 543
8983 0 810
8983 0 5531
8984 0 8606
8985 0 5
8985 0 1545
8985 0 12720
8985 0 4244
8985 0 12348
8986 0 10749
8986 0 12737
8986 0 4131
8986 0 12739
8986 0 12742
8986 0 3752
8986 0 4584
8986 0 3819
8986 0 496
8986 0 1110
8986 0 3357
8987 0 631
8988 0 1817
8988 0 4975
8989 0 8003
8990 0 624
8990 0 1739
8990 0 11203
8991 0 2940
8992 0 1849
8992 0 12
8992 0 3351
8993 0 539
8994 0 1697
8994 0 2498
8994 0 2439
8994 0 5320
8994 0 105
8994 0 9385
8994 0 6060
8994 0 12748
8994 0 1774
8994 0 1010
8994 0 2678
8994 0 633
8994 0 349
8995 0 265
8995 0 139
8995 0 3441
8995 0 2423
8996 0 2994
8996 0 11206
8997 0 3419
8998 0 6049
8998 0 918
8998 0 8636
8998 0 4061
8998 0 1566
8999 0 4585
9001 0 12757
9002 0 5635
9002 0 1411
9002 0 4956
9003 0 65
9003 0 8909
9003 0 11295
9006 0 837
9007 0 8
9008 0 10175
9009 0 11212
9009 0 1915
9009 0 5787
9010 0 10145
9010 0 7667
9010 0 758
9010 0 12760
9010 0 1087
9011 0 103
9012 0 651
9013 0 3561
9013 0 3585
9015 0 7524
9016 0 1282
9016 0 6
9016 0 10
9016 0 2448
9016 0 6932
9016 0 1174
9016 0 3222
9016 0 1560
9016 0 1179
9016 0 2204
9016 0 1950
9016 0 4127
9016 0 802
9016 0 1061
9016 0 940
9016 0 173
9016 0 174
9016 0 429
9016 0 1196
9016 0 5677
9016 0 4402
9016 0 180
9016 0 6582
9016 0 3384
9016 0 698
9016 0 4283
9016 0 5051
9016 0 2750
9016 0 69
9016 0 4038
9016 0 2247
9016 0 200
9016 0 11215
9016 0 11220
9016 0 11221
9016 0 11223
9016 0 11224
9016 0 2009
9016 0 90
9016 0 11231
9016 0 481
9016 0 3171
9016 0 1765
9016 0 360
9016 0 4329
9016 0 106
9016 0 3694
9016 0 1391
9016 0 1398
9016 0 8695
9016 0 2812
9018 0 2280
9018 0 1110
9019 0 1849
9020 0 707
9020 0 1100
9020 0 1965
9020 0 2711
9021 0 12761
9022 0 5643
9022 0 9308
9022 0 5
9022 0 863
9023 0 8289
9023 0 5986
9023 0 12771
9023 0 1188
9023 0 140
9023 0 141
9023 0 531
9023 0 9270
9024 0 5
9025 0 6155
9027 0 12778
9027 0 12779
9027 0 12781
9027 0 12786
9027 0 1587
9027 0 12792
9027 0 2556
9027 0 3391
9028 0 1012
9029 0 2471
9029 0 139
9029 0 140
9029 0 141
9029 0 11249
9029 0 4692
9029 0 1014
9029 0 951
9029 0 890
9029 0 123
9029 0 1532
9029 0 3930
9029 0 2526
9031 0 1489
9032 0 1667
9033 0 2064
9033 0 8055
9034 0 1344
9034 0 12609
9034 0 7290
9035 0 2662
9036 0 3080
9036 0 303
9037 0 11252
9039 0 1860
9040 0 5908
9041 0 73
9042 0 2557
9043 0 12800
9043 0 9278
9044 0 1763
9044 0 753
9044 0 2898
9044 0 9620
9044 0 11254
9044 0 11255
9045 0 5
9046 0 1403
9047 0 665
9048 0 269
9049 0 10294
9050 0 11266
9050 0 4099
9050 0 5
9050 0 10
9050 0 11276
9050 0 11281
9050 0 11282
9050 0 275
9050 0 11284
9050 0 11285
9050 0 1302
9050 0 11286
9050 0 2206
9050 0 2848
9050 0 2216
9050 0 692
9050 0 310
9050 0 5954
9050 0 451
9050 0 3652
9050 0 9028
9050 0 10830
9050 0 10831
9050 0 854
9050 0 11263
9050 0 9181
9050 0 102
9050 0 4201
9050 0 7280
9050 0 4723
9050 0 4216
9050 0 11260
9050 0 11262
9050 0 5119
9051 0 1570
9052 0 681
9053 0 6464
9053 0 4450
9053 0 9283
9053 0 4452
9053 0 11291
9053 0 6537
9053 0 3146
9053 0 9965
9053 0 11182
9053 0 2323
9053 0 2549
9053 0 4789
9053 0 10265
9053 0 3547
9053 0 11292
9053 0 11294
9053 0 11295
9054 0 9624
9054 0 12476
9054 0 5
9054 0 12760
9055 0 238
9057 0 819
9057 0 1415
9058 0 10833
9059 0 8
9060 0 6041
9060 0 11340
9060 0 7238
9061 0 4368
9061 0 5305
9061 0 6555
9063 0 394
9064 0 9238
9064 0 9663
9065 0 9322
9066 0 5393
9067 0 707
9067 0 5
9067 0 5726
9067 0 981
9067 0 2711
9067 0 990
9068 0 259
9069 0 4572
9070 0 5055
9070 0 389
9070 0 525
9070 0 1230
9070 0 1775
9070 0 178
9070 0 3829
9070 0 2616
9070 0 4857
9070 0 1083
9070 0 3614
9070 0 3551
9071 0 645
9072 0 1506
9073 0 2051
9074 0 1169
9074 0 4162
9074 0 5197
9075 0 3992
9075 0 513
9076 0 1073
9077 0 4004
9077 0 5215
9078 0 3355
9078 0 4661
9078 0 2685
9079 0 11303
9080 0 2047
9083 0 10337
9085 0 1071
9086 0 4718
9087 0 3300
9088 0 5249
9088 0 93
9089 0 6657
9090 0 2492
9090 0 1477
9092 0 4542
9093 0 7663
9093 0 5804
9093 0 8204
9093 0 4535
9094 0 6922
9097 0 5
9098 0 9984
9099 0 5082
9100 0 356
9101 0 1472
9101 0 1699
9101 0 2053
9101 0 1349
9101 0 10890
9101 0 3729
9101 0 2674
9101 0 7507
9101 0 2613
9101 0 11317
9101 0 11318
9101 0 11319
9101 0 6842
9103 0 5804
9104 0 159
9105 0 2509
9106 0 5
9107 0 5
9108 0 12825
9109 0 5077
9110 0 7273
9110 0 884
9110 0 1566
9111 0 5
9112 0 9224
9113 0 5
9115 0 1323
9116 0 2510
9117 0 11329
9117 0 11330
9117 0 6175
9118 0 12827
9118 0 204
9119 0 11335
9119 0 42
9119 0 3690
9119 0 1198
9119 0 5880
9119 0 2680
9121 0 6896
9123 0 2315
9124 0 1698
9124 0 5094
9124 0 1449
9124 0 11338
9124 0 3019
9124 0 11339
9124 0 3119
9124 0 853
9124 0 3254
9124 0 4794
9124 0 3003
9124 0 11294
9124 0 31
9125 0 274
9125 0 1909
9126 0 1222
9127 0 10
9128 0 2702
9129 0 2137
9129 0 833
9129 0 1145
9129 0 3718
9129 0 3719
9129 0 169
9129 0 12844
9129 0 6001
9129 0 2041
9129 0 2047
9130 0 2793
9132 0 6090
9133 0 266
9133 0 963
9133 0 717
9135 0 568
9137 0 2605
9137 0 2527
9138 0 2514
9139 0 4147
9140 0 3299
9142 0 9110
9142 0 6168
9142 0 158
9142 0 5152
9142 0 3755
9142 0 5291
9142 0 1840
9142 0 436
9142 0 564
9142 0 438
9142 0 2614
9142 0 10042
9142 0 5949
9142 0 1090
9142 0 2509
9142 0 11345
9142 0 11348
9142 0 11349
9142 0 1752
9142 0 1371
9142 0 1888
9142 0 11361
9142 0 356
9142 0 103
9142 0 11372
9142 0 1271
9142 0 8571
9143 0 2352
9143 0 5088
9144 0 641
9144 0 5
9144 0 679
9144 0 849
9144 0 121
9145 0 257
9145 0 4964
9145 0 709
9145 0 5
9145 0 11381
9145 0 11383
9146 0 11551
9147 0 7486
9147 0 6530
9147 0 6407
9147 0 7239
9147 0 489
9147 0 5994
9147 0 12862
9147 0 7183
9147 0 1010
9147 0 1854
9148 0 696
9148 0 5
9149 0 11387
9150 0 8434
9150 0 1437
9151 0 12867
9152 0 12097
9153 0 3673
9154 0 127
9155 0 7615
9156 0 1389
9157 0 5
9158 0 11392
9159 0 1821
9160 0 5931
9161 0 160
9161 0 1344
9162 0 5130
9163 0 5
9164 0 437
9165 0 9576
9166 0 11403
9167 0 3095
9169 0 533
9172 0 3917
9173 0 2030
9173 0 6418
9173 0 12890
9173 0 1110
9173 0 9080
9173 0 250
9173 0 12891
9173 0 349
9174 0 2303
9175 0 400
9175 0 1356
9177 0 4244
9177 0 5
9178 0 24
9179 0 5
9180 0 703
9181 0 5
9182 0 5240
9183 0 4910
9184 0 1045
9185 0 160
9185 0 8459
9185 0 1075
9185 0 1301
9185 0 3064
9186 0 5
9187 0 2925
9188 0 5
9189 0 4675
9190 0 5
9192 0 103
9193 0 5532
9193 0 4555
9193 0 4724
9194 0 12778
9195 0 8182
9196 0 514
9196 0 8
9196 0 3115
9196 0 81
9196 0 5567
9197 0 11447
9198 0 5909
9199 0 351
9200 0 451
9200 0 7021
9200 0 561
9200 0 1301
9200 0 11448
9200 0 11129
9200 0 11450
9200 0 11452
9201 0 519
9201 0 359
9201 0 599
9201 0 4250
9201 0 2719
9202 0 9800
9202 0 1475
9202 0 9021
9203 0 6948
9203 0 5
9204 0 342
9204 0 999
9205 0 1457
9205 0 6442
9205 0 12924
9205 0 12925
9206 0 9272
9206 0 18
9206 0 8450
9206 0 12927
9207 0 6611
9209 0 568
9211 0 5
9212 0 5
9213 0 2052
9214 0 11462
9215 0 602
9216 0 11258
9216 0 2683
9218 0 12940
9219 0 3270
9220 0 533
9220 0 894
9220 0 1014
9221 0 618
9221 0 631
9222 0 11467
9223 0 12943
9225 0 2764
9226 0 1440
9227 0 8178
9228 0 10852
9228 0 5677
9228 0 1494
9228 0 793
9228 0 894
9229 0 1331
9230 0 7330
9231 0 12947
9231 0 11829
9232 0 289
9232 0 1314
9232 0 3682
9232 0 717
9232 0 2509
9232 0 1458
9232 0 6933
9232 0 2551
9232 0 1179
9233 0 3844
9233 0 5
9233 0 3590
9233 0 264
9233 0 10
9233 0 1807
9233 0 275
9233 0 282
9233 0 3357
9233 0 6813
9233 0 1196
9233 0 558
9233 0 6063
9233 0 1842
9233 0 10814
9233 0 7617
9233 0 2116
9233 0 6217
9233 0 9289
9233 0 715
9233 0 1237
9233 0 3287
9233 0 220
9233 0 3560
9233 0 10857
9233 0 10858
9233 0 10861
9233 0 753
9233 0 894
9234 0 356
9234 0 95
9235 0 5
9237 0 8
9238 0 10865
9238 0 582
9239 0 5
9240 0 12953
9241 0 2439
9241 0 103
9241 0 2793
9241 0 9514
9241 0 5971
9241 0 12954
9241 0 795
9242 0 5
9244 0 3249
9245 0 8700
9246 0 6015
9247 0 355
9247 0 5
9247 0 4645
9247 0 12
9247 0 496
9247 0 849
9247 0 1396
9247 0 1751
9247 0 24
9247 0 90
9247 0 1371
9247 0 349
9247 0 62
9248 0 4665
9248 0 1110
9249 0 496
9250 0 42
9252 0 4810
9253 0 11490
9254 0 1051
9255 0 4044
9257 0 4961
9257 0 6114
9257 0 3172
9257 0 5
9257 0 269
9257 0 8975
9257 0 52
9258 0 5
9259 0 2670
9261 0 601
9262 0 130
9262 0 95
9263 0 3985
9264 0 11448
9264 0 5
9264 0 4327
9264 0 8
9264 0 11965
9264 0 12971
9264 0 1071
9264 0 6067
9264 0 1236
9264 0 3038
9264 0 10551
9264 0 4120
9264 0 349
9264 0 926
9265 0 1477
9265 0 5
9265 0 12974
9265 0 2000
9265 0 1108
9267 0 3352
9268 0 3334
9269 0 5
9269 0 5868
9269 0 10478
9269 0 978
9269 0 6227
9269 0 11348
9269 0 12979
9271 0 1518
9273 0 6242
9273 0 1413
9273 0 967
9273 0 6217
9273 0 10033
9273 0 3990
9274 0 11532
9275 0 11533
9276 0 8386
9276 0 5
9278 0 1310
9279 0 12996
9280 0 6484
9281 0 884
9283 0 4387
9283 0 11
9284 0 8110
9285 0 643
9285 0 4805
9285 0 326
9285 0 8
9285 0 3016
9285 0 5772
9285 0 13873
9285 0 13010
9285 0 854
9286 0 395
9287 0 1345
9287 0 482
9287 0 451
9287 0 5
9287 0 103
9287 0 743
9287 0 10
9287 0 1868
9287 0 5229
9287 0 1295
9287 0 7375
9287 0 433
9287 0 24
9287 0 5307
9287 0 2845
9287 0 13019
9287 0 95
9288 0 4106
9288 0 5636
9289 0 2542
9290 0 11545
9290 0 11075
9290 0 2204
9290 0 11548
9291 0 5326
9292 0 4724
9293 0 3080
9293 0 539
9295 0 6081
9295 0 164
9295 0 5
9295 0 6
9295 0 645
9295 0 8
9295 0 7805
9295 0 7051
9295 0 1516
9295 0 238
9295 0 18
9295 0 6003
9295 0 4537
9295 0 1882
9295 0 349
9295 0 2655
9296 0 8436
9298 0 2618
9299 0 455
9300 0 5
9301 0 6135
9303 0 4925
9304 0 1815
9305 0 6338
9306 0 13042
9307 0 5945
9308 0 9092
9308 0 11592
9308 0 2895
9308 0 13048
9308 0 13049
9309 0 5
9310 0 13053
9311 0 13056
9311 0 4993
9311 0 3202
9311 0 3714
9311 0 5
9311 0 7
9311 0 5896
9311 0 7943
9311 0 10
9311 0 2060
9311 0 5900
9311 0 910
9311 0 13068
9311 0 3088
9311 0 13074
9311 0 13076
9311 0 2711
9311 0 24
9311 0 1432
9311 0 410
9311 0 13081
9311 0 1054
9311 0 8735
9311 0 290
9311 0 7715
9311 0 11302
9311 0 679
9311 0 5419
9311 0 1968
9311 0 433
9311 0 1844
9311 0 565
9311 0 1845
9311 0 3124
9311 0 4405
9311 0 10037
9311 0 11129
9311 0 1341
9311 0 191
9311 0 2753
9311 0 68
9311 0 196
9311 0 2630
9311 0 1479
9311 0 2632
9311 0 3652
9311 0 4550
9311 0 75
9311 0 1101
9311 0 335
9311 0 3664
9311 0 81
9311 0 3667
9311 0 212
9311 0 853
9311 0 5719
9311 0 12377
9311 0 2011
9311 0 4064
9311 0 4709
9311 0 12919
9311 0 6122
9311 0 3179
9311 0 6250
9311 0 494
9311 0 1903
9311 0 1010
9311 0 2548
9311 0 503
9311 0 2809
9311 0 636
9311 0 5247
9312 0 2622
9313 0 5
9314 0 5693
9314 0 2229
9315 0 125
9316 0 5
9316 0 414
9317 0 8260
9317 0 5381
9317 0 374
9318 0 1448
9320 0 10
9320 0 5275
9320 0 2677
9321 0 533
9321 0 5078
9322 0 1426
9322 0 13110
9323 0 3055
9324 0 2252
9325 0 349
9325 0 5
9326 0 7665
9327 0 9058
9327 0 103
9329 0 525
9329 0 180
9329 0 389
9331 0 13114
9332 0 793
9332 0 5340
9333 0 9639
9334 0 592
9335 0 9440
9335 0 1058
9335 0 867
9335 0 299
9335 0 77
9337 0 5209
9337 0 2891
9338 0 124
9338 0 349
9339 0 1451
9340 0 4443
9341 0 8269
9341 0 13118
9341 0 13119
9342 0 275
9343 0 3986
9344 0 130
9344 0 10308
9346 0 5
9348 0 349
9349 0 1860
9350 0 13128
9350 0 4674
9350 0 13127
9351 0 681
9352 0 3415
9353 0 454
9353 0 13133
9353 0 13135
9353 0 496
9353 0 13136
9353 0 13137
9353 0 539
9353 0 12635
9353 0 1374
9354 0 4999
9354 0 5000
9354 0 9223
9354 0 523
9354 0 666
9354 0 1179
9354 0 2844
9354 0 4515
9354 0 9259
9354 0 6069
9354 0 951
9354 0 12216
9354 0 454
9354 0 7502
9354 0 2387
9354 0 7511
9354 0 8282
9354 0 13151
9354 0 13156
9354 0 3432
9354 0 13160
9354 0 1775
9354 0 117
9354 0 12407
9354 0 7034
9355 0 2118
9355 0 329
9355 0 489
9355 0 4013
9355 0 431
9355 0 2320
9355 0 8016
9355 0 6579
9355 0 1271
9355 0 1468
9355 0 4030
9356 0 13169
9356 0 236
9357 0 856
9359 0 13184
9359 0 1154
9359 0 13179
9359 0 13187
9359 0 901
9359 0 774
9359 0 519
9359 0 13190
9359 0 9
9359 0 13192
9359 0 13194
9359 0 18
9359 0 1558
9359 0 666
9359 0 1179
9359 0 1694
9359 0 5278
9359 0 6048
9359 0 419
9359 0 1063
9359 0 9906
9359 0 8885
9359 0 5178
9359 0 2244
9359 0 582
9359 0 4934
9359 0 4557
9359 0 2128
9359 0 724
9359 0 10710
9359 0 2775
9359 0 7511
9359 0 220
9359 0 7132
9359 0 8797
9359 0 5093
9359 0 359
9359 0 3178
9359 0 13177
9359 0 2416
9359 0 13176
9359 0 117
9359 0 8439
9359 0 4088
9359 0 6393
9359 0 2042
9359 0 763
9359 0 4092
9359 0 13183
9360 0 5
9361 0 3488
9361 0 2014
9363 0 10
9363 0 3127
9363 0 743
9365 0 1334
9366 0 10187
9367 0 2702
9368 0 6389
9370 0 3003
9371 0 9662
9372 0 349
9373 0 13200
9374 0 514
9374 0 13189
9374 0 13203
9374 0 6041
9374 0 1310
9374 0 13215
9374 0 289
9374 0 557
9374 0 5940
9374 0 437
9374 0 4407
9374 0 5951
9374 0 1472
9374 0 578
9374 0 1861
9374 0 9425
9374 0 10963
9374 0 1506
9374 0 103
9374 0 743
9374 0 105
9374 0 8940
9374 0 750
9374 0 623
9374 0 626
9374 0 10230
9374 0 1657
9375 0 5412
9375 0 5
9375 0 7877
9375 0 2247
9375 0 2253
9375 0 1776
9375 0 4852
9376 0 1580
9377 0 105
9378 0 356
9379 0 1506
9379 0 795
9379 0 140
9380 0 1241
9381 0 1539
9382 0 3959
9383 0 2801
9384 0 11669
9385 0 8
9386 0 4912
9388 0 11672
9389 0 5311
9389 0 375
9389 0 271
9390 0 11674
9391 0 651
9392 0 6672
9392 0 300
9392 0 103
9393 0 349
9393 0 13230
9394 0 275
9395 0 12577
9395 0 10309
9395 0 198
9395 0 139
9395 0 4047
9395 0 3002
9397 0 11050
9397 0 12339
9397 0 5
9397 0 543
9398 0 265
9400 0 646
9401 0 5
9403 0 18
9404 0 2923
9404 0 75
9404 0 349
9404 0 13246
9404 0 1983
9406 0 2489
9407 0 6546
9407 0 6451
9407 0 2230
9408 0 3771
9409 0 2624
9409 0 9650
9409 0 1910
9410 0 3352
9412 0 5571
9413 0 3270
9414 0 5
9415 0 11696
9415 0 11707
9415 0 11712
9416 0 5
9417 0 4319
9418 0 1645
9419 0 550
9419 0 4272
9419 0 7444
9419 0 1590
9419 0 1975
9419 0 6971
9419 0 6495
9420 0 3557
9421 0 1354
9421 0 3917
9421 0 10964
9421 0 823
9421 0 11384
9422 0 11722
9422 0 11723
9422 0 53
9422 0 2007
9422 0 536
9423 0 385
9424 0 10706
9424 0 1043
9424 0 633
9424 0 3930
9424 0 5855
9425 0 1740
9425 0 1165
9426 0 7552
9426 0 7297
9426 0 11717
9426 0 1990
9426 0 8
9426 0 5743
9426 0 1842
9426 0 1363
9426 0 665
9426 0 95
9427 0 11735
9428 0 8
9429 0 1110
9430 0 5061
9431 0 9963
9432 0 5481
9432 0 618
9432 0 273
9432 0 853
9432 0 601
9433 0 24
9433 0 81
9433 0 416
9433 0 2736
9434 0 2257
9434 0 4723
9434 0 1334
9435 0 269
9436 0 5
9437 0 6947
9438 0 3832
9439 0 7220
9442 0 1144
9442 0 4275
9442 0 11747
9443 0 1916
9444 0 793
9445 0 11741
9445 0 11742
9446 0 11749
9447 0 212
9448 0 1977
9448 0 743
9449 0 2560
9450 0 9860
9450 0 5
9450 0 645
9450 0 9865
9450 0 3214
9450 0 2458
9450 0 1947
9450 0 3229
9450 0 1310
9450 0 36
9450 0 940
9450 0 6828
9450 0 692
9450 0 951
9450 0 1084
9450 0 445
9450 0 3261
9450 0 4928
9450 0 2762
9450 0 2256
9450 0 466
9450 0 348
9450 0 609
9450 0 2551
9450 0 510
9452 0 13273
9452 0 356
9452 0 6407
9453 0 2825
9453 0 5010
9453 0 533
9453 0 24
9453 0 7065
9453 0 538
9453 0 171
9453 0 9395
9453 0 9781
9453 0 1590
9453 0 823
9453 0 9782
9453 0 4040
9453 0 5449
9453 0 4444
9453 0 4445
9453 0 4446
9453 0 4447
9453 0 8929
9453 0 8932
9453 0 624
9453 0 4082
9454 0 8
9455 0 13281
9457 0 5212
9458 0 9072
9459 0 2086
9459 0 1711
9459 0 90
9459 0 3003
9459 0 4031
9460 0 1383
9461 0 2579
9462 0 1539
9463 0 7119
9464 0 3849
9464 0 4051
9466 0 275
9467 0 3755
9468 0 4218
9469 0 3974
9471 0 8
9472 0 823
9473 0 11761
9474 0 2580
9475 0 539
9476 0 2791
9476 0 13289
9476 0 400
9476 0 631
9476 0 4031
9478 0 1198
9479 0 7609
9480 0 11776
9481 0 13297
9481 0 2413
9482 0 11259
9482 0 3214
9483 0 11768
9483 0 11770
9485 0 2739
9486 0 3271
9487 0 3062
9488 0 5858
9488 0 11779
9488 0 11781
9488 0 5990
9488 0 8646
9488 0 7272
9488 0 7273
9488 0 11782
9488 0 11783
9488 0 3635
9488 0 6071
9488 0 254
9490 0 361
9490 0 5
9490 0 3317
9490 0 7111
9491 0 5952
9491 0 3394
9491 0 11785
9491 0 11787
9491 0 4173
9491 0 1488
9491 0 2904
9491 0 2039
9491 0 376
9491 0 3198
9493 0 5
9494 0 5
9494 0 6423
9495 0 1840
9496 0 11772
9496 0 1065
9496 0 2548
9497 0 3704
9498 0 8
9499 0 5
9500 0 346
9500 0 6674
9500 0 103
9501 0 103
9502 0 503
9503 0 964
9504 0 5002
9505 0 2303
9506 0 11775
9507 0 5
9508 0 2769
9508 0 330
9508 0 5164
9508 0 10566
9509 0 3998
9511 0 164
9511 0 103
9511 0 1033
9511 0 2256
9511 0 539
9512 0 1886
9513 0 2496
9513 0 13313
9513 0 13314
9513 0 451
9513 0 4867
9513 0 5
9513 0 2565
9513 0 7911
9513 0 7784
9513 0 13315
9513 0 13317
9513 0 239
9513 0 7792
9513 0 3058
9513 0 7795
9513 0 535
9513 0 8921
9513 0 7806
9514 0 1809
9514 0 18
9514 0 5651
9514 0 6674
9514 0 413
9514 0 2463
9514 0 11811
9514 0 11814
9514 0 1841
9514 0 3257
9514 0 1084
9514 0 3261
9514 0 580
9514 0 582
9514 0 1230
9514 0 2002
9514 0 1108
9514 0 348
9514 0 5090
9514 0 2406
9514 0 1646
9514 0 3187
9514 0 1271
9514 0 2170
9514 0 510
9516 0 2352
9517 0 12
9519 0 13321
9520 0 400
9520 0 349
9521 0 3586
9521 0 6
9522 0 1378
9523 0 2720
9524 0 305
9526 0 1794
9526 0 5
9526 0 2566
9526 0 394
9526 0 3343
9526 0 9359
9526 0 5650
9526 0 1812
9526 0 1181
9526 0 6429
9526 0 3625
9526 0 175
9526 0 2223
9526 0 177
9526 0 4784
9526 0 2232
9526 0 11832
9526 0 1083
9526 0 1852
9526 0 5051
9526 0 1086
9526 0 10299
9526 0 321
9526 0 961
9526 0 6217
9526 0 1102
9526 0 727
9526 0 2519
9526 0 351
9526 0 355
9526 0 1251
9526 0 234
9526 0 624
9526 0 4976
9526 0 2674
9526 0 1780
9526 0 1653
9526 0 1270
9526 0 631
9527 0 5
9528 0 8929
9528 0 5432
9528 0 11841
9528 0 2148
9528 0 1415
9528 0 2856
9528 0 3720
9528 0 2994
9528 0 275
9528 0 7443
9528 0 11475
9528 0 1400
9528 0 1659
9528 0 924
9528 0 11837
9529 0 236
9530 0 1777
9530 0 13323
9531 0 2406
9532 0 5
9533 0 2579
9533 0 6295
9534 0 5
9536 0 8297
9538 0 5305
9539 0 5
9540 0 2021
9540 0 12365
9540 0 6581
9540 0 5973
9540 0 4663
9540 0 7578
9540 0 13019
9541 0 349
9541 0 3823
9542 0 510
9544 0 1622
9546 0 10853
9548 0 745
9552 0 9619
9553 0 2115
9554 0 5
9555 0 2294
9556 0 691
9557 0 5
9558 0 763
9559 0 13331
9560 0 23
9561 0 10519
9562 0 5
9563 0 2048
9563 0 645
9563 0 1933
9563 0 3473
9563 0 2835
9563 0 13334
9563 0 13335
9563 0 3352
9563 0 13338
9563 0 2844
9563 0 2848
9563 0 10273
9563 0 13346
9563 0 13350
9563 0 1449
9563 0 431
9563 0 8111
9563 0 690
9563 0 9651
9563 0 1847
9563 0 1468
9563 0 10687
9563 0 6721
9563 0 580
9563 0 1477
9563 0 454
9563 0 582
9563 0 968
9563 0 971
9563 0 844
9563 0 717
9563 0 972
9563 0 2891
9563 0 594
9563 0 213
9563 0 470
9563 0 2649
9563 0 347
9563 0 4189
9563 0 5981
9563 0 7396
9563 0 1772
9563 0 10478
9563 0 2162
9563 0 1655
9563 0 505
9563 0 506
9563 0 1787
9564 0 13351
9566 0 8691
9567 0 32
9567 0 961
9567 0 5597
9567 0 5
9567 0 265
9567 0 266
9567 0 3993
9567 0 413
9568 0 13355
9569 0 2257
9570 0 2048
9570 0 8576
9570 0 3586
9570 0 4099
9570 0 3719
9570 0 9135
9570 0 690
9570 0 4150
9570 0 4795
9570 0 8383
9570 0 834
9570 0 972
9570 0 2910
9570 0 224
9570 0 868
9570 0 12901
9570 0 3055
9570 0 6009
9570 0 8575
9571 0 7733
9572 0 2385
9574 0 218
9575 0 7592
9575 0 10122
9576 0 6559
9577 0 8131
9577 0 2566
9577 0 266
9577 0 2252
9577 0 2485
9577 0 1052
9577 0 63
9578 0 5
9578 0 2719
9580 0 10875
9580 0 13
9580 0 231
9581 0 10877
9582 0 1854
9584 0 11273
9584 0 11275
9584 0 2577
9584 0 8214
9584 0 6555
9584 0 2091
9584 0 942
9584 0 13370
9584 0 13371
9584 0 13372
9584 0 8765
9584 0 13373
9584 0 13374
9584 0 5952
9584 0 7617
9584 0 13376
9584 0 968
9584 0 77
9584 0 1371
9584 0 13287
9584 0 6892
9584 0 1786
9585 0 5
9586 0 4049
9586 0 388
9586 0 348
9588 0 356
9589 0 2413
9589 0 2551
9593 0 7730
9593 0 271
9594 0 3593
9595 0 9092
9596 0 1698
9596 0 515
9596 0 14082
9596 0 3145
9596 0 6544
9596 0 5330
9596 0 10230
9596 0 11223
9596 0 5593
9596 0 3740
9597 0 1556
9598 0 356
9599 0 24
9600 0 5
9601 0 1876
9602 0 5
9603 0 510
9604 0 4671
9605 0 1010
9606 0 2784
9606 0 4329
9606 0 6933
9608 0 8
9609 0 943
9610 0 496
9611 0 349
9613 0 2562
9613 0 636
9614 0 10880
9614 0 385
9614 0 1413
9614 0 4614
9614 0 1800
9614 0 2442
9614 0 395
9614 0 3231
9614 0 5289
9614 0 2090
9614 0 3254
9614 0 4283
9614 0 3404
9614 0 81
9614 0 2136
9614 0 480
9614 0 4450
9614 0 4451
9614 0 3940
9614 0 869
9614 0 4452
9614 0 4455
9614 0 360
9614 0 4460
9614 0 4461
9614 0 246
9615 0 5
9616 0 3769
9617 0 105
9618 0 1336
9618 0 3070
9619 0 8865
9619 0 6131
9620 0 5
9621 0 6
9622 0 1885
9622 0 2342
9623 0 2498
9624 0 4529
9625 0 8
9625 0 5
9626 0 1110
9627 0 4682
9628 0 2697
9629 0 103
9629 0 8
9629 0 105
9629 0 10
9629 0 4715
9629 0 11881
9629 0 11885
9629 0 2416
9629 0 6928
9629 0 1043
9629 0 692
9629 0 10741
9629 0 95
9630 0 7168
9631 0 1977
9631 0 5
9631 0 6053
9632 0 10991
9632 0 13396
9632 0 13397
9632 0 431
9633 0 2280
9633 0 1110
9634 0 4388
9634 0 7976
9634 0 206
9634 0 849
9634 0 2513
9634 0 13400
9634 0 11931
9635 0 2581
9636 0 13402
9636 0 526
9636 0 63
9637 0 5
9638 0 8
9639 0 75
9640 0 4477
9641 0 1024
9643 0 240
9643 0 13404
9643 0 5758
9644 0 9673
9644 0 362
9644 0 6117
9645 0 13408
9645 0 13411
9645 0 1732
9645 0 4583
9645 0 1545
9645 0 1834
9645 0 2891
9645 0 11308
9645 0 9936
9645 0 1745
9645 0 1465
9645 0 1247
9646 0 3680
9646 0 10
9646 0 1996
9646 0 5
9647 0 13188
9648 0 10688
9649 0 11904
9650 0 5883
9651 0 1518
9652 0 7634
9653 0 478
9654 0 2598
9655 0 114
9656 0 504
9656 0 5273
9656 0 283
9656 0 285
9656 0 8094
9657 0 7584
9658 0 5
9659 0 5
9660 0 6786
9660 0 8
9660 0 11912
9660 0 3083
9660 0 81
9660 0 533
9660 0 3287
9661 0 10
9661 0 123
9661 0 3174
9661 0 4119
9662 0 2908
9663 0 5242
9664 0 7299
9664 0 13415
9664 0 9970
9664 0 7733
9664 0 2104
9664 0 1113
9664 0 283
9664 0 284
9664 0 285
9664 0 253
9665 0 11914
9667 0 5697
9667 0 1956
9667 0 5
9667 0 3528
9667 0 13418
9667 0 1260
9667 0 1777
9668 0 772
9668 0 5
9668 0 390
9668 0 1028
9668 0 8
9668 0 265
9668 0 8071
9668 0 3214
9668 0 24
9668 0 1695
9668 0 543
9668 0 2342
9668 0 10537
9668 0 9259
9668 0 1838
9668 0 10543
9668 0 1841
9668 0 2609
9668 0 5945
9668 0 3770
9668 0 6586
9668 0 578
9668 0 330
9668 0 717
9668 0 4814
9668 0 465
9668 0 4178
9668 0 4817
9668 0 1110
9668 0 3415
9668 0 3035
9668 0 348
9668 0 220
9668 0 11773
9668 0 3300
9668 0 2280
9668 0 13422
9668 0 13425
9668 0 13428
9668 0 1653
9668 0 10613
9668 0 4857
9668 0 3325
9669 0 2570
9669 0 5405
9671 0 1849
9671 0 8932
9672 0 955
9673 0 4846
9674 0 8
9675 0 5
9675 0 1801
9675 0 9359
9675 0 11922
9675 0 5907
9675 0 11925
9675 0 11926
9675 0 11927
9675 0 1305
9675 0 11931
9675 0 804
9675 0 4005
9675 0 4516
9675 0 6182
9675 0 4528
9675 0 5040
9675 0 2227
9675 0 8631
9675 0 2253
9675 0 8015
9675 0 342
9675 0 3670
9675 0 6358
9675 0 1374
9675 0 7266
9675 0 750
9675 0 4849
9675 0 634
9676 0 480
9677 0 6860
9678 0 5
9679 0 365
9681 0 2629
9681 0 349
9682 0 1824
9684 0 972
9684 0 6854
9685 0 1280
9686 0 1187
9687 0 1842
9689 0 10
9690 0 2387
9691 0 9530
9692 0 313
9693 0 5
9694 0 3248
9694 0 3246
9695 0 6818
9695 0 451
9695 0 11938
9695 0 11941
9695 0 3494
9695 0 11942
9695 0 11944
9695 0 77
9695 0 1710
9695 0 4916
9695 0 7636
9695 0 3996
9695 0 11934
9695 0 11935
9696 0 651
9696 0 1813
9696 0 3096
9696 0 6307
9696 0 1840
9696 0 1457
9696 0 11952
9696 0 11953
9696 0 11956
9696 0 7861
9696 0 11957
9696 0 4153
9696 0 1081
9696 0 7356
9696 0 9791
9696 0 11583
9696 0 11967
9696 0 11968
9696 0 68
9696 0 3908
9696 0 6220
9696 0 3665
9696 0 851
9696 0 5590
9696 0 2647
9696 0 3174
9696 0 379
9696 0 767
9697 0 3403
9699 0 9734
9700 0 730
9701 0 3995
9702 0 349
9703 0 819
9704 0 9390
9705 0 7189
9706 0 6402
9706 0 5
9707 0 10075
9708 0 13438
9709 0 8
9710 0 11973
9710 0 975
9711 0 13
9712 0 13440
9713 0 11975
9714 0 2011
9715 0 4926
9715 0 7189
9715 0 413
9715 0 4030
9716 0 12
9716 0 717
9717 0 2125
9718 0 7470
9719 0 1882
9719 0 779
9719 0 4276
9720 0 394
9720 0 490
9720 0 11860
9720 0 7863
9721 0 2784
9721 0 1061
9721 0 2674
9721 0 627
9721 0 1626
9721 0 253
9721 0 414
9722 0 853
9723 0 517
9723 0 2573
9723 0 24
9723 0 1570
9723 0 36
9723 0 10287
9723 0 9264
9723 0 51
9723 0 9278
9723 0 4164
9723 0 5703
9723 0 12873
9723 0 6224
9723 0 5717
9723 0 13398
9723 0 3165
9723 0 4702
9723 0 3169
9723 0 9336
9723 0 3192
9723 0 126
9723 0 3710
9723 0 644
9723 0 13444
9723 0 13445
9723 0 13447
9723 0 5256
9723 0 13452
9723 0 13453
9723 0 13457
9723 0 13458
9723 0 4755
9723 0 13460
9723 0 13461
9723 0 13462
9723 0 2712
9723 0 3233
9723 0 1208
9723 0 1723
9723 0 730
9723 0 1755
9723 0 5856
9723 0 8186
9723 0 9963
9723 0 237
9723 0 240
9723 0 756
9723 0 4857
9723 0 763
9723 0 253
9723 0 256
9723 0 3844
9723 0 778
9723 0 3853
9723 0 5916
9723 0 1872
9723 0 349
9723 0 10594
9723 0 5499
9723 0 380
9723 0 4992
9723 0 4481
9723 0 908
9723 0 4504
9723 0 8092
9723 0 413
9723 0 3491
9723 0 1970
9723 0 2000
9723 0 4561
9723 0 467
9723 0 482
9723 0 6114
9723 0 8677
9723 0 4583
9723 0 489
9723 0 491
9723 0 494
9723 0 506
9723 0 6650
9723 0 1021
9723 0 510
9724 0 269
9725 0 3259
9727 0 10240
9727 0 3523
9727 0 13464
9730 0 465
9730 0 275
9730 0 1489
9730 0 5
9731 0 851
9732 0 451
9732 0 10052
9732 0 11982
9733 0 548
9734 0 2795
9735 0 1305
9736 0 4796
9737 0 3257
9737 0 1451
9737 0 7883
9737 0 2638
9737 0 275
9737 0 2297
9737 0 1179
9738 0 11293
9739 0 269
9740 0 451
9740 0 2571
9740 0 75
9740 0 5998
9740 0 438
9740 0 6431
9741 0 10064
9742 0 2092
9742 0 2807
9742 0 9272
9742 0 13467
9742 0 6684
9742 0 4127
9743 0 2673
9744 0 5
9745 0 11992
9746 0 5209
9747 0 5806
9748 0 2556
9748 0 10228
9749 0 81
9749 0 380
9749 0 1310
9750 0 12067
9751 0 68
9752 0 4535
9753 0 5665
9753 0 9185
9753 0 387
9753 0 10497
9753 0 12005
9753 0 9418
9753 0 8300
9753 0 4205
9753 0 4782
9753 0 5777
9753 0 1335
9753 0 2297
9753 0 348
9753 0 11999
9754 0 666
9754 0 117
9754 0 510
9755 0 1732
9756 0 356
9756 0 10
9756 0 203
9756 0 140
9756 0 141
9756 0 6155
9756 0 881
9756 0 10898
9756 0 1683
9756 0 1142
9757 0 2989
9757 0 12014
9758 0 265
9759 0 151
9761 0 2427
9762 0 1345
9763 0 5
9764 0 672
9764 0 251
9765 0 1474
9765 0 451
9765 0 557
9765 0 438
9766 0 8
9766 0 10
9766 0 10170
9767 0 12
9768 0 356
9769 0 1474
9770 0 3844
9772 0 5
9773 0 6217
9775 0 18
9776 0 3716
9778 0 12023
9780 0 12025
9781 0 3904
9781 0 4697
9781 0 12029
9782 0 13480
9782 0 12029
9782 0 431
9783 0 4594
9785 0 5082
9786 0 2297
9786 0 3257
9787 0 8183
9788 0 103
9789 0 1345
9790 0 1851
9791 0 290
9791 0 7206
9791 0 4968
9791 0 3088
9791 0 4666
9791 0 90
9791 0 1051
9791 0 95
9792 0 7358
9793 0 1010
9794 0 8
9796 0 3355
9797 0 8504
9798 0 7619
9798 0 4516
9798 0 9931
9798 0 18
9798 0 2643
9798 0 13492
9800 0 8357
9800 0 9943
9801 0 742
9802 0 1970
9803 0 1841
9803 0 123
9803 0 2406
9804 0 8706
9804 0 8707
9804 0 8
9804 0 4234
9804 0 3468
9804 0 10898
9804 0 918
9804 0 7063
9804 0 1440
9804 0 5920
9804 0 3752
9804 0 942
9804 0 11695
9804 0 3895
9804 0 13495
9804 0 13496
9804 0 9530
9804 0 13497
9804 0 13500
9804 0 575
9804 0 8511
9804 0 10175
9804 0 13504
9804 0 3651
9804 0 324
9804 0 1861
9804 0 13505
9804 0 13506
9804 0 13511
9804 0 77
9804 0 4693
9804 0 3673
9804 0 5088
9804 0 7136
9804 0 6892
9804 0 5113
9804 0 635
9805 0 928
9805 0 8291
9805 0 6949
9805 0 679
9805 0 1260
9805 0 13516
9805 0 13517
9805 0 1935
9805 0 1392
9805 0 1840
9805 0 121
9805 0 3068
9806 0 3840
9806 0 7490
9806 0 1061
9806 0 3406
9807 0 5
9807 0 901
9807 0 1061
9807 0 105
9807 0 12
9807 0 4044
9807 0 240
9807 0 506
9807 0 3165
9808 0 12288
9810 0 4664
9811 0 13530
9812 0 2381
9814 0 5468
9815 0 13532
9815 0 7236
9815 0 13533
9815 0 2206
9816 0 5
9817 0 7169
9817 0 14086
9817 0 14087
9817 0 8457
9817 0 12044
9817 0 12046
9817 0 12047
9817 0 4886
9817 0 12054
9817 0 2720
9817 0 4403
9817 0 1716
9817 0 1204
9817 0 8504
9817 0 10041
9817 0 2498
9817 0 707
9817 0 5068
9817 0 7384
9817 0 4201
9817 0 238
9817 0 3199
9818 0 4494
9819 0 533
9820 0 62
9822 0 6619
9823 0 618
9825 0 12061
9825 0 4827
9825 0 5
9826 0 2631
9827 0 5290
9828 0 2618
9829 0 2618
9830 0 342
9831 0 227
9831 0 13542
9831 0 11016
9831 0 627
9831 0 2293
9831 0 506
9831 0 6301
9832 0 4535
9834 0 5850
9835 0 56
9835 0 12065
9835 0 12064
9836 0 12066
9836 0 995
9836 0 645
9836 0 6
9836 0 1230
9836 0 4848
9836 0 18
9836 0 4532
9836 0 1367
9837 0 103
9838 0 3027
9840 0 13545
9841 0 265
9842 0 1518
9842 0 6769
9842 0 2646
9842 0 2363
9842 0 4829
9843 0 2752
9843 0 5037
9844 0 1757
9844 0 5
9844 0 4048
9846 0 12075
9847 0 1282
9848 0 1024
9849 0 717
9850 0 338
9850 0 1157
9851 0 5
9852 0 11426
9853 0 618
9854 0 5524
9854 0 397
9855 0 2811
9856 0 819
9857 0 1795
9857 0 5636
9857 0 5
9857 0 394
9857 0 149
9857 0 1052
9857 0 11678
9857 0 1061
9857 0 2297
9857 0 1592
9857 0 5816
9857 0 3263
9857 0 10052
9857 0 2375
9857 0 2255
9857 0 12886
9857 0 1882
9857 0 95
9857 0 609
9857 0 8546
9857 0 4711
9857 0 8941
9857 0 13552
9857 0 13553
9857 0 3058
9857 0 3703
9857 0 4985
9857 0 3708
9858 0 13554
9859 0 2696
9859 0 1674
9859 0 404
9859 0 2581
9859 0 6424
9859 0 13088
9859 0 12710
9859 0 167
9859 0 1199
9859 0 5168
9859 0 4416
9859 0 9152
9859 0 9153
9859 0 10315
9859 0 10316
9859 0 6611
9859 0 220
9859 0 2022
9859 0 103
9859 0 251
9859 0 114
9859 0 13555
9859 0 13560
9859 0 2171
9861 0 8
9861 0 1301
9862 0 1374
9864 0 624
9865 0 1376
9866 0 288
9867 0 2251
9867 0 13
9868 0 3751
9869 0 266
9869 0 1809
9869 0 18
9869 0 2513
9869 0 12081
9869 0 117
9869 0 11483
9869 0 510
9870 0 12242
9870 0 275
9871 0 730
9871 0 12
9872 0 1472
9872 0 643
9872 0 356
9872 0 455
9872 0 103
9872 0 1415
9872 0 6155
9872 0 269
9872 0 10287
9872 0 17
9872 0 10963
9872 0 1366
9872 0 4407
9872 0 6041
9872 0 1466
9872 0 13215
9873 0 898
9874 0 1481
9874 0 13178
9874 0 995
9874 0 8055
9875 0 12206
9875 0 126
9876 0 3772
9877 0 103
9878 0 352
9879 0 1626
9880 0 3172
9881 0 13567
9882 0 90
9883 0 10905
9884 0 3930
9885 0 5571
9886 0 7050
9887 0 12083
9887 0 12085
9888 0 3780
9889 0 2591
9890 0 5
9891 0 5
9892 0 8448
9892 0 13571
9892 0 1708
9892 0 13357
9892 0 4078
9892 0 7380
9892 0 6361
9893 0 8
9893 0 2449
9893 0 1809
9893 0 24
9893 0 6681
9893 0 349
9894 0 12092
9896 0 2256
9897 0 3673
9898 0 13355
9898 0 911
9898 0 2736
9898 0 2233
9898 0 6682
9898 0 796
9898 0 349
9900 0 90
9900 0 13578
9900 0 4805
9901 0 8
9902 0 4934
9903 0 679
9904 0 2375
9906 0 568
9907 0 356
9908 0 290
9908 0 2565
9908 0 5898
9908 0 13580
9908 0 13581
9908 0 81
9908 0 7545
9909 0 1546
9910 0 13584
9911 0 8
9912 0 1580
9913 0 9747
9914 0 5345
9914 0 898
9914 0 8770
9914 0 837
9914 0 204
9914 0 11596
9914 0 2736
9914 0 1713
9914 0 4252
9914 0 13585
9914 0 3483
9914 0 5620
9914 0 7412
9914 0 9239
9914 0 13586
9914 0 13587
9914 0 2075
9914 0 3484
9915 0 681
9916 0 7206
9916 0 4574
9917 0 11128
9917 0 91
9918 0 7683
9918 0 5124
9918 0 13588
9918 0 13591
9918 0 10649
9918 0 13597
9918 0 13604
9918 0 13606
9918 0 13607
9918 0 562
9918 0 6322
9918 0 1592
9918 0 1721
9918 0 8509
9918 0 969
9918 0 844
9918 0 9299
9918 0 5981
9918 0 2912
9918 0 5356
9918 0 111
9919 0 3505
9920 0 1344
9921 0 64
9921 0 673
9921 0 675
9921 0 13616
9921 0 13617
9922 0 4507
9924 0 9448
9926 0 4864
9927 0 72
9928 0 9449
9929 0 1809
9930 0 7452
9931 0 3382
9931 0 470
9931 0 1310
9934 0 3875
9934 0 3877
9934 0 8341
9934 0 1851
9934 0 2494
9935 0 12315
9935 0 2395
9935 0 795
9935 0 5
9936 0 9157
9937 0 1230
9938 0 1732
9938 0 5
9938 0 3173
9938 0 4463
9938 0 81
9938 0 4881
9938 0 9714
9938 0 1109
9938 0 537
9938 0 283
9938 0 284
9938 0 285
9939 0 1086
9940 0 4512
9940 0 578
9940 0 1539
9940 0 8003
9940 0 5
9940 0 742
9940 0 10216
9940 0 1931
9940 0 1681
9940 0 1716
9940 0 4665
9940 0 2172
9940 0 3357
9941 0 4796
9941 0 759
9942 0 6928
9942 0 9239
9942 0 8479
9942 0 1058
9942 0 1065
9942 0 12331
9942 0 12336
9942 0 689
9942 0 12337
9942 0 12339
9942 0 8647
9942 0 329
9942 0 90
9942 0 859
9942 0 5743
9942 0 2416
9942 0 7539
9942 0 1913
9942 0 7547
9943 0 601
9944 0 2930
9945 0 5259
9945 0 822
9946 0 1037
9947 0 3900
9947 0 9734
9947 0 651
9947 0 2513
9947 0 3477
9947 0 1244
9948 0 5711
9949 0 4328
9949 0 5675
9950 0 2720
9950 0 2784
9950 0 582
9950 0 102
9950 0 14088
9950 0 2762
9950 0 2891
9950 0 10128
9950 0 2392
9950 0 4925
9951 0 649
9952 0 7473
9953 0 10246
9954 0 72
9954 0 75
9955 0 12347
9955 0 12346
9955 0 3179
9956 0 5
9957 0 5054
9957 0 3614
9957 0 5055
9958 0 6546
9958 0 6451
9959 0 1944
9959 0 1941
9960 0 1477
9961 0 474
9962 0 6648
9963 0 3811
9963 0 1110
9964 0 1640
9965 0 9765
9965 0 3462
9965 0 103
9965 0 1033
9965 0 4830
9965 0 763
9965 0 125
9965 0 4542
9965 0 2719
9966 0 2040
9967 0 4295
9969 0 3505
9970 0 4074
9971 0 262
9972 0 795
9972 0 3019
9972 0 81
9972 0 665
9972 0 635
9972 0 318
9972 0 95
9973 0 2020
9973 0 1477
9973 0 1271
9974 0 8904
9974 0 11586
9974 0 1332
9975 0 1363
9976 0 3877
9977 0 3532
9979 0 4183
9980 0 18
9980 0 510
9980 0 1351
9981 0 12320
9982 0 1
9982 0 703
9984 0 1899
9985 0 546
9986 0 7836
9989 0 8
9989 0 1460
9990 0 385
9990 0 641
9990 0 1506
9990 0 356
9990 0 484
9990 0 5219
9990 0 10307
9990 0 850
9990 0 3316
9990 0 2618
9990 0 3004
9993 0 4535
9994 0 5
9995 0 918
9996 0 9779
9997 0 10120
9997 0 12242
9997 0 410
9997 0 2413
9998 0 3469
9999 0 489
9999 0 4585
9999 0 14089
9999 0 2540
9999 0 14090
9999 0 7602
9999 0 4697
9999 0 9790
10000 0 8
10000 0 3028
10001 0 5120
10001 0 1676
10003 0 103
10005 0 2529
10005 0 8700
10005 0 1271
10006 0 22
10007 0 56
10008 0 12384
10008 0 212
10008 0 2261
10009 0 10
10010 0 62
10011 0 2510
10012 0 8129
10012 0 11747
10012 0 592
10012 0 4978
10012 0 1657
10012 0 284
10013 0 4379
10014 0 64
10014 0 1412
10014 0 5
10014 0 1805
10014 0 1781
10014 0 4701
10015 0 8
10015 0 9803
10015 0 4240
10016 0 1640
10017 0 2138
10017 0 9805
10018 0 6144
10018 0 2852
10018 0 10
10018 0 4369
10018 0 3574
10020 0 6402
10020 0 2565
10020 0 1933
10020 0 7698
10020 0 8107
10020 0 4404
10020 0 2231
10020 0 3772
10020 0 9278
10020 0 4031
10020 0 594
10020 0 9813
10020 0 9817
10020 0 1375
10020 0 9824
10020 0 866
10020 0 9830
10020 0 1271
10020 0 5116
10022 0 4387
10022 0 5374
10023 0 471
10025 0 11789
10026 0 5
10027 0 355
10028 0 7266
10028 0 5
10028 0 12423
10028 0 12425
10028 0 3036
10028 0 11036
10029 0 5
10029 0 6
10029 0 7
10029 0 8
10029 0 10
10029 0 2058
10029 0 4106
10029 0 15
10029 0 18
10029 0 10263
10029 0 2077
10029 0 36
10029 0 2092
10029 0 4151
10029 0 56
10029 0 2115
10029 0 72
10029 0 4169
10029 0 4170
10029 0 6217
10029 0 91
10029 0 109
10029 0 110
10029 0 8305
10029 0 117
10029 0 120
10029 0 123
10029 0 2172
10029 0 4225
10029 0 2186
10029 0 12426
10029 0 10380
10029 0 12434
10029 0 152
10029 0 12441
10029 0 12444
10029 0 12445
10029 0 12447
10029 0 12448
10029 0 12452
10029 0 12455
10029 0 12457
10029 0 12460
10029 0 12462
10029 0 12463
10029 0 176
10029 0 178
10029 0 12466
10029 0 180
10029 0 4279
10029 0 12473
10029 0 12474
10029 0 12476
10029 0 2244
10029 0 197
10029 0 6340
10029 0 2247
10029 0 200
10029 0 8389
10029 0 12484
10029 0 12486
10029 0 12487
10029 0 205
10029 0 12488
10029 0 12489
10029 0 12490
10029 0 2257
10029 0 12495
10029 0 12500
10029 0 2261
10029 0 2262
10029 0 218
10029 0 12508
10029 0 4320
10029 0 8417
10029 0 2280
10029 0 234
10029 0 12522
10029 0 238
10029 0 12529
10029 0 12530
10029 0 12531
10029 0 12533
10029 0 2297
10029 0 12545
10029 0 12549
10029 0 12550
10029 0 263
10029 0 8456
10029 0 10504
10029 0 12551
10029 0 267
10029 0 268
10029 0 269
10029 0 4363
10029 0 12552
10029 0 12554
10029 0 12556
10029 0 12557
10029 0 12562
10029 0 12563
10029 0 12565
10029 0 12566
10029 0 2327
10029 0 12567
10029 0 12570
10029 0 6429
10029 0 12573
10029 0 12576
10029 0 289
10029 0 12578
10029 0 12582
10029 0 4399
10029 0 12594
10029 0 2357
10029 0 2360
10029 0 12600
10029 0 12610
10029 0 2372
10029 0 2373
10029 0 2376
10029 0 337
10029 0 2395
10029 0 351
10029 0 6501
10029 0 4461
10029 0 4465
10029 0 10613
10029 0 6521
10029 0 6524
10029 0 388
10029 0 10629
10029 0 391
10029 0 6538
10029 0 2450
10029 0 405
10029 0 406
10029 0 4502
10029 0 10645
10029 0 10652
10029 0 4527
10029 0 4532
10029 0 2485
10029 0 2497
10029 0 10699
10029 0 474
10029 0 2532
10029 0 496
10029 0 2544
10029 0 506
10029 0 507
10029 0 510
10029 0 4617
10029 0 523
10029 0 525
10029 0 6680
10029 0 539
10029 0 4647
10029 0 4657
10029 0 6708
10029 0 4661
10029 0 567
10029 0 8768
10029 0 6722
10029 0 580
10029 0 582
10029 0 583
10029 0 2635
10029 0 10834
10029 0 2645
10029 0 2655
10029 0 4723
10029 0 631
10029 0 634
10029 0 2685
10029 0 4735
10029 0 648
10029 0 651
10029 0 2708
10029 0 2712
10029 0 681
10029 0 6827
10029 0 691
10029 0 2751
10029 0 2762
10029 0 717
10029 0 10957
10029 0 10963
10029 0 727
10029 0 755
10029 0 756
10029 0 2807
10029 0 2812
10029 0 2814
10029 0 774
10029 0 793
10029 0 11052
10029 0 4911
10029 0 4915
10029 0 822
10029 0 837
10029 0 9031
10029 0 843
10029 0 845
10029 0 4945
10029 0 2901
10029 0 855
10029 0 876
10029 0 881
10029 0 7028
10029 0 7050
10029 0 5047
10029 0 5049
10029 0 9152
10029 0 7120
10029 0 7122
10029 0 5076
10029 0 3038
10029 0 5091
10029 0 1010
10029 0 1012
10029 0 1021
10029 0 5146
10029 0 7208
10029 0 9266
10029 0 1084
10029 0 7235
10029 0 11337
10029 0 7243
10029 0 11344
10029 0 3163
10029 0 3168
10029 0 3172
10029 0 5221
10029 0 3178
10029 0 3187
10029 0 3197
10029 0 3203
10029 0 3214
10029 0 3224
10029 0 3225
10029 0 1179
10029 0 3231
10029 0 1187
10029 0 3237
10029 0 3252
10029 0 1208
10029 0 3257
10029 0 3261
10029 0 3264
10029 0 1230
10029 0 1235
10029 0 3296
10029 0 7394
10029 0 1251
10029 0 3300
10029 0 1254
10029 0 5351
10029 0 7400
10029 0 1282
10029 0 3342
10029 0 3343
10029 0 7440
10029 0 9488
10029 0 1311
10029 0 3365
10029 0 5423
10029 0 5426
10029 0 7477
10029 0 1336
10029 0 9531
10029 0 5436
10029 0 1344
10029 0 7490
10029 0 1358
10029 0 3427
10029 0 1382
10029 0 7530
10029 0 1423
10029 0 1444
10029 0 1469
10029 0 1470
10029 0 1484
10029 0 3556
10029 0 3562
10029 0 1516
10029 0 11758
10029 0 3572
10029 0 3573
10029 0 5620
10029 0 11769
10029 0 1553
10029 0 5650
10029 0 1560
10029 0 1564
10029 0 9780
10029 0 1592
10029 0 9828
10029 0 5735
10029 0 1644
10029 0 1652
10029 0 3708
10029 0 1667
10029 0 3719
10029 0 9865
10029 0 1694
10029 0 9900
10029 0 3767
10029 0 7877
10029 0 3793
10029 0 3802
10029 0 1776
10029 0 3825
10029 0 12017
10029 0 3832
10029 0 3836
10029 0 3837
10029 0 3840
10029 0 1801
10029 0 14091
10029 0 14094
10029 0 14095
10029 0 14096
10029 0 1809
10029 0 14097
10029 0 14098
10029 0 14099
10029 0 14101
10029 0 1838
10029 0 7992
10029 0 1849
10029 0 3900
10029 0 10081
10029 0 6023
10029 0 3977
10029 0 3989
10029 0 3993
10029 0 3994
10029 0 6041
10029 0 4008
10029 0 6064
10029 0 4022
10029 0 1976
10029 0 8131
10029 0 4040
10029 0 1994
10029 0 4046
10029 0 6094
10029 0 4051
10029 0 8152
10029 0 4057
10029 0 8153
10029 0 2011
10030 0 9832
10031 0 1302
10032 0 901
10032 0 266
10032 0 394
10032 0 1553
10032 0 1302
10032 0 3229
10032 0 4657
10032 0 1208
10032 0 5054
10032 0 65
10032 0 203
10032 0 1230
10032 0 2257
10032 0 2387
10032 0 349
10032 0 8033
10032 0 995
10032 0 740
10032 0 7909
10032 0 1645
10032 0 1398
10032 0 1271
10032 0 3837
10032 0 5374
10033 0 1558
10034 0 3171
10034 0 10212
10034 0 645
10034 0 2247
10034 0 2253
10034 0 2128
10034 0 177
10034 0 1083
10035 0 73
10036 0 1937
10037 0 1650
10038 0 290
10039 0 2301
10039 0 2220
10039 0 5
10039 0 5590
10040 0 1044
10041 0 935
10042 0 9463
10043 0 2992
10044 0 5
10045 0 1096
10045 0 217
10046 0 4623
10047 0 867
10048 0 35
10049 0 481
10049 0 2724
10049 0 4729
10049 0 964
10050 0 3618
10051 0 5126
10052 0 5126
10053 0 12632
10053 0 6386
10054 0 539
10055 0 352
10057 0 6604
10058 0 2371
10058 0 1222
10058 0 5990
10058 0 3248
10058 0 2751
10058 0 52
10058 0 1560
10058 0 4825
10058 0 2655
10059 0 15
10060 0 5
10061 0 885
10062 0 2979
10063 0 2688
10063 0 419
10063 0 8688
10063 0 12436
10063 0 2230
10063 0 12446
10064 0 2489
10065 0 2100
10067 0 9856
10067 0 644
10067 0 453
10067 0 1482
10067 0 9852
10067 0 9854
10068 0 2376
10068 0 6217
10069 0 5
10070 0 1801
10071 0 3573
10073 0 1427
10074 0 4576
10074 0 636
10075 0 1319
10075 0 8
10075 0 9959
10075 0 12649
10075 0 12650
10075 0 8144
10075 0 853
10075 0 6842
10075 0 5148
10075 0 3007
10076 0 5
10076 0 1044
10076 0 290
10076 0 1580
10076 0 6342
10076 0 2396
10076 0 352
10076 0 9186
10076 0 8039
10076 0 2795
10076 0 12651
10076 0 12652
10076 0 12654
10076 0 12655
10076 0 12656
10076 0 3698
10076 0 12659
10076 0 12662
10076 0 12663
10076 0 7935
10078 0 652
10079 0 5
10080 0 5
10081 0 5
10083 0 1841
10083 0 1084
10083 0 5047
10084 0 5
10085 0 8
10086 0 2712
10086 0 1849
10086 0 982
10086 0 4153
10087 0 355
10087 0 269
10087 0 2870
10087 0 1959
10088 0 2633
10088 0 2489
10088 0 9876
10089 0 12676
10090 0 1524
10091 0 558
10091 0 447
10092 0 935
10093 0 5811
10093 0 3846
10094 0 349
10095 0 10409
10095 0 269
10095 0 126
10097 0 568
10098 0 644
10098 0 3758
10101 0 4284
10102 0 7469
10103 0 1438
10104 0 12410
10105 0 264
10105 0 329
10105 0 715
10105 0 11215
10105 0 1809
10105 0 6962
10105 0 1109
10105 0 220
10106 0 9887
10107 0 8
10108 0 361
10109 0 8059
10109 0 9898
10109 0 9901
10109 0 2162
10109 0 1561
10109 0 2427
10109 0 8955
10111 0 258
10111 0 868
10111 0 519
10111 0 3272
10111 0 265
10111 0 81
10111 0 4978
10111 0 12696
10111 0 11005
10111 0 12222
10111 0 3743
10112 0 3610
10113 0 12485
10113 0 7243
10113 0 10641
10113 0 2131
10113 0 823
10113 0 9434
10113 0 9435
10113 0 12702
10114 0 3447
10115 0 5
10116 0 164
10117 0 9910
10118 0 645
10119 0 11313
10120 0 2002
10120 0 3299
10121 0 9920
10121 0 9921
10121 0 1190
10121 0 262
10121 0 9919
10122 0 1888
10122 0 7297
10122 0 5
10122 0 2086
10122 0 3391
10122 0 5669
10122 0 1355
10122 0 5036
10122 0 9932
10122 0 5456
10122 0 337
10122 0 5971
10122 0 1493
10122 0 4218
10122 0 349
10122 0 9630
10122 0 1727
10123 0 7860
10123 0 6215
10124 0 2042
10125 0 6144
10125 0 2627
10125 0 8006
10125 0 106
10125 0 491
10125 0 651
10125 0 557
10125 0 1807
10125 0 3663
10125 0 437
10125 0 438
10125 0 1466
10125 0 2814
10126 0 3872
10126 0 3726
10127 0 4682
10127 0 470
10128 0 6704
10128 0 139
10130 0 819
10131 0 451
10131 0 3830
10132 0 1334
10133 0 237
10133 0 510
10134 0 7338
10134 0 5299
10135 0 7427
10136 0 9469
10137 0 2496
10137 0 5858
10137 0 1634
10137 0 2660
10137 0 9908
10137 0 7609
10138 0 1152
10138 0 5344
10138 0 834
10138 0 835
10138 0 679
10138 0 551
10138 0 553
10138 0 2281
10138 0 4650
10138 0 9162
10138 0 11367
10138 0 9300
10138 0 10804
10138 0 1304
10138 0 12730
10138 0 12731
10138 0 12734
10139 0 1306
10141 0 3457
10141 0 396
10142 0 2551
10143 0 12738
10143 0 244
10145 0 3310
10146 0 506
10146 0 651
10146 0 9702
10147 0 5693
10147 0 2573
10148 0 400
10148 0 9722
10148 0 3179
10148 0 9053
10149 0 8
10151 0 3811
10151 0 12764
10151 0 12766
10151 0 4222
10152 0 5306
10152 0 707
10152 0 9974
10153 0 1024
10153 0 1481
10153 0 6182
10154 0 10754
10154 0 8099
10154 0 9991
10154 0 1064
10154 0 9992
10154 0 3756
10154 0 8496
10154 0 9977
10154 0 6588
10154 0 4509
10154 0 5278
10155 0 1840
10156 0 81
10157 0 601
10158 0 5
10159 0 1904
10160 0 10727
10161 0 159
10162 0 9970
10163 0 951
10164 0 4225
10165 0 9999
10166 0 5
10167 0 1204
10168 0 5187
10169 0 3328
10169 0 2521
10170 0 103
10171 0 2561
10171 0 131
10171 0 516
10171 0 5124
10171 0 6
10171 0 7
10171 0 5251
10171 0 10
10171 0 651
10171 0 12
10171 0 6412
10171 0 9487
10171 0 529
10171 0 7059
10171 0 2069
10171 0 22
10171 0 796
10171 0 798
10171 0 10022
10171 0 10024
10171 0 1578
10171 0 10028
10171 0 1325
10171 0 1327
10171 0 1456
10171 0 8685
10171 0 10032
10171 0 10037
10171 0 2233
10171 0 10042
10171 0 827
10171 0 2622
10171 0 320
10171 0 2496
10171 0 451
10171 0 5187
10171 0 197
10171 0 1477
10171 0 1478
10171 0 10053
10171 0 2635
10171 0 10062
10171 0 720
10171 0 81
10171 0 209
10171 0 3409
10171 0 4177
10171 0 2006
10171 0 2646
10171 0 608
10171 0 356
10171 0 3942
10171 0 3943
10171 0 3945
10171 0 875
10171 0 876
10171 0 877
10171 0 1646
10171 0 3838
10171 0 7660
10171 0 753
10171 0 3058
10171 0 3955
10171 0 3956
10171 0 3957
10171 0 3958
10171 0 8943
10171 0 2427
10171 0 766
10172 0 5
10173 0 2529
10173 0 519
10173 0 7820
10173 0 7853
10173 0 5102
10173 0 5103
10173 0 7824
10173 0 1489
10173 0 3090
10173 0 12524
10173 0 23
10173 0 1142
10173 0 599
10173 0 5654
10173 0 1562
10173 0 7839
10174 0 2324
10175 0 5
10176 0 513
10176 0 12802
10176 0 259
10176 0 1539
10176 0 7173
10176 0 6
10176 0 12804
10176 0 12806
10176 0 12809
10176 0 4497
10176 0 6804
10176 0 6421
10176 0 539
10176 0 796
10176 0 5788
10176 0 3102
10176 0 289
10176 0 1578
10176 0 4025
10176 0 1723
10176 0 3259
10176 0 5567
10176 0 8391
10176 0 6094
10176 0 8911
10176 0 209
10176 0 1883
10176 0 3170
10176 0 227
10176 0 3945
10176 0 6633
10176 0 240
10176 0 2545
10176 0 1142
10176 0 2551
10176 0 12796
10176 0 1271
10176 0 5116
10176 0 1021
10176 0 6015
10177 0 12810
10178 0 7051
10178 0 12811
10178 0 2030
10178 0 1838
10178 0 2321
10178 0 599
10178 0 445
10183 0 8
10184 0 2289
10185 0 6915
10185 0 6
10185 0 2697
10185 0 18
10185 0 3993
10185 0 666
10185 0 2092
10185 0 1838
10185 0 2376
10185 0 474
10185 0 6493
10185 0 3168
10185 0 1379
10185 0 3172
10185 0 1645
10185 0 10094
10185 0 2291
10185 0 1652
10185 0 2297
10186 0 526
10188 0 3170
10188 0 1020
10188 0 6543
10190 0 2986
10190 0 2970
10190 0 10112
10190 0 5
10191 0 261
10191 0 5983
10192 0 12816
10192 0 1375
10193 0 437
10194 0 10117
10195 0 8
10196 0 10120
10197 0 1460
10198 0 8
10198 0 1236
10198 0 484
10199 0 5
10199 0 551
10199 0 552
10199 0 10132
10199 0 1110
10199 0 2908
10199 0 189
10200 0 5643
10201 0 7284
10202 0 1545
10202 0 533
10202 0 5
10203 0 1546
10204 0 5
10205 0 7119
10206 0 5
10206 0 10142
10209 0 4731
10210 0 12824
10210 0 3875
10211 0 8396
10212 0 1084
10212 0 582
10213 0 5926
10214 0 3259
10215 0 3840
10215 0 5
10215 0 6487
10215 0 2463
10216 0 727
10217 0 226
10217 0 1932
10218 0 8
10219 0 4910
10220 0 7209
10222 0 10179
10222 0 1931
10222 0 496
10222 0 727
10222 0 6974
10222 0 1311
10223 0 10182
10224 0 12829
10225 0 1536
10225 0 1794
10225 0 5
10225 0 1414
10225 0 6154
10225 0 267
10225 0 12
10225 0 2318
10225 0 275
10225 0 6804
10225 0 27
10225 0 31
10225 0 2721
10225 0 1314
10225 0 35
10225 0 2851
10225 0 3748
10225 0 4385
10225 0 12833
10225 0 12838
10225 0 12839
10225 0 1966
10225 0 5423
10225 0 2045
10225 0 6706
10225 0 1971
10225 0 1972
10225 0 6452
10225 0 9526
10225 0 6455
10225 0 12849
10225 0 1596
10225 0 11459
10225 0 581
10225 0 1100
10225 0 1872
10225 0 81
10225 0 594
10225 0 1235
10225 0 4825
10225 0 90
10225 0 608
10225 0 226
10225 0 103
10225 0 5863
10225 0 489
10225 0 1130
10225 0 3437
10225 0 6253
10225 0 240
10225 0 1010
10225 0 243
10225 0 1396
10225 0 245
10225 0 1146
10225 0 253
10225 0 2046
10225 0 2047
10226 0 6158
10229 0 10185
10231 0 10190
10231 0 10191
10232 0 5
10233 0 5152
10234 0 5088
10236 0 10195
10238 0 7111
10238 0 8775
10238 0 1488
10238 0 1073
10238 0 2911
10239 0 3115
10240 0 232
10241 0 3706
10242 0 5
10243 0 7746
10243 0 10215
10243 0 10216
10243 0 266
10243 0 1931
10243 0 10218
10243 0 7251
10243 0 349
10244 0 429
10244 0 81
10244 0 1009
10244 0 10227
10244 0 10229
10244 0 10230
10244 0 10233
10244 0 10234
10244 0 4414
10246 0 2814
10247 0 220
10248 0 1090
10249 0 346
10250 0 12877
10251 0 5
10252 0 2247
10253 0 5
10253 0 4935
10253 0 1396
10253 0 5527
10253 0 7899
10253 0 1821
10254 0 1622
10255 0 248
10256 0 4576
10256 0 10250
10257 0 594
10259 0 4260
10260 0 2596
10261 0 431
10262 0 5623
10263 0 9632
10263 0 12075
10263 0 10254
10264 0 95
10265 0 3073
10265 0 6920
10265 0 395
10265 0 10255
10265 0 16
10265 0 10257
10265 0 10259
10265 0 2585
10265 0 3507
10265 0 9530
10265 0 2879
10265 0 74
10265 0 81
10265 0 721
10265 0 5715
10265 0 8021
10265 0 90
10265 0 1142
10265 0 9852
10266 0 3931
10267 0 994
10267 0 743
10267 0 8
10267 0 1995
10267 0 3660
10267 0 4724
10267 0 8247
10267 0 2491
10267 0 95
10268 0 3471
10269 0 1451
10269 0 3118
10269 0 12888
10269 0 12889
10269 0 11005
10271 0 2385
10271 0 889
10272 0 4866
10272 0 5253
10272 0 6
10272 0 3974
10272 0 395
10272 0 8335
10272 0 2064
10272 0 18
10272 0 151
10272 0 10267
10272 0 2844
10272 0 13723
10272 0 10271
10272 0 1824
10272 0 10273
10272 0 802
10272 0 3234
10272 0 10276
10272 0 1446
10272 0 2475
10272 0 10285
10272 0 10287
10272 0 5042
10272 0 951
10272 0 2233
10272 0 1468
10272 0 4926
10272 0 3263
10272 0 10313
10272 0 594
10272 0 467
10272 0 13653
10272 0 727
10272 0 2136
10272 0 601
10272 0 1375
10272 0 9952
10272 0 7526
10272 0 1516
10272 0 1644
10272 0 1014
10272 0 1271
10272 0 506
10272 0 1787
10274 0 7224
10274 0 3090
10275 0 10320
10275 0 10319
10276 0 9856
10276 0 10329
10276 0 8899
10276 0 599
10276 0 2801
10276 0 1849
10276 0 62
10276 0 793
10276 0 2173
10276 0 894
10277 0 10332
10278 0 9478
10279 0 9531
10280 0 12896
10281 0 1310
10282 0 6338
10283 0 2261
10284 0 5
10285 0 2616
10285 0 3145
10285 0 1814
10285 0 263
10286 0 1444
10287 0 1345
10289 0 346
10290 0 3531
10290 0 3093
10290 0 598
10290 0 2107
10290 0 476
10290 0 1021
10291 0 1409
10293 0 3271
10294 0 269
10295 0 599
10296 0 1271
10297 0 81
10297 0 1289
10300 0 2510
10301 0 940
10301 0 525
10302 0 8121
10303 0 10413
10304 0 103
10305 0 9856
10305 0 10368
10305 0 5
10305 0 10374
10305 0 4106
10305 0 139
10305 0 140
10305 0 269
10305 0 10394
10305 0 285
10305 0 1566
10305 0 1823
10305 0 5152
10305 0 35
10305 0 5669
10305 0 5925
10305 0 2730
10305 0 5675
10305 0 2476
10305 0 5676
10305 0 1838
10305 0 4910
10305 0 5685
10305 0 1336
10305 0 5565
10305 0 10367
10305 0 3265
10305 0 836
10305 0 2244
10305 0 326
10305 0 2502
10305 0 6343
10305 0 203
10305 0 9166
10305 0 591
10305 0 81
10305 0 594
10305 0 1622
10305 0 3035
10305 0 351
10305 0 5728
10305 0 8032
10305 0 4074
10305 0 3437
10305 0 7282
10305 0 2805
10305 0 2551
10305 0 249
10305 0 3071
10306 0 4354
10306 0 6723
10306 0 12911
10306 0 12912
10306 0 1657
10306 0 56
10306 0 1401
10306 0 10331
10306 0 126
10307 0 2011
10311 0 335
10311 0 1779
10311 0 628
10311 0 437
10311 0 12920
10311 0 12922
10311 0 3071
10312 0 568
10313 0 752
10313 0 2160
10313 0 2469
10315 0 3090
10316 0 10440
10316 0 10437
10316 0 10438
10318 0 3811
10319 0 4035
10320 0 10
10322 0 2721
10322 0 1539
10322 0 138
10322 0 1708
10322 0 237
10322 0 1933
10322 0 5199
10322 0 6092
10322 0 6320
10322 0 1330
10322 0 10450
10322 0 2261
10322 0 950
10322 0 1110
10322 0 730
10322 0 539
10323 0 5173
10325 0 275
10326 0 104
10326 0 854
10326 0 126
10327 0 568
10327 0 1249
10327 0 11152
10329 0 6071
10330 0 564
10331 0 10465
10332 0 3106
10332 0 4
10332 0 2439
10332 0 3561
10332 0 10473
10332 0 10474
10332 0 1101
10332 0 1814
10332 0 6679
10333 0 273
10333 0 5
10333 0 14103
10334 0 1968
10334 0 103
10335 0 431
10336 0 863
10337 0 2439
10338 0 2729
10338 0 5
10340 0 898
10340 0 901
10340 0 9289
10340 0 1065
10340 0 4278
10341 0 10452
10342 0 12958
10343 0 5
10344 0 6859
10345 0 594
10346 0 266
10346 0 3743
10347 0 578
10347 0 510
10348 0 1905
10348 0 1426
10348 0 532
10348 0 90
10348 0 763
10348 0 3930
10349 0 8
10349 0 9703
10349 0 2494
10349 0 1472
10350 0 4576
10350 0 81
10350 0 4210
10350 0 4724
10350 0 90
10350 0 10491
10351 0 8332
10351 0 1972
10352 0 953
10354 0 4536
10355 0 7489
10355 0 11174
10356 0 7600
10358 0 9480
10359 0 12970
10359 0 1122
10359 0 5
10360 0 1475
10360 0 10506
10360 0 1035
10360 0 6316
10360 0 2585
10361 0 3663
10362 0 2085
10362 0 431
10363 0 10510
10364 0 1024
10364 0 1349
10365 0 130
10366 0 1888
10367 0 5
10368 0 819
10368 0 12980
10369 0 1056
10370 0 2559
10371 0 1455
10371 0 1396
10371 0 12985
10371 0 12988
10371 0 12990
10371 0 9759
10372 0 451
10373 0 8
10374 0 2516
10375 0 319
10376 0 175
10377 0 90
10378 0 2633
10378 0 7202
10378 0 10514
10378 0 10513
10379 0 2489
10379 0 6097
10379 0 445
10380 0 8
10381 0 5
10382 0 10546
10382 0 893
10382 0 10542
10382 0 10543
10383 0 13014
10384 0 6227
10385 0 288
10386 0 13023
10386 0 13020
10386 0 3263
10387 0 679
10387 0 5994
10387 0 1842
10387 0 8852
10387 0 10549
10387 0 767
10389 0 8
10389 0 103
10389 0 4542
10389 0 95
10391 0 1718
10392 0 5090
10393 0 5
10394 0 13031
10395 0 351
10396 0 2304
10396 0 5
10396 0 13033
10396 0 2250
10396 0 13035
10396 0 13017
10396 0 4441
10396 0 285
10398 0 8191
10398 0 582
10398 0 1806
10399 0 4388
10401 0 3945
10403 0 1280
10403 0 10624
10403 0 13059
10403 0 5
10403 0 13061
10403 0 8
10403 0 269
10403 0 15
10403 0 400
10403 0 1044
10403 0 2722
10403 0 3751
10403 0 937
10403 0 942
10403 0 11058
10403 0 12989
10403 0 2751
10403 0 451
10403 0 4814
10403 0 852
10403 0 8792
10403 0 349
10403 0 2655
10403 0 356
10403 0 10213
10403 0 103
10403 0 3569
10403 0 242
10403 0 13044
10403 0 13046
10403 0 13055
10404 0 2227
10405 0 4
10406 0 3836
10406 0 582
10407 0 13069
10408 0 9106
10409 0 6837
10409 0 10567
10411 0 1344
10411 0 10568
10412 0 8896
10412 0 2673
10412 0 10563
10413 0 9081
10415 0 1795
10415 0 4516
10415 0 6308
10415 0 873
10415 0 7369
10415 0 940
10415 0 3149
10415 0 3344
10415 0 5363
10415 0 117
10415 0 2904
10415 0 954
10415 0 13082
10415 0 5981
10417 0 5664
10417 0 8548
10417 0 8
10417 0 9491
10417 0 9492
10417 0 1879
10417 0 635
10417 0 125
10418 0 5
10419 0 349
10420 0 2290
10421 0 901
10424 0 4320
10424 0 5051
10424 0 582
10424 0 5047
10424 0 11922
10424 0 3219
10424 0 3572
10424 0 2007
10424 0 954
10424 0 1083
10425 0 7055
10425 0 13089
10425 0 95
10427 0 101
10428 0 13091
10429 0 2830
10430 0 601
10430 0 1378
10430 0 889
10431 0 356
10432 0 3300
10432 0 13098
10432 0 5227
10432 0 13100
10432 0 1709
10432 0 2835
10432 0 1876
10432 0 253
10433 0 1421
10434 0 3789
10435 0 8410
10436 0 955
10437 0 2260
10438 0 3273
10438 0 10579
10439 0 4496
10440 0 1550
10440 0 159
10441 0 1489
10441 0 1545
10442 0 440
10442 0 3069
10443 0 7119
10444 0 13111
10445 0 10
10446 0 10584
10447 0 609
10449 0 1676
10450 0 2701
10451 0 5
10452 0 5
10453 0 4233
10454 0 103
10455 0 65
10455 0 5051
10455 0 1583
10457 0 868
10457 0 6116
10457 0 582
10457 0 10596
10457 0 4873
10457 0 10603
10457 0 1134
10457 0 10608
10457 0 6642
10457 0 10610
10457 0 1108
10457 0 8629
10457 0 10611
10457 0 4664
10458 0 4379
10459 0 7649
10460 0 13115
10462 0 13120
10462 0 13117
10462 0 5383
10463 0 274
10463 0 5724
10463 0 5
10464 0 9157
10465 0 5126
10465 0 1207
10466 0 730
10467 0 13126
10468 0 10630
10469 0 356
10469 0 8
10469 0 13130
10469 0 13131
10469 0 13132
10469 0 3919
10469 0 7699
10469 0 2613
10469 0 8221
10470 0 5
10471 0 7138
10471 0 8
10471 0 3853
10471 0 3473
10471 0 13140
10471 0 10677
10471 0 13141
10471 0 95
10473 0 6260
10474 0 269
10475 0 2660
10475 0 5858
10475 0 1460
10475 0 356
10476 0 5
10477 0 13147
10478 0 385
10478 0 5
10478 0 651
10478 0 10641
10478 0 5650
10478 0 10644
10478 0 10645
10478 0 918
10478 0 10646
10478 0 6040
10478 0 3743
10478 0 8101
10478 0 2350
10478 0 5945
10478 0 702
10478 0 2496
10478 0 6726
10478 0 976
10478 0 5079
10478 0 2418
10478 0 3058
10479 0 1790
10480 0 1581
10480 0 5
10481 0 9900
10482 0 13148
10484 0 13150
10485 0 103
10486 0 4366
10487 0 5856
10487 0 13152
10487 0 13153
10487 0 13157
10487 0 4584
10487 0 304
10487 0 6131
10487 0 13078
10487 0 408
10487 0 253
10488 0 431
10489 0 9838
10490 0 13159
10492 0 3437
10492 0 114
10492 0 692
10492 0 854
10492 0 126
10493 0 5
10494 0 3348
10495 0 5
10496 0 5868
10496 0 1071
10497 0 1536
10497 0 1533
10497 0 5
10497 0 550
10497 0 7656
10497 0 234
10497 0 845
10497 0 90
10497 0 573
10497 0 63
10498 0 13163
10499 0 10
10499 0 4814
10499 0 898
10500 0 10109
10501 0 5410
10502 0 3772
10503 0 6945
10504 0 1013
10506 0 1374
10507 0 4216
10508 0 6553
10508 0 13166
10509 0 5289
10510 0 216
10510 0 2261
10511 0 4320
10511 0 5051
10512 0 5
10513 0 275
10513 0 10687
10514 0 1546
10514 0 6658
10514 0 12973
10514 0 13170
10515 0 651
10516 0 13061
10516 0 1767
10516 0 1519
10516 0 2416
10516 0 7059
10516 0 2516
10516 0 437
10516 0 6329
10516 0 191
10517 0 2385
10518 0 10691
10520 0 5
10520 0 3081
10520 0 10
10520 0 525
10520 0 5145
10520 0 5146
10520 0 6169
10520 0 1583
10520 0 63
10520 0 578
10520 0 4678
10520 0 3172
10520 0 8296
10520 0 618
10520 0 1646
10520 0 626
10520 0 12415
10520 0 651
10520 0 1198
10520 0 1209
10520 0 2233
10520 0 2751
10520 0 7875
10520 0 3269
10520 0 9931
10520 0 204
10520 0 717
10520 0 3287
10520 0 4322
10520 0 4852
10520 0 248
10520 0 11001
10520 0 2297
10520 0 3324
10520 0 7423
10520 0 779
10520 0 288
10520 0 290
10520 0 805
10520 0 1336
10520 0 3900
10520 0 3901
10520 0 2368
10520 0 7492
10520 0 8006
10520 0 2375
10520 0 3407
10520 0 2387
10520 0 349
10520 0 11102
10520 0 4465
10520 0 13185
10520 0 13189
10520 0 13191
10520 0 13195
10520 0 9106
10520 0 13211
10520 0 13213
10520 0 6051
10520 0 11173
10520 0 5030
10520 0 437
10520 0 440
10520 0 1466
10520 0 1468
10520 0 5057
10520 0 7619
10520 0 455
10520 0 9159
10520 0 3017
10520 0 7141
10520 0 1526
10520 0 7158
10520 0 1016
10520 0 8694
10520 0 510
10520 0 2559
10521 0 6382
10522 0 5
10523 0 3500
10524 0 490
10525 0 1298
10526 0 1835
10527 0 148
10528 0 1326
10529 0 269
10530 0 519
10530 0 265
10530 0 4506
10530 0 4510
10530 0 4512
10530 0 5798
10530 0 5799
10530 0 4400
10530 0 564
10530 0 9660
10530 0 2750
10530 0 3905
10530 0 3906
10530 0 2013
10530 0 6493
10530 0 12254
10530 0 3169
10530 0 743
10530 0 3051
10530 0 1389
10530 0 3823
10530 0 7666
10530 0 4724
10531 0 103
10532 0 8
10532 0 5
10532 0 10696
10533 0 1426
10533 0 999
10534 0 103
10534 0 95
10534 0 5146
10534 0 2206
10534 0 2751
10535 0 6419
10535 0 1198
10536 0 3112
10536 0 62
10538 0 9092
10540 0 321
10540 0 291
10540 0 1829
10540 0 490
10540 0 436
10540 0 6845
10542 0 379
10544 0 65
10544 0 11030
10545 0 10
10545 0 5
10546 0 126
10547 0 10704
10548 0 13641
10548 0 13642
10548 0 6286
10549 0 6113
10550 0 2333
10551 0 9931
10552 0 7206
10553 0 90
10554 0 543
10555 0 5
10556 0 3616
10556 0 5570
10556 0 3812
10556 0 6920
10556 0 393
10556 0 5885
10556 0 139
10556 0 13643
10556 0 13645
10556 0 4284
10556 0 893
10556 0 1662
10557 0 2530
10558 0 10713
10558 0 666
10558 0 1276
10558 0 1470
10559 0 356
10560 0 1670
10560 0 2579
10560 0 536
10560 0 3756
10560 0 1581
10560 0 3374
10560 0 3247
10560 0 3249
10560 0 6455
10560 0 2750
10560 0 1101
10560 0 13655
10560 0 984
10560 0 990
10560 0 1130
10560 0 12019
10560 0 504
10560 0 633
10560 0 7679
10561 0 4529
10561 0 4162
10561 0 4037
10562 0 160
10562 0 1340
10563 0 481
10564 0 888
10564 0 2444
10565 0 81
10566 0 533
10568 0 10723
10569 0 10716
10569 0 10719
10570 0 68
10570 0 5
10570 0 10726
10570 0 5361
10570 0 8881
10570 0 2104
10570 0 827
10571 0 5088
10572 0 13665
10573 0 3488
10573 0 1799
10573 0 103
10573 0 4779
10573 0 922
10574 0 13670
10575 0 140
10576 0 10741
10577 0 299
10577 0 5
10577 0 10743
10578 0 1472
10578 0 667
10579 0 1374
10581 0 6167
10582 0 3146
10582 0 5068
10582 0 7088
10582 0 2385
10582 0 2609
10582 0 691
10582 0 1622
10582 0 2807
10582 0 730
10582 0 10747
10582 0 1821
10583 0 1849
10584 0 12738
10584 0 1258
10584 0 13671
10585 0 355
10586 0 8
10587 0 995
10587 0 11110
10587 0 5709
10587 0 5328
10587 0 3229
10590 0 464
10592 0 81
10593 0 1466
10593 0 1467
10593 0 564
10594 0 539
10594 0 717
10594 0 1374
10597 0 13688
10597 0 1083
10597 0 5077
10597 0 5766
10598 0 5
10598 0 1142
10599 0 5
10600 0 3172
10600 0 1574
10600 0 10
10600 0 1516
10600 0 7533
10600 0 6382
10600 0 245
10600 0 117
10600 0 1334
10600 0 1083
10600 0 4127
10601 0 14105
10602 0 5
10603 0 533
10603 0 6222
10604 0 1398
10605 0 14106
10606 0 349
10607 0 3459
10607 0 10766
10607 0 1679
10607 0 10770
10607 0 2835
10607 0 6933
10607 0 3357
10607 0 6442
10607 0 1847
10607 0 1977
10607 0 9278
10607 0 578
10607 0 8900
10607 0 2891
10607 0 8546
10607 0 2660
10607 0 117
10607 0 3191
10607 0 253
10609 0 8
10610 0 6274
10610 0 519
10610 0 8
10610 0 2631
10610 0 75
10610 0 114
10610 0 275
10610 0 1460
10610 0 6130
10610 0 10780
10610 0 6399
10611 0 3557
10612 0 19
10612 0 1975
10613 0 10496
10614 0 7360
10614 0 14107
10614 0 2723
10614 0 3858
10614 0 7349
10614 0 1627
10614 0 3004
10616 0 5
10617 0 11536
10619 0 1349
10620 0 819
10623 0 2573
10624 0 8
10625 0 5
10626 0 7
10626 0 12393
10626 0 269
10626 0 275
10626 0 2678
10626 0 312
10626 0 14109
10626 0 2719
10627 0 9371
10628 0 3743
10629 0 103
10630 0 262
10630 0 4104
10630 0 8208
10630 0 10391
10630 0 10392
10630 0 10393
10630 0 10395
10630 0 10396
10630 0 10398
10630 0 4130
10630 0 9894
10630 0 2472
10630 0 2984
10630 0 2987
10630 0 10796
10630 0 10801
10630 0 10804
10630 0 10805
10630 0 10806
10630 0 4023
10630 0 10807
10630 0 10808
10630 0 10813
10630 0 10814
10630 0 10815
10630 0 10816
10630 0 2884
10630 0 1103
10630 0 221
10630 0 4839
10630 0 370
10630 0 5237
10630 0 8437
10631 0 275
10631 0 303
10632 0 7011
10633 0 2689
10633 0 5569
10634 0 1259
10634 0 14111
10636 0 14112
10636 0 14113
10636 0 14114
10636 0 14115
10636 0 14116
10636 0 5
10636 0 5126
10636 0 231
10636 0 8904
10636 0 5743
10636 0 7119
10636 0 12273
10636 0 312
10636 0 10748
10636 0 13726
10637 0 6248
10637 0 4113
10637 0 821
10637 0 5270
10638 0 4147
10639 0 3271
10639 0 8
10639 0 1267
10639 0 436
10639 0 2618
10640 0 8
10640 0 12
10640 0 1302
10641 0 3406
10642 0 10823
10643 0 6529
10643 0 2403
10643 0 1860
10643 0 1445
10643 0 5
10643 0 7551
10643 0 2440
10643 0 1961
10643 0 14118
10643 0 14119
10643 0 10221
10643 0 598
10643 0 1622
10643 0 13942
10643 0 4218
10643 0 1371
10643 0 1310
10643 0 1759
10644 0 269
10645 0 4555
10646 0 4326
10647 0 969
10648 0 2786
10648 0 772
10648 0 68
10648 0 14120
10648 0 533
10649 0 395
10650 0 727
10651 0 5
10652 0 5
10653 0 184
10653 0 3234
10653 0 139
10654 0 1667
10654 0 266
10654 0 2448
10654 0 5650
10654 0 6429
10654 0 3229
10654 0 2462
10654 0 2224
10654 0 5047
10654 0 3264
10654 0 579
10654 0 2115
10654 0 198
10654 0 2253
10654 0 10834
10654 0 10590
10654 0 995
10654 0 3573
10654 0 1270
10654 0 634
10655 0 356
10655 0 10559
10656 0 7750
10657 0 5
10658 0 2064
10658 0 14121
10659 0 4368
10659 0 14122
10659 0 5
10660 0 872
10660 0 2866
10661 0 5
10661 0 398
10663 0 5
10664 0 6051
10665 0 24
10666 0 14123
10667 0 6338
10667 0 147
10667 0 261
10667 0 5245
10668 0 5
10669 0 3082
10669 0 3251
10670 0 10845
10671 0 6989
10672 0 1351
10673 0 515
10674 0 7040
10674 0 9440
10674 0 2434
10674 0 6856
10674 0 1751
10674 0 1336
10674 0 1371
10675 0 5
10676 0 12064
10676 0 65
10676 0 4067
10676 0 10212
10676 0 2376
10676 0 6521
10676 0 8040
10676 0 13738
10676 0 14124
10676 0 7902
10676 0 6064
10676 0 7379
10676 0 3990
10676 0 6520
10676 0 2297
10676 0 474
10676 0 6523
10676 0 6430
10677 0 14126
10678 0 1451
10679 0 6577
10680 0 8149
10681 0 1493
10682 0 1466
10683 0 1807
10683 0 4623
10683 0 4882
10683 0 537
10683 0 1179
10683 0 6813
10683 0 2467
10683 0 1061
10683 0 11053
10683 0 1198
10683 0 1199
10683 0 11055
10683 0 11056
10683 0 2745
10683 0 455
10683 0 3143
10683 0 4039
10683 0 204
10683 0 1741
10683 0 9165
10683 0 2387
10683 0 2646
10683 0 868
10683 0 745
10683 0 490
10683 0 4463
10683 0 2552
10683 0 3579
10683 0 13180
10683 0 510
10684 0 3585
10684 0 3586
10684 0 8
10684 0 1043
10684 0 4248
10684 0 284
10684 0 285
10684 0 13343
10684 0 1698
10684 0 13094
10684 0 12076
10684 0 814
10684 0 431
10684 0 14127
10684 0 3377
10684 0 6706
10684 0 1460
10684 0 3638
10684 0 184
10684 0 5322
10684 0 75
10684 0 1867
10684 0 4045
10684 0 1102
10684 0 81
10684 0 9937
10684 0 860
10684 0 95
10684 0 8287
10684 0 3561
10684 0 3051
10684 0 1772
10684 0 888
10684 0 2556
10685 0 490
10686 0 1110
10686 0 5545
10686 0 4550
10686 0 750
10687 0 5
10688 0 5
10689 0 8
10690 0 50
10692 0 2551
10692 0 1636
10692 0 1431
10693 0 455
10695 0 10864
10695 0 802
10695 0 732
10695 0 1374
10696 0 10704
10696 0 2540
10697 0 3887
10698 0 1110
10700 0 3575
10701 0 5
10702 0 5
10703 0 1575
10704 0 3671
10705 0 496
10705 0 1849
10707 0 5
10708 0 5
10709 0 14129
10710 0 499
10714 0 5715
10715 0 5
10716 0 480
10716 0 5937
10716 0 3899
10716 0 5915
10717 0 1569
10717 0 10202
10717 0 2245
10718 0 81
10719 0 3190
10721 0 2690
10721 0 464
10721 0 14130
10721 0 5491
10721 0 14131
10721 0 14132
10721 0 535
10721 0 3673
10722 0 5262
10723 0 5
10723 0 10878
10724 0 10886
10725 0 73
10725 0 3172
10725 0 793
10725 0 599
10726 0 2583
10727 0 161
10727 0 2037
10728 0 10891
10729 0 1645
10730 0 313
10730 0 5090
10730 0 4121
10731 0 3363
10731 0 884
10731 0 1004
10732 0 191
10733 0 7681
10733 0 6151
10733 0 1549
10733 0 18
10733 0 531
10733 0 537
10733 0 1051
10733 0 10798
10733 0 6703
10733 0 2610
10733 0 53
10733 0 2625
10733 0 1096
10733 0 1097
10733 0 82
10733 0 3169
10733 0 3182
10733 0 3183
10733 0 1144
10733 0 633
10733 0 4218
10733 0 3195
10733 0 2172
10733 0 3198
10733 0 141
10733 0 2710
10733 0 8350
10733 0 3254
10733 0 4279
10733 0 5306
10733 0 3261
10733 0 4286
10733 0 8895
10733 0 196
10733 0 6361
10733 0 221
10733 0 2784
10733 0 3299
10733 0 1771
10733 0 3836
10733 0 6398
10733 0 257
10733 0 268
10733 0 2318
10733 0 13590
10733 0 793
10733 0 284
10733 0 285
10733 0 1841
10733 0 9011
10733 0 6452
10733 0 14133
10733 0 1334
10733 0 6454
10733 0 6455
10733 0 14134
10733 0 14135
10733 0 14136
10733 0 14137
10733 0 14138
10733 0 1342
10733 0 3406
10733 0 854
10733 0 4441
10733 0 3930
10733 0 859
10733 0 348
10733 0 3933
10733 0 7526
10733 0 13160
10733 0 4458
10733 0 4461
10733 0 4463
10733 0 2416
10733 0 2418
10733 0 890
10733 0 2442
10733 0 6539
10733 0 1439
10733 0 937
10733 0 1449
10733 0 2990
10733 0 2991
10733 0 433
10733 0 951
10733 0 12233
10733 0 4046
10733 0 467
10733 0 2016
10733 0 3565
10733 0 6125
10733 0 4086
10734 0 14109
10735 0 1626
10736 0 10901
10736 0 10903
10737 0 3180
10738 0 349
10740 0 3986
10740 0 14139
10741 0 743
10742 0 346
10743 0 6635
10743 0 9534
10744 0 9001
10744 0 10910
10745 0 1372
10746 0 10912
10746 0 10914
10746 0 259
10746 0 743
10746 0 854
10747 0 5
10748 0 3163
10749 0 10917
10750 0 10918
10750 0 4045
10750 0 1550
10750 0 1551
10750 0 1552
10750 0 433
10750 0 10704
10750 0 1627
10751 0 5
10752 0 819
10753 0 114
10754 0 969
10755 0 2091
10756 0 6537
10757 0 2
10757 0 131
10757 0 514
10757 0 6404
10757 0 6
10757 0 8
10757 0 6667
10757 0 3340
10757 0 1809
10757 0 6673
10757 0 3352
10757 0 1947
10757 0 2848
10757 0 1442
10757 0 2725
10757 0 3877
10757 0 935
10757 0 1578
10757 0 1323
10757 0 9264
10757 0 11185
10757 0 1717
10757 0 4533
10757 0 4535
10757 0 2233
10757 0 1723
10757 0 14141
10757 0 190
10757 0 14142
10757 0 14143
10757 0 14144
10757 0 578
10757 0 11202
10757 0 5316
10757 0 3397
10757 0 6981
10757 0 14145
10757 0 14146
10757 0 14147
10757 0 14149
10757 0 203
10757 0 4044
10757 0 77
10757 0 14150
10757 0 14151
10757 0 14152
10757 0 6097
10757 0 12885
10757 0 7649
10757 0 7652
10757 0 7653
10757 0 7654
10757 0 103
10757 0 2791
10757 0 9706
10757 0 1515
10757 0 1772
10757 0 2157
10757 0 3437
10757 0 3438
10757 0 4974
10757 0 13162
10757 0 13553
10757 0 499
10757 0 1524
10757 0 117
10757 0 7283
10757 0 1271
10757 0 7668
10757 0 7669
10757 0 3325
10759 0 5
10760 0 14155
10761 0 5
10762 0 1271
10763 0 1873
10764 0 257
10764 0 5412
10764 0 6
10764 0 3275
10764 0 10923
10764 0 2253
10764 0 337
10764 0 3793
10764 0 1558
10764 0 2711
10764 0 1560
10764 0 3638
10764 0 4218
10764 0 5055
10765 0 1781
10766 0 10230
10766 0 422
10767 0 772
10767 0 774
10767 0 2290
10767 0 376
10767 0 91
10768 0 8
10769 0 3457
10771 0 473
10772 0 13697
10772 0 2986
10772 0 1451
10772 0 14156
10773 0 81
10774 0 7408
10775 0 5
10776 0 5
10776 0 4615
10778 0 312
10779 0 9440
10779 0 772
10780 0 4461
10782 0 5
10783 0 10953
10784 0 1721
10784 0 2110
10784 0 599
10785 0 3408
10785 0 898
10785 0 1851
10785 0 2223
10786 0 5690
10787 0 6766
10788 0 1344
10789 0 516
10789 0 645
10789 0 901
10789 0 265
10789 0 2712
10789 0 1824
10789 0 2980
10789 0 937
10789 0 1578
10789 0 3505
10789 0 1332
10789 0 4277
10789 0 62
10789 0 64
10789 0 601
10789 0 5853
10789 0 1374
10789 0 3171
10789 0 1516
10789 0 1645
10789 0 2293
10789 0 894
10792 0 8
10793 0 1406
10794 0 81
10795 0 592
10795 0 8443
10796 0 14158
10796 0 14159
10798 0 104
10800 0 578
10801 0 2565
10801 0 533
10801 0 4264
10801 0 4801
10801 0 4802
10801 0 4804
10801 0 717
10801 0 6736
10801 0 3930
10801 0 10972
10801 0 349
10801 0 863
10801 0 3170
10801 0 2019
10801 0 10978
10801 0 872
10801 0 6632
10801 0 2413
10801 0 10997
10801 0 5497
10801 0 5498
10801 0 4607
10802 0 12358
10802 0 6239
10803 0 5
10804 0 1344
10805 0 7553
10805 0 10050
10806 0 14161
10806 0 3924
10808 0 103
10809 0 1845
10811 0 881
10812 0 467
10812 0 5
10813 0 14162
10813 0 14163
10814 0 8142
10815 0 81
10815 0 1468
10816 0 433
10816 0 269
10816 0 11015
10817 0 4264
10817 0 2118
10817 0 7679
10818 0 7601
10819 0 601
10819 0 172
10820 0 5331
10820 0 5244
10820 0 14164
10821 0 2891
10822 0 330
10823 0 11049
10824 0 3596
10826 0 9728
10826 0 9210
10826 0 5
10826 0 267
10826 0 523
10826 0 3340
10826 0 3343
10826 0 1809
10826 0 18
10826 0 533
10826 0 1179
10826 0 13088
10826 0 163
10826 0 12835
10826 0 4005
10826 0 6439
10826 0 1324
10826 0 3252
10826 0 3125
10826 0 9272
10826 0 954
10826 0 10170
10826 0 8382
10826 0 68
10826 0 3145
10826 0 8265
10826 0 971
10826 0 3276
10826 0 2253
10826 0 2255
10826 0 2257
10826 0 5076
10826 0 14165
10826 0 14166
10826 0 1752
10826 0 3800
10826 0 4570
10826 0 14168
10826 0 11363
10826 0 873
10826 0 1772
10826 0 1518
10826 0 495
10826 0 5231
10826 0 3441
10826 0 3572
10826 0 1781
10826 0 1270
10826 0 1402
10826 0 892
10826 0 894
10827 0 5816
10827 0 1465
10827 0 10673
10827 0 14169
10828 0 4724
10829 0 3437
10830 0 4830
10831 0 349
10832 0 1808
10832 0 1270
10833 0 6633
10834 0 7
10835 0 400
10836 0 2109
10836 0 29
10837 0 5
10838 0 1996
10839 0 2321
10839 0 20
10840 0 2601
10840 0 3237
10841 0 5
10841 0 9829
10841 0 7
10841 0 4935
10841 0 265
10841 0 18
10841 0 2324
10841 0 4084
10841 0 413
10842 0 385
10842 0 131
10842 0 5
10842 0 3941
10842 0 780
10842 0 7089
10842 0 850
10842 0 1010
10842 0 1458
10842 0 373
10842 0 5876
10842 0 1913
10842 0 14170
10842 0 14172
10842 0 14173
10843 0 1344
10843 0 1095
10843 0 5191
10843 0 265
10843 0 1386
10843 0 1419
10843 0 12
10843 0 3849
10843 0 4330
10843 0 5005
10843 0 5575
10843 0 1844
10843 0 11029
10843 0 1110
10843 0 1272
10843 0 793
10843 0 862
10846 0 2739
10847 0 3165
10848 0 2405
10849 0 5412
10850 0 739
10851 0 5698
10851 0 646
10851 0 3144
10851 0 1648
10851 0 3156
10851 0 5685
10851 0 1046
10851 0 1432
10851 0 316
10851 0 5693
10851 0 4671
10852 0 11058
10853 0 18
10854 0 6666
10854 0 11059
10854 0 11060
10854 0 7671
10854 0 5726
10855 0 1634
10855 0 4999
10855 0 5000
10855 0 1127
10855 0 5971
10855 0 894
10856 0 1334
10857 0 6657
10857 0 391
10857 0 523
10857 0 3340
10857 0 149
10857 0 3614
10857 0 163
10857 0 11068
10857 0 5054
10857 0 5055
10857 0 1086
10857 0 1729
10857 0 1727
10857 0 579
10857 0 198
10857 0 1478
10857 0 842
10857 0 1752
10857 0 1012
10857 0 1780
10857 0 1781
10858 0 733
10859 0 8772
10860 0 2960
10862 0 6410
10863 0 361
10864 0 11080
10864 0 11077
10865 0 11083
10866 0 6823
10869 0 2762
10869 0 940
10869 0 112
10869 0 10834
10869 0 7059
10869 0 4212
10869 0 2040
10870 0 4531
10871 0 10
10872 0 10094
10872 0 15
10873 0 1194
10874 0 3359
10875 0 8583
10875 0 777
10875 0 6674
10875 0 8211
10875 0 6681
10875 0 1435
10875 0 544
10875 0 13088
10875 0 9000
10875 0 7468
10875 0 823
10875 0 13373
10875 0 711
10875 0 714
10875 0 2646
10875 0 220
10875 0 8541
10875 0 14176
10875 0 14177
10875 0 14179
10875 0 2532
10875 0 2416
10875 0 1402
10875 0 1659
10875 0 7295
10876 0 5928
10877 0 557
10878 0 10984
10879 0 103
10880 0 591
10881 0 4381
10882 0 9931
10883 0 2479
10883 0 10066
10883 0 1662
10883 0 1431
10884 0 2529
10884 0 2350
10884 0 1774
10884 0 850
10884 0 3090
10884 0 8275
10884 0 6970
10885 0 2569
10886 0 33
10887 0 103
10889 0 7734
10889 0 342
10890 0 6485
10891 0 601
10892 0 356
10893 0 3532
10894 0 5
10895 0 2489
10896 0 1596
10897 0 11121
10897 0 5
10898 0 4804
10899 0 782
10900 0 3321
10901 0 282
10901 0 715
10902 0 1187
10902 0 8
10902 0 490
10902 0 559
10902 0 437
10902 0 59
10902 0 11551
10903 0 533
10905 0 4975
10905 0 863
10906 0 275
10906 0 349
10907 0 2297
10908 0 5
10909 0 2835
10911 0 14181
10912 0 4723
10913 0 14182
10914 0 8941
10914 0 4822
10915 0 5
10916 0 68
10917 0 5915
10917 0 1759
10918 0 8533
10919 0 5152
10919 0 1451
10919 0 431
10919 0 1584
10919 0 5567
10919 0 5439
10919 0 2371
10919 0 1739
10919 0 11106
10919 0 4963
10919 0 356
10919 0 11108
10919 0 14183
10919 0 14184
10919 0 14185
10919 0 1899
10919 0 5997
10919 0 1263
10919 0 1142
10919 0 888
10919 0 10491
10919 0 12158
10920 0 2387
10921 0 4779
10921 0 3694
10922 0 14186
10922 0 2715
10923 0 288
10924 0 7119
10925 0 14187
10926 0 872
10927 0 601
10927 0 591
10928 0 1474
10928 0 626
10928 0 269
10929 0 7424
10930 0 266
10930 0 2635
10930 0 6860
10931 0 8
10933 0 2227
10933 0 4060
10935 0 10
10936 0 4797
10937 0 18
10938 0 5
10938 0 396
10938 0 14188
10938 0 1266
10938 0 7701
10938 0 11126
10938 0 11127
10938 0 767
10939 0 2942
10940 0 3428
10941 0 14189
10942 0 10542
10944 0 83
10945 0 1127
10946 0 9559
10947 0 496
10947 0 237
10948 0 385
10948 0 3717
10948 0 6406
10948 0 650
10948 0 10641
10948 0 5145
10948 0 164
10948 0 167
10948 0 1466
10948 0 59
10948 0 12609
10948 0 4547
10948 0 971
10948 0 6348
10948 0 2912
10948 0 994
10948 0 356
10948 0 3174
10948 0 743
10948 0 12519
10948 0 11499
10948 0 11501
10948 0 14190
10948 0 14191
10948 0 14192
10948 0 14193
10948 0 14195
10948 0 14196
10948 0 14197
10948 0 14198
10948 0 635
10948 0 1406
10950 0 11979
10951 0 9570
10951 0 2759
10951 0 8457
10951 0 1034
10951 0 4299
10951 0 4300
10951 0 6361
10951 0 1819
10951 0 9567
10952 0 9355
10953 0 1344
10953 0 132
10953 0 68
10953 0 2502
10953 0 5221
10953 0 3145
10953 0 1356
10953 0 4079
10953 0 242
10953 0 437
10953 0 90
10953 0 3930
10953 0 95
10955 0 10
10955 0 275
10956 0 642
10957 0 13429
10958 0 14199
10959 0 5
10960 0 3008
10960 0 9601
10960 0 8900
10960 0 3247
10960 0 3249
10960 0 2579
10960 0 8863
10961 0 1113
10961 0 4964
10961 0 261
10962 0 5858
10964 0 14200
10965 0 5920
10966 0 11124
10967 0 11146
10968 0 1553
10970 0 384
10971 0 199
10972 0 3995
10973 0 3115
10974 0 121
10976 0 3000
10977 0 5
10977 0 2494
10978 0 641
10978 0 8
10978 0 589
10978 0 850
10978 0 2618
10979 0 3125
10980 0 482
10980 0 3023
10981 0 6049
10981 0 706
10981 0 451
10981 0 11139
10981 0 5
10981 0 8
10981 0 8840
10981 0 1840
10981 0 3441
10981 0 1044
10982 0 703
10983 0 1727
10985 0 4864
10985 0 385
10985 0 14209
10985 0 14210
10985 0 14211
10985 0 14212
10985 0 6662
10985 0 14214
10985 0 14215
10985 0 10891
10985 0 11147
10985 0 11666
10985 0 8085
10985 0 7062
10985 0 7575
10985 0 1816
10985 0 1817
10985 0 2723
10985 0 8487
10985 0 14204
10985 0 942
10985 0 561
10985 0 1332
10985 0 1845
10985 0 1464
10985 0 1212
10985 0 4284
10985 0 7618
10985 0 451
10985 0 11203
10985 0 8007
10985 0 712
10985 0 720
10985 0 81
10985 0 977
10985 0 2390
10985 0 90
10985 0 10589
10985 0 9950
10985 0 735
10985 0 353
10985 0 5602
10985 0 10082
10985 0 9702
10985 0 2029
10985 0 9581
10985 0 6255
10985 0 1396
10985 0 2809
10985 0 14202
10985 0 12540
10985 0 14205
10985 0 14206
10985 0 14207
10986 0 1721
10987 0 543
10988 0 4369
10988 0 11172
10990 0 164
10990 0 837
10990 0 2120
10990 0 12
10990 0 1110
10991 0 5228
10993 0 288
10994 0 11819
10995 0 1727
10996 0 11224
10996 0 10020
10997 0 130
10998 0 2660
10998 0 4744
10998 0 7308
10998 0 1263
10998 0 4661
10998 0 1494
10998 0 11191
10998 0 568
10999 0 4723
10999 0 662
11001 0 4559
11002 0 8
11003 0 4576
11003 0 898
11004 0 2170
11005 0 5
11005 0 7
11005 0 3719
11005 0 10
11005 0 3468
11005 0 4621
11005 0 2710
11005 0 29
11005 0 290
11005 0 6454
11005 0 4535
11005 0 57
11005 0 2362
11005 0 445
11005 0 1474
11005 0 2385
11005 0 90
11005 0 1371
11005 0 11245
11005 0 11250
11005 0 2292
11005 0 4724
11006 0 1667
11006 0 1289
11006 0 8715
11006 0 140
11006 0 141
11006 0 666
11006 0 413
11006 0 691
11006 0 4915
11006 0 1847
11006 0 4796
11006 0 11204
11006 0 1992
11006 0 11208
11006 0 11214
11006 0 2255
11006 0 1232
11006 0 2514
11006 0 596
11006 0 2392
11006 0 3034
11006 0 349
11006 0 3836
11006 0 743
11006 0 750
11006 0 495
11006 0 3566
11006 0 6003
11006 0 1780
11006 0 380
11006 0 10110
11007 0 10067
11007 0 3996
11008 0 110
11009 0 138
11009 0 4060
11009 0 2238
11010 0 1391
11011 0 3172
11011 0 645
11011 0 6
11011 0 4516
11011 0 3432
11011 0 940
11011 0 1645
11011 0 1809
11011 0 18
11011 0 9809
11011 0 117
11011 0 406
11011 0 1271
11011 0 3257
11011 0 3834
11011 0 5597
11012 0 3978
11013 0 802
11013 0 5
11013 0 1383
11013 0 3849
11013 0 1389
11013 0 557
11013 0 1486
11013 0 1840
11013 0 5717
11013 0 11261
11013 0 7230
11014 0 5
11015 0 901
11017 0 262
11017 0 3719
11017 0 11271
11017 0 11273
11017 0 11274
11017 0 11275
11017 0 1301
11017 0 2584
11017 0 4901
11017 0 686
11017 0 10936
11017 0 5191
11017 0 4168
11017 0 970
11017 0 9299
11017 0 2772
11017 0 2775
11017 0 220
11017 0 5112
11017 0 4196
11017 0 3046
11017 0 4198
11017 0 9576
11017 0 234
11017 0 1142
11017 0 887
11017 0 4086
11017 0 2042
11018 0 4002
11019 0 624
11020 0 18
11020 0 995
11020 0 2621
11021 0 14216
11022 0 1805
11023 0 81
11024 0 11280
11024 0 5
11025 0 666
11025 0 10834
11025 0 9359
11027 0 4696
11028 0 738
11028 0 293
11028 0 6
11028 0 4680
11028 0 2281
11028 0 13918
11028 0 2507
11028 0 2159
11028 0 13904
11028 0 7409
11028 0 3218
11028 0 666
11028 0 1182
11028 0 2911
11029 0 1344
11030 0 18
11032 0 6682
11032 0 5339
11032 0 12958
11032 0 5319
11033 0 266
11035 0 1426
11036 0 6444
11037 0 5
11038 0 2253
11039 0 1010
11040 0 7188
11041 0 3836
11041 0 1084
11041 0 582
11042 0 8504
11043 0 6027
11043 0 269
11044 0 65
11044 0 465
11044 0 548
11046 0 4664
11046 0 275
11046 0 1468
11046 0 12348
11047 0 275
11048 0 4617
11048 0 10315
11048 0 5
11049 0 114
11050 0 394
11050 0 5103
11051 0 5
11052 0 1650
11053 0 1570
11053 0 3445
11054 0 13945
11055 0 2544
11056 0 2835
11056 0 4133
11056 0 1141
11057 0 5002
11057 0 9582
11059 0 5289
11059 0 14218
11059 0 12
11059 0 237
11059 0 793
11059 0 1727
11060 0 9214
11061 0 2297
11061 0 5651
11061 0 2375
11063 0 1545
11063 0 2573
11063 0 4622
11063 0 545
11063 0 11308
11063 0 13356
11063 0 561
11063 0 563
11063 0 8256
11063 0 2625
11063 0 2118
11063 0 9291
11063 0 77
11063 0 11357
11063 0 610
11063 0 1124
11063 0 617
11063 0 6253
11063 0 114
11063 0 2678
11063 0 5242
11063 0 10880
11063 0 1156
11063 0 12430
11063 0 1167
11063 0 1168
11063 0 6288
11063 0 11422
11063 0 8863
11063 0 11934
11063 0 11936
11063 0 6818
11063 0 11938
11063 0 11940
11063 0 6309
11063 0 11941
11063 0 13990
11063 0 11944
11063 0 684
11063 0 1710
11063 0 13489
11063 0 692
11063 0 1720
11063 0 12991
11063 0 6338
11063 0 195
11063 0 4301
11063 0 13008
11063 0 4308
11063 0 2261
11063 0 6870
11063 0 4311
11063 0 6872
11063 0 10461
11063 0 5856
11063 0 240
11063 0 6899
11063 0 12019
11063 0 5881
11063 0 251
11063 0 7420
11063 0 7421
11063 0 258
11063 0 260
11063 0 2335
11063 0 9503
11063 0 289
11063 0 1313
11063 0 1314
11063 0 11049
11063 0 1323
11063 0 3374
11063 0 1330
11063 0 10546
11063 0 4916
11063 0 3902
11063 0 6991
11063 0 1365
11063 0 6499
11063 0 869
11063 0 4978
11063 0 3446
11063 0 9599
11063 0 7040
11063 0 10630
11063 0 7560
11063 0 14219
11063 0 14220
11063 0 14221
11063 0 14222
11063 0 14223
11063 0 14224
11063 0 14225
11063 0 14226
11063 0 8083
11063 0 14227
11063 0 14229
11063 0 14231
11063 0 14232
11063 0 14233
11063 0 8090
11063 0 14234
11063 0 14236
11063 0 14237
11063 0 8606
11063 0 14238
11063 0 14239
11063 0 14240
11063 0 1954
11063 0 14241
11063 0 14242
11063 0 14243
11063 0 3494
11063 0 14244
11063 0 14245
11063 0 14246
11063 0 14247
11063 0 2987
11063 0 14248
11063 0 5037
11063 0 14251
11063 0 431
11063 0 14252
11063 0 14253
11063 0 14254
11063 0 14255
11063 0 14256
11063 0 4021
11063 0 2998
11063 0 6071
11063 0 14257
11063 0 3001
11063 0 8121
11063 0 14259
11063 0 14260
11063 0 14261
11063 0 14263
11063 0 14265
11063 0 4545
11063 0 451
11063 0 9678
11063 0 7636
11063 0 470
11063 0 9175
11063 0 10710
11063 0 12251
11063 0 476
11063 0 8670
11063 0 8671
11063 0 8672
11063 0 487
11063 0 489
11063 0 1517
11063 0 1518
11063 0 1519
11063 0 3058
11063 0 8691
11063 0 11764
11063 0 501
11063 0 2549
11063 0 1018
11063 0 11259
11063 0 3071
11064 0 103
11065 0 4901
11065 0 5
11065 0 13903
11066 0 3226
11066 0 798
11067 0 5
11068 0 12208
11069 0 2560
11070 0 259
11072 0 113
11072 0 14267
11072 0 2717
11072 0 13817
11073 0 534
11076 0 1937
11076 0 5971
11076 0 1940
11077 0 5
11078 0 8
11078 0 2440
11078 0 566
11078 0 7167
11081 0 6050
11081 0 1933
11083 0 196
11084 0 3180
11085 0 3265
11086 0 3908
11087 0 4675
11087 0 11316
11087 0 3461
11088 0 1344
11088 0 13499
11089 0 8
11091 0 1838
11091 0 5
11091 0 645
11092 0 2789
11093 0 11321
11093 0 5588
11093 0 614
11094 0 10540
11095 0 349
11096 0 6017
11098 0 10890
11099 0 2849
11099 0 8
11099 0 10
11099 0 14269
11099 0 4825
11099 0 10875
11099 0 349
11100 0 14270
11101 0 10
11102 0 4709
11103 0 11327
11104 0 1047
11105 0 2296
11106 0 5
11106 0 330
11106 0 6898
11106 0 3037
11106 0 413
11107 0 160
11107 0 5762
11107 0 3619
11107 0 3427
11107 0 5388
11107 0 1263
11107 0 4405
11107 0 2422
11107 0 14198
11107 0 14271
11108 0 453
11108 0 2296
11108 0 2548
11108 0 5
11109 0 1018
11110 0 690
11110 0 2900
11110 0 213
11111 0 6907
11112 0 260
11112 0 772
11112 0 6
11112 0 774
11112 0 2696
11112 0 5380
11112 0 1546
11112 0 14094
11112 0 1553
11112 0 3347
11112 0 10263
11112 0 1565
11112 0 6433
11112 0 9259
11112 0 940
11112 0 4528
11112 0 6065
11112 0 6451
11112 0 8628
11112 0 2233
11112 0 8507
11112 0 1084
11112 0 2496
11112 0 14272
11112 0 3906
11112 0 14273
11112 0 14274
11112 0 14275
11112 0 14276
11112 0 711
11112 0 14277
11112 0 969
11112 0 4046
11112 0 3414
11112 0 474
11112 0 91
11112 0 3933
11112 0 9950
11112 0 3043
11112 0 3044
11112 0 8187
11112 0 2280
11112 0 7530
11112 0 10092
11112 0 1775
11112 0 4335
11112 0 4723
11112 0 2807
11112 0 376
11112 0 8057
11112 0 1659
11112 0 2812
11115 0 11340
11116 0 160
11116 0 225
11116 0 451
11116 0 516
11116 0 1411
11116 0 14278
11116 0 8
11116 0 877
11116 0 750
11116 0 1487
11116 0 1457
11116 0 1564
11116 0 2644
11116 0 2615
11116 0 1468
11116 0 381
11117 0 523
11118 0 3169
11118 0 337
11118 0 1460
11118 0 5305
11118 0 4218
11118 0 6171
11119 0 489
11121 0 355
11122 0 1566
11123 0 349
11123 0 14279
11124 0 7515
11125 0 2720
11125 0 2566
11125 0 2447
11125 0 176
11125 0 11344
11125 0 4278
11126 0 3796
11127 0 769
11128 0 2825
11129 0 3179
11129 0 2819
11129 0 36
11129 0 5405
11130 0 3515
11131 0 8
11131 0 10126
11132 0 10527
11133 0 5
11134 0 11360
11136 0 5
11137 0 248
11138 0 2513
11139 0 257
11139 0 7077
11139 0 14280
11139 0 14282
11139 0 1931
11139 0 8814
11140 0 465
11141 0 14283
11141 0 445
11143 0 6961
11143 0 140
11143 0 349
11144 0 5909
11145 0 703
11146 0 1241
11147 0 5
11148 0 504
11149 0 330
11149 0 1389
11150 0 901
11151 0 2251
11152 0 1729
11152 0 772
11152 0 5
11152 0 774
11152 0 9860
11152 0 11369
11152 0 234
11152 0 2378
11152 0 8554
11152 0 525
11152 0 3343
11152 0 1232
11152 0 1110
11152 0 9207
11152 0 11384
11152 0 8633
11152 0 11386
11152 0 11356
11153 0 5578
11153 0 2763
11153 0 5221
11154 0 3940
11154 0 894
11155 0 6206
11157 0 1720
11158 0 888
11159 0 5
11160 0 1729
11160 0 579
11160 0 198
11160 0 391
11160 0 3590
11160 0 523
11160 0 1805
11160 0 3214
11160 0 1780
11160 0 149
11161 0 7402
11162 0 3586
11162 0 9732
11162 0 10
11162 0 4111
11162 0 2069
11162 0 3117
11162 0 1070
11162 0 4653
11162 0 3125
11162 0 9280
11162 0 6209
11162 0 3661
11162 0 9299
11162 0 83
11162 0 7252
11162 0 87
11162 0 12376
11162 0 1640
11162 0 618
11162 0 110
11162 0 10863
11162 0 632
11162 0 2171
11162 0 643
11162 0 5255
11162 0 139
11162 0 11929
11162 0 4251
11162 0 163
11162 0 721
11162 0 2257
11162 0 6358
11162 0 218
11162 0 6366
11162 0 9440
11162 0 9961
11162 0 3309
11162 0 1263
11162 0 3313
11162 0 1271
11162 0 2297
11162 0 9987
11162 0 10500
11162 0 5906
11162 0 4390
11162 0 4392
11162 0 299
11162 0 10034
11162 0 4916
11162 0 13108
11162 0 3902
11162 0 2375
11162 0 851
11162 0 6488
11162 0 349
11162 0 1374
11162 0 14177
11162 0 6502
11162 0 4469
11162 0 6010
11162 0 381
11162 0 894
11162 0 7054
11162 0 3476
11162 0 409
11162 0 2979
11162 0 3002
11162 0 10175
11162 0 14284
11162 0 14285
11162 0 14286
11162 0 14287
11162 0 14288
11162 0 465
11162 0 5586
11162 0 14290
11162 0 14291
11162 0 4053
11162 0 14292
11162 0 14293
11162 0 14294
11162 0 14295
11162 0 14296
11162 0 11739
11162 0 14297
11162 0 14299
11162 0 14300
11162 0 14301
11162 0 5088
11162 0 14302
11162 0 14303
11162 0 14304
11162 0 7140
11162 0 486
11162 0 6632
11162 0 1010
11162 0 1014
11163 0 11395
11163 0 11396
11163 0 4
11163 0 5
11163 0 807
11163 0 11398
11163 0 11399
11163 0 11401
11164 0 5
11165 0 74
11165 0 5811
11165 0 1349
11166 0 942
11167 0 11410
11168 0 5058
11168 0 717
11169 0 2497
11169 0 5093
11169 0 3436
11169 0 10988
11169 0 951
11169 0 466
11169 0 3767
11170 0 220
11171 0 602
11172 0 3946
11173 0 10142
11175 0 4042
11176 0 1877
11177 0 6071
11177 0 3262
11177 0 183
11178 0 4965
11179 0 300
11180 0 5
11181 0 2670
11182 0 1595
11182 0 4747
11182 0 11461
11184 0 3357
11185 0 11466
11185 0 6556
11186 0 14306
11186 0 6329
11186 0 530
11186 0 3163
11188 0 7498
11190 0 807
11191 0 269
11191 0 5
11192 0 582
11193 0 4044
11193 0 717
11193 0 1110
11195 0 2440
11195 0 11144
11195 0 3985
11195 0 532
11195 0 2328
11195 0 4250
11195 0 1950
11195 0 1698
11195 0 4775
11195 0 12220
11195 0 576
11195 0 14272
11195 0 10952
11195 0 1865
11195 0 1866
11195 0 1867
11195 0 6741
11195 0 729
11195 0 6493
11195 0 14307
11195 0 14308
11195 0 14309
11195 0 14310
11195 0 3051
11196 0 5117
11196 0 11758
11197 0 1344
11198 0 5
11199 0 1933
11200 0 1024
11200 0 513
11200 0 2702
11200 0 529
11200 0 2580
11200 0 7575
11200 0 799
11200 0 6442
11200 0 3756
11200 0 1840
11200 0 12592
11200 0 1332
11200 0 1719
11200 0 5305
11200 0 5181
11200 0 7101
11200 0 448
11200 0 1344
11200 0 9162
11200 0 5068
11200 0 4174
11200 0 601
11200 0 729
11200 0 5212
11200 0 1376
11200 0 1377
11200 0 1378
11200 0 14311
11200 0 14312
11200 0 748
11200 0 1389
11200 0 13042
11200 0 9080
11200 0 9081
11200 0 1790
11202 0 5
11203 0 9089
11204 0 2349
11205 0 1142
11206 0 1128
11206 0 14313
11207 0 5445
11207 0 11786
11207 0 2640
11207 0 337
11207 0 3987
11207 0 20
11207 0 4253
11208 0 6584
11208 0 14314
11208 0 215
11209 0 1977
11209 0 31
11210 0 995
11211 0 1066
11211 0 356
11214 0 8070
11215 0 1009
11216 0 2607
11217 0 4589
11217 0 5
11218 0 13701
11218 0 14316
11218 0 14317
11218 0 1101
11218 0 14318
11218 0 14319
11218 0 14320
11218 0 7066
11219 0 5
11220 0 2683
11221 0 1067
11221 0 403
11222 0 11482
11222 0 3024
11222 0 81
11222 0 11476
11222 0 11477
11222 0 11479
11222 0 11481
11222 0 90
11222 0 636
11222 0 2494
11222 0 2719
11223 0 7425
11223 0 3523
11223 0 5
11223 0 11173
11223 0 9801
11223 0 1546
11223 0 779
11223 0 10318
11223 0 14321
11223 0 4274
11223 0 14322
11223 0 14323
11223 0 14324
11223 0 14325
11223 0 9239
11224 0 843
11225 0 15
11226 0 5082
11227 0 2443
11228 0 11488
11228 0 3858
11228 0 10167
11229 0 73
11229 0 1449
11230 0 313
11231 0 11489
11232 0 6907
11233 0 9611
11233 0 9612
11233 0 9616
11233 0 9621
11233 0 8026
11233 0 9627
11233 0 5119
11234 0 9551
11235 0 1634
11235 0 4012
11236 0 349
11237 0 3855
11238 0 9848
11238 0 8178
11239 0 5954
11239 0 845
11239 0 3143
11240 0 9636
11241 0 3088
11242 0 10656
11243 0 4244
11244 0 5
11245 0 3145
11246 0 6717
11247 0 4810
11247 0 139
11248 0 9634
11248 0 3877
11249 0 713
11249 0 11130
11249 0 1645
11250 0 1249
11251 0 269
11252 0 548
11252 0 1926
11252 0 1545
11252 0 2859
11252 0 11565
11252 0 750
11252 0 5454
11252 0 9934
11252 0 6323
11253 0 5510
11253 0 5511
11253 0 5512
11253 0 5513
11253 0 11535
11254 0 3172
11255 0 5
11256 0 2037
11257 0 11543
11259 0 918
11260 0 14327
11261 0 11546
11262 0 12633
11262 0 691
11263 0 898
11263 0 7270
11263 0 9446
11263 0 6860
11263 0 1294
11263 0 3505
11263 0 539
11264 0 6293
11265 0 2899
11266 0 11551
11266 0 4055
11267 0 3318
11268 0 3993
11269 0 6915
11269 0 5
11269 0 774
11269 0 265
11269 0 1546
11269 0 2707
11269 0 282
11269 0 6555
11269 0 160
11269 0 4898
11269 0 9250
11269 0 2349
11269 0 1457
11269 0 4661
11269 0 2998
11269 0 5816
11269 0 2492
11269 0 9660
11269 0 1344
11269 0 2244
11269 0 330
11269 0 715
11269 0 6476
11269 0 4046
11269 0 5454
11269 0 1237
11269 0 1110
11269 0 599
11269 0 87
11269 0 3286
11269 0 6104
11269 0 220
11269 0 8926
11269 0 994
11269 0 355
11269 0 1382
11269 0 1767
11269 0 616
11269 0 2280
11269 0 2926
11269 0 1266
11269 0 2290
11269 0 14328
11269 0 14329
11269 0 14331
11270 0 5717
11271 0 666
11271 0 574
11272 0 601
11273 0 5307
11273 0 166
11274 0 5037
11275 0 680
11275 0 651
11275 0 1477
11275 0 968
11277 0 2755
11279 0 3005
11280 0 349
11281 0 1289
11281 0 707
11282 0 643
11283 0 3769
11283 0 5
11285 0 2064
11286 0 8
11286 0 3360
11287 0 5584
11287 0 837
11288 0 5608
11288 0 1241
11289 0 288
11289 0 1024
11289 0 74
11289 0 1207
11290 0 800
11290 0 11579
11291 0 1110
11293 0 5
11294 0 4700
11296 0 2764
11297 0 266
11297 0 4516
11297 0 6
11298 0 578
11298 0 12430
11298 0 5423
11298 0 14233
11298 0 218
11299 0 1364
11300 0 9440
11300 0 5381
11300 0 2342
11301 0 582
11302 0 64
11302 0 9649
11303 0 1046
11304 0 81
11305 0 11648
11305 0 2049
11305 0 8450
11305 0 11649
11305 0 1412
11305 0 11653
11305 0 11655
11305 0 9
11305 0 11658
11305 0 7437
11305 0 11661
11305 0 11023
11305 0 11662
11305 0 11663
11305 0 6930
11305 0 405
11305 0 8726
11305 0 5400
11305 0 281
11305 0 4506
11305 0 3486
11305 0 4898
11305 0 1574
11305 0 4391
11305 0 2984
11305 0 9894
11305 0 170
11305 0 6960
11305 0 8496
11305 0 434
11305 0 690
11305 0 2994
11305 0 8624
11305 0 10166
11305 0 5563
11305 0 8508
11305 0 6846
11305 0 2496
11305 0 9155
11305 0 5318
11305 0 1863
11305 0 11591
11305 0 11641
11305 0 5706
11305 0 971
11305 0 8395
11305 0 973
11305 0 11596
11305 0 11598
11305 0 2768
11305 0 2898
11305 0 5330
11305 0 11604
11305 0 213
11305 0 728
11305 0 11611
11305 0 11614
11305 0 866
11305 0 3556
11305 0 1382
11305 0 7142
11305 0 5996
11305 0 3055
11305 0 3058
11305 0 11636
11305 0 11638
11305 0 1145
11305 0 11643
11305 0 11644
11305 0 1151
11307 0 5853
11308 0 505
11308 0 1271
11309 0 11671
11309 0 11667
11309 0 636
11309 0 3679
11310 0 1645
11310 0 1157
11310 0 351
11311 0 296
11312 0 1040
11312 0 7041
11312 0 10632
11312 0 11677
11314 0 11681
11314 0 4450
11314 0 7339
11314 0 2356
11314 0 854
11314 0 126
11314 0 1310
11314 0 351
11315 0 11506
11316 0 160
11316 0 9765
11316 0 8
11316 0 3918
11316 0 3924
11316 0 3925
11317 0 4857
11318 0 8149
11319 0 1580
11320 0 78
11321 0 8421
11321 0 6149
11323 0 3617
11324 0 550
11325 0 617
11326 0 1418
11326 0 3555
11327 0 9669
11327 0 454
11327 0 9671
11328 0 1539
11328 0 519
11328 0 2064
11328 0 2577
11328 0 8720
11328 0 5651
11328 0 3613
11328 0 32
11328 0 574
11328 0 7230
11328 0 578
11328 0 580
11328 0 582
11328 0 8774
11328 0 3169
11328 0 1644
11328 0 4723
11328 0 7795
11328 0 3703
11328 0 120
11328 0 2170
11328 0 7805
11328 0 128
11328 0 138
11328 0 7836
11328 0 3232
11328 0 2223
11328 0 690
11328 0 2227
11328 0 5299
11328 0 2229
11328 0 1208
11328 0 11454
11328 0 3263
11328 0 2245
11328 0 717
11328 0 5346
11328 0 4329
11328 0 237
11328 0 749
11328 0 1262
11328 0 2289
11328 0 4852
11328 0 5369
11328 0 4857
11328 0 4363
11328 0 7947
11328 0 5923
11328 0 5939
11328 0 3900
11328 0 2375
11328 0 5453
11328 0 10069
11328 0 11103
11328 0 1378
11328 0 1392
11328 0 376
11328 0 889
11328 0 11128
11328 0 6011
11328 0 11129
11328 0 11130
11328 0 1412
11328 0 906
11328 0 395
11328 0 4510
11328 0 5534
11328 0 4512
11328 0 4516
11328 0 5040
11328 0 11697
11328 0 11698
11328 0 11699
11328 0 1470
11328 0 4038
11328 0 4044
11328 0 1485
11328 0 1486
11328 0 6607
11328 0 8153
11328 0 4060
11328 0 2013
11328 0 3038
11328 0 490
11328 0 496
11328 0 510
11328 0 2559
11329 0 24
11330 0 8762
11331 0 5
11332 0 2562
11332 0 2233
11332 0 1449
11332 0 1710
11332 0 271
11332 0 273
11332 0 242
11332 0 3505
11332 0 9650
11332 0 601
11332 0 1211
11332 0 796
11332 0 14334
11332 0 3071
11334 0 2256
11334 0 510
11334 0 526
11335 0 1727
11335 0 1622
11335 0 13593
11335 0 5883
11335 0 12159
11336 0 14336
11336 0 14335
11337 0 1194
11337 0 2291
11337 0 238
11338 0 4810
11339 0 90
11339 0 431
11341 0 191
11342 0 6242
11343 0 1645
11343 0 1310
11344 0 393
11344 0 9674
11344 0 7199
11347 0 5
11348 0 2530
11348 0 6420
11349 0 5858
11349 0 2762
11349 0 642
11349 0 1492
11351 0 2297
11351 0 2375
11352 0 8
11352 0 6412
11353 0 1794
11354 0 5
11355 0 5
11356 0 4482
11356 0 756
11356 0 10750
11356 0 5567
11358 0 11329
11359 0 994
11362 0 3417
11362 0 5103
11363 0 3368
11363 0 2865
11363 0 4311
11363 0 702
11363 0 1983
11364 0 14338
11365 0 289
11365 0 14339
11365 0 1539
11365 0 5037
11365 0 4625
11366 0 4048
11367 0 2633
11368 0 5
11369 0 543
11370 0 14340
11370 0 1354
11370 0 9770
11370 0 715
11370 0 11699
11370 0 11384
11370 0 539
11371 0 2342
11372 0 11145
11372 0 6306
11373 0 14341
11374 0 4615
11375 0 182
11376 0 18
11376 0 1110
11377 0 1622
11379 0 73
11379 0 7733
11380 0 4330
11381 0 5
11381 0 11774
11382 0 7585
11382 0 2979
11382 0 1317
11382 0 5
11382 0 265
11382 0 3498
11382 0 1867
11382 0 11788
11382 0 6125
11382 0 5678
11382 0 11818
11382 0 1010
11382 0 4470
11382 0 11798
11382 0 10649
11383 0 5
11385 0 1142
11387 0 9385
11387 0 69
11388 0 533
11389 0 5
11390 0 10525
11391 0 644
11391 0 14342
11392 0 5345
11392 0 3915
11392 0 5483
11392 0 1869
11392 0 3054
11392 0 690
11392 0 2040
11393 0 1128
11394 0 1395
11394 0 9172
11394 0 845
11395 0 299
11396 0 10726
11397 0 1344
11397 0 231
11398 0 5
11399 0 3001
11400 0 5742
11401 0 8501
11402 0 234
11402 0 2812
11402 0 175
11403 0 14343
11404 0 1334
11404 0 1727
11405 0 2530
11405 0 4607
11406 0 568
11408 0 18
11408 0 4005
11408 0 510
11408 0 1806
11409 0 127
11410 0 549
11410 0 2696
11410 0 2410
11410 0 8945
11410 0 4222
11411 0 14344
11413 0 4576
11414 0 24
11415 0 8
11416 0 230
11418 0 3508
11418 0 2702
11419 0 10423
11419 0 10191
11420 0 335
11421 0 3441
11422 0 7750
11422 0 14345
11422 0 14346
11422 0 299
11422 0 10733
11422 0 13645
11422 0 10607
11422 0 410
11422 0 923
11422 0 125
11424 0 4935
11425 0 5775
11426 0 5
11427 0 5
11429 0 7659
11429 0 10436
11430 0 661
11430 0 9798
11431 0 8
11432 0 849
11432 0 1506
11433 0 2662
11434 0 356
11435 0 431
11435 0 1475
11435 0 95
11436 0 385
11438 0 1008
11438 0 3844
11438 0 2712
11438 0 10622
11439 0 7555
11439 0 389
11439 0 645
11439 0 267
11439 0 525
11439 0 3609
11439 0 1564
11439 0 2720
11439 0 5412
11439 0 1196
11439 0 173
11439 0 954
11439 0 5051
11439 0 1852
11439 0 5054
11439 0 5055
11439 0 2497
11439 0 2255
11439 0 4320
11439 0 495
11439 0 1775
11439 0 3572
11439 0 3573
11439 0 3574
11440 0 2255
11441 0 793
11443 0 11207
11444 0 666
11445 0 221
11447 0 521
11448 0 7178
11449 0 81
11450 0 704
11450 0 3367
11450 0 1096
11450 0 3368
11450 0 3369
11450 0 2155
11450 0 2251
11450 0 3373
11450 0 4744
11450 0 433
11450 0 1937
11450 0 1940
11450 0 2325
11450 0 504
11450 0 7546
11450 0 2333
11450 0 3070
11452 0 240
11452 0 4049
11452 0 2224
11452 0 180
11452 0 6527
11453 0 4241
11454 0 8546
11454 0 795
11454 0 5
11455 0 11850
11456 0 3073
11458 0 1212
11460 0 10557
11460 0 6206
11461 0 1539
11463 0 14349
11464 0 2052
11464 0 6069
11465 0 8813
11465 0 717
11467 0 356
11467 0 2791
11467 0 2632
11467 0 5063
11467 0 10
11467 0 5034
11467 0 12584
11467 0 1709
11467 0 238
11467 0 2447
11467 0 10478
11467 0 2801
11467 0 1236
11467 0 1431
11467 0 3003
11467 0 13949
11468 0 601
11468 0 1709
11469 0 5
11470 0 36
11470 0 5
11470 0 6
11470 0 2244
11470 0 3172
11470 0 4838
11470 0 10
11470 0 940
11470 0 1645
11470 0 14350
11470 0 2255
11470 0 1810
11470 0 4245
11470 0 1271
11470 0 505
11470 0 9183
11470 0 220
11470 0 2559
11471 0 867
11471 0 741
11471 0 3273
11471 0 3945
11471 0 6160
11471 0 732
11472 0 11865
11474 0 5758
11475 0 14351
11476 0 440
11477 0 5
11477 0 1071
11478 0 11866
11479 0 355
11480 0 10497
11480 0 1634
11480 0 4515
11480 0 3498
11480 0 12139
11480 0 11055
11480 0 1617
11480 0 689
11480 0 733
11481 0 5926
11481 0 1740
11481 0 62
11481 0 1860
11482 0 6284
11483 0 3845
11484 0 106
11484 0 275
11484 0 6051
11484 0 618
11485 0 5
11486 0 2085
11486 0 4583
11486 0 3191
11486 0 8123
11486 0 2942
11487 0 1356
11487 0 1392
11487 0 945
11487 0 10904
11487 0 3417
11489 0 32
11489 0 2297
11489 0 8720
11489 0 4527
11490 0 14352
11491 0 645
11493 0 4576
11493 0 1191
11493 0 397
11493 0 465
11493 0 4594
11494 0 3172
11494 0 645
11494 0 6
11494 0 3614
11494 0 266
11494 0 268
11494 0 1230
11494 0 1646
11494 0 1775
11494 0 1776
11494 0 18
11494 0 1809
11494 0 1012
11494 0 117
11494 0 4057
11494 0 2812
11494 0 510
11494 0 5055
11495 0 724
11495 0 397
11495 0 4900
11496 0 24
11496 0 2009
11497 0 467
11498 0 3451
11499 0 8345
11499 0 613
11500 0 601
11501 0 4835
11501 0 676
11501 0 422
11501 0 231
11501 0 7
11501 0 2813
11501 0 10456
11501 0 10449
11501 0 9332
11501 0 9684
11501 0 10453
11501 0 7671
11501 0 10454
11501 0 10455
11501 0 7419
11501 0 125
11501 0 2558
11501 0 5727
11502 0 4497
11502 0 9084
11503 0 139
11504 0 0
11504 0 513
11504 0 6
11504 0 2567
11504 0 6151
11504 0 5645
11504 0 7189
11504 0 6169
11504 0 1058
11504 0 2086
11504 0 1575
11504 0 2598
11504 0 42
11504 0 3652
11504 0 73
11504 0 1100
11504 0 1102
11504 0 3172
11504 0 1646
11504 0 3189
11504 0 637
11504 0 2689
11504 0 4260
11504 0 9380
11504 0 4273
11504 0 184
11504 0 4796
11504 0 8382
11504 0 7879
11504 0 3272
11504 0 1738
11504 0 1740
11504 0 717
11504 0 1742
11504 0 7890
11504 0 1757
11504 0 2270
11504 0 1762
11504 0 6370
11504 0 740
11504 0 7907
11504 0 5355
11504 0 9451
11504 0 9452
11504 0 9453
11504 0 9458
11504 0 244
11504 0 245
11504 0 246
11504 0 9467
11504 0 9470
11504 0 7935
11504 0 9475
11504 0 9476
11504 0 9477
11504 0 9479
11504 0 9481
11504 0 9483
11504 0 9484
11504 0 2320
11504 0 9489
11504 0 2325
11504 0 9493
11504 0 284
11504 0 285
11504 0 9501
11504 0 9503
11504 0 290
11504 0 8486
11504 0 9510
11504 0 9511
11504 0 9517
11504 0 9518
11504 0 7983
11504 0 9519
11504 0 9520
11504 0 9521
11504 0 819
11504 0 9524
11504 0 9531
11504 0 4931
11504 0 9543
11504 0 6994
11504 0 9554
11504 0 9557
11504 0 9560
11504 0 4442
11504 0 9563
11504 0 9564
11504 0 358
11504 0 9575
11504 0 360
11504 0 13694
11504 0 4999
11504 0 5000
11504 0 7580
11504 0 413
11504 0 414
11504 0 1449
11504 0 8112
11504 0 952
11504 0 957
11504 0 962
11504 0 8643
11504 0 987
11504 0 3038
11504 0 3042
11506 0 9772
11507 0 9754
11508 0 5
11509 0 599
11510 0 3154
11511 0 4785
11511 0 212
11512 0 7328
11512 0 1188
11512 0 465
11512 0 3352
11512 0 2874
11514 0 5763
11515 0 3990
11516 0 9767
11517 0 9769
11519 0 3982
11520 0 5
11521 0 899
11521 0 900
11521 0 9223
11521 0 275
11521 0 1559
11521 0 6429
11521 0 6559
11521 0 32
11521 0 8111
11521 0 2227
11521 0 5299
11521 0 1083
11521 0 1852
11521 0 3263
11521 0 582
11521 0 2253
11521 0 2255
11521 0 2262
11521 0 995
11521 0 105
11522 0 2987
11523 0 9771
11523 0 806
11524 0 9772
11525 0 5174
11525 0 5175
11526 0 711
11527 0 1792
11528 0 795
11528 0 9855
11529 0 1451
11530 0 1770
11531 0 3082
11532 0 416
11533 0 10492
11534 0 9777
11535 0 5
11536 0 2588
11537 0 1676
11538 0 9783
11539 0 8
11539 0 2732
11540 0 3003
11541 0 6390
11542 0 368
11542 0 3523
11542 0 5655
11543 0 2069
11544 0 801
11544 0 413
11544 0 911
11545 0 8
11546 0 5
11547 0 568
11547 0 901
11547 0 1374
11548 0 1809
11548 0 805
11549 0 5416
11550 0 7685
11551 0 951
11552 0 311
11553 0 2383
11554 0 9802
11555 0 10520
11555 0 2565
11555 0 1545
11555 0 4459
11555 0 6256
11555 0 6872
11555 0 10525
11556 0 1045
11557 0 451
11557 0 5
11557 0 454
11557 0 231
11557 0 10534
11557 0 490
11557 0 269
11557 0 749
11557 0 1590
11557 0 957
11558 0 8
11558 0 212
11558 0 318
11558 0 335
11559 0 4516
11559 0 2413
11559 0 3527
11560 0 65
11560 0 177
11560 0 4617
11560 0 175
11561 0 2688
11561 0 3441
11563 0 81
11564 0 8201
11566 0 1466
11567 0 385
11567 0 2805
11567 0 7286
11567 0 2865
11568 0 2912
11569 0 5
11570 0 5363
11571 0 5
11572 0 524
11573 0 3435
11575 0 14353
11575 0 4879
11576 0 6529
11576 0 6246
11576 0 9823
11577 0 2674
11578 0 490
11579 0 7890
11579 0 9099
11579 0 548
11579 0 3646
11580 0 568
11580 0 901
11581 0 6
11581 0 519
11581 0 1804
11581 0 24
11581 0 3229
11581 0 1061
11581 0 4661
11581 0 568
11581 0 2233
11581 0 59
11581 0 6862
11581 0 81
11581 0 1110
11581 0 599
11581 0 3169
11581 0 995
11581 0 3172
11581 0 9447
11581 0 631
11581 0 1276
11581 0 510
11582 0 665
11583 0 9835
11584 0 5108
11584 0 7349
11586 0 888
11587 0 1109
11588 0 10587
11589 0 160
11589 0 490
11589 0 1842
11589 0 6336
11590 0 422
11590 0 10599
11590 0 10601
11590 0 3404
11590 0 7214
11590 0 854
11590 0 3671
11590 0 5304
11590 0 10614
11590 0 986
11590 0 10619
11591 0 890
11591 0 6141
11592 0 5
11593 0 7149
11594 0 6115
11595 0 4567
11596 0 5581
11597 0 10628
11597 0 1556
11597 0 5126
11597 0 8734
11598 0 9258
11599 0 9843
11600 0 8
11600 0 9476
11600 0 77
11601 0 10642
11602 0 1840
11602 0 7651
11603 0 8055
11604 0 9844
11606 0 3996
11607 0 1577
11608 0 1325
11609 0 298
11610 0 9849
11610 0 9850
11610 0 2091
11610 0 9847
11611 0 162
11613 0 1209
11613 0 10001
11614 0 3302
11614 0 9599
11615 0 10473
11616 0 3505
11616 0 2644
11616 0 454
11618 0 7662
11619 0 8900
11619 0 4583
11619 0 1992
11619 0 4301
11619 0 90
11620 0 9605
11621 0 2073
11622 0 5
11624 0 3200
11624 0 737
11624 0 2372
11624 0 12883
11624 0 7869
11625 0 1024
11625 0 5144
11625 0 795
11626 0 5743
11628 0 1371
11628 0 750
11629 0 9857
11630 0 2630
11631 0 5777
11632 0 2583
11633 0 296
11634 0 3115
11636 0 2471
11636 0 8359
11636 0 265
11636 0 106
11636 0 2891
11636 0 10697
11636 0 4144
11636 0 1021
11636 0 6096
11636 0 3165
11636 0 4151
11636 0 2326
11636 0 2807
11636 0 3229
11636 0 4218
11636 0 91
11636 0 413
11636 0 126
11637 0 2912
11637 0 5
11637 0 102
11637 0 10700
11637 0 4849
11637 0 9171
11637 0 244
11637 0 245
11637 0 5463
11637 0 378
11637 0 5533
11638 0 898
11638 0 5
11638 0 645
11638 0 105
11638 0 2762
11638 0 651
11638 0 1644
11638 0 717
11638 0 238
11638 0 6769
11638 0 275
11638 0 3347
11638 0 10708
11638 0 1110
11638 0 1336
11638 0 1179
11638 0 349
11638 0 2462
11639 0 1222
11639 0 2216
11639 0 105
11639 0 3720
11639 0 2416
11639 0 10710
11639 0 3517
11640 0 993
11640 0 5
11640 0 499
11640 0 1427
11640 0 5054
11640 0 7679
11641 0 451
11642 0 533
11643 0 10729
11643 0 10731
11643 0 77
11643 0 6510
11643 0 3951
11643 0 311
11643 0 2392
11643 0 249
11643 0 10714
11644 0 7265
11644 0 5
11644 0 7654
11644 0 1127
11644 0 1418
11644 0 1419
11644 0 5482
11644 0 9869
11644 0 9870
11644 0 9871
11644 0 9877
11645 0 6647
11646 0 9956
11646 0 1641
11646 0 10732
11646 0 10735
11646 0 10736
11646 0 2545
11646 0 10737
11646 0 10739
11646 0 14354
11647 0 9880
11648 0 5
11648 0 583
11648 0 5896
11648 0 8651
11648 0 1872
11648 0 6130
11648 0 3795
11648 0 121
11648 0 3068
11649 0 8
11649 0 1645
11650 0 866
11651 0 1310
11653 0 819
11654 0 10754
11654 0 10755
11654 0 10757
11654 0 10758
11654 0 1288
11654 0 10760
11654 0 10763
11654 0 9997
11654 0 10767
11654 0 10769
11654 0 8342
11654 0 1060
11654 0 3751
11654 0 555
11654 0 12977
11654 0 2363
11654 0 5196
11654 0 2270
11654 0 9446
11654 0 756
11654 0 10749
11654 0 1791
11655 0 3036
11656 0 3265
11656 0 707
11656 0 2233
11656 0 4264
11656 0 10776
11656 0 77
11656 0 82
11656 0 274
11656 0 10772
11656 0 1301
11656 0 10773
11656 0 2711
11656 0 504
11656 0 633
11656 0 10774
11657 0 8
11657 0 888
11657 0 1110
11658 0 356
11659 0 5
11660 0 1313
11662 0 10134
11662 0 10783
11663 0 6071
11664 0 689
11665 0 9899
11666 0 269
11667 0 1801
11667 0 7434
11667 0 3224
11667 0 3227
11667 0 3229
11667 0 32
11667 0 163
11667 0 4528
11667 0 945
11667 0 5040
11667 0 9021
11667 0 3263
11667 0 582
11667 0 2124
11667 0 1232
11667 0 234
11667 0 1644
11667 0 1270
11667 0 2559
11668 0 3682
11668 0 2660
11668 0 868
11668 0 10791
11668 0 10792
11668 0 10797
11668 0 10798
11668 0 9232
11668 0 7089
11668 0 4925
11669 0 2582
11670 0 295
11671 0 6984
11671 0 10802
11672 0 351
11673 0 9913
11674 0 278
11675 0 5
11676 0 5
11678 0 10809
11678 0 10810
11680 0 9916
11681 0 355
11682 0 10819
11683 0 5314
11683 0 5346
11683 0 10820
11683 0 1864
11683 0 5576
11683 0 1130
11683 0 1931
11683 0 4060
11683 0 10634
11683 0 4055
11683 0 599
11683 0 4250
11683 0 3804
11683 0 830
11684 0 9924
11685 0 4792
11686 0 10829
11687 0 1024
11687 0 259
11687 0 3460
11687 0 8
11687 0 1164
11687 0 269
11687 0 1296
11687 0 5405
11687 0 799
11687 0 6049
11687 0 8097
11687 0 6313
11687 0 1834
11687 0 1325
11687 0 947
11687 0 3892
11687 0 1333
11687 0 2614
11687 0 7095
11687 0 8123
11687 0 5056
11687 0 453
11687 0 9929
11687 0 970
11687 0 9936
11687 0 9937
11687 0 9939
11687 0 9943
11687 0 9948
11687 0 3681
11687 0 9954
11687 0 9955
11687 0 9956
11687 0 9962
11687 0 7287
11688 0 9964
11689 0 9604
11689 0 5
11689 0 9966
11689 0 2423
11690 0 2342
11691 0 4276
11692 0 9975
11692 0 5951
11692 0 1415
11694 0 4542
11695 0 5310
11697 0 1061
11697 0 8006
11697 0 455
11697 0 1198
11697 0 5650
11697 0 10836
11698 0 4064
11698 0 690
11698 0 115
11698 0 9978
11699 0 742
11700 0 1074
11701 0 8
11702 0 3344
11702 0 7369
11703 0 449
11703 0 1586
11703 0 2801
11703 0 9338
11704 0 9843
11704 0 836
11705 0 3852
11706 0 10849
11706 0 995
11706 0 1451
11706 0 8076
11706 0 1809
11706 0 1046
11706 0 760
11706 0 1658
11706 0 10843
11706 0 10846
11706 0 10847
11708 0 10853
11708 0 10534
11709 0 2290
11710 0 321
11710 0 10855
11711 0 5120
11711 0 1156
11711 0 5
11711 0 2052
11711 0 5896
11711 0 9
11711 0 269
11711 0 6798
11711 0 9487
11711 0 1834
11711 0 7980
11711 0 2238
11711 0 2496
11711 0 969
11711 0 1869
11711 0 1488
11711 0 8024
11711 0 2909
11711 0 5342
11711 0 2911
11711 0 3172
11711 0 8943
11711 0 10866
11711 0 10870
11711 0 10871
11711 0 2040
11711 0 5243
11711 0 510
11713 0 1882
11714 0 3617
11716 0 998
11717 0 9987
11717 0 599
11718 0 10881
11718 0 10882
11718 0 10884
11718 0 10890
11718 0 2449
11718 0 3473
11718 0 627
11718 0 692
11718 0 7929
11719 0 1223
11719 0 263
11719 0 10893
11719 0 10897
11719 0 8691
11719 0 1847
11719 0 5242
11719 0 1947
11719 0 351
11720 0 8
11721 0 4718
11722 0 5
11724 0 10902
11725 0 24
11725 0 6201
11725 0 2842
11725 0 349
11725 0 703
11726 0 3844
11726 0 5
11726 0 10
11726 0 9623
11726 0 6049
11726 0 802
11726 0 9635
11726 0 9640
11726 0 9641
11726 0 4403
11726 0 696
11726 0 4026
11726 0 9658
11726 0 9665
11726 0 9666
11726 0 2633
11726 0 7627
11726 0 80
11726 0 81
11726 0 1876
11726 0 7003
11726 0 3694
11726 0 6254
11726 0 240
11726 0 2674
11726 0 6399
11727 0 15
11728 0 7368
11729 0 1833
11729 0 1794
11730 0 164
11730 0 2245
11730 0 263
11730 0 139
11730 0 3436
11730 0 3505
11730 0 2009
11731 0 5
11732 0 465
11733 0 692
11735 0 10913
11737 0 5
11738 0 1755
11739 0 7643
11740 0 5720
11742 0 2223
11743 0 81
11744 0 5
11745 0 405
11746 0 38
11747 0 10004
11748 0 10008
11749 0 5995
11750 0 5
11751 0 1024
11751 0 10018
11751 0 2915
11751 0 10020
11751 0 1061
11751 0 651
11751 0 12
11751 0 15
11751 0 275
11751 0 2548
11751 0 631
11751 0 1849
11752 0 204
11753 0 5
11755 0 269
11756 0 3614
11757 0 510
11758 0 123
11759 0 10240
11759 0 1074
11760 0 2606
11762 0 2723
11763 0 1710
11764 0 10040
11764 0 1042
11765 0 4864
11765 0 97
11765 0 3531
11766 0 7245
11767 0 10036
11768 0 4737
11768 0 7905
11768 0 4263
11768 0 8912
11768 0 5716
11768 0 981
11768 0 2297
11768 0 90
11769 0 574
11770 0 5381
11771 0 139
11771 0 433
11771 0 2291
11771 0 2615
11771 0 3001
11772 0 5
11774 0 3840
11774 0 4866
11774 0 900
11774 0 5
11774 0 389
11774 0 645
11774 0 266
11774 0 139
11774 0 523
11774 0 3342
11774 0 3344
11774 0 3345
11774 0 8720
11774 0 11922
11774 0 5405
11774 0 32
11774 0 2720
11774 0 6051
11774 0 4516
11774 0 4005
11774 0 8998
11774 0 174
11774 0 4527
11774 0 4528
11774 0 3506
11774 0 11315
11774 0 11958
11774 0 5051
11774 0 1084
11774 0 1470
11774 0 703
11774 0 1729
11774 0 4677
11774 0 4678
11774 0 712
11774 0 6217
11774 0 2250
11774 0 5324
11774 0 2253
11774 0 1230
11774 0 3406
11774 0 2257
11774 0 3410
11774 0 10834
11774 0 727
11774 0 8152
11774 0 1759
11774 0 4320
11774 0 1251
11774 0 3171
11774 0 105
11774 0 875
11774 0 3819
11774 0 110
11774 0 1262
11774 0 1653
11774 0 3317
11774 0 3573
11774 0 505
11774 0 634
11774 0 126
11775 0 3840
11775 0 899
11775 0 1801
11775 0 2697
11775 0 3343
11775 0 3344
11775 0 5650
11775 0 5035
11775 0 5036
11775 0 9900
11775 0 175
11775 0 3767
11775 0 9272
11775 0 5051
11775 0 2762
11775 0 10957
11775 0 2256
11775 0 2262
11775 0 4701
11775 0 4320
11775 0 873
11775 0 112
11776 0 536
11776 0 4021
11777 0 10962
11777 0 6681
11777 0 6090
11777 0 10963
11778 0 10964
11779 0 9888
11779 0 3811
11779 0 8932
11779 0 10051
11779 0 615
11779 0 968
11779 0 2988
11779 0 4557
11779 0 2162
11779 0 6264
11780 0 3915
11780 0 844
11781 0 10190
11781 0 2471
11783 0 5
11784 0 4272
11785 0 139
11786 0 1835
11787 0 265
11788 0 8996
11788 0 5
11788 0 8
11788 0 872
11788 0 18
11788 0 886
11788 0 5718
11788 0 7062
11788 0 2394
11788 0 8987
11788 0 2942
11788 0 95
11789 0 5
11790 0 5
11791 0 1280
11792 0 6070
11792 0 3198
11793 0 8690
11794 0 513
11794 0 707
11794 0 5990
11794 0 10995
11794 0 1718
11795 0 5
11795 0 103
11795 0 3880
11795 0 5790
11795 0 1676
11795 0 62
11796 0 8
11797 0 414
11798 0 6989
11799 0 1640
11800 0 5
11801 0 859
11802 0 68
11803 0 356
11806 0 4535
11807 0 11011
11808 0 5
11809 0 4296
11810 0 5
11811 0 9688
11811 0 9687
11811 0 4055
11812 0 6
11812 0 11014
11812 0 117
11812 0 2297
11812 0 10588
11813 0 539
11814 0 6277
11814 0 4574
11815 0 2145
11816 0 2035
11817 0 8816
11817 0 9744
11818 0 4278
11819 0 11020
11820 0 3584
11820 0 3561
11820 0 8105
11820 0 9964
11820 0 8526
11820 0 3247
11820 0 3249
11820 0 3638
11821 0 3552
11821 0 3204
11821 0 5
11822 0 385
11823 0 6799
11824 0 12
11825 0 5121
11825 0 2951
11825 0 2955
11825 0 7691
11825 0 10124
11825 0 10125
11825 0 10128
11825 0 10129
11825 0 10135
11825 0 669
11825 0 10141
11825 0 10146
11825 0 2083
11825 0 10148
11825 0 10149
11825 0 10154
11825 0 10157
11825 0 10158
11825 0 10159
11825 0 10160
11825 0 10162
11825 0 9396
11825 0 4543
11825 0 1727
11825 0 5574
11825 0 5714
11825 0 10083
11825 0 10084
11825 0 10086
11825 0 10087
11825 0 10088
11825 0 5743
11825 0 884
11825 0 10100
11825 0 1782
11825 0 10105
11825 0 11514
11825 0 10107
11825 0 10108
11826 0 819
11827 0 3720
11827 0 9481
11827 0 651
11827 0 6155
11827 0 4110
11827 0 4115
11827 0 1044
11827 0 7827
11827 0 918
11827 0 557
11827 0 8505
11827 0 61
11827 0 4162
11827 0 2245
11827 0 5829
11827 0 6215
11827 0 717
11827 0 1485
11827 0 1489
11827 0 9690
11827 0 9691
11827 0 1375
11827 0 9696
11827 0 1377
11827 0 994
11827 0 1378
11827 0 9704
11827 0 9205
11827 0 3830
11827 0 13695
11828 0 633
11829 0 6338
11829 0 901
11829 0 4015
11829 0 4016
11829 0 209
11829 0 6353
11829 0 11025
11829 0 6132
11830 0 1043
11830 0 9964
11830 0 1739
11832 0 7490
11833 0 2363
11833 0 4978
11833 0 11033
11833 0 11035
11833 0 924
11834 0 2909
11834 0 3703
11835 0 415
11836 0 1198
11838 0 102
11839 0 10287
11840 0 6049
11840 0 3270
11840 0 678
11840 0 6323
11840 0 501
11840 0 9334
11840 0 2426
11841 0 3584
11841 0 5633
11841 0 3586
11841 0 3587
11841 0 5000
11841 0 2441
11841 0 4235
11841 0 1549
11841 0 4368
11841 0 403
11841 0 8105
11841 0 3498
11841 0 11052
11841 0 1581
11841 0 11053
11841 0 3247
11841 0 11055
11841 0 3249
11841 0 11056
11841 0 51
11841 0 52
11841 0 11057
11841 0 3638
11841 0 9793
11841 0 9794
11841 0 7364
11841 0 1739
11841 0 8526
11841 0 1877
11841 0 862
11841 0 5214
11841 0 1632
11841 0 1634
11841 0 3042
11841 0 3561
11841 0 9964
11842 0 5778
11842 0 10123
11842 0 10255
11843 0 10175
11844 0 8294
11845 0 4576
11846 0 7408
11846 0 2513
11846 0 342
11847 0 105
11847 0 631
11848 0 4826
11848 0 11066
11849 0 11069
11850 0 267
11850 0 5004
11850 0 13711
11850 0 13712
11850 0 13713
11850 0 13714
11850 0 13715
11850 0 13716
11850 0 13717
11850 0 13718
11850 0 13719
11850 0 8350
11850 0 11808
11850 0 5956
11850 0 5957
11850 0 1734
11850 0 582
11850 0 1736
11850 0 2523
11850 0 4205
11850 0 4208
11852 0 349
11852 0 85
11852 0 5
11853 0 5
11854 0 77
11855 0 11082
11857 0 964
11858 0 10184
11859 0 455
11859 0 10186
11859 0 10189
11859 0 850
11859 0 2617
11860 0 4067
11860 0 11101
11860 0 2350
11861 0 1739
11862 0 5
11863 0 5
11864 0 1345
11865 0 551
11866 0 68
11867 0 433
11869 0 298
11871 0 7825
11872 0 5518
11873 0 7202
11874 0 4936
11874 0 123
11874 0 5
11875 0 95
11876 0 169
11876 0 4076
11876 0 8436
11876 0 1103
11878 0 578
11879 0 121
11879 0 11114
11879 0 6051
11880 0 11116
11881 0 1727
11882 0 2925
11883 0 681
11885 0 1968
11885 0 81
11886 0 11125
11887 0 5
11887 0 454
11888 0 11138
11888 0 269
11888 0 3726
11888 0 13849
11888 0 11132
11888 0 5183
11888 0 11135
11890 0 342
11891 0 105
11891 0 5
11892 0 1212
11893 0 10213
11893 0 8486
11893 0 10214
11893 0 2316
11893 0 1772
11893 0 5454
11893 0 8591
11893 0 10205
11893 0 7347
11893 0 374
11893 0 4566
11893 0 2556
11893 0 285
11893 0 10206
11893 0 10207
11894 0 10226
11895 0 1332
11896 0 5
11897 0 2690
11897 0 10228
11897 0 5
11898 0 745
11899 0 7135
11900 0 10
11901 0 465
11902 0 90
11903 0 3125
11903 0 5
11903 0 1174
11904 0 6333
11905 0 1483
11906 0 514
11907 0 105
11908 0 2170
11909 0 1110
11910 0 290
11911 0 68
11913 0 11147
11914 0 352
11915 0 11150
11915 0 6309
11915 0 6670
11915 0 7
11916 0 6177
11916 0 5579
11917 0 1024
11917 0 774
11917 0 139
11917 0 140
11917 0 652
11917 0 1294
11917 0 9105
11917 0 14355
11917 0 11156
11917 0 11157
11917 0 7830
11917 0 11159
11917 0 792
11917 0 666
11917 0 11163
11917 0 8220
11917 0 413
11917 0 2077
11917 0 11165
11917 0 11167
11917 0 6049
11917 0 7330
11917 0 2979
11917 0 8486
11917 0 5161
11917 0 5289
11917 0 11178
11917 0 1070
11917 0 431
11917 0 3376
11917 0 11183
11917 0 11185
11917 0 691
11917 0 3767
11917 0 568
11917 0 1464
11917 0 445
11917 0 62
11917 0 11199
11917 0 11201
11917 0 2502
11917 0 329
11917 0 4682
11917 0 203
11917 0 9162
11917 0 77
11917 0 845
11917 0 11213
11917 0 81
11917 0 3667
11917 0 1622
11917 0 2902
11917 0 2392
11917 0 4825
11917 0 90
11917 0 11222
11917 0 11226
11917 0 5990
11917 0 3561
11917 0 1899
11917 0 1516
11917 0 1518
11917 0 6513
11917 0 1395
11917 0 1396
11917 0 8180
11918 0 1141
11919 0 10242
11920 0 356
11921 0 1805
11922 0 5
11923 0 717
11924 0 11239
11924 0 11240
11924 0 11241
11924 0 7187
11924 0 6584
11924 0 2685
11924 0 1854
11925 0 196
11926 0 320
11926 0 6688
11926 0 130
11926 0 164
11926 0 5700
11926 0 10246
11926 0 1513
11926 0 5327
11926 0 6804
11926 0 380
11928 0 3106
11928 0 5
11928 0 618
11928 0 1271
11928 0 313
11928 0 5534
11929 0 11244
11930 0 11248
11931 0 5928
11931 0 11251
11933 0 628
11934 0 1539
11934 0 1470
11934 0 3590
11935 0 10261
11935 0 413
11936 0 1644
11936 0 1374
11937 0 11259
11938 0 7615
11939 0 2255
11940 0 3974
11942 0 1244
11943 0 621
11943 0 5
11943 0 4490
11944 0 2423
11945 0 2617
11946 0 3743
11947 0 990
11948 0 11222
11949 0 10002
11950 0 3024
11951 0 10280
11951 0 10279
11951 0 111
11952 0 444
11953 0 2104
11954 0 5
11956 0 2618
11957 0 5
11959 0 459
11959 0 5475
11959 0 2719
11960 0 1056
11960 0 10286
11961 0 10288
11961 0 10289
11962 0 8149
11963 0 1622
11964 0 568
11965 0 11305
11965 0 5
11966 0 2015
11967 0 77
11968 0 349
11969 0 5
11969 0 1933
11969 0 4879
11969 0 2416
11969 0 10293
11969 0 2874
11970 0 5
11971 0 385
11972 0 8193
11972 0 1027
11972 0 4099
11972 0 5
11972 0 517
11972 0 3077
11972 0 510
11972 0 12
11972 0 18
11972 0 14357
11972 0 14358
11972 0 13850
11972 0 9244
11972 0 7197
11972 0 10283
11972 0 5164
11972 0 4665
11972 0 11325
11972 0 65
11972 0 3137
11972 0 11331
11972 0 11332
11972 0 7751
11972 0 5192
11972 0 6217
11972 0 11337
11972 0 11342
11972 0 3151
11972 0 11343
11972 0 1110
11972 0 9303
11972 0 11350
11972 0 11351
11972 0 11352
11972 0 2655
11972 0 11359
11972 0 2147
11972 0 11364
11972 0 614
11972 0 11367
11972 0 1646
11972 0 2160
11972 0 4723
11972 0 117
11972 0 4221
11972 0 126
11972 0 3719
11972 0 9869
11972 0 2712
11972 0 3233
11972 0 6818
11972 0 1187
11972 0 3751
11972 0 11436
11972 0 691
11972 0 11444
11972 0 3261
11972 0 11454
11972 0 11455
11972 0 11456
11972 0 11458
11972 0 11459
11972 0 717
11972 0 1230
11972 0 2256
11972 0 2769
11972 0 2259
11972 0 727
11972 0 1755
11972 0 220
11972 0 8411
11972 0 6880
11972 0 226
11972 0 3300
11972 0 741
11972 0 238
11972 0 756
11972 0 760
11972 0 3836
11972 0 8447
11972 0 8451
11972 0 2821
11972 0 8966
11972 0 1287
11972 0 265
11972 0 2825
11972 0 1809
11972 0 7443
11972 0 4402
11972 0 5939
11972 0 1334
11972 0 824
11972 0 7483
11972 0 3900
11972 0 831
11972 0 3397
11972 0 10566
11972 0 1864
11972 0 1866
11972 0 846
11972 0 1359
11972 0 2900
11972 0 3414
11972 0 5464
11972 0 4447
11972 0 2915
11972 0 5478
11972 0 1400
11972 0 11130
11972 0 1915
11972 0 894
11972 0 5506
11972 0 3975
11972 0 1418
11972 0 1931
11972 0 1420
11972 0 400
11972 0 3479
11972 0 3487
11972 0 2471
11972 0 947
11972 0 950
11972 0 961
11972 0 5057
11972 0 6082
11972 0 2500
11972 0 968
11972 0 970
11972 0 971
11972 0 6607
11972 0 464
11972 0 11215
11972 0 5586
11972 0 467
11972 0 6100
11972 0 10710
11972 0 10711
11972 0 4056
11972 0 2521
11972 0 3035
11972 0 7132
11972 0 9185
11972 0 1518
11972 0 1523
11972 0 4086
11972 0 2042
11972 0 2558
11974 0 275
11975 0 8
11976 0 1809
11976 0 510
11977 0 2647
11978 0 454
11979 0 482
11979 0 3844
11979 0 2052
11979 0 325
11979 0 4388
11979 0 11468
11979 0 5528
11981 0 24
11982 0 3853
11983 0 196
11984 0 2765
11984 0 6230
11984 0 2967
11985 0 10
11986 0 641
11986 0 3788
11987 0 8
11988 0 3272
11989 0 10242
11989 0 5
11989 0 4232
11989 0 12426
11989 0 4623
11989 0 1556
11989 0 533
11989 0 5014
11989 0 3743
11989 0 10017
11989 0 4514
11989 0 549
11989 0 2472
11989 0 10410
11989 0 8620
11989 0 822
11989 0 5302
11989 0 10807
11989 0 9913
11989 0 4027
11989 0 6204
11989 0 11511
11989 0 832
11989 0 1218
11989 0 11474
11989 0 5331
11989 0 11475
11989 0 3926
11989 0 862
11989 0 4447
11989 0 11486
11989 0 9313
11989 0 11491
11989 0 11492
11989 0 11493
11989 0 1126
11989 0 875
11989 0 876
11989 0 11499
11989 0 11502
11989 0 11505
11989 0 11506
11989 0 3957
11989 0 2038
11989 0 1527
11989 0 3958
11989 0 8955
11991 0 90
11992 0 1840
11992 0 793
11992 0 727
11992 0 151
11993 0 155
11995 0 11512
11995 0 4013
11996 0 288
11997 0 1845
11999 0 1645
12000 0 11519
12001 0 2019
12002 0 8
12002 0 4600
12003 0 486
12003 0 727
12004 0 11522
12006 0 901
12006 0 1321
12006 0 1323
12006 0 4046
12006 0 1110
12008 0 7355
12010 0 275
12010 0 11526
12013 0 81
12014 0 81
12014 0 393
12014 0 103
12015 0 393
12017 0 763
12017 0 894
12018 0 5
12019 0 5235
12020 0 7755
12020 0 564
12021 0 4895
12022 0 7392
12022 0 3681
12022 0 9002
12022 0 9004
12022 0 9005
12022 0 9009
12022 0 2835
12022 0 467
12022 0 6582
12022 0 7382
12022 0 924
12022 0 3071
12023 0 7476
12026 0 1774
12028 0 3944
12029 0 5
12031 0 3842
12031 0 5
12031 0 5478
12031 0 8
12031 0 5802
12031 0 117
12031 0 4735
12033 0 1774
12034 0 3032
12036 0 4098
12036 0 1774
12036 0 8979
12036 0 8726
12036 0 631
12037 0 11544
12038 0 413
12039 0 5221
12041 0 1334
12042 0 2345
12043 0 6
12044 0 3068
12045 0 290
12045 0 5
12045 0 445
12046 0 9024
12046 0 9027
12046 0 9028
12046 0 1897
12046 0 4905
12046 0 4914
12046 0 4310
12046 0 1272
12046 0 1913
12047 0 266
12047 0 3348
12047 0 5652
12047 0 3485
12047 0 1449
12047 0 2483
12047 0 1333
12047 0 950
12047 0 3008
12047 0 2244
12047 0 9035
12047 0 7380
12047 0 9044
12047 0 1110
12047 0 9047
12047 0 9048
12047 0 601
12047 0 91
12047 0 6112
12047 0 9059
12047 0 9062
12047 0 1768
12047 0 3436
12047 0 4978
12047 0 1655
12047 0 894
12047 0 6143
12048 0 1333
12048 0 103
12051 0 9066
12051 0 349
12052 0 1141
12053 0 6559
12054 0 7037
12054 0 11576
12054 0 1093
12054 0 2702
12055 0 134
12056 0 490
12057 0 33
12057 0 6129
12057 0 2073
12057 0 2814
12057 0 3423
12058 0 1150
12060 0 1683
12061 0 4441
12061 0 161
12062 0 2596
12063 0 8
12064 0 4257
12064 0 834
12064 0 4258
12064 0 10017
12064 0 5445
12064 0 9162
12064 0 3052
12064 0 3054
12064 0 3055
12064 0 9135
12064 0 7089
12064 0 11600
12064 0 11602
12064 0 11603
12064 0 4150
12064 0 4795
12065 0 8
12066 0 988
12067 0 11612
12068 0 4030
12069 0 1321
12069 0 107
12069 0 172
12069 0 11629
12069 0 3536
12069 0 9841
12069 0 1203
12069 0 6323
12069 0 4983
12069 0 4218
12070 0 9079
12071 0 9088
12071 0 9089
12071 0 5
12071 0 134
12071 0 1926
12071 0 9093
12071 0 9094
12071 0 10
12071 0 6155
12071 0 9096
12071 0 9097
12071 0 9099
12071 0 1297
12071 0 9086
12071 0 9106
12071 0 9110
12071 0 24
12071 0 9113
12071 0 9114
12071 0 6431
12071 0 1056
12071 0 5281
12071 0 9119
12071 0 931
12071 0 3491
12071 0 9124
12071 0 1065
12071 0 9129
12071 0 6062
12071 0 3760
12071 0 1075
12071 0 564
12071 0 9139
12071 0 312
12071 0 9144
12071 0 8122
12071 0 9146
12071 0 3776
12071 0 2114
12071 0 3779
12071 0 3908
12071 0 8004
12071 0 2118
12071 0 3788
12071 0 717
12071 0 3668
12071 0 8148
12071 0 1622
12071 0 8661
12071 0 4576
12071 0 994
12071 0 611
12071 0 614
12071 0 231
12071 0 105
12071 0 1903
12071 0 1142
12071 0 6779
12071 0 9084
12071 0 9085
12071 0 2942
12071 0 9087
12072 0 294
12072 0 4359
12072 0 1449
12072 0 9162
12072 0 8491
12072 0 9163
12072 0 9167
12072 0 533
12072 0 662
12072 0 599
12072 0 2712
12072 0 2462
12073 0 937
12074 0 2224
12074 0 1084
12074 0 2232
12074 0 391
12075 0 32
12075 0 5024
12075 0 290
12075 0 356
12075 0 5
12075 0 709
12075 0 2697
12075 0 1102
12075 0 2702
12075 0 24
12075 0 4030
12076 0 5
12078 0 2016
12078 0 413
12079 0 3817
12079 0 10925
12080 0 10512
12081 0 10209
12082 0 355
12082 0 6499
12083 0 5
12085 0 82
12086 0 8440
12088 0 7225
12089 0 4099
12089 0 9181
12090 0 866
12090 0 6476
12090 0 9645
12090 0 5617
12090 0 242
12090 0 9650
12090 0 154
12090 0 188
12090 0 9629
12091 0 72
12091 0 1751
12092 0 2219
12093 0 9184
12094 0 5
12094 0 6792
12094 0 395
12094 0 7572
12094 0 3229
12094 0 1583
12094 0 2613
12094 0 1343
12094 0 1344
12094 0 6340
12094 0 4040
12094 0 1230
12094 0 2639
12094 0 1108
12094 0 5725
12094 0 9186
12094 0 1124
12094 0 9191
12094 0 7532
12094 0 3694
12094 0 9202
12094 0 9206
12094 0 3833
12095 0 121
12095 0 1628
12095 0 3068
12096 0 5159
12097 0 4825
12098 0 9233
12099 0 104
12100 0 490
12100 0 9234
12100 0 5270
12100 0 374
12100 0 5271
12101 0 888
12101 0 1305
12102 0 5
12103 0 7107
12103 0 1739
12103 0 5359
12103 0 1109
12103 0 9238
12104 0 5112
12105 0 5
12106 0 183
12107 0 5
12108 0 11680
12108 0 3173
12108 0 5
12108 0 2442
12108 0 4278
12108 0 10200
12108 0 1336
12109 0 3163
12110 0 368
12111 0 9249
12111 0 5858
12111 0 9250
12111 0 103
12111 0 90
12112 0 4
12112 0 11685
12114 0 104
12115 0 5
12116 0 650
12116 0 11694
12116 0 1710
12116 0 3190
12117 0 4535
12117 0 103
12118 0 1344
12119 0 958
12120 0 72
12120 0 1345
12121 0 5651
12123 0 8917
12124 0 5112
12125 0 9253
12126 0 5125
12127 0 7777
12127 0 11713
12127 0 4356
12127 0 1989
12127 0 5
12127 0 400
12127 0 433
12128 0 3311
12130 0 568
12131 0 42
12132 0 4321
12132 0 355
12132 0 2692
12132 0 806
12132 0 8
12132 0 1289
12132 0 2730
12132 0 11726
12132 0 11727
12132 0 6800
12132 0 18
12132 0 4947
12132 0 184
12132 0 958
12133 0 2020
12133 0 894
12134 0 9257
12134 0 9258
12134 0 9261
12134 0 9262
12134 0 9263
12134 0 626
12134 0 1334
12134 0 568
12135 0 11738
12136 0 85
12137 0 533
12138 0 5
12139 0 3295
12139 0 11740
12139 0 967
12141 0 288
12141 0 994
12142 0 9271
12143 0 103
12144 0 4582
12145 0 10295
12146 0 11750
12147 0 5
12148 0 673
12148 0 5650
12149 0 8663
12150 0 5
12152 0 11755
12152 0 11756
12152 0 11758
12152 0 8103
12153 0 7737
12153 0 6250
12154 0 11760
12155 0 5
12156 0 3268
12157 0 107
12158 0 5
12159 0 601
12160 0 1024
12160 0 2764
12161 0 454
12162 0 8989
12162 0 5079
12163 0 2327
12164 0 3145
12164 0 590
12165 0 4477
12166 0 5059
12167 0 11766
12168 0 1024
12168 0 81
12169 0 9284
12169 0 5
12169 0 269
12169 0 4400
12169 0 2015
12170 0 533
12171 0 9288
12171 0 8915
12173 0 6204
12175 0 8
12176 0 961
12176 0 806
12176 0 1311
12177 0 649
12178 0 1411
12178 0 381
12178 0 3951
12179 0 2406
12180 0 1236
12181 0 6048
12182 0 11784
12183 0 212
12184 0 11277
12184 0 11790
12187 0 9298
12189 0 5
12190 0 6320
12190 0 4044
12190 0 591
12191 0 4106
12192 0 5
12193 0 4493
12194 0 4067
12194 0 1959
12194 0 329
12194 0 9321
12194 0 76
12194 0 1084
12195 0 2498
12196 0 9327
12197 0 1869
12198 0 1406
12198 0 334
12200 0 633
12200 0 125
12200 0 2342
12201 0 11268
12201 0 137
12201 0 9231
12201 0 9232
12201 0 401
12201 0 11036
12201 0 412
12201 0 11421
12201 0 8863
12201 0 11808
12201 0 422
12201 0 2730
12201 0 2476
12201 0 3119
12201 0 1969
12201 0 2482
12201 0 9937
12201 0 1116
12201 0 6506
12201 0 8814
12201 0 2041
12202 0 442
12202 0 2122
12203 0 9335
12204 0 5
12205 0 284
12206 0 2
12207 0 3133
12208 0 8
12211 0 513
12211 0 5
12211 0 4622
12211 0 18
12211 0 14361
12211 0 14362
12211 0 14363
12211 0 14365
12211 0 14366
12211 0 14368
12211 0 14369
12211 0 14370
12211 0 14371
12211 0 14373
12211 0 42
12211 0 45
12211 0 6196
12211 0 4149
12211 0 7225
12211 0 2619
12211 0 1596
12211 0 1597
12211 0 10306
12211 0 81
12211 0 6744
12211 0 1124
12211 0 10863
12211 0 2673
12211 0 1654
12211 0 140
12211 0 3233
12211 0 4779
12211 0 3760
12211 0 7349
12211 0 203
12211 0 717
12211 0 1232
12211 0 1751
12211 0 11998
12211 0 5858
12211 0 739
12211 0 12003
12211 0 8421
12211 0 2806
12211 0 10998
12211 0 6906
12211 0 10503
12211 0 11536
12211 0 2325
12211 0 795
12211 0 797
12211 0 12580
12211 0 6438
12211 0 1322
12211 0 13103
12211 0 1332
12211 0 1845
12211 0 7486
12211 0 8032
12211 0 7524
12211 0 2918
12211 0 2418
12211 0 5498
12211 0 4993
12211 0 6017
12211 0 6022
12211 0 11664
12211 0 11672
12211 0 923
12211 0 13728
12211 0 13731
12211 0 13732
12211 0 13733
12211 0 13734
12211 0 5039
12211 0 951
12211 0 5568
12211 0 2498
12211 0 1987
12211 0 5074
12211 0 467
12211 0 12261
12211 0 5607
12211 0 5608
12211 0 5609
12211 0 5610
12211 0 5612
12211 0 11775
12212 0 4622
12213 0 5
12214 0 3836
12215 0 7243
12216 0 5541
12216 0 9354
12216 0 11819
12216 0 11822
12216 0 11824
12216 0 11825
12216 0 346
12216 0 6973
12217 0 1460
12218 0 117
12219 0 2579
12221 0 2544
12223 0 6049
12223 0 3234
12223 0 5
12223 0 4680
12223 0 4682
12223 0 1230
12223 0 3826
12223 0 884
12223 0 11829
12223 0 2551
12223 0 11833
12223 0 9242
12223 0 11839
12224 0 56
12224 0 221
12226 0 5
12227 0 234
12227 0 1645
12228 0 8976
12228 0 1334
12228 0 591
12229 0 1961
12230 0 11852
12230 0 7733
12230 0 494
12231 0 90
12232 0 8
12232 0 236
12232 0 5
12232 0 10727
12234 0 1840
12234 0 8993
12234 0 5524
12234 0 269
12236 0 1883
12237 0 10659
12238 0 6488
12239 0 11863
12240 0 1872
12240 0 2052
12241 0 5
12242 0 5685
12243 0 3272
12244 0 9363
12245 0 2026
12246 0 6574
12246 0 958
12247 0 5121
12247 0 6667
12247 0 4148
12247 0 3642
12247 0 10314
12247 0 3151
12247 0 1619
12247 0 1622
12247 0 1110
12247 0 10338
12247 0 6243
12247 0 7268
12247 0 3175
12247 0 10343
12247 0 10344
12247 0 10346
12247 0 10348
12247 0 10350
12247 0 10351
12247 0 10352
12247 0 10355
12247 0 10360
12247 0 10362
12247 0 10363
12247 0 10365
12247 0 4225
12247 0 10369
12247 0 10376
12247 0 10378
12247 0 10384
12247 0 10385
12247 0 10386
12247 0 10388
12247 0 10389
12247 0 151
12247 0 9367
12247 0 9370
12247 0 9373
12247 0 4766
12247 0 9375
12247 0 9376
12247 0 9377
12247 0 7330
12247 0 10397
12247 0 10404
12247 0 9383
12247 0 9386
12247 0 9387
12247 0 9389
12247 0 10415
12247 0 9393
12247 0 9396
12247 0 9398
12247 0 9400
12247 0 9401
12247 0 9404
12247 0 9406
12247 0 9407
12247 0 10432
12247 0 9409
12247 0 9410
12247 0 9411
12247 0 2756
12247 0 9413
12247 0 10439
12247 0 9416
12247 0 9419
12247 0 9421
12247 0 6354
12247 0 6867
12247 0 9427
12247 0 9429
12247 0 9430
12247 0 9431
12247 0 9434
12247 0 9435
12247 0 9436
12247 0 9438
12247 0 9439
12247 0 9443
12247 0 9447
12247 0 6380
12247 0 8457
12247 0 6926
12247 0 2321
12247 0 4373
12247 0 1814
12247 0 823
12247 0 7484
12247 0 7533
12247 0 5522
12247 0 3496
12247 0 4022
12247 0 3545
12249 0 6313
12250 0 6546
12251 0 1563
12252 0 3234
12252 0 105
12252 0 4041
12252 0 7433
12252 0 7436
12252 0 7437
12252 0 7440
12252 0 7441
12252 0 7442
12252 0 2357
12252 0 2649
12252 0 922
12252 0 3001
12252 0 3614
12253 0 1332
12254 0 5263
12255 0 5840
12255 0 7451
12255 0 5883
12256 0 592
12256 0 7453
12256 0 7454
12256 0 7455
12257 0 7456
12258 0 7458
12259 0 10
12260 0 7459
12260 0 484
12261 0 5
12262 0 297
12262 0 7109
12262 0 7110
12263 0 2443
12264 0 696
12264 0 5908
12264 0 5
12264 0 7111
12266 0 6263
12267 0 265
12267 0 413
12268 0 864
12269 0 1097
12269 0 2325
12270 0 355
12270 0 470
12271 0 1039
12272 0 6390
12273 0 793
12274 0 237
12275 0 3123
12275 0 7461
12275 0 7462
12276 0 7114
12277 0 4122
12277 0 265
12277 0 7050
12277 0 7115
12277 0 7116
12277 0 3437
12277 0 4110
12277 0 2064
12277 0 5205
12277 0 1466
12277 0 4828
12277 0 349
12278 0 7119
12279 0 353
12280 0 1356
12281 0 2403
12282 0 7121
12283 0 7463
12284 0 7464
12285 0 1010
12286 0 1577
12287 0 772
12287 0 5
12287 0 395
12287 0 1937
12287 0 3229
12287 0 168
12287 0 2736
12287 0 4280
12287 0 1976
12287 0 1086
12287 0 1087
12287 0 3910
12287 0 4681
12287 0 592
12287 0 978
12287 0 7126
12287 0 7127
12287 0 91
12287 0 7132
12287 0 7134
12287 0 7144
12287 0 2030
12287 0 4350
12288 0 478
12289 0 709
12289 0 7399
12289 0 6250
12289 0 7468
12289 0 494
12289 0 431
12289 0 53
12290 0 1344
12290 0 7471
12291 0 5215
12293 0 2375
12293 0 1230
12293 0 1806
12293 0 7474
12293 0 7477
12293 0 7480
12293 0 2297
12293 0 2559
12294 0 393
12294 0 7482
12295 0 12
12296 0 624
12297 0 1024
12297 0 4113
12297 0 1844
12297 0 1093
12298 0 6160
12298 0 451
12298 0 599
12299 0 7025
12300 0 965
12301 0 5
12301 0 77
12301 0 4595
12301 0 343
12301 0 7484
12301 0 349
12303 0 151
12304 0 4793
12304 0 5341
12305 0 5
12305 0 6
12305 0 1558
12305 0 1560
12305 0 3610
12305 0 2077
12305 0 32
12305 0 35
12305 0 14375
12305 0 14376
12305 0 4651
12305 0 5693
12305 0 2113
12305 0 3665
12305 0 594
12305 0 1108
12305 0 601
12305 0 94
12305 0 6257
12305 0 1653
12305 0 2172
12305 0 6274
12305 0 644
12305 0 645
12305 0 3209
12305 0 7311
12305 0 3219
12305 0 2712
12305 0 3229
12305 0 681
12305 0 2223
12305 0 177
12305 0 2227
12305 0 180
12305 0 692
12305 0 2229
12305 0 3767
12305 0 3257
12305 0 5305
12305 0 11967
12305 0 2245
12305 0 199
12305 0 2253
12305 0 5325
12305 0 2257
12305 0 7380
12305 0 5857
12305 0 4322
12305 0 1252
12305 0 3304
12305 0 234
12305 0 2795
12305 0 3829
12305 0 2807
12305 0 1271
12305 0 248
12305 0 2298
12305 0 2812
12305 0 4862
12305 0 767
12305 0 265
12305 0 267
12305 0 784
12305 0 1824
12305 0 289
12305 0 5413
12305 0 297
12305 0 1838
12305 0 1840
12305 0 5424
12305 0 5426
12305 0 821
12305 0 1336
12305 0 1852
12305 0 4926
12305 0 7487
12305 0 7489
12305 0 7490
12305 0 7491
12305 0 7492
12305 0 7493
12305 0 7494
12305 0 2375
12305 0 2376
12305 0 7503
12305 0 7504
12305 0 7508
12305 0 7510
12305 0 7511
12305 0 7514
12305 0 348
12305 0 7517
12305 0 1375
12305 0 7519
12305 0 7520
12305 0 7521
12305 0 356
12305 0 358
12305 0 7526
12305 0 7527
12305 0 7529
12305 0 7532
12305 0 7533
12305 0 7535
12305 0 881
12305 0 7537
12305 0 2421
12305 0 7541
12305 0 7545
12305 0 6524
12305 0 7555
12305 0 389
12305 0 390
12305 0 1413
12305 0 7050
12305 0 7572
12305 0 1432
12305 0 4010
12305 0 5034
12305 0 5040
12305 0 945
12305 0 1971
12305 0 6067
12305 0 6073
12305 0 1468
12305 0 454
12305 0 1483
12305 0 1485
12305 0 2510
12305 0 2000
12305 0 3549
12305 0 487
12305 0 9207
12305 0 506
12306 0 4295
12307 0 192
12307 0 87
12308 0 7586
12309 0 7155
12310 0 1011
12311 0 356
12312 0 1626
12314 0 349
12315 0 1090
12316 0 5058
12317 0 3753
12318 0 393
12318 0 998
12319 0 5905
12321 0 5
12324 0 224
12324 0 6048
12324 0 898
12324 0 6495
12324 0 13703
12324 0 8
12324 0 3944
12324 0 2762
12324 0 2507
12324 0 18
12324 0 4085
12324 0 7158
12324 0 7160
12324 0 7161
12324 0 3743
12325 0 464
12325 0 7165
12325 0 7167
12326 0 2434
12327 0 5
12327 0 2455
12328 0 5628
12331 0 729
12332 0 4910
12333 0 5120
12333 0 2618
12334 0 7172
12335 0 6946
12335 0 269
12336 0 898
12336 0 772
12336 0 717
12336 0 4403
12336 0 7607
12337 0 3348
12338 0 2859
12339 0 7040
12340 0 4568
12341 0 866
12341 0 3016
12341 0 940
12341 0 465
12341 0 7611
12341 0 7612
12342 0 4535
12343 0 7615
12344 0 2633
12345 0 7616
12345 0 4052
12346 0 7619
12347 0 486
12348 0 24
12349 0 72
12350 0 11431
12351 0 586
12352 0 2534
12353 0 631
12354 0 1061
12354 0 3830
12355 0 7628
12355 0 103
12356 0 1272
12357 0 81
12358 0 3003
12358 0 5
12359 0 1984
12360 0 853
12361 0 3252
12361 0 389
12361 0 1207
12362 0 8
12362 0 7633
12363 0 5526
12365 0 3069
12365 0 7638
12366 0 7192
12366 0 1821
12366 0 1959
12367 0 837
12368 0 7200
12368 0 2106
12369 0 3617
12369 0 1492
12370 0 7641
12371 0 7642
12372 0 7649
12372 0 7650
12372 0 262
12372 0 1163
12372 0 5454
12372 0 5876
12372 0 3545
12372 0 7646
12372 0 4447
12373 0 7661
12373 0 679
12374 0 14377
12374 0 6123
12375 0 1027
12375 0 1156
12375 0 431
12375 0 6415
12375 0 7670
12375 0 7671
12375 0 7672
12375 0 7673
12375 0 4955
12375 0 3357
12377 0 7677
12378 0 5519
12379 0 889
12380 0 349
12381 0 652
12381 0 172
12382 0 4555
12382 0 7207
12383 0 793
12386 0 5531
12387 0 164
12388 0 4573
12389 0 7473
12391 0 4147
12393 0 7210
12393 0 2220
12394 0 7211
12396 0 4731
12396 0 1781
12396 0 5047
12397 0 175
12397 0 2812
12397 0 1710
12397 0 103
12398 0 4814
12401 0 3002
12401 0 703
12402 0 756
12402 0 349
12404 0 310
12405 0 266
12406 0 1474
12407 0 5129
12407 0 356
12408 0 5
12409 0 995
12410 0 7699
12411 0 2104
12412 0 5
12413 0 889
12414 0 3290
12415 0 6313
12417 0 5
12418 0 64
12419 0 4932
12420 0 7217
12420 0 6555
12421 0 7702
12421 0 4535
12422 0 7572
12424 0 8
12424 0 3091
12426 0 1819
12426 0 7703
12426 0 599
12427 0 3523
12427 0 7164
12428 0 3003
12428 0 380
12429 0 5655
12430 0 7219
12431 0 7220
12431 0 7221
12432 0 2349
12434 0 496
12435 0 7216
12435 0 7214
12435 0 7215
12436 0 90
12437 0 3106
12437 0 1575
12437 0 4937
12437 0 7705
12437 0 7706
12439 0 961
12439 0 1028
12439 0 1810
12439 0 1971
12439 0 506
12439 0 1083
12440 0 1402
12440 0 7226
12441 0 3083
12442 0 3428
12443 0 955
12444 0 1840
12445 0 3830
12446 0 643
12447 0 2019
12447 0 68
12447 0 2789
12447 0 5
12447 0 7029
12447 0 7030
12447 0 445
12449 0 5994
12451 0 898
12451 0 7555
12451 0 255
12451 0 4617
12451 0 1681
12451 0 275
12451 0 7714
12451 0 7715
12451 0 2223
12451 0 2101
12451 0 1464
12451 0 191
12451 0 81
12451 0 1374
12451 0 486
12451 0 3302
12451 0 1130
12451 0 110
12451 0 2548
12451 0 4981
12451 0 639
12453 0 2576
12454 0 1574
12455 0 257
12455 0 1634
12455 0 226
12455 0 4515
12455 0 6564
12455 0 7716
12455 0 7717
12455 0 594
12455 0 793
12455 0 3198
12455 0 5567
12456 0 7719
12457 0 6412
12458 0 3456
12458 0 7044
12458 0 7036
12458 0 4937
12458 0 14378
12458 0 3532
12458 0 6252
12458 0 6706
12458 0 7038
12458 0 7032
12458 0 7033
12458 0 476
12458 0 5726
12460 0 248
12462 0 703
12463 0 151
12465 0 5
12466 0 702
12468 0 7722
12469 0 349
12469 0 631
12470 0 3003
12471 0 5037
12473 0 3617
12473 0 5
12473 0 7231
12474 0 240
12475 0 1301
12476 0 506
12476 0 7236
12477 0 6054
12477 0 4111
12477 0 7730
12477 0 4403
12477 0 276
12477 0 5078
12477 0 4120
12478 0 1769
12478 0 5427
12479 0 6148
12480 0 1645
12480 0 4926
12480 0 1971
12480 0 1972
12480 0 506
12480 0 2844
12480 0 3165
12480 0 4030
12481 0 7238
12482 0 213
12483 0 845
12484 0 7239
12484 0 650
12484 0 823
12484 0 536
12484 0 5690
12484 0 6139
12485 0 1539
12486 0 7732
12487 0 5524
12488 0 196
12489 0 5
12490 0 578
12490 0 1539
12490 0 5
12490 0 4040
12490 0 717
12490 0 4399
12490 0 5042
12490 0 2227
12490 0 1334
12490 0 2551
12490 0 248
12490 0 250
12490 0 445
12491 0 7240
12492 0 5
12493 0 6050
12494 0 3169
12495 0 7373
12496 0 3725
12498 0 7242
12499 0 3468
12500 0 103
12501 0 438
12503 0 5
12504 0 5
12505 0 2395
12505 0 740
12506 0 2427
12506 0 5
12507 0 7245
12510 0 4228
12511 0 7742
12512 0 5
12513 0 8
12514 0 349
12515 0 7745
12516 0 5140
12516 0 7247
12517 0 1825
12518 0 269
12519 0 1000
12519 0 2647
12520 0 117
12521 0 1272
12521 0 7250
12521 0 1236
12521 0 6999
12522 0 13852
12523 0 4826
12523 0 7252
12523 0 7253
12524 0 2403
12525 0 7750
12527 0 381
12528 0 4724
12528 0 1982
12530 0 8
12530 0 5789
12530 0 32
12530 0 42
12530 0 1196
12530 0 14380
12530 0 1843
12530 0 437
12530 0 2615
12530 0 2233
12530 0 4793
12530 0 191
12530 0 1486
12530 0 6862
12530 0 2640
12530 0 599
12530 0 7257
12530 0 473
12530 0 7258
12530 0 7259
12530 0 7261
12530 0 7264
12530 0 7265
12530 0 3830
12530 0 5119
12531 0 3003
12531 0 7270
12532 0 8
12534 0 1025
12534 0 7752
12534 0 1067
12534 0 4779
12534 0 4461
12534 0 5727
12535 0 1313
12535 0 5
12535 0 7206
12537 0 7755
12538 0 7298
12538 0 5
12538 0 645
12538 0 8
12538 0 3213
12538 0 2065
12538 0 275
12538 0 2167
12538 0 1971
12538 0 692
12538 0 310
12538 0 4283
12538 0 3772
12538 0 4284
12538 0 3774
12538 0 7288
12538 0 330
12538 0 4042
12538 0 3150
12538 0 1489
12538 0 594
12538 0 3545
12538 0 3165
12538 0 2909
12538 0 360
12538 0 7274
12538 0 7275
12538 0 7276
12538 0 7278
12538 0 7279
12538 0 7280
12538 0 7283
12538 0 3573
12538 0 2551
12538 0 5624
12538 0 510
12538 0 255
12539 0 7778
12539 0 7780
12539 0 645
12539 0 2186
12539 0 524
12539 0 2252
12539 0 5644
12539 0 18
12539 0 13853
12539 0 510
12540 0 313
12541 0 160
12541 0 2531
12542 0 5
12543 0 5
12544 0 1105
12544 0 1684
12545 0 7272
12546 0 7270
12547 0 4888
12548 0 7804
12549 0 6899
12549 0 3023
12550 0 7815
12551 0 7303
12554 0 7099
12555 0 4014
12556 0 7306
12557 0 7830
12558 0 148
12559 0 992
12559 0 4426
12559 0 5
12559 0 7310
12560 0 1506
12560 0 2245
12560 0 5576
12560 0 1834
12560 0 1866
12560 0 12
12560 0 236
12560 0 5322
12560 0 4475
12560 0 703
12561 0 5
12562 0 7854
12563 0 3028
12564 0 651
12565 0 7311
12566 0 7425
12566 0 4106
12567 0 1289
12568 0 1323
12569 0 137
12570 0 888
12571 0 5
12571 0 5928
12571 0 7312
12571 0 7313
12571 0 156
12572 0 11730
12573 0 601
12573 0 1847
12574 0 7315
12574 0 7316
12575 0 4665
12575 0 5002
12575 0 3723
12575 0 7317
12577 0 6241
12577 0 6596
12577 0 75
12577 0 1899
12577 0 973
12577 0 846
12577 0 2159
12577 0 7117
12577 0 213
12577 0 949
12577 0 3929
12578 0 4669
12579 0 3167
12580 0 771
12580 0 7899
12581 0 4144
12581 0 4142
12581 0 4143
12582 0 7903
12583 0 7936
12583 0 1282
12583 0 390
12583 0 519
12583 0 8
12583 0 7816
12583 0 10
12583 0 2058
12583 0 2315
12583 0 4363
12583 0 526
12583 0 7947
12583 0 1553
12583 0 4369
12583 0 3987
12583 0 532
12583 0 5654
12583 0 4120
12583 0 3227
12583 0 2335
12583 0 1313
12583 0 806
12583 0 300
12583 0 433
12583 0 945
12583 0 2485
12583 0 4021
12583 0 2487
12583 0 6582
12583 0 1466
12583 0 3066
12583 0 4546
12583 0 4038
12583 0 199
12583 0 711
12583 0 1483
12583 0 717
12583 0 81
12583 0 2385
12583 0 7890
12583 0 2644
12583 0 6612
12583 0 1110
12583 0 599
12583 0 7929
12583 0 986
12583 0 2395
12583 0 736
12583 0 740
12583 0 358
12583 0 359
12583 0 1643
12583 0 1388
12583 0 749
12583 0 1389
12583 0 1391
12583 0 1392
12583 0 7788
12583 0 2551
12583 0 889
12583 0 506
12583 0 763
12583 0 253
12583 0 5758
12584 0 5
12585 0 5618
12585 0 7963
12585 0 7967
12586 0 5
12587 0 5
12588 0 7973
12588 0 7972
12588 0 5
12589 0 568
12590 0 351
12591 0 631
12592 0 7977
12593 0 7328
12593 0 4964
12593 0 10
12593 0 5197
12593 0 5103
12593 0 7327
12594 0 5229
12595 0 5036
12596 0 2625
12596 0 1354
12596 0 7981
12597 0 5
12598 0 8000
12598 0 8003
12598 0 7996
12599 0 6373
12599 0 8007
12599 0 8008
12599 0 300
12599 0 795
12599 0 446
12600 0 8011
12601 0 5
12601 0 2342
12601 0 5997
12601 0 8015
12601 0 849
12601 0 1362
12602 0 7331
12604 0 81
12604 0 639
12605 0 5
12605 0 6
12605 0 2565
12605 0 8
12605 0 7686
12605 0 1556
12605 0 2580
12605 0 2077
12605 0 35
12605 0 1060
12605 0 2091
12605 0 2606
12605 0 62
12605 0 68
12605 0 3145
12605 0 81
12605 0 594
12605 0 1110
12605 0 103
12605 0 4735
12605 0 2688
12605 0 1665
12605 0 139
12605 0 2707
12605 0 4768
12605 0 164
12605 0 1188
12605 0 4775
12605 0 1208
12605 0 190
12605 0 2762
12605 0 220
12605 0 5345
12605 0 3301
12605 0 745
12605 0 2802
12605 0 1271
12605 0 772
12605 0 265
12605 0 793
12605 0 2844
12605 0 823
12605 0 1849
12605 0 1356
12605 0 3928
12605 0 347
12605 0 349
12605 0 1374
12605 0 8030
12605 0 8032
12605 0 356
12605 0 8040
12605 0 1903
12605 0 8047
12605 0 2418
12605 0 8056
12605 0 8057
12605 0 4985
12605 0 8059
12605 0 891
12605 0 8061
12605 0 8063
12605 0 8069
12605 0 8070
12605 0 8071
12605 0 2974
12605 0 6051
12605 0 3505
12605 0 1976
12605 0 1466
12605 0 454
12605 0 455
12605 0 456
12605 0 4046
12605 0 464
12605 0 2000
12605 0 496
12605 0 7153
12605 0 2559
12606 0 1657
12607 0 3930
12608 0 1729
12608 0 7877
12608 0 582
12608 0 8073
12608 0 8076
12608 0 1229
12608 0 4784
12608 0 180
12608 0 1012
12608 0 3261
12609 0 2496
12609 0 81
12609 0 3058
12610 0 3272
12611 0 310
12612 0 5
12612 0 230
12612 0 5862
12612 0 1261
12612 0 216
12612 0 414
12613 0 8083
12614 0 14131
12615 0 1025
12615 0 5
12615 0 7
12615 0 1543
12615 0 531
12615 0 1427
12615 0 7190
12615 0 5529
12615 0 8090
12615 0 8093
12615 0 8094
12615 0 8099
12615 0 8100
12615 0 8101
12615 0 422
12615 0 8103
12615 0 1449
12615 0 306
12615 0 2356
12615 0 568
12615 0 3001
12615 0 4793
12615 0 3404
12615 0 1876
12615 0 90
12615 0 480
12615 0 3681
12615 0 5858
12615 0 2660
12615 0 3696
12615 0 2418
12615 0 499
12615 0 763
12616 0 5002
12617 0 4040
12618 0 3584
12618 0 3586
12618 0 7364
12618 0 7
12618 0 3561
12618 0 8105
12618 0 3638
12619 0 3404
12620 0 2736
12621 0 1356
12621 0 1110
12622 0 8107
12623 0 2405
12623 0 8109
12624 0 5397
12625 0 588
12626 0 5
12627 0 8
12627 0 677
12628 0 1260
12630 0 2037
12631 0 5947
12632 0 5
12634 0 5928
12635 0 7348
12637 0 498
12638 0 8
12639 0 7562
12639 0 1074
12639 0 4242
12639 0 1460
12639 0 4884
12639 0 854
12639 0 2327
12639 0 1596
12640 0 422
12641 0 578
12641 0 1545
12641 0 10
12641 0 750
12641 0 531
12641 0 2551
12641 0 380
12641 0 349
12641 0 351
12642 0 8133
12644 0 5
12645 0 5152
12645 0 450
12645 0 2852
12645 0 1289
12645 0 3306
12645 0 2126
12645 0 4335
12645 0 4719
12645 0 6703
12645 0 5970
12645 0 8150
12645 0 1080
12645 0 5340
12645 0 1917
12645 0 671
12646 0 872
12647 0 8151
12649 0 5305
12650 0 81
12651 0 2790
12653 0 8157
12653 0 5906
12653 0 5954
12653 0 8158
12654 0 349
12655 0 7360
12655 0 7353
12655 0 5
12655 0 7357
12656 0 73
12657 0 645
12658 0 3452
12659 0 8165
12659 0 8166
12660 0 288
12661 0 594
12662 0 8168
12662 0 8169
12662 0 8175
12662 0 533
12662 0 3671
12662 0 894
12662 0 351
12663 0 7256
12664 0 2634
12664 0 3476
12666 0 6907
12668 0 7364
12669 0 5295
12670 0 3323
12670 0 1869
12670 0 5
12670 0 7015
12671 0 4990
12672 0 4213
12673 0 2535
12674 0 5
12675 0 1179
12676 0 3016
12676 0 274
12676 0 643
12677 0 72
12678 0 7371
12679 0 827
12681 0 5374
12682 0 1840
12682 0 8182
12683 0 7049
12684 0 349
12685 0 14381
12685 0 10727
12686 0 8
12687 0 5
12687 0 2565
12687 0 4709
12687 0 4011
12687 0 2060
12687 0 1358
12687 0 2606
12687 0 81
12687 0 3737
12687 0 4785
12687 0 8183
12687 0 8184
12687 0 601
12687 0 8186
12687 0 8187
12687 0 8185
12688 0 5
12689 0 8189
12690 0 745
12690 0 75
12691 0 2423
12692 0 8192
12693 0 72
12693 0 3723
12693 0 2349
12693 0 1999
12693 0 6291
12696 0 5728
12696 0 5
12696 0 940
12696 0 6126
12696 0 6127
12696 0 6129
12696 0 6130
12696 0 1043
12696 0 1431
12697 0 350
12698 0 7384
12699 0 8194
12699 0 1145
12699 0 8066
12699 0 6073
12700 0 1033
12701 0 7051
12701 0 7052
12701 0 7054
12701 0 7055
12701 0 1424
12701 0 1814
12701 0 3352
12701 0 5913
12701 0 5786
12701 0 539
12701 0 6683
12701 0 7064
12701 0 7066
12701 0 2591
12701 0 7067
12701 0 7068
12701 0 2210
12701 0 3106
12701 0 7069
12701 0 7071
12701 0 7072
12701 0 167
12701 0 7074
12701 0 7075
12701 0 7076
12701 0 6699
12701 0 7077
12701 0 7078
12701 0 7079
12701 0 7080
12701 0 7081
12701 0 7082
12701 0 4274
12701 0 7083
12701 0 7084
12701 0 7085
12701 0 7086
12701 0 7089
12701 0 7090
12701 0 7091
12701 0 4284
12701 0 4798
12701 0 5057
12701 0 66
12701 0 68
12701 0 3407
12701 0 3804
12701 0 1374
12701 0 2657
12701 0 360
12701 0 1641
12701 0 4328
12701 0 5872
12701 0 6006
12701 0 255
12703 0 793
12704 0 4880
12704 0 5179
12704 0 1418
12704 0 139
12705 0 6449
12706 0 1071
12707 0 2614
12709 0 3635
12709 0 7387
12710 0 7
12710 0 6154
12710 0 1815
12710 0 411
12710 0 162
12710 0 2223
12710 0 4019
12710 0 2754
12710 0 1097
12710 0 73
12710 0 7389
12710 0 7390
12710 0 7391
12710 0 4576
12710 0 7392
12710 0 7394
12710 0 4453
12710 0 7397
12710 0 7399
12710 0 1646
12711 0 5
12714 0 8289
12714 0 5636
12715 0 451
12717 0 4784
12717 0 3993
12717 0 645
12717 0 3406
12718 0 8291
12718 0 5
12718 0 5320
12718 0 1745
12718 0 1174
12718 0 1023
12719 0 5002
12720 0 4316
12721 0 3007
12722 0 5
12723 0 519
12724 0 8298
12725 0 3686
12725 0 1719
12726 0 8297
12726 0 8300
12726 0 8301
12726 0 8302
12726 0 3729
12726 0 3058
12726 0 1492
12726 0 8061
12727 0 8304
12728 0 10
12729 0 601
12729 0 3774
12730 0 651
12730 0 103
12731 0 2691
12732 0 5079
12733 0 72
12734 0 8307
12735 0 10
12735 0 476
12735 0 7405
12736 0 1665
12736 0 1243
12737 0 1271
12738 0 982
12742 0 5096
12743 0 727
12744 0 6284
12745 0 6999
12746 0 8313
12747 0 7407
12748 0 793
12749 0 7410
12750 0 763
12750 0 3300
12750 0 445
12750 0 519
12751 0 1845
12752 0 336
12752 0 3164
12755 0 8317
12756 0 288
12757 0 7424
12757 0 7425
12757 0 7426
12757 0 5242
12757 0 139
12757 0 535
12757 0 2594
12757 0 297
12757 0 1330
12757 0 1720
12757 0 6983
12757 0 1493
12757 0 3167
12757 0 486
12757 0 7413
12757 0 7415
12757 0 7416
12757 0 7418
12757 0 7419
12757 0 7420
12757 0 7421
12757 0 7422
12758 0 601
12758 0 898
12758 0 4971
12758 0 1095
12759 0 786
12760 0 6177
12760 0 8323
12760 0 8324
12761 0 131
12761 0 644
12761 0 3849
12761 0 395
12761 0 2443
12761 0 8331
12761 0 8332
12761 0 8335
12761 0 2708
12761 0 21
12761 0 2714
12761 0 2844
12761 0 1442
12761 0 3746
12761 0 1446
12761 0 937
12761 0 4657
12761 0 437
12761 0 438
12761 0 4926
12761 0 191
12761 0 4164
12761 0 727
12761 0 1375
12761 0 4720
12761 0 2548
12761 0 4984
12762 0 5
12762 0 8
12762 0 12
12762 0 19
12762 0 2070
12762 0 14382
12762 0 14383
12762 0 14384
12762 0 14385
12762 0 14386
12762 0 14387
12762 0 14388
12762 0 14389
12762 0 14390
12762 0 14391
12762 0 14392
12762 0 14393
12762 0 14394
12762 0 14395
12762 0 63
12762 0 66
12762 0 4170
12762 0 8266
12762 0 4173
12762 0 4181
12762 0 2141
12762 0 4191
12762 0 2154
12762 0 6250
12762 0 113
12762 0 114
12762 0 2162
12762 0 4217
12762 0 4220
12762 0 2190
12762 0 8337
12762 0 8341
12762 0 8342
12762 0 8346
12762 0 4251
12762 0 8347
12762 0 8348
12762 0 8352
12762 0 4257
12762 0 8353
12762 0 8356
12762 0 167
12762 0 8359
12762 0 169
12762 0 8361
12762 0 171
12762 0 8365
12762 0 8366
12762 0 8367
12762 0 4275
12762 0 8371
12762 0 8373
12762 0 8376
12762 0 8378
12762 0 8380
12762 0 2238
12762 0 8383
12762 0 8385
12762 0 2244
12762 0 8388
12762 0 2248
12762 0 8392
12762 0 8393
12762 0 8394
12762 0 8395
12762 0 8396
12762 0 2255
12762 0 8404
12762 0 213
12762 0 8406
12762 0 8407
12762 0 217
12762 0 8411
12762 0 221
12762 0 8413
12762 0 8414
12762 0 224
12762 0 225
12762 0 8417
12762 0 8422
12762 0 4327
12762 0 2281
12762 0 8428
12762 0 8429
12762 0 8431
12762 0 8432
12762 0 8436
12762 0 8437
12762 0 8438
12762 0 248
12762 0 249
12762 0 8442
12762 0 8443
12762 0 8444
12762 0 8445
12762 0 8447
12762 0 8448
12762 0 8449
12762 0 8450
12762 0 8451
12762 0 8452
12762 0 8454
12762 0 8455
12762 0 8458
12762 0 8461
12762 0 2321
12762 0 8475
12762 0 8476
12762 0 8477
12762 0 8478
12762 0 8482
12762 0 8483
12762 0 8485
12762 0 294
12762 0 8492
12762 0 8494
12762 0 8495
12762 0 8496
12762 0 8497
12762 0 8499
12762 0 8502
12762 0 8508
12762 0 2375
12762 0 8519
12762 0 8520
12762 0 8524
12762 0 8526
12762 0 8527
12762 0 8528
12762 0 4434
12762 0 8530
12762 0 6484
12762 0 8536
12762 0 8540
12762 0 8541
12762 0 8542
12762 0 8545
12762 0 12651
12762 0 8557
12762 0 8559
12762 0 8561
12762 0 8563
12762 0 8565
12762 0 8566
12762 0 376
12762 0 8568
12762 0 381
12762 0 8573
12762 0 8574
12762 0 8575
12762 0 8576
12762 0 8577
12762 0 8579
12762 0 6532
12762 0 8581
12762 0 8582
12762 0 4487
12762 0 8583
12762 0 8584
12762 0 8585
12762 0 8588
12762 0 8590
12762 0 8591
12762 0 8592
12762 0 8593
12762 0 8595
12762 0 8596
12762 0 405
12762 0 8597
12762 0 8598
12762 0 8599
12762 0 8600
12762 0 8601
12762 0 8603
12762 0 8604
12762 0 413
12762 0 8605
12762 0 8606
12762 0 8607
12762 0 8608
12762 0 8609
12762 0 8610
12762 0 8611
12762 0 8612
12762 0 8614
12762 0 2471
12762 0 8615
12762 0 8616
12762 0 8617
12762 0 8618
12762 0 8622
12762 0 8623
12762 0 8624
12762 0 6577
12762 0 434
12762 0 8625
12762 0 8626
12762 0 8627
12762 0 8628
12762 0 8629
12762 0 440
12762 0 8630
12762 0 8631
12762 0 8632
12762 0 8633
12762 0 445
12762 0 8634
12762 0 8635
12762 0 8636
12762 0 8637
12762 0 2503
12762 0 456
12762 0 4557
12762 0 6605
12762 0 466
12762 0 467
12762 0 8665
12762 0 2526
12762 0 6650
12762 0 510
12762 0 8705
12762 0 516
12762 0 523
12762 0 4619
12762 0 533
12762 0 538
12762 0 544
12762 0 2616
12762 0 576
12762 0 579
12762 0 580
12762 0 4680
12762 0 4681
12762 0 4682
12762 0 6736
12762 0 2642
12762 0 599
12762 0 601
12762 0 4702
12762 0 616
12762 0 4717
12762 0 2696
12762 0 6807
12762 0 684
12762 0 686
12762 0 690
12762 0 4795
12762 0 8900
12762 0 10960
12762 0 2769
12762 0 2773
12762 0 2774
12762 0 730
12762 0 6878
12762 0 4837
12762 0 746
12762 0 8946
12762 0 2807
12762 0 4864
12762 0 2820
12762 0 2821
12762 0 774
12762 0 777
12762 0 4873
12762 0 2848
12762 0 831
12762 0 832
12762 0 4929
12762 0 834
12762 0 837
12762 0 845
12762 0 846
12762 0 2898
12762 0 2900
12762 0 854
12762 0 2904
12762 0 2905
12762 0 2906
12762 0 2908
12762 0 2911
12762 0 2912
12762 0 5008
12762 0 5009
12762 0 2984
12762 0 940
12762 0 5037
12762 0 9135
12762 0 11184
12762 0 7089
12762 0 967
12762 0 968
12762 0 969
12762 0 972
12762 0 5084
12762 0 3037
12762 0 1003
12762 0 11258
12762 0 7165
12762 0 5124
12762 0 5132
12762 0 7194
12762 0 7195
12762 0 1052
12762 0 7199
12762 0 11301
12762 0 5160
12762 0 7210
12762 0 1070
12762 0 3134
12762 0 1103
12762 0 3153
12762 0 3170
12762 0 7288
12762 0 7325
12762 0 3234
12762 0 3247
12762 0 3268
12762 0 1221
12762 0 5319
12762 0 3275
12762 0 3276
12762 0 3285
12762 0 5342
12762 0 7402
12762 0 7409
12762 0 1270
12762 0 1288
12762 0 5387
12762 0 5422
12762 0 1334
12762 0 5431
12762 0 5432
12762 0 5433
12762 0 5437
12762 0 5443
12762 0 5444
12762 0 5453
12762 0 7507
12762 0 3414
12762 0 1382
12762 0 7545
12762 0 1407
12762 0 5504
12762 0 1423
12762 0 1428
12762 0 1429
12762 0 1446
12762 0 3505
12762 0 1488
12762 0 5586
12762 0 3561
12762 0 1515
12762 0 1516
12762 0 7659
12762 0 1521
12762 0 1523
12762 0 1524
12762 0 1525
12762 0 1526
12762 0 1527
12762 0 7669
12762 0 7679
12762 0 1535
12762 0 3585
12762 0 3586
12762 0 7693
12762 0 5652
12762 0 3613
12762 0 1570
12762 0 1572
12762 0 13863
12762 0 1625
12762 0 1657
12762 0 9874
12762 0 9894
12762 0 5832
12762 0 3804
12762 0 1770
12762 0 1772
12762 0 1780
12762 0 5897
12762 0 1805
12762 0 1847
12762 0 3902
12762 0 3918
12762 0 3925
12762 0 1912
12762 0 1918
12762 0 6023
12762 0 3989
12762 0 3996
12762 0 1955
12762 0 1956
12762 0 4005
12762 0 1971
12762 0 4021
12762 0 8119
12762 0 6112
12762 0 6114
12762 0 6121
12762 0 4074
12762 0 4076
12762 0 4081
12762 0 8178
12762 0 4086
12762 0 2039
12762 0 4089
12762 0 2042
12762 0 4091
12762 0 2045
12762 0 4095
12764 0 8640
12764 0 8
12764 0 6067
12764 0 8638
12764 0 8639
12765 0 1814
12766 0 1273
12767 0 8641
12768 0 1475
12768 0 7191
12769 0 3505
12770 0 3391
12771 0 1969
12772 0 3465
12772 0 2100
12773 0 6913
12773 0 8642
12774 0 3001
12775 0 5
12777 0 8644
12778 0 4779
12778 0 5853
12779 0 1066
12780 0 19
12780 0 4461
12780 0 1966
12781 0 4793
12782 0 288
12782 0 4241
12782 0 3068
12782 0 14396
12784 0 609
12785 0 4675
12785 0 644
12785 0 8645
12785 0 4356
12785 0 8647
12785 0 8648
12785 0 8650
12785 0 1397
12786 0 240
12786 0 2551
12789 0 1067
12789 0 8652
12789 0 8651
12790 0 8653
12791 0 5
12791 0 3622
12791 0 8654
12791 0 8656
12791 0 242
12791 0 1877
12792 0 3233
12792 0 8658
12792 0 8657
12793 0 1539
12794 0 376
12795 0 81
12796 0 8186
12796 0 5
12797 0 104
12797 0 5
12798 0 2032
12798 0 203
12798 0 8093
12799 0 105
12800 0 1569
12801 0 5
12802 0 8659
12803 0 8660
12804 0 8661
12805 0 4978
12805 0 2662
12806 0 445
12807 0 2565
12807 0 591
12808 0 3458
12810 0 7178
12811 0 5
12812 0 290
12812 0 2594
12812 0 2850
12812 0 8662
12812 0 8663
12812 0 7899
12813 0 3491
12813 0 2663
12813 0 2087
12813 0 11079
12813 0 4402
12813 0 5234
12813 0 6579
12813 0 3323
12815 0 8664
12816 0 2247
12817 0 1809
12818 0 5
12819 0 65
12819 0 1124
12819 0 1643
12819 0 3437
12819 0 496
12819 0 1008
12819 0 5567
12820 0 871
12821 0 5
12822 0 852
12824 0 6543
12825 0 3707
12826 0 8666
12827 0 539
12828 0 8667
12829 0 2658
12830 0 103
12831 0 3090
12831 0 8668
12831 0 7492
12832 0 649
12833 0 79
12834 0 1737
12835 0 8521
12836 0 1882
12837 0 8669
12838 0 1156
12838 0 2573
12838 0 1056
12838 0 5152
12838 0 1584
12838 0 6835
12838 0 8256
12838 0 1860
12838 0 5318
12838 0 7367
12838 0 1234
12838 0 6872
12838 0 7513
12838 0 8671
12838 0 8672
12838 0 8673
12838 0 8674
12838 0 8675
12838 0 8676
12838 0 2917
12838 0 8677
12838 0 8678
12838 0 8679
12838 0 8680
12838 0 8681
12838 0 8682
12838 0 8683
12838 0 8684
12838 0 8685
12838 0 1263
12838 0 8686
12838 0 8687
12838 0 6899
12838 0 3446
12838 0 3447
12838 0 1658
12838 0 379
12838 0 7422
12839 0 4508
12840 0 8688
12841 0 5
12842 0 1460
12842 0 500
12843 0 288
12843 0 90
12844 0 394
12845 0 8690
12846 0 3726
12848 0 3348
12849 0 1398
12851 0 6752
12851 0 7096
12851 0 7094
12851 0 7095
12852 0 8691
12853 0 1662
12853 0 8519
12854 0 8692
12856 0 8
12857 0 643
12857 0 516
12857 0 3843
12857 0 6
12857 0 8
12857 0 265
12857 0 269
12857 0 1809
12857 0 18
12857 0 275
12857 0 7189
12857 0 24
12857 0 2842
12857 0 796
12857 0 31
12857 0 2722
12857 0 4516
12857 0 42
12857 0 298
12857 0 437
12857 0 2615
12857 0 1592
12857 0 1209
12857 0 2233
12857 0 5567
12857 0 1474
12857 0 197
12857 0 5061
12857 0 2375
12857 0 2509
12857 0 6862
12857 0 594
12857 0 349
12857 0 4329
12857 0 117
12857 0 8693
12857 0 8694
12857 0 510
12858 0 8695
12859 0 8696
12860 0 10
12861 0 8697
12861 0 7254
12862 0 5
12863 0 1653
12864 0 5039
12865 0 0
12866 0 2805
12866 0 8698
12866 0 2565
12867 0 8699
12868 0 5
12869 0 1975
12870 0 8700
12871 0 5103
12872 0 3466
12874 0 1345
12874 0 4035
12874 0 265
12874 0 18
12874 0 8701
12875 0 703
12876 0 8702
12877 0 312
12879 0 8703
12880 0 8704
12881 0 8
12882 0 8705
12882 0 167
12882 0 4076
12882 0 5453
12882 0 4095
12884 0 1024
12884 0 8706
12884 0 8707
12884 0 4491
12884 0 669
12885 0 8708
12886 0 2513
12888 0 8710
12889 0 1024
12889 0 9250
12889 0 8711
12889 0 275
12889 0 2072
12889 0 795
12889 0 14397
12890 0 125
12891 0 4543
12892 0 1843
12893 0 5
12893 0 390
12893 0 2824
12893 0 8712
12893 0 8713
12893 0 139
12893 0 8715
12893 0 8716
12893 0 8717
12893 0 8718
12893 0 8336
12893 0 8728
12893 0 8722
12893 0 8723
12893 0 8724
12893 0 533
12893 0 6166
12893 0 8725
12893 0 8726
12893 0 5145
12893 0 3482
12893 0 3483
12893 0 3484
12893 0 1565
12893 0 413
12893 0 3994
12893 0 32
12893 0 544
12893 0 1570
12893 0 8731
12893 0 8732
12893 0 8733
12893 0 168
12893 0 8617
12893 0 4910
12893 0 691
12893 0 2484
12893 0 4661
12893 0 1335
12893 0 2256
12893 0 2257
12893 0 5717
12893 0 5722
12893 0 347
12893 0 3035
12893 0 349
12893 0 96
12893 0 5344
12893 0 738
12893 0 5345
12893 0 7151
12893 0 8566
12893 0 1657
12893 0 2043
12893 0 3965
12893 0 126
12894 0 12
12895 0 90
12895 0 1475
12896 0 846
12897 0 4184
12898 0 1825
12898 0 1451
12899 0 3507
12899 0 8734
12901 0 894
12902 0 8736
12903 0 4369
12903 0 1578
12904 0 5034
12905 0 231
12905 0 1003
12905 0 1553
12905 0 4790
12905 0 4120
12906 0 3905
12906 0 8737
12906 0 8738
12906 0 8727
12906 0 5
12906 0 8739
12906 0 5511
12906 0 2824
12906 0 8740
12906 0 8741
12906 0 558
12906 0 81
12906 0 1015
12906 0 4984
12906 0 3003
12908 0 4899
12908 0 8742
12908 0 8743
12908 0 72
12908 0 8744
12909 0 8745
12909 0 894
12909 0 510
12909 0 599
12911 0 8746
12912 0 1467
12913 0 196
12914 0 5
12915 0 8747
12915 0 708
12915 0 5
12916 0 2722
12917 0 4026
12918 0 10972
12919 0 7098
12920 0 3842
12920 0 7172
12920 0 1797
12920 0 8
12920 0 2573
12920 0 1166
12920 0 1936
12920 0 1938
12920 0 1939
12920 0 1940
12920 0 1941
12920 0 1942
12920 0 1943
12920 0 1944
12920 0 1945
12920 0 1946
12920 0 1061
12920 0 1451
12920 0 8748
12920 0 8749
12920 0 8750
12920 0 8751
12920 0 8752
12920 0 1457
12920 0 1586
12920 0 4785
12920 0 8753
12920 0 8756
12920 0 8757
12920 0 8759
12920 0 8761
12920 0 2618
12920 0 8762
12920 0 701
12920 0 6474
12920 0 850
12920 0 6229
12920 0 6872
12920 0 484
12920 0 3446
12920 0 7420
12920 0 7422
12921 0 8763
12922 0 1835
12924 0 10
12925 0 4327
12925 0 970
12925 0 971
12925 0 972
12925 0 2899
12925 0 2782
12926 0 889
12927 0 4343
12929 0 1355
12929 0 1204
12929 0 5
12931 0 1467
12932 0 367
12933 0 6112
12933 0 8768
12933 0 898
12933 0 644
12933 0 5
12933 0 262
12933 0 455
12933 0 1702
12933 0 3178
12933 0 651
12933 0 1419
12933 0 2801
12933 0 2387
12933 0 8764
12934 0 8765
12935 0 253
12936 0 1797
12937 0 376
12938 0 774
12938 0 520
12938 0 1548
12938 0 7053
12938 0 4250
12938 0 1950
12938 0 3743
12938 0 4130
12938 0 3622
12938 0 1449
12938 0 6194
12938 0 692
12938 0 184
12938 0 8767
12938 0 8769
12938 0 8770
12938 0 8772
12938 0 8773
12938 0 8774
12938 0 8775
12938 0 8776
12938 0 2633
12938 0 8777
12938 0 8778
12938 0 8779
12938 0 8780
12938 0 8400
12938 0 338
12938 0 2516
12938 0 6357
12938 0 91
12938 0 5596
12938 0 7132
12938 0 225
12938 0 1765
12938 0 1772
12938 0 1519
12938 0 3964
12938 0 6398
12939 0 203
12939 0 1332
12940 0 8781
12941 0 113
12942 0 5
12942 0 8782
12942 0 18
12942 0 1466
12942 0 510
12943 0 3714
12945 0 8783
12946 0 4217
12947 0 2648
12948 0 1061
12948 0 6
12948 0 1797
12948 0 105
12948 0 234
12948 0 2572
12948 0 1805
12948 0 240
12948 0 1812
12948 0 3579
12948 0 182
12948 0 1335
12948 0 539
12948 0 349
12948 0 6519
12949 0 641
12949 0 2565
12950 0 5400
12950 0 5506
12950 0 2052
12950 0 1607
12950 0 5511
12950 0 6840
12950 0 111
12950 0 8785
12950 0 4818
12950 0 8786
12950 0 822
12950 0 823
12950 0 184
12950 0 6041
12950 0 6846
12952 0 8787
12954 0 1774
12955 0 8788
12955 0 8789
12956 0 1271
12958 0 8790
12959 0 1010
12960 0 1093
12961 0 223
12962 0 2660
12962 0 3300
12962 0 1451
12962 0 6539
12962 0 2256
12962 0 7088
12962 0 662
12962 0 763
12962 0 5534
12962 0 351
12963 0 8792
12964 0 4838
12965 0 4676
12965 0 8797
12965 0 4841
12965 0 8798
12965 0 1518
12965 0 7471
12965 0 14398
12965 0 8793
12965 0 8794
12965 0 8795
12965 0 8796
12965 0 4381
12965 0 8606
12965 0 8799
12967 0 8802
12969 0 4864
12969 0 7012
12969 0 5
12969 0 1458
12969 0 338
12969 0 3058
12969 0 2388
12969 0 3699
12970 0 8803
12971 0 288
12971 0 8804
12972 0 379
12973 0 1755
12974 0 289
12974 0 3429
12974 0 2789
12974 0 4916
12974 0 951
12975 0 519
12976 0 7280
12976 0 2206
12978 0 3227
12978 0 1334
12978 0 1558
12979 0 8805
12980 0 2403
12980 0 5
12980 0 8806
12982 0 234
12982 0 5459
12983 0 5
12984 0 3427
12985 0 7100
12986 0 6224
12987 0 3788
12988 0 5
12988 0 3726
12989 0 32
12989 0 3261
12990 0 793
12992 0 3427
12992 0 3701
12992 0 7101
12993 0 1939
12993 0 8807
12993 0 1942
12993 0 1943
12994 0 2393
12995 0 6209
12995 0 5
12995 0 5063
12995 0 1102
12995 0 7478
12995 0 795
12995 0 351
12996 0 438
12997 0 138
12999 0 8808
13000 0 8809
13000 0 103
13001 0 1786
13001 0 8811
13001 0 8812
13001 0 8810
13002 0 5
13003 0 5380
13003 0 395
13003 0 2510
13003 0 3546
13003 0 3837
13004 0 4586
13005 0 7328
13006 0 1472
13007 0 674
13007 0 3495
13007 0 3436
13007 0 8813
13007 0 8814
13007 0 3471
13007 0 8815
13007 0 601
13008 0 1835
13009 0 564
13010 0 1460
13011 0 2573
13012 0 580
13012 0 3229
13013 0 8817
13014 0 2690
13015 0 6716
13016 0 5136
13016 0 3098
13018 0 8818
13019 0 5
13020 0 125
13022 0 662
13022 0 743
13023 0 2923
13023 0 622
13023 0 7314
13023 0 4149
13023 0 2102
13023 0 88
13023 0 5817
13024 0 165
13025 0 5
13026 0 2838
13028 0 168
13028 0 937
13028 0 7050
13028 0 8820
13029 0 114
13029 0 8821
13029 0 854
13029 0 8822
13029 0 7418
13029 0 126
13030 0 8823
13031 0 5
13032 0 6264
13033 0 95
13034 0 482
13034 0 1981
13034 0 1295
13035 0 81
13036 0 2849
13036 0 5
13036 0 8826
13036 0 343
13036 0 8825
13036 0 154
13037 0 1840
13037 0 10
13037 0 437
13037 0 4542
13039 0 413
13040 0 8827
13041 0 8828
13041 0 8830
13042 0 352
13042 0 8832
13042 0 290
13042 0 8833
13042 0 8834
13042 0 231
13042 0 872
13042 0 7
13042 0 6090
13042 0 7181
13042 0 5358
13042 0 2418
13042 0 8831
13043 0 2223
13044 0 5
13045 0 4820
13045 0 2614
13046 0 3125
13047 0 6915
13047 0 8836
13047 0 5
13047 0 275
13047 0 2989
13047 0 4655
13047 0 3248
13047 0 1460
13047 0 2362
13047 0 1344
13047 0 2497
13047 0 451
13047 0 1741
13047 0 2899
13047 0 2005
13047 0 4822
13047 0 8408
13047 0 2912
13047 0 4076
13047 0 503
13048 0 7232
13048 0 7585
13048 0 5
13048 0 8839
13048 0 1801
13048 0 1996
13048 0 2448
13048 0 1396
13048 0 1845
13048 0 564
13050 0 610
13050 0 5883
13051 0 3065
13052 0 1545
13052 0 3347
13052 0 269
13053 0 1377
13054 0 32
13054 0 1824
13054 0 5199
13054 0 2256
13055 0 473
13056 0 10
13057 0 519
13058 0 8841
13059 0 3267
13059 0 1898
13059 0 690
13059 0 2037
13059 0 405
13060 0 8844
13060 0 8843
13060 0 548
13061 0 5
13063 0 5
13064 0 10
13065 0 3437
13066 0 5951
13067 0 583
13067 0 872
13067 0 8846
13067 0 5583
13067 0 3543
13067 0 90
13068 0 7373
13069 0 8848
13072 0 496
13073 0 5
13074 0 1037
13075 0 346
13075 0 4805
13077 0 1569
13078 0 8849
13079 0 4281
13079 0 535
13079 0 5
13079 0 2075
13079 0 3528
13079 0 6860
13079 0 6681
13079 0 945
13079 0 3505
13079 0 8850
13079 0 8852
13079 0 533
13079 0 6390
13079 0 599
13079 0 793
13079 0 634
13079 0 1083
13080 0 1809
13080 0 1323
13080 0 117
13080 0 8853
13082 0 1460
13082 0 679
13083 0 872
13084 0 1357
13085 0 6274
13085 0 7682
13085 0 4182
13085 0 3743
13086 0 5299
13087 0 1994
13087 0 1378
13087 0 4661
13087 0 1271
13088 0 1994
13088 0 2125
13089 0 8854
13089 0 431
13090 0 3585
13090 0 3586
13090 0 3587
13090 0 5
13090 0 3080
13090 0 265
13090 0 4617
13090 0 6281
13090 0 5138
13090 0 5652
13090 0 2837
13090 0 5398
13090 0 8855
13090 0 8856
13090 0 793
13090 0 8857
13090 0 3995
13090 0 6171
13090 0 6299
13090 0 8859
13090 0 8860
13090 0 8862
13090 0 8863
13090 0 8864
13090 0 4259
13090 0 164
13090 0 4516
13090 0 8867
13090 0 8868
13090 0 8869
13090 0 8105
13090 0 8870
13090 0 5938
13090 0 1077
13090 0 5945
13090 0 698
13090 0 3004
13090 0 4668
13090 0 580
13090 0 8526
13090 0 7252
13090 0 1757
13090 0 2526
13090 0 6493
13090 0 1391
13090 0 4210
13090 0 1398
13091 0 1056
13091 0 771
13091 0 8871
13091 0 103
13091 0 2806
13092 0 7103
13094 0 7065
13097 0 8873
13097 0 8874
13098 0 1844
13099 0 743
13100 0 375
13101 0 5978
13102 0 4602
13102 0 7342
13102 0 6038
13102 0 487
13103 0 5194
13104 0 2712
13105 0 24
13106 0 1801
13106 0 8875
13106 0 8876
13106 0 3505
13106 0 3671
13106 0 1086
13106 0 3324
13106 0 1470
13107 0 658
13108 0 1451
13110 0 6823
13111 0 8877
13114 0 1792
13114 0 649
13114 0 7220
13117 0 8879
13118 0 1206
13119 0 5
13119 0 8555
13119 0 5548
13119 0 7373
13119 0 2416
13119 0 8880
13119 0 3737
13119 0 2489
13119 0 95
13119 0 1631
13120 0 8881
13121 0 4405
13122 0 8882
13124 0 8883
13125 0 3161
13125 0 2387
13126 0 6295
13128 0 672
13128 0 5253
13128 0 5
13128 0 7143
13128 0 624
13129 0 2512
13129 0 356
13129 0 437
13129 0 438
13130 0 3858
13130 0 8884
13130 0 4692
13130 0 471
13131 0 489
13133 0 2487
13133 0 6114
13133 0 138
13133 0 1931
13133 0 2891
13133 0 3562
13133 0 1230
13133 0 8885
13133 0 1847
13133 0 413
13133 0 3614
13134 0 6595
13135 0 185
13136 0 2040
13137 0 7808
13137 0 1282
13137 0 7942
13137 0 8072
13137 0 2317
13137 0 7825
13137 0 2711
13137 0 5405
13137 0 4127
13137 0 3232
13137 0 7968
13137 0 7202
13137 0 1315
13137 0 2598
13137 0 1066
13137 0 4651
13137 0 433
13137 0 2227
13137 0 180
13137 0 8118
13137 0 8886
13137 0 8887
13137 0 5561
13137 0 8888
13137 0 8889
13137 0 8890
13137 0 8891
13137 0 199
13137 0 2124
13137 0 4045
13137 0 4046
13137 0 2136
13137 0 3552
13137 0 740
13137 0 5993
13137 0 3051
13137 0 110
13137 0 4335
13137 0 117
13137 0 8191
13137 0 3837
13137 0 255
13139 0 5051
13140 0 12
13141 0 756
13142 0 1628
13143 0 269
13144 0 298
13144 0 5
13145 0 7
13146 0 2375
13147 0 1087
13148 0 2579
13148 0 8892
13148 0 2830
13149 0 290
13150 0 212
13151 0 981
13152 0 4403
13153 0 8893
13155 0 4330
13155 0 8366
13156 0 90
13157 0 355
13157 0 5836
13157 0 849
13157 0 5079
13157 0 2617
13157 0 1470
13157 0 767
13158 0 8
13159 0 1479
13161 0 582
13162 0 2562
13162 0 3075
13162 0 6661
13162 0 7
13162 0 8
13162 0 10
13162 0 12
13162 0 4111
13162 0 17
13162 0 2069
13162 0 2070
13162 0 5144
13162 0 31
13162 0 10273
13162 0 1058
13162 0 35
13162 0 7719
13162 0 1578
13162 0 5675
13162 0 5678
13162 0 2613
13162 0 4664
13162 0 1593
13162 0 3646
13162 0 14399
13162 0 14400
13162 0 4162
13162 0 12354
13162 0 68
13162 0 14403
13162 0 14404
13162 0 10823
13162 0 14405
13162 0 14406
13162 0 14408
13162 0 6219
13162 0 14409
13162 0 1101
13162 0 14410
13162 0 14411
13162 0 14412
13162 0 3153
13162 0 594
13162 0 14413
13162 0 14414
13162 0 14415
13162 0 14416
13162 0 1623
13162 0 7256
13162 0 4697
13162 0 14417
13162 0 14420
13162 0 14421
13162 0 6749
13162 0 5727
13162 0 1124
13162 0 1640
13162 0 6249
13162 0 1130
13162 0 11372
13162 0 6254
13162 0 7792
13162 0 13430
13162 0 2172
13162 0 637
13162 0 128
13162 0 641
13162 0 11395
13162 0 10887
13162 0 650
13162 0 1681
13162 0 7829
13162 0 6811
13162 0 2716
13162 0 1183
13162 0 9893
13162 0 678
13162 0 172
13162 0 6319
13162 0 6323
13162 0 5305
13162 0 9915
13162 0 2245
13162 0 3271
13162 0 7367
13162 0 209
13162 0 8914
13162 0 217
13162 0 3290
13162 0 6874
13162 0 5856
13162 0 7393
13162 0 230
13162 0 3305
13162 0 4330
13162 0 5353
13162 0 6380
13162 0 750
13162 0 240
13162 0 759
13162 0 763
13162 0 254
13162 0 1282
13162 0 1797
13162 0 14089
13162 0 2834
13162 0 2835
13162 0 4884
13162 0 1302
13162 0 1818
13162 0 1821
13162 0 1310
13162 0 289
13162 0 802
13162 0 1313
13162 0 2851
13162 0 3877
13162 0 4385
13162 0 3880
13162 0 5930
13162 0 1323
13162 0 4401
13162 0 6961
13162 0 3891
13162 0 820
13162 0 1844
13162 0 2357
13162 0 1335
13162 0 4918
13162 0 827
13162 0 3901
13162 0 8013
13162 0 1358
13162 0 6991
13162 0 1362
13162 0 10578
13162 0 5460
13162 0 8021
13162 0 1367
13162 0 7513
13162 0 4442
13162 0 349
13162 0 3423
13162 0 353
13162 0 356
13162 0 2917
13162 0 872
13162 0 5993
13162 0 1899
13162 0 1389
13162 0 1392
13162 0 889
13162 0 2939
13162 0 9596
13162 0 3462
13162 0 3465
13162 0 4489
13162 0 9099
13162 0 1932
13162 0 5524
13162 0 8086
13162 0 4505
13162 0 415
13162 0 5535
13162 0 1442
13162 0 429
13162 0 5037
13162 0 1460
13162 0 4021
13162 0 6581
13162 0 6071
13162 0 5567
13162 0 5568
13162 0 3521
13162 0 450
13162 0 1990
13162 0 4038
13162 0 12235
13162 0 7116
13162 0 12236
13162 0 5584
13162 0 11730
13162 0 1492
13162 0 2009
13162 0 9691
13162 0 487
13162 0 4584
13162 0 9708
13162 0 10221
13162 0 11758
13162 0 496
13162 0 506
13162 0 1011
13162 0 2548
13162 0 2042
13163 0 2303
13164 0 4805
13164 0 1477
13165 0 165
13166 0 1835
13167 0 5758
13167 0 431
13168 0 188
13169 0 3120
13170 0 3904
13170 0 5
13170 0 5567
13171 0 288
13171 0 2695
13171 0 8564
13171 0 1305
13171 0 8894
13171 0 8895
13172 0 3978
13174 0 3561
13176 0 1577
13177 0 516
13178 0 8898
13180 0 733
13180 0 5
13180 0 5000
13180 0 4999
13181 0 1198
13182 0 8
13183 0 241
13183 0 8900
13183 0 269
13184 0 8901
13184 0 5183
13185 0 5298
13186 0 4528
13187 0 313
13187 0 6949
13187 0 77
13187 0 8685
13188 0 1289
13189 0 539
13190 0 8902
13191 0 6643
13192 0 230
13193 0 4527
13194 0 972
13194 0 868
13195 0 349
13195 0 343
13196 0 75
13197 0 1312
13198 0 5
13199 0 5
13200 0 8903
13201 0 1818
13201 0 1634
13201 0 1259
13201 0 1260
13202 0 5816
13204 0 898
13206 0 5
13208 0 1349
13209 0 7556
13209 0 5
13209 0 3465
13209 0 395
13209 0 1294
13209 0 655
13209 0 4881
13209 0 2835
13209 0 2328
13209 0 286
13209 0 1442
13209 0 3505
13209 0 8128
13209 0 6338
13209 0 8905
13209 0 8906
13209 0 8907
13209 0 8908
13209 0 8909
13209 0 8910
13209 0 8911
13209 0 6227
13209 0 4308
13209 0 1493
13209 0 987
13209 0 1376
13209 0 2795
13209 0 1391
13209 0 4463
13209 0 6515
13209 0 373
13209 0 5496
13210 0 8913
13211 0 5
13212 0 1420
13212 0 7664
13212 0 8914
13212 0 8915
13212 0 6103
13213 0 5
13213 0 1894
13213 0 103
13215 0 496
13216 0 7424
13216 0 8084
13216 0 8917
13216 0 4574
13217 0 8918
13217 0 7591
13218 0 3985
13218 0 5
13219 0 645
13220 0 8919
13222 0 3115
13222 0 5
13223 0 6892
13224 0 8921
13224 0 5
13226 0 772
13226 0 774
13226 0 4106
13226 0 1420
13226 0 3340
13226 0 18
13226 0 7065
13226 0 1564
13226 0 3487
13226 0 6011
13226 0 6960
13226 0 1590
13226 0 4285
13226 0 1470
13226 0 2244
13226 0 2899
13226 0 731
13226 0 8926
13226 0 8928
13226 0 3041
13226 0 5345
13226 0 2148
13226 0 8187
13226 0 8685
13226 0 4849
13226 0 2290
13226 0 8952
13226 0 1657
13226 0 1402
13226 0 1659
13227 0 8955
13227 0 4623
13228 0 8866
13229 0 5
13231 0 8958
13231 0 8959
13232 0 8961
13234 0 1617
13234 0 2478
13235 0 299
13236 0 5
13237 0 5506
13237 0 8966
13237 0 1418
13237 0 1420
13237 0 5464
13237 0 3487
13238 0 1003
13239 0 1438
13240 0 95
13241 0 8969
13241 0 894
13242 0 8961
13242 0 894
13243 0 4884
13244 0 231
13244 0 8970
13244 0 8972
13244 0 8974
13244 0 431
13244 0 8975
13246 0 3249
13246 0 3377
13246 0 3247
13247 0 1011
13248 0 2296
13248 0 3937
13248 0 2731
13249 0 1834
13250 0 4555
13250 0 2029
13250 0 1876
13250 0 1365
13250 0 4030
13250 0 535
13250 0 4084
13250 0 3673
13250 0 2522
13250 0 2238
13250 0 1599
13251 0 5
13252 0 5915
13253 0 1109
13254 0 737
13254 0 36
13254 0 5
13254 0 112
13254 0 177
13254 0 2993
13254 0 1235
13254 0 7249
13254 0 8981
13254 0 8982
13254 0 2807
13254 0 2042
13254 0 510
13255 0 5478
13255 0 894
13255 0 998
13256 0 56
13257 0 5
13259 0 624
13260 0 5825
13261 0 5
13262 0 6295
13262 0 1959
13262 0 231
13263 0 8998
13264 0 13744
13264 0 13745
13266 0 806
13266 0 2598
13266 0 4458
13266 0 1100
13266 0 1551
13266 0 1552
13266 0 9007
13266 0 9010
13266 0 9011
13266 0 244
13267 0 9019
13268 0 8
13268 0 2674
13268 0 451
13268 0 5
13269 0 9022
13270 0 9030
13271 0 9032
13271 0 299
13271 0 5215
13272 0 2489
13272 0 3299
13272 0 1148
13273 0 3417
13273 0 99
13273 0 955
13274 0 4285
13275 0 139
13275 0 1015
13276 0 9039
13277 0 2434
13278 0 1110
13279 0 1024
13279 0 513
13279 0 2562
13279 0 259
13279 0 1539
13279 0 4998
13279 0 11
13279 0 2702
13279 0 655
13279 0 2580
13279 0 1301
13279 0 2712
13279 0 665
13279 0 410
13279 0 5788
13279 0 1054
13279 0 414
13279 0 3102
13279 0 1449
13279 0 2352
13279 0 827
13279 0 1095
13279 0 8905
13279 0 2251
13279 0 81
13279 0 2513
13279 0 601
13279 0 1883
13279 0 9061
13279 0 4326
13279 0 875
13279 0 876
13279 0 9072
13279 0 3058
13279 0 500
13279 0 9080
13279 0 9081
13279 0 9082
13279 0 1790
13280 0 451
13280 0 349
13280 0 950
13281 0 386
13281 0 2565
13281 0 4870
13281 0 10
13281 0 15
13281 0 1807
13281 0 1681
13281 0 1179
13281 0 6051
13281 0 1446
13281 0 679
13281 0 557
13281 0 1462
13281 0 1466
13281 0 64
13281 0 2387
13281 0 852
13281 0 2644
13281 0 10836
13281 0 745
13281 0 618
13281 0 1518
13281 0 626
13281 0 10102
13281 0 3579
13282 0 8178
13282 0 5316
13283 0 5753
13283 0 9215
13284 0 7863
13286 0 4576
13286 0 9219
13286 0 7943
13286 0 393
13286 0 982
13286 0 7224
13287 0 9221
13288 0 90
13290 0 139
13290 0 894
13291 0 10236
13291 0 342
13292 0 9952
13292 0 7404
13292 0 6958
13292 0 1230
13292 0 5405
13293 0 3417
13294 0 5836
13295 0 11002
13296 0 153
13297 0 465
13298 0 1560
13300 0 2297
13302 0 505
13303 0 1545
13303 0 5
13303 0 1518
13304 0 942
13304 0 78
13305 0 2443
13305 0 269
13305 0 400
13305 0 437
13305 0 24
13306 0 4285
13307 0 666
13308 0 356
13308 0 772
13308 0 5
13308 0 937
13308 0 236
13308 0 2765
13308 0 10637
13308 0 13644
13308 0 13647
13308 0 13648
13308 0 13650
13308 0 1395
13308 0 13652
13308 0 2423
13308 0 13657
13308 0 10551
13309 0 3252
13310 0 1467
13311 0 228
13312 0 651
13313 0 1009
13314 0 13664
13315 0 2736
13315 0 74
13316 0 81
13317 0 103
13319 0 1470
13320 0 7423
13320 0 548
13320 0 1061
13320 0 1478
13320 0 1230
13320 0 12238
13320 0 3344
13320 0 7380
13320 0 1466
13320 0 799
13321 0 290
13322 0 4465
13323 0 5
13324 0 5
13325 0 451
13325 0 13672
13325 0 13674
13325 0 5291
13325 0 13675
13325 0 13676
13325 0 5743
13325 0 5360
13325 0 4530
13325 0 4468
13325 0 3766
13325 0 1622
13325 0 13689
13325 0 10586
13325 0 9983
13326 0 631
13327 0 8761
13327 0 5
13328 0 793
13328 0 2070
13328 0 4127
13329 0 103
13330 0 13690
13331 0 12
13332 0 3088
13332 0 68
13332 0 7206
13333 0 4881
13334 0 74
13336 0 5
13338 0 8
13338 0 356
13339 0 103
13340 0 5456
13340 0 3681
13340 0 4308
13340 0 7983
13341 0 6
13341 0 2566
13341 0 266
13341 0 784
13341 0 3216
13341 0 406
13341 0 3612
13341 0 8875
13341 0 2224
13341 0 180
13341 0 3252
13341 0 2487
13341 0 3257
13341 0 727
13341 0 2395
13341 0 3304
13341 0 1645
13341 0 1781
13341 0 1271
13341 0 510
13343 0 4021
13343 0 4278
13343 0 1551
13344 0 4880
13345 0 9268
13346 0 90
13347 0 5
13348 0 9275
13349 0 5
13350 0 2297
13350 0 2762
13350 0 4857
13350 0 2375
13352 0 4385
13352 0 5858
13352 0 5613
13352 0 5079
13352 0 253
13352 0 890
13352 0 3930
13353 0 6309
13353 0 1821
13353 0 7
13354 0 1860
13354 0 7660
13354 0 1903
13354 0 6961
13354 0 539
13354 0 126
13356 0 5617
13357 0 12864
13357 0 36
13357 0 455
13357 0 8
13357 0 1451
13357 0 2580
13357 0 3257
13357 0 6493
13358 0 1235
13358 0 117
13359 0 103
13361 0 1992
13361 0 5099
13362 0 3660
13363 0 5
13364 0 2498
13364 0 5
13364 0 10
13364 0 6324
13364 0 3836
13364 0 349
13365 0 2297
13365 0 599
13366 0 1563
13367 0 128
13367 0 1698
13367 0 772
13367 0 1732
13367 0 8
13367 0 1864
13367 0 1866
13367 0 1867
13367 0 3051
13367 0 973
13367 0 5194
13367 0 5322
13367 0 5361
13367 0 11060
13367 0 568
13367 0 1849
13367 0 3995
13367 0 1950
13368 0 5
13369 0 644
13370 0 12448
13370 0 13856
13370 0 9425
13370 0 690
13370 0 466
13370 0 213
13370 0 6039
13370 0 2588
13370 0 6455
13371 0 2791
13372 0 9100
13372 0 9101
13372 0 9102
13373 0 266
13374 0 1011
13375 0 8908
13376 0 7131
13376 0 3367
13376 0 103
13377 0 265
13379 0 801
13380 0 13857
13380 0 13859
13380 0 13860
13380 0 13861
13380 0 809
13380 0 558
13380 0 1110
13380 0 11863
13380 0 3419
13380 0 4092
13381 0 220
13382 0 3662
13383 0 36
13383 0 9292
13384 0 2985
13385 0 1727
13386 0 645
13387 0 1569
13387 0 101
13387 0 139
13387 0 2927
13387 0 11186
13387 0 4607
13389 0 288
13389 0 106
13389 0 102
13389 0 13423
13391 0 5
13391 0 7
13391 0 1832
13391 0 4458
13391 0 203
13391 0 3154
13391 0 819
13391 0 1011
13391 0 14422
13391 0 14423
13391 0 504
13391 0 4793
13391 0 5722
13391 0 14424
13391 0 1213
13392 0 3169
13392 0 451
13392 0 1061
13392 0 582
13392 0 2375
13392 0 2376
13392 0 11129
13392 0 4527
13392 0 2297
13392 0 3003
13392 0 348
13392 0 349
13395 0 2055
13396 0 5936
13396 0 1211
13398 0 6060
13399 0 5
13400 0 1623
13402 0 645
13403 0 14426
13404 0 11663
13405 0 5920
13405 0 2345
13405 0 1011
13406 0 4044
13407 0 10273
13408 0 5
13408 0 4235
13408 0 9341
13408 0 4255
13408 0 6571
13408 0 4274
13408 0 1849
13408 0 1342
13408 0 3008
13408 0 9153
13408 0 2245
13408 0 1351
13408 0 3143
13408 0 329
13408 0 9045
13408 0 2009
13408 0 349
13408 0 1375
13408 0 1376
13408 0 1377
13408 0 1378
13408 0 351
13408 0 240
13408 0 3441
13408 0 9339
13408 0 893
13409 0 9344
13409 0 4962
13409 0 9346
13409 0 9347
13409 0 9348
13409 0 9349
13409 0 9355
13409 0 8974
13409 0 9361
13409 0 9362
13409 0 121
13410 0 151
13411 0 5
13412 0 8208
13414 0 14427
13414 0 5
13415 0 5040
13416 0 1142
13417 0 6874
13417 0 14428
13418 0 645
13420 0 955
13421 0 1211
13422 0 777
13422 0 6444
13422 0 592
13422 0 14429
13422 0 14430
13422 0 14431
13424 0 3080
13424 0 2406
13425 0 12418
13425 0 8
13425 0 6281
13425 0 11533
13425 0 533
13425 0 1970
13425 0 2227
13425 0 1849
13425 0 5954
13425 0 2244
13425 0 2245
13425 0 11210
13425 0 592
13425 0 1490
13425 0 2517
13425 0 4311
13425 0 1374
13425 0 14432
13425 0 2280
13425 0 8302
13425 0 1657
13425 0 6906
13428 0 548
13429 0 14435
13429 0 1294
13430 0 1840
13430 0 356
13430 0 6189
13430 0 510
13431 0 14437
13431 0 9574
13431 0 1609
13431 0 2607
13431 0 12336
13431 0 4661
13431 0 6041
13431 0 1852
13432 0 90
13432 0 6123
13433 0 4933
13433 0 1814
13434 0 533
13434 0 14438
13435 0 2423
13436 0 6708
13437 0 1432
13437 0 103
13438 0 5
13439 0 5114
13440 0 12577
13440 0 18
13440 0 5
13440 0 106
13441 0 355
13441 0 9390
13441 0 5042
13441 0 9395
13441 0 9397
13441 0 7384
13441 0 95
13441 0 8703
13442 0 1570
13443 0 471
13444 0 11158
13445 0 2381
13446 0 1467
13448 0 950
13452 0 6736
13453 0 3437
13454 0 8275
13455 0 5772
13456 0 5
13456 0 454
13456 0 2342
13456 0 9351
13456 0 3849
13456 0 4330
13456 0 9422
13456 0 9423
13456 0 561
13456 0 1841
13456 0 9425
13456 0 1460
13456 0 437
13456 0 2486
13456 0 4852
13457 0 376
13458 0 836
13459 0 5
13461 0 2120
13461 0 823
13462 0 2256
13462 0 5325
13464 0 349
13464 0 5
13465 0 1079
13466 0 356
13469 0 6669
13470 0 680
13471 0 5408
13473 0 8641
13474 0 1581
13476 0 2612
13478 0 2321
13479 0 7113
13479 0 4018
13479 0 11923
13479 0 10615
13479 0 958
13480 0 3488
13480 0 7330
13480 0 9925
13480 0 6
13480 0 14439
13480 0 1640
13480 0 14440
13480 0 14441
13480 0 140
13480 0 2961
13480 0 5041
13480 0 3930
13481 0 35
13481 0 3019
13482 0 1732
13482 0 6725
13483 0 275
13483 0 3852
13483 0 1451
13485 0 3617
13486 0 5
13487 0 665
13488 0 4805
13488 0 10
13488 0 1323
13488 0 594
13489 0 18
13490 0 2995
13491 0 1552
13491 0 11295
13491 0 4260
13491 0 1551
13492 0 601
13493 0 2720
13495 0 1066
13496 0 2529
13496 0 11462
13497 0 32
13497 0 4576
13497 0 3234
13497 0 68
13497 0 14442
13497 0 1451
13497 0 14443
13497 0 14445
13497 0 13456
13497 0 9809
13497 0 6132
13497 0 373
13497 0 8917
13497 0 601
13497 0 763
13497 0 1438
13497 0 10297
13499 0 8195
13501 0 10756
13502 0 352
13503 0 261
13503 0 1815
13504 0 3779
13505 0 329
13505 0 1815
13506 0 6843
13506 0 5
13506 0 189
13507 0 1015
13508 0 5
13509 0 160
13510 0 644
13510 0 12422
13510 0 396
13510 0 4241
13510 0 1814
13510 0 9110
13510 0 14455
13510 0 1071
13510 0 1840
13510 0 1721
13510 0 706
13510 0 4162
13510 0 1990
13510 0 11345
13510 0 7006
13510 0 5215
13510 0 1248
13510 0 12511
13510 0 14311
13510 0 13418
13510 0 13420
13510 0 4847
13510 0 14447
13510 0 14448
13510 0 14449
13510 0 14450
13510 0 14451
13510 0 14452
13510 0 3318
13510 0 14453
13510 0 14454
13510 0 2939
13512 0 61
13513 0 2805
13513 0 11421
13514 0 5
13515 0 6840
13515 0 3837
13516 0 81
13516 0 6300
13516 0 2940
13516 0 5
13517 0 5
13518 0 5298
13519 0 599
13520 0 2051
13521 0 24
13522 0 11172
13523 0 5
13523 0 1414
13523 0 4361
13523 0 1657
13523 0 10138
13523 0 1823
13523 0 3757
13523 0 558
13523 0 5037
13523 0 11951
13523 0 2614
13523 0 11961
13523 0 11964
13523 0 11965
13523 0 4682
13523 0 4439
13523 0 4320
13523 0 998
13523 0 11878
13523 0 3944
13523 0 4330
13523 0 238
13523 0 624
13523 0 2681
13525 0 1662
13526 0 4388
13527 0 9954
13528 0 5348
13528 0 389
13528 0 679
13528 0 2298
13528 0 4461
13528 0 3252
13528 0 1814
13528 0 90
13529 0 11937
13529 0 1506
13529 0 8067
13529 0 7302
13529 0 872
13529 0 106
13529 0 4469
13529 0 601
13529 0 90
13529 0 10367
13530 0 11970
13530 0 196
13530 0 2660
13530 0 11972
13530 0 4264
13530 0 7679
13530 0 140
13530 0 141
13530 0 1581
13530 0 9231
13530 0 82
13530 0 4020
13530 0 982
13530 0 983
13530 0 7325
13530 0 5726
13530 0 6623
13531 0 8257
13532 0 11974
13534 0 3326
13535 0 7229
13536 0 400
13537 0 5
13538 0 8165
13539 0 2104
13540 0 3728
13540 0 10728
13541 0 14464
13541 0 14465
13541 0 163
13541 0 9828
13541 0 510
13541 0 6536
13541 0 7369
13541 0 9243
13541 0 10923
13541 0 14459
13541 0 14462
13541 0 9781
13541 0 4856
13541 0 14458
13541 0 4827
13541 0 14460
13541 0 14461
13541 0 574
13542 0 3233
13543 0 103
13544 0 564
13545 0 5
13546 0 14466
13547 0 2545
13547 0 10748
13548 0 14467
13549 0 4213
13550 0 5
13551 0 1138
13551 0 11990
13551 0 11991
13551 0 11993
13551 0 6364
13552 0 666
13552 0 1852
13553 0 4995
13553 0 2908
13553 0 2285
13554 0 5
13555 0 12007
13556 0 14468
13556 0 5
13557 0 5
13557 0 6495
13558 0 548
13559 0 12011
13560 0 5
13561 0 7228
13562 0 4385
13563 0 2443
13564 0 14469
13564 0 526
13565 0 256
13565 0 12032
13565 0 5
13565 0 2183
13565 0 265
13565 0 1289
13565 0 1545
13565 0 1294
13565 0 275
13565 0 405
13565 0 1056
13565 0 422
13565 0 167
13565 0 168
13565 0 1449
13565 0 690
13565 0 4147
13565 0 4274
13565 0 11445
13565 0 4929
13565 0 3143
13565 0 968
13565 0 1741
13565 0 846
13565 0 1365
13565 0 1110
13565 0 2902
13565 0 2904
13565 0 1756
13565 0 221
13565 0 2909
13565 0 3164
13565 0 4327
13565 0 4201
13565 0 3563
13565 0 2159
13565 0 12020
13565 0 12022
13565 0 6391
13565 0 2552
13565 0 9467
13565 0 2814
13565 0 4095
13566 0 288
13567 0 2011
13569 0 5
13570 0 356
13571 0 451
13571 0 105
13571 0 1196
13571 0 436
13571 0 276
13571 0 6169
13572 0 12038
13572 0 5928
13572 0 81
13572 0 251
13572 0 95
13573 0 413
13574 0 2717
13575 0 1841
13575 0 2257
13575 0 645
13576 0 5
13577 0 5
13578 0 10
13579 0 24
13579 0 4978
13579 0 3125
13579 0 1655
13580 0 1842
13580 0 14470
13580 0 4535
13581 0 5054
13582 0 14471
13583 0 5
13584 0 7297
13584 0 12051
13584 0 533
13584 0 7457
13584 0 1058
13584 0 8486
13584 0 1712
13584 0 8627
13584 0 2635
13584 0 4813
13584 0 2002
13584 0 981
13584 0 998
13584 0 7398
13584 0 9707
13584 0 1518
13584 0 2287
13584 0 2418
13584 0 4989
13584 0 894
13585 0 11773
13586 0 72
13586 0 5
13588 0 1230
13589 0 2560
13589 0 1857
13589 0 5
13589 0 8
13589 0 14472
13589 0 3774
13590 0 248
13591 0 742
13592 0 852
13592 0 1110
13592 0 2719
13593 0 2812
13594 0 5
13595 0 1727
13596 0 5
13597 0 0
13598 0 5
13599 0 5
13600 0 5
13600 0 14473
13600 0 650
13600 0 14474
13600 0 7565
13600 0 924
13600 0 14109
13600 0 290
13600 0 807
13600 0 6055
13600 0 4010
13600 0 2866
13600 0 2868
13600 0 4535
13600 0 2496
13600 0 599
13600 0 217
13600 0 2927
13600 0 3058
13600 0 8185
13600 0 3323
13601 0 12055
13603 0 4743
13604 0 9116
13604 0 9117
13605 0 727
13606 0 9120
13608 0 2371
13608 0 5701
13608 0 1290
13608 0 14475
13608 0 240
13608 0 7665
13608 0 10199
13608 0 1817
13609 0 10578
13610 0 82
13610 0 346
13610 0 269
13612 0 2005
13612 0 413
13613 0 289
13614 0 1043
13614 0 8813
13615 0 14137
13615 0 13853
13615 0 5990
13615 0 5000
13615 0 489
13615 0 490
13615 0 969
13615 0 1323
13615 0 14251
13615 0 5742
13615 0 303
13615 0 304
13615 0 434
13615 0 1207
13615 0 5561
13615 0 4797
13616 0 6112
13616 0 130
13617 0 1849
13618 0 395
13619 0 273
13620 0 3073
13620 0 11650
13620 0 5
13620 0 8
13620 0 10
13620 0 5002
13620 0 140
13620 0 141
13620 0 14476
13620 0 14477
13620 0 14478
13620 0 14480
13620 0 1301
13620 0 918
13620 0 151
13620 0 1051
13620 0 2716
13620 0 669
13620 0 289
13620 0 5281
13620 0 13222
13620 0 1831
13620 0 1449
13620 0 7594
13620 0 2733
13620 0 1198
13620 0 1454
13620 0 3505
13620 0 1842
13620 0 824
13620 0 836
13620 0 73
13620 0 9046
13620 0 4440
13620 0 3930
13620 0 1117
13620 0 349
13620 0 8541
13620 0 4576
13620 0 1121
13620 0 482
13620 0 1122
13620 0 356
13620 0 5861
13620 0 9567
13620 0 103
13620 0 9570
13620 0 1518
13620 0 3701
13620 0 1402
13620 0 125
13621 0 12067
13621 0 5
13621 0 12069
13621 0 3527
13621 0 6711
13621 0 349
13622 0 2922
13623 0 5158
13623 0 5374
13623 0 5
13623 0 3342
13624 0 5
13626 0 3169
13627 0 5
13628 0 1056
13628 0 1860
13629 0 1589
13630 0 2715
13633 0 5
13634 0 1676
13635 0 74
13636 0 103
13637 0 2352
13638 0 12097
13638 0 11646
13638 0 4669
13638 0 12099
13638 0 9797
13638 0 142
13638 0 12094
13638 0 14483
13638 0 628
13638 0 6420
13638 0 12095
13638 0 9724
13638 0 5789
13638 0 3998
13638 0 9791
13639 0 6488
13640 0 5
13640 0 8
13640 0 160
13640 0 679
13640 0 5047
13640 0 1477
13640 0 12102
13640 0 12105
13640 0 74
13640 0 3530
13640 0 12106
13640 0 12110
13640 0 12112
13640 0 3793
13640 0 12114
13640 0 12115
13640 0 12118
13640 0 475
13640 0 103
13640 0 631
13640 0 1913
13641 0 275
13642 0 3882
13642 0 5
13642 0 3886
13643 0 95
13644 0 953
13644 0 11623
13645 0 14484
13647 0 2443
13648 0 3350
13649 0 539
13649 0 445
13650 0 10
13650 0 299
13650 0 451
13650 0 626
13651 0 12130
13651 0 3267
13651 0 4676
13651 0 967
13651 0 2984
13651 0 3563
13651 0 4075
13651 0 877
13651 0 845
13651 0 1103
13651 0 213
13651 0 5815
13651 0 1758
13652 0 539
13653 0 612
13654 0 275
13654 0 124
13656 0 7443
13656 0 14487
13656 0 1400
13656 0 14489
13656 0 4445
13656 0 14488
13657 0 676
13658 0 226
13658 0 12133
13659 0 12134
13660 0 1644
13661 0 5797
13663 0 4000
13664 0 12135
13665 0 1196
13666 0 1110
13667 0 1374
13668 0 213
13669 0 5978
13670 0 2146
13670 0 5093
13670 0 3824
13670 0 1204
13670 0 250
13670 0 63
13671 0 5
13673 0 290
13674 0 951
13676 0 1453
13677 0 13541
13678 0 6250
13678 0 691
13678 0 14494
13679 0 7209
13679 0 955
13680 0 95
13681 0 14495
13681 0 14496
13681 0 14497
13681 0 5
13681 0 711
13681 0 8169
13681 0 685
13681 0 2416
13681 0 690
13681 0 6612
13681 0 4921
13681 0 2908
13681 0 2238
13681 0 1151
13682 0 3487
13682 0 2159
13683 0 3428
13684 0 14498
13685 0 13951
13686 0 7363
13688 0 151
13689 0 1398
13690 0 5609
13690 0 5246
13691 0 1130
13692 0 2851
13692 0 10614
13693 0 955
13694 0 266
13695 0 2565
13695 0 1142
13696 0 7621
13696 0 2789
13696 0 2245
13697 0 13621
13699 0 609
13700 0 1798
13701 0 514
13701 0 1027
13701 0 3587
13701 0 11270
13701 0 12295
13701 0 14345
13701 0 4621
13701 0 1551
13701 0 2064
13701 0 2577
13701 0 7187
13701 0 3092
13701 0 2586
13701 0 4123
13701 0 1052
13701 0 7196
13701 0 7199
13701 0 6688
13701 0 1569
13701 0 1570
13701 0 8224
13701 0 11810
13701 0 5160
13701 0 553
13701 0 8745
13701 0 8235
13701 0 10794
13701 0 10796
13701 0 6709
13701 0 7737
13701 0 14393
13701 0 62
13701 0 8773
13701 0 582
13701 0 9800
13701 0 12873
13701 0 3149
13701 0 591
13701 0 85
13701 0 9819
13701 0 14434
13701 0 8292
13701 0 6250
13701 0 2159
13701 0 2160
13701 0 117
13701 0 4216
13701 0 4095
13701 0 13948
13701 0 4738
13701 0 11396
13701 0 11910
13701 0 3211
13701 0 5775
13701 0 1680
13701 0 8339
13701 0 149
13701 0 151
13701 0 666
13701 0 8347
13701 0 4254
13701 0 3233
13701 0 4258
13701 0 14499
13701 0 14500
13701 0 2213
13701 0 14501
13701 0 167
13701 0 14502
13701 0 169
13701 0 170
13701 0 14503
13701 0 1708
13701 0 14505
13701 0 14507
13701 0 3247
13701 0 176
13701 0 14508
13701 0 14509
13701 0 9395
13701 0 2740
13701 0 14510
13701 0 14513
13701 0 2743
13701 0 10936
13701 0 14514
13701 0 10938
13701 0 3771
13701 0 14516
13701 0 14517
13701 0 14518
13701 0 1727
13701 0 1728
13701 0 14520
13701 0 14521
13701 0 14522
13701 0 196
13701 0 14524
13701 0 14525
13701 0 14526
13701 0 14527
13701 0 14529
13701 0 14530
13701 0 14531
13701 0 1740
13701 0 14533
13701 0 14534
13701 0 14535
13701 0 11984
13701 0 2769
13701 0 2770
13701 0 2259
13701 0 2771
13701 0 14540
13701 0 14542
13701 0 14543
13701 0 14544
13701 0 14545
13701 0 218
13701 0 14546
13701 0 14548
13701 0 221
13701 0 733
13701 0 4831
13701 0 11999
13701 0 1766
13701 0 4327
13701 0 3820
13701 0 4847
13701 0 759
13701 0 763
13701 0 13052
13701 0 774
13701 0 2823
13701 0 4871
13701 0 3850
13701 0 9484
13701 0 1805
13701 0 9996
13701 0 1809
13701 0 13586
13701 0 278
13701 0 1814
13701 0 1821
13701 0 1311
13701 0 289
13701 0 6436
13701 0 293
13701 0 6437
13701 0 811
13701 0 6443
13701 0 6444
13701 0 4911
13701 0 5423
13701 0 13616
13701 0 4403
13701 0 6452
13701 0 2357
13701 0 1334
13701 0 9015
13701 0 832
13701 0 4417
13701 0 5441
13701 0 13637
13701 0 1351
13701 0 846
13701 0 8015
13701 0 4945
13701 0 11602
13701 0 2899
13701 0 6488
13701 0 14519
13701 0 5468
13701 0 1376
13701 0 3426
13701 0 7528
13701 0 12650
13701 0 14523
13701 0 13168
13701 0 4981
13701 0 11638
13701 0 889
13701 0 7545
13701 0 5499
13701 0 4480
13701 0 899
13701 0 8579
13701 0 4491
13701 0 5006
13701 0 7567
13701 0 7056
13701 0 2450
13701 0 1429
13701 0 4502
13701 0 6039
13701 0 8601
13701 0 9625
13701 0 8604
13701 0 11168
13701 0 11170
13701 0 11174
13701 0 3495
13701 0 4010
13701 0 12203
13701 0 14536
13701 0 9649
13701 0 5556
13701 0 5557
13701 0 5047
13701 0 13240
13701 0 1977
13701 0 5054
13701 0 9159
13701 0 968
13701 0 969
13701 0 9161
13701 0 971
13701 0 973
13701 0 4047
13701 0 12240
13701 0 14292
13701 0 1494
13701 0 2007
13701 0 9688
13701 0 12249
13701 0 10716
13701 0 3041
13701 0 2532
13701 0 3556
13701 0 12263
13701 0 13800
13701 0 3049
13701 0 3053
13701 0 2030
13701 0 3055
13701 0 9203
13701 0 7668
13701 0 1525
13701 0 14550
13701 0 11769
13701 0 10746
13701 0 1535
13702 0 7
13703 0 14551
13704 0 385
13704 0 130
13704 0 2443
13704 0 1683
13704 0 9238
13704 0 1056
13704 0 4128
13704 0 935
13704 0 177
13704 0 10290
13704 0 1598
13704 0 8638
13704 0 448
13704 0 65
13704 0 451
13704 0 1860
13704 0 5832
13704 0 1481
13704 0 845
13704 0 3535
13704 0 2009
13704 0 3804
13704 0 8797
13704 0 10336
13704 0 2789
13704 0 11496
13704 0 12138
13704 0 9579
13704 0 5999
13704 0 631
13704 0 1402
13704 0 1791
13706 0 266
13706 0 653
13706 0 3215
13706 0 1809
13706 0 18
13706 0 3345
13706 0 3220
13706 0 3224
13706 0 3609
13706 0 1565
13706 0 1567
13706 0 5412
13706 0 14511
13706 0 6065
13706 0 2485
13706 0 2487
13706 0 3767
13706 0 2239
13706 0 3263
13706 0 582
13706 0 2374
13706 0 2375
13706 0 2762
13706 0 6508
13706 0 4335
13706 0 1653
13706 0 2297
13707 0 2049
13707 0 20
13708 0 7585
13709 0 5380
13709 0 4614
13709 0 2093
13709 0 1208
13709 0 8633
13710 0 793
13711 0 4864
13713 0 7065
13714 0 10972
13714 0 14553
13714 0 8266
13714 0 760
13714 0 4057
13714 0 220
13714 0 413
13714 0 14552
13716 0 8134
13716 0 103
13717 0 5232
13717 0 14554
13718 0 1344
13718 0 2793
13718 0 5
13719 0 519
13719 0 103
13719 0 1065
13719 0 490
13719 0 395
13719 0 12
13719 0 2865
13719 0 564
13720 0 5772
13720 0 8663
13721 0 3809
13721 0 9509
13721 0 4845
13721 0 1294
13721 0 1204
13721 0 4884
13721 0 3703
13721 0 2712
13721 0 732
13722 0 3257
13723 0 1344
13723 0 10497
13723 0 7690
13723 0 12144
13723 0 12145
13723 0 6844
13724 0 2000
13725 0 9696
13726 0 558
13727 0 126
13728 0 8291
13728 0 9957
13728 0 5
13728 0 1071
13728 0 7476
13729 0 12152
13730 0 1075
13730 0 14556
13731 0 9026
13731 0 5
13731 0 11398
13731 0 999
13731 0 12627
13731 0 4120
13731 0 539
13731 0 9340
13731 0 14557
13731 0 286
13733 0 5
13734 0 340
13734 0 341
13735 0 5
13735 0 529
13735 0 4625
13735 0 3099
13735 0 3617
13735 0 3106
13735 0 35
13735 0 1578
13735 0 4652
13735 0 4664
13735 0 4153
13735 0 14407
13735 0 7255
13735 0 100
13735 0 3689
13735 0 1130
13735 0 13430
13735 0 12929
13735 0 10887
13735 0 3748
13735 0 165
13735 0 1201
13735 0 6323
13735 0 7367
13735 0 13016
13735 0 6874
13735 0 14559
13735 0 14560
13735 0 7393
13735 0 14561
13735 0 14562
13735 0 14564
13735 0 12006
13735 0 14566
13735 0 14567
13735 0 14569
13735 0 14570
13735 0 3309
13735 0 14573
13735 0 14574
13735 0 240
13735 0 14575
13735 0 14576
13735 0 14577
13735 0 14578
13735 0 2293
13735 0 14579
13735 0 14580
13735 0 14581
13735 0 9977
13735 0 14582
13735 0 14583
13735 0 14584
13735 0 14585
13735 0 14586
13735 0 14587
13735 0 14588
13735 0 14589
13735 0 14590
13735 0 14591
13735 0 14592
13735 0 14593
13735 0 14594
13735 0 14595
13735 0 14596
13735 0 2834
13735 0 2835
13735 0 8989
13735 0 1310
13735 0 1314
13735 0 1323
13735 0 1840
13735 0 3899
13735 0 11074
13735 0 12618
13735 0 2896
13735 0 7513
13735 0 866
13735 0 2406
13735 0 3465
13735 0 1432
13735 0 4505
13735 0 1442
13735 0 2982
13735 0 1961
13735 0 429
13735 0 5037
13735 0 12728
13735 0 2490
13735 0 5567
13735 0 3526
13735 0 7116
13735 0 464
13735 0 1492
13735 0 4581
13735 0 487
13735 0 2551
13735 0 506
13735 0 1020
13736 0 5
13737 0 568
13738 0 117
13739 0 744
13740 0 6828
13740 0 1460
13740 0 12620
13743 0 349
13744 0 14597
13745 0 1577
13747 0 892
13747 0 14598
13748 0 12608
13748 0 3077
13748 0 940
13748 0 3342
13748 0 6065
13748 0 5051
13749 0 4571
13749 0 1933
13750 0 2513
13751 0 6529
13751 0 14599
13752 0 862
13753 0 12160
13753 0 5900
13754 0 14600
13754 0 4937
13754 0 14601
13754 0 3377
13754 0 7409
13754 0 11293
13754 0 3933
13754 0 5311
13756 0 226
13756 0 2565
13757 0 826
13758 0 14602
13758 0 14603
13759 0 5949
13760 0 1374
13761 0 5601
13761 0 750
13763 0 1169
13763 0 1179
13763 0 7853
13764 0 451
13764 0 1110
13765 0 4680
13765 0 13904
13766 0 14604
13767 0 9839
13768 0 1271
13769 0 496
13769 0 266
13770 0 4714
13772 0 3882
13772 0 5804
13772 0 5
13773 0 10599
13773 0 2440
13773 0 1972
13773 0 4185
13773 0 12989
13774 0 12164
13775 0 4870
13776 0 169
13776 0 490
13777 0 12165
13778 0 1336
13779 0 763
13780 0 289
13781 0 11384
13782 0 4011
13782 0 4356
13783 0 510
13784 0 5
13785 0 5318
13786 0 3805
13787 0 12176
13788 0 6298
13788 0 1110
13789 0 1349
13789 0 5836
13789 0 3218
13789 0 3155
13789 0 6611
13789 0 12184
13789 0 12186
13789 0 12189
13789 0 3390
13790 0 10130
13791 0 599
13792 0 130
13793 0 3004
13794 0 2891
13795 0 9092
13796 0 3068
13797 0 1987
13798 0 6345
13798 0 2868
13798 0 5093
13799 0 702
13800 0 3561
13800 0 14606
13800 0 14607
13800 0 240
13800 0 14608
13800 0 3186
13800 0 14609
13800 0 52
13800 0 1049
13801 0 169
13802 0 12198
13802 0 12202
13802 0 6635
13802 0 12203
13802 0 12204
13802 0 433
13802 0 1809
13802 0 5657
13802 0 1980
13803 0 8700
13804 0 14610
13805 0 5
13806 0 1652
13807 0 3688
13807 0 9095
13808 0 1774
13809 0 3234
13811 0 2831
13813 0 5
13814 0 2560
13815 0 519
13815 0 2440
13815 0 3080
13815 0 139
13815 0 1932
13815 0 8460
13815 0 793
13815 0 3102
13815 0 672
13815 0 673
13815 0 674
13815 0 676
13815 0 677
13815 0 678
13815 0 4392
13815 0 568
13815 0 2235
13815 0 445
13815 0 62
13815 0 5059
13815 0 6471
13815 0 1613
13815 0 1750
13815 0 860
13815 0 2530
13815 0 2020
13815 0 4970
13815 0 1899
13815 0 6380
13815 0 248
13815 0 251
13815 0 3069
13816 0 3082
13817 0 7502
13818 0 103
13819 0 2934
13820 0 14611
13821 0 4564
13822 0 1481
13822 0 299
13822 0 2925
13822 0 2866
13822 0 9530
13822 0 699
13823 0 5
13824 0 7899
13825 0 12207
13826 0 1790
13827 0 737
13828 0 1667
13829 0 6336
13829 0 97
13829 0 937
13829 0 6281
13829 0 1355
13829 0 11820
13829 0 5519
13829 0 14612
13829 0 1366
13829 0 10647
13830 0 968
13830 0 969
13830 0 845
13830 0 846
13830 0 973
13830 0 1423
13830 0 2238
13831 0 1578
13832 0 5960
13832 0 2251
13833 0 4392
13834 0 10982
13834 0 6023
13835 0 1728
13835 0 1251
13835 0 1805
13835 0 3344
13835 0 3829
13836 0 14613
13837 0 14614
13838 0 233
13838 0 12209
13839 0 164
13839 0 2020
13840 0 674
13841 0 691
13842 0 249
13842 0 2042
13842 0 62
13843 0 10
13844 0 795
13844 0 349
13845 0 12390
13848 0 4030
13848 0 2559
13849 0 356
13851 0 2560
13852 0 8
13852 0 451
13853 0 352
13854 0 3722
13855 0 12527
13857 0 14405
13858 0 56
13858 0 12020
13858 0 14615
13859 0 12215
13861 0 6227
13862 0 4201
13864 0 1876
13865 0 130
13866 0 14616
13867 0 12217
13867 0 981
13868 0 793
13868 0 14617
13869 0 5
13870 0 704
13870 0 2324
13871 0 935
13872 0 1449
13873 0 103
13874 0 8700
13876 0 5864
13877 0 440
13878 0 1398
13879 0 1867
13880 0 5656
13882 0 2233
13883 0 825
13883 0 572
13884 0 167
13885 0 81
13886 0 12221
13887 0 1840
13888 0 14618
13889 0 4129
13889 0 3683
13889 0 105
13889 0 3003
13889 0 510
13890 0 8212
13891 0 453
13892 0 645
13892 0 9359
13892 0 3730
13892 0 5650
13892 0 7827
13892 0 14621
13892 0 426
13892 0 7863
13892 0 10170
13892 0 12987
13892 0 727
13892 0 475
13892 0 3038
13892 0 4319
13892 0 4322
13892 0 5093
13892 0 2280
13892 0 5103
13892 0 112
13892 0 4852
13892 0 2297
13892 0 3324
13893 0 8165
13893 0 2983
13893 0 4076
13893 0 558
13893 0 690
13893 0 2238
13893 0 1854
13895 0 10066
13895 0 5620
13895 0 12646
13896 0 5001
13897 0 14622
13898 0 1506
13898 0 3437
13898 0 1093
13899 0 994
13899 0 103
13899 0 9385
13899 0 394
13899 0 6155
13899 0 7863
13899 0 4123
13899 0 7836
13901 0 10984
13902 0 5
13903 0 6212
13904 0 2544
13905 0 10
13906 0 568
13906 0 4697
13906 0 5
13906 0 7415
13907 0 1676
13909 0 2443
13910 0 400
13911 0 1466
13912 0 5
13913 0 9190
13914 0 1460
13916 0 9188
13917 0 4035
13919 0 12225
13919 0 5
13919 0 10600
13919 0 618
13919 0 269
13919 0 2413
13919 0 400
13920 0 5
13921 0 5
13922 0 8
13922 0 6743
13923 0 11750
13923 0 3886
13923 0 942
13923 0 3152
13923 0 3888
13923 0 6131
13923 0 8509
13923 0 14623
13924 0 6584
13925 0 1539
13925 0 900
13925 0 8456
13925 0 653
13925 0 3215
13925 0 1810
13925 0 3117
13925 0 433
13925 0 5047
13925 0 575
13925 0 9408
13925 0 10175
13925 0 582
13925 0 8650
13925 0 720
13925 0 11856
13925 0 1235
13925 0 727
13925 0 7530
13925 0 6508
13925 0 2289
13925 0 7921
13926 0 14624
13926 0 1474
13926 0 262
13927 0 2109
13928 0 4035
13929 0 5
13930 0 7
13931 0 1371
13932 0 14626
13932 0 14627
13932 0 14628
13932 0 14629
13932 0 14630
13932 0 2922
13932 0 5803
13932 0 45
13932 0 313
13932 0 314
13932 0 14329
13933 0 5
13934 0 50
13937 0 8
13938 0 10
13938 0 5
13939 0 645
13939 0 651
13939 0 1809
13939 0 18
13939 0 9236
13939 0 5145
13939 0 666
13939 0 283
13939 0 284
13939 0 285
13939 0 2206
13939 0 3229
13939 0 5146
13939 0 4784
13939 0 691
13939 0 2751
13939 0 2244
13939 0 1994
13939 0 12238
13939 0 1232
13939 0 11344
13939 0 5077
13939 0 12245
13939 0 225
13939 0 3433
13939 0 881
13939 0 117
13939 0 631
13939 0 2685
13939 0 3198
13939 0 7423
13940 0 5290
13940 0 784
13940 0 2064
13940 0 466
13940 0 5458
13940 0 248
13940 0 4251
13940 0 125
13941 0 5145
13941 0 4106
13941 0 2206
13941 0 2751
13942 0 95
13943 0 10130
13944 0 72
13944 0 343
13945 0 5
13946 0 2330
13946 0 6786
13946 0 2455
13948 0 12491
13949 0 967
13949 0 969
13949 0 2029
13949 0 1396
13949 0 2040
13949 0 2906
13949 0 2238
13950 0 1613
13951 0 356
13951 0 349
13952 0 772
13954 0 14434
13954 0 4772
13955 0 5392
13955 0 1389
13955 0 1847
13956 0 14632
13956 0 14633
13957 0 3080
13958 0 6529
13958 0 12262
13958 0 12263
13959 0 1371
13960 0 8772
13961 0 6249
13962 0 6643
13964 0 3265
13964 0 11970
13964 0 5
13964 0 12268
13964 0 12048
13964 0 12275
13964 0 12277
13964 0 2426
13965 0 3940
13965 0 237
13965 0 591
13965 0 3441
13965 0 2009
13966 0 7423
13967 0 12283
13967 0 12284
13968 0 12289
13968 0 12290
13968 0 6787
13968 0 12296
13968 0 395
13968 0 5901
13968 0 12301
13968 0 12305
13968 0 12306
13968 0 275
13968 0 5653
13968 0 802
13968 0 6949
13968 0 2088
13968 0 6970
13968 0 1358
13968 0 90
13968 0 10075
13968 0 3937
13968 0 1641
13968 0 9072
13968 0 12286
13968 0 5119
13969 0 2444
13970 0 11384
13971 0 8940
13971 0 2327
13972 0 3756
13973 0 12309
13974 0 114
13974 0 5
13975 0 4994
13976 0 14634
13977 0 13774
13978 0 2559
13979 0 3457
13979 0 1933
13980 0 9861
13980 0 496
13980 0 467
13980 0 1847
13980 0 3290
13980 0 539
13980 0 1311
13981 0 5
13982 0 6939
13983 0 10
13984 0 184
13985 0 1750
13986 0 2688
13986 0 6
13986 0 8
13986 0 10
13986 0 651
13986 0 1804
13986 0 1932
13986 0 275
13986 0 1044
13986 0 1179
13986 0 1061
13986 0 3237
13986 0 11430
13986 0 14635
13986 0 2860
13986 0 1847
13986 0 568
13986 0 4668
13986 0 1727
13986 0 455
13986 0 4046
13986 0 467
13986 0 351
13986 0 95
13986 0 3940
13986 0 7525
13986 0 359
13986 0 105
13986 0 106
13986 0 490
13986 0 631
13986 0 248
13986 0 2297
13986 0 1271
13986 0 7292
13987 0 1056
13987 0 5
13988 0 5
13989 0 889
13990 0 9193
13991 0 1555
13991 0 12311
13992 0 11179
13993 0 103
13994 0 719
13995 0 5993
13996 0 643
13997 0 894
13998 0 5
13998 0 13356
13998 0 2317
13998 0 13357
13998 0 9497
13999 0 13362
14001 0 13363
14002 0 8008
14002 0 11508
14004 0 13364
14005 0 898
14005 0 5
14005 0 3271
14005 0 8
14005 0 2866
14005 0 10517
14005 0 952
14005 0 11514
14005 0 636
14005 0 2558
14005 0 5215
14006 0 1024
14007 0 8
14007 0 400
14008 0 1124
14009 0 1472
14010 0 8905
14010 0 10061
14010 0 430
14011 0 103
14012 0 196
14013 0 5
14014 0 1186
14014 0 2292
14015 0 3233
14016 0 12781
14017 0 11523
14018 0 7905
14018 0 12076
14018 0 6604
14018 0 1142
14018 0 2715
14019 0 11524
14019 0 6175
14020 0 4403
14021 0 11525
14022 0 3836
14023 0 5
14023 0 11527
14024 0 10230
14025 0 4064
14025 0 5
14025 0 3016
14025 0 81
14025 0 564
14025 0 1466
14025 0 13375
14025 0 3743
14027 0 4247
14028 0 266
14029 0 5
14030 0 13379
14030 0 5319
14030 0 12329
14030 0 12
14030 0 4182
14032 0 5
14033 0 5
14035 0 1851
14036 0 13382
14036 0 13383
14036 0 13384
14036 0 267
14036 0 117
14036 0 1086
14037 0 266
14038 0 850
14038 0 651
14038 0 1366
14039 0 3145
14040 0 12
14040 0 717
14041 0 6650
14041 0 5
14042 0 645
14043 0 4748
14043 0 4909
14044 0 3165
14045 0 7410
14045 0 3055
14046 0 13387
14048 0 11528
14048 0 11530
14048 0 3477
14048 0 11453
14048 0 2942
14050 0 5
14051 0 7123
14051 0 13252
14051 0 1389
14052 0 8846
14053 0 578
14053 0 709
14053 0 10235
14053 0 11531
14053 0 10252
14053 0 845
14053 0 9838
14053 0 11534
14053 0 2064
14053 0 6197
14053 0 1046
14053 0 2011
14053 0 1852
14053 0 1437
14053 0 510
14054 0 4017
14054 0 4018
14054 0 2844
14054 0 3125
14055 0 5825
14055 0 6545
14055 0 3789
14056 0 1849
14057 0 642
14057 0 3682
14057 0 5
14057 0 9765
14057 0 13394
14057 0 13395
14057 0 1300
14057 0 10809
14057 0 10810
14057 0 1628
14060 0 2689
14061 0 8
14062 0 5281
14063 0 986
14064 0 13399
14065 0 11562
14066 0 2206
14067 0 8457
14068 0 5
14070 0 5
14071 0 2012
14072 0 13405
14073 0 1485
14074 0 4822
14074 0 13407
14075 0 10049
14075 0 10
14075 0 1994
14075 0 7371
14075 0 592
14075 0 11573
14075 0 6456
14075 0 1657
14075 0 10557
14076 0 13409
14076 0 708
14076 0 5
14076 0 1320
14076 0 459
14076 0 12
14076 0 81
14076 0 6300
14076 0 703
14077 0 13410
14077 0 2597
14078 0 5478
14079 0 3985
14079 0 5
14079 0 1262
14079 0 10629
14080 0 2315
14081 0 5158
14082 0 3249
14082 0 1940
14082 0 3247
14083 0 65
14084 0 467
14084 0 951
14085 0 737
14085 0 940
14085 0 1198
14085 0 11377
14085 0 1841
14085 0 11378
14085 0 11379
14085 0 11380
14086 0 13412
14087 0 901
14088 0 4392
14089 0 8190
14090 0 5251
14090 0 1709
14090 0 8335
14090 0 240
14090 0 3632
14090 0 1814
14090 0 3259
14090 0 62
14091 0 5
14093 0 203
14094 0 2376
14095 0 8
14096 0 3051
14097 0 90
14098 0 5
14098 0 265
14098 0 7115
14098 0 5205
14098 0 2748
14100 0 772
14100 0 5
14100 0 13061
14100 0 8
14100 0 265
14100 0 1546
14100 0 4106
14100 0 4501
14100 0 6807
14100 0 3491
14100 0 3365
14100 0 422
14100 0 14636
14100 0 10800
14100 0 2624
14100 0 2244
14100 0 10437
14100 0 10438
14100 0 12868
14100 0 844
14100 0 3788
14100 0 90
14100 0 11618
14100 0 3178
14100 0 6378
14100 0 8686
14100 0 11645
14102 0 438
14103 0 6907
14103 0 1596
14103 0 2814
14104 0 356
14105 0 72
14106 0 8692
14107 0 5
14108 0 5
14109 0 614
14109 0 3271
14109 0 11654
14109 0 329
14109 0 7050
14109 0 140
14109 0 141
14109 0 6361
14109 0 890
14111 0 237
14112 0 443
14112 0 806
14114 0 5
14115 0 2284
14116 0 1779
14117 0 998
14118 0 644
14119 0 5
14121 0 2499
14122 0 6425
14122 0 9270
14123 0 32
14124 0 1253
14124 0 445
14125 0 1723
14125 0 5
14126 0 643
14126 0 908
14126 0 10093
14126 0 9363
14126 0 6011
14127 0 7890
14127 0 8023
14128 0 1628
14129 0 5
14130 0 3271
14130 0 2327
14131 0 5650
14132 0 13421
14133 0 273
14133 0 2801
14133 0 4638
14134 0 1681
14134 0 2818
14135 0 1460
14135 0 13166
14135 0 7508
14136 0 4133
14136 0 2789
14137 0 81
14137 0 290
14137 0 77
14138 0 5
14139 0 5700
14140 0 5312
14140 0 11682
14140 0 2244
14140 0 6
14140 0 265
14140 0 779
14140 0 2989
14140 0 3630
14140 0 4400
14140 0 599
14140 0 3292
14140 0 3293
14140 0 351
14141 0 35
14143 0 227
14144 0 266
14144 0 11692
14144 0 11693
14146 0 10052
14146 0 230
14146 0 5773
14146 0 6419
14146 0 6420
14146 0 7895
14146 0 3673
14146 0 6431
14148 0 11695
14149 0 103
14150 0 4381
14151 0 601
14151 0 380
14152 0 2107
14153 0 7544
14154 0 953
14154 0 2814
14155 0 3733
14156 0 13432
14157 0 2261
14158 0 5
14159 0 157
14160 0 4064
14161 0 13434
14161 0 1467
14164 0 8
14166 0 2019
14166 0 1271
14166 0 12713
14166 0 2807
14166 0 9459
14166 0 2487
14166 0 2395
14166 0 1335
14167 0 6267
14167 0 11709
14169 0 2256
14170 0 1628
14171 0 4533
14172 0 6224
14173 0 356
14173 0 862
14173 0 719
14174 0 601
14175 0 1098
14175 0 1099
14177 0 1024
14177 0 5
14177 0 103
14177 0 8
14177 0 10
14177 0 7819
14177 0 2349
14177 0 795
14179 0 64
14179 0 1648
14179 0 10581
14180 0 11721
14181 0 6963
14182 0 793
14184 0 13442
14184 0 5445
14184 0 5
14184 0 2040
14184 0 2302
14185 0 7423
14186 0 707
14186 0 284
14186 0 1711
14187 0 504
14191 0 9893
14191 0 2509
14191 0 134
14191 0 95
14192 0 10904
14195 0 2801
14195 0 894
14197 0 6217
14198 0 11732
14200 0 10557
14201 0 1090
14202 0 11131
14202 0 5442
14202 0 3051
14202 0 1950
14203 0 5
14205 0 13448
14205 0 3987
14205 0 9599
14205 0 3767
14207 0 1840
14208 0 386
14208 0 8
14208 0 1288
14208 0 10
14208 0 651
14208 0 1804
14208 0 269
14208 0 1402
14208 0 11532
14208 0 13451
14208 0 13455
14208 0 18
14208 0 20
14208 0 158
14208 0 1697
14208 0 4257
14208 0 2988
14208 0 4150
14208 0 834
14208 0 4837
14208 0 105
14208 0 490
14208 0 4715
14208 0 1786
14208 0 8059
14208 0 510
14209 0 11739
14210 0 5976
14211 0 5744
14212 0 7609
14212 0 13459
14212 0 1759
14213 0 981
14214 0 2613
14215 0 321
14216 0 5
14217 0 9747
14218 0 8247
14219 0 6874
14219 0 13463
14220 0 702
14221 0 793
14221 0 2498
14223 0 1376
14224 0 192
14225 0 576
14225 0 2697
14225 0 5068
14225 0 645
14226 0 1284
14226 0 1701
14227 0 3505
14227 0 346
14227 0 1759
14229 0 4329
14229 0 114
14229 0 8018
14229 0 1110
14229 0 854
14230 0 2280
14231 0 8011
14232 0 6023
14233 0 342
14234 0 356
14235 0 433
14235 0 330
14235 0 1562
14235 0 445
14236 0 2406
14236 0 5
14236 0 742
14237 0 5836
14238 0 5
14239 0 8144
14240 0 147
14241 0 288
14241 0 11745
14241 0 11746
14242 0 455
14242 0 15
14242 0 2387
14242 0 1174
14242 0 6840
14242 0 1179
14242 0 7868
14242 0 7806
14242 0 95
14243 0 2019
14244 0 433
14245 0 747
14246 0 1791
14247 0 8067
14248 0 11752
14249 0 273
14249 0 13473
14250 0 4864
14250 0 5507
14250 0 5
14250 0 13464
14250 0 10393
14250 0 6555
14250 0 13475
14250 0 13476
14250 0 13478
14250 0 1959
14250 0 13479
14250 0 1323
14250 0 1327
14250 0 10039
14250 0 6968
14250 0 4025
14250 0 3905
14250 0 3037
14250 0 2789
14250 0 6512
14250 0 7413
14250 0 375
14250 0 253
14251 0 11394
14252 0 3820
14253 0 13420
14253 0 3172
14253 0 806
14254 0 7423
14255 0 5
14256 0 397
14256 0 398
14256 0 465
14256 0 3090
14256 0 955
14257 0 8321
14257 0 6277
14257 0 6170
14257 0 12836
14257 0 422
14257 0 7594
14257 0 8364
14257 0 9260
14257 0 13484
14257 0 13485
14257 0 13486
14257 0 13487
14257 0 13489
14257 0 4020
14257 0 182
14257 0 4797
14257 0 9420
14257 0 4813
14257 0 8271
14257 0 8529
14257 0 3547
14257 0 477
14257 0 226
14257 0 10733
14257 0 8822
14257 0 3323
14257 0 6143
14258 0 2496
14258 0 651
14258 0 349
14258 0 631
14262 0 12520
14263 0 5
14264 0 5
14265 0 9605
14265 0 9223
14265 0 12680
14265 0 408
14265 0 290
14265 0 807
14265 0 6602
14265 0 75
14265 0 81
14265 0 12242
14265 0 12243
14265 0 1751
14265 0 87
14265 0 349
14265 0 95
14265 0 230
14265 0 1142
14265 0 1786
14265 0 12671
14267 0 4249
14268 0 675
14268 0 3270
14270 0 6017
14270 0 5678
14271 0 5
14272 0 5915
14273 0 6303
14273 0 559
14274 0 13510
14275 0 2439
14277 0 24
14278 0 2080
14278 0 6722
14278 0 349
14278 0 95
14279 0 127
14280 0 2691
14281 0 998
14281 0 13515
14281 0 5900
14281 0 81
14281 0 2805
14282 0 3725
14283 0 5
14284 0 5888
14284 0 11794
14284 0 5887
14285 0 1272
14285 0 7
14286 0 2377
14286 0 4012
14287 0 8024
14287 0 5
14288 0 7218
14289 0 18
14289 0 117
14290 0 3919
14290 0 2962
14290 0 4245
14290 0 4470
14290 0 10075
14290 0 2558
14291 0 568
14292 0 1843
14294 0 576
14294 0 481
14294 0 203
14295 0 12362
14295 0 11588
14295 0 1630
14295 0 7
14296 0 9440
14296 0 10119
14297 0 5
14298 0 2261
14299 0 1477
14300 0 6302
14301 0 220
14301 0 1237
14302 0 1458
14303 0 273
14306 0 1162
14307 0 1458
14308 0 4038
14309 0 2976
14309 0 5279
14309 0 12032
14309 0 645
14309 0 1194
14309 0 3216
14309 0 4723
14309 0 4886
14309 0 13528
14309 0 7165
14309 0 2527
14310 0 3532
14312 0 14638
14313 0 5568
14313 0 1833
14313 0 2
14314 0 12770
14315 0 5251
14315 0 1804
14315 0 7181
14315 0 11404
14315 0 15
14315 0 11405
14315 0 11407
14315 0 1302
14315 0 11416
14315 0 11419
14315 0 11420
14315 0 288
14315 0 1440
14315 0 9903
14315 0 5939
14315 0 8499
14315 0 4031
14315 0 447
14315 0 7751
14315 0 11212
14315 0 81
14315 0 105
14315 0 490
14315 0 4715
14315 0 627
14315 0 6132
14315 0 6390
14315 0 631
14315 0 1146
14315 0 3710
14316 0 5
14317 0 3585
14317 0 6577
14318 0 4664
14319 0 955
14320 0 203
14320 0 3700
14321 0 3905
14321 0 3082
14321 0 275
14321 0 3063
14321 0 632
14321 0 4215
14321 0 90
14321 0 4638
14322 0 10403
14322 0 5
14322 0 8070
14322 0 3118
14322 0 11803
14324 0 992
14324 0 1552
14324 0 82
14324 0 1099
14325 0 11809
14325 0 11812
14325 0 9997
14325 0 1645
14325 0 1809
14325 0 10111
14326 0 736
14326 0 1376
14326 0 901
14326 0 13231
14326 0 2069
14327 0 1883
14327 0 510
14327 0 5047
14328 0 1493
14328 0 6222
14329 0 340
14330 0 225
14330 0 6723
14330 0 5221
14330 0 76
14330 0 592
14330 0 1209
14330 0 7868
14331 0 1325
14331 0 836
14331 0 269
14331 0 7311
14332 0 5
14332 0 1518
14334 0 9804
14335 0 265
14336 0 5874
14338 0 1374
14339 0 10906
14341 0 8
14341 0 5
14341 0 4774
14342 0 5405
14343 0 13547
14344 0 1458
14345 0 4388
14345 0 6215
14345 0 10
14345 0 394
14345 0 7820
14345 0 4205
14345 0 5197
14345 0 5103
14345 0 400
14346 0 11431
14347 0 624
14348 0 81
14349 0 4529
14351 0 2499
14352 0 4098
14352 0 169
14352 0 727
14352 0 6633
14352 0 13548
14352 0 2673
14352 0 4087
14352 0 11256
14353 0 631
14354 0 32
14354 0 987
14354 0 4576
14355 0 3453
14356 0 1174
14358 0 1046
14360 0 11826
14360 0 243
14360 0 244
14360 0 1518
14361 0 3234
14361 0 1451
14361 0 4811
14361 0 3728
14361 0 1335
14361 0 8952
14361 0 445
14362 0 13550
14363 0 624
14364 0 13551
14365 0 6556
14366 0 3276
14366 0 479
14367 0 11820
14368 0 7432
14368 0 624
14368 0 9008
14368 0 626
14368 0 5267
14368 0 7475
14368 0 11831
14368 0 3673
14368 0 767
14369 0 385
14369 0 11842
14369 0 356
14369 0 7558
14369 0 3085
14369 0 3662
14369 0 3890
14369 0 4627
14369 0 4916
14369 0 11834
14369 0 11838
14369 0 3071
14370 0 196
14370 0 183
14372 0 2322
14373 0 1101
14374 0 721
14374 0 1398
14374 0 110
14374 0 3169
14375 0 2560
14377 0 5
14377 0 5229
14378 0 5
14379 0 1408
14380 0 3098
14381 0 5481
14382 0 269
14383 0 3165
14383 0 2734
14383 0 4031
14384 0 220
14385 0 11851
14386 0 2601
14388 0 7119
14389 0 4810
14390 0 774
14392 0 4267
14392 0 8690
14392 0 8024
14392 0 5052
14392 0 511
14393 0 179
14393 0 6436
14393 0 533
14393 0 510
14394 0 349
14395 0 1259
14396 0 5
14397 0 10521
14398 0 13561
14399 0 256
14399 0 6290
14399 0 796
14399 0 929
14399 0 3233
14399 0 6049
14399 0 678
14399 0 2233
14399 0 7613
14399 0 1729
14399 0 580
14399 0 1101
14399 0 1358
14399 0 1752
14399 0 11869
14399 0 11878
14399 0 747
14399 0 1643
14399 0 750
14399 0 2801
14399 0 242
14399 0 1781
14399 0 1016
14399 0 3071
14400 0 1928
14401 0 7662
14402 0 4641
14402 0 5027
14402 0 356
14402 0 7
14402 0 9868
14402 0 1460
14402 0 13562
14402 0 349
14402 0 1821
14403 0 11864
14404 0 11449
14404 0 2427
14405 0 2262
14406 0 163
14408 0 13564
14408 0 356
14408 0 1110
14409 0 5
14410 0 12007
14411 0 8744
14411 0 1375
14412 0 11884
14414 0 3511
14414 0 9336
14414 0 1308
14414 0 5853
14414 0 1374
14415 0 395
14416 0 6661
14416 0 1926
14416 0 8
14416 0 11916
14416 0 269
14416 0 11919
14416 0 17
14416 0 529
14416 0 1555
14416 0 796
14416 0 804
14416 0 557
14416 0 1325
14416 0 2352
14416 0 1845
14416 0 6838
14416 0 1463
14416 0 2999
14416 0 8245
14416 0 2106
14416 0 1344
14416 0 1345
14416 0 1474
14416 0 3528
14416 0 5711
14416 0 10578
14416 0 212
14416 0 7646
14416 0 95
14416 0 2400
14416 0 7264
14416 0 7524
14416 0 3174
14416 0 3302
14416 0 4584
14416 0 11753
14416 0 4716
14416 0 2670
14416 0 241
14416 0 11889
14416 0 5363
14416 0 11890
14416 0 11891
14416 0 11892
14416 0 6263
14416 0 11896
14416 0 11897
14416 0 11899
14416 0 764
14418 0 9576
14420 0 1513
14421 0 8
14421 0 745
14421 0 10
14421 0 106
14421 0 490
14421 0 875
14421 0 750
14421 0 11501
14421 0 3957
14421 0 24
14421 0 11129
14421 0 349
14421 0 95
14422 0 3300
14422 0 13572
14422 0 6
14422 0 519
14422 0 2280
14422 0 2761
14422 0 1546
14422 0 395
14422 0 2462
14422 0 6399
14423 0 971
14424 0 5762
14425 0 1578
14426 0 5
14427 0 10276
14427 0 5
14427 0 10118
14427 0 6632
14427 0 368
14427 0 19
14427 0 11929
14428 0 6424
14430 0 13575
14430 0 5481
14430 0 13577
14430 0 3439
14430 0 9758
14431 0 608
14431 0 3426
14431 0 5
14431 0 8631
14431 0 11933
14432 0 5
14432 0 8511
14432 0 5896
14432 0 3532
14432 0 9197
14432 0 10061
14432 0 1007
14432 0 272
14432 0 703
14433 0 9807
14434 0 5
14435 0 12288
14435 0 641
14435 0 1409
14435 0 11137
14435 0 3844
14435 0 5
14435 0 4870
14435 0 10500
14435 0 264
14435 0 2441
14435 0 10
14435 0 2058
14435 0 3092
14435 0 3093
14435 0 1815
14435 0 4379
14435 0 4127
14435 0 32
14435 0 3361
14435 0 12577
14435 0 5287
14435 0 296
14435 0 13568
14435 0 7725
14435 0 1198
14435 0 431
14435 0 5168
14435 0 10030
14435 0 1332
14435 0 4276
14435 0 2486
14435 0 2231
14435 0 440
14435 0 1593
14435 0 698
14435 0 5176
14435 0 6197
14435 0 9918
14435 0 449
14435 0 708
14435 0 197
14435 0 4037
14435 0 9800
14435 0 715
14435 0 10315
14435 0 717
14435 0 1485
14435 0 2125
14435 0 3408
14435 0 3665
14435 0 9422
14435 0 10450
14435 0 1237
14435 0 6613
14435 0 599
14435 0 7899
14435 0 4060
14435 0 8670
14435 0 863
14435 0 741
14435 0 4329
14435 0 749
14435 0 1389
14435 0 1390
14435 0 1391
14435 0 3441
14435 0 4718
14435 0 10354
14435 0 13557
14435 0 1142
14435 0 2807
14435 0 4982
14435 0 889
14436 0 480
14436 0 5376
14436 0 5161
14436 0 2543
14436 0 304
14436 0 5971
14436 0 9783
14436 0 12954
14437 0 3003
14438 0 4576
14438 0 5
14438 0 395
14438 0 237
14438 0 496
14438 0 567
14439 0 3439
14440 0 564
14441 0 5
14442 0 349
14443 0 6217
14443 0 301
14443 0 3827
14443 0 149
14443 0 4441
14443 0 13594
14444 0 11959
14444 0 10125
14444 0 3415
14445 0 389
14445 0 103
14445 0 719
14445 0 1012
14445 0 349
14446 0 9650
14446 0 13596
14446 0 1910
14446 0 5623
14447 0 6565
14448 0 18
14448 0 375
14449 0 3073
14449 0 9365
14449 0 13598
14450 0 6380
14452 0 3016
14453 0 4869
14453 0 1798
14453 0 6892
14453 0 2705
14453 0 3090
14453 0 1241
14454 0 5
14454 0 393
14454 0 4622
14454 0 2962
14454 0 4245
14454 0 662
14454 0 1562
14454 0 2458
14454 0 3483
14454 0 1695
14454 0 4388
14454 0 10153
14454 0 5678
14454 0 9137
14454 0 6324
14454 0 4542
14454 0 5952
14454 0 2754
14454 0 8003
14454 0 967
14454 0 968
14454 0 2375
14454 0 4811
14454 0 717
14454 0 10829
14454 0 1232
14454 0 11984
14454 0 5202
14454 0 467
14454 0 4087
14454 0 213
14454 0 854
14454 0 599
14454 0 8535
14454 0 11985
14454 0 7259
14454 0 3932
14454 0 11998
14454 0 351
14454 0 12002
14454 0 12003
14454 0 742
14454 0 5608
14454 0 1900
14454 0 4205
14454 0 12017
14454 0 12018
14454 0 12021
14454 0 2039
14454 0 1272
14454 0 3198
14455 0 10
14456 0 11617
14456 0 2342
14456 0 1015
14456 0 11608
14456 0 3290
14457 0 1506
14458 0 1817
14458 0 289
14458 0 1058
14458 0 13601
14458 0 13602
14458 0 5678
14458 0 10671
14458 0 691
14458 0 4918
14458 0 1475
14458 0 196
14458 0 3272
14458 0 4810
14458 0 1101
14458 0 6991
14458 0 6736
14458 0 81
14458 0 9684
14458 0 3300
14458 0 5885
14459 0 3651
14459 0 11114
14459 0 2731
14459 0 3858
14459 0 2739
14459 0 5909
14459 0 7349
14459 0 12127
14460 0 995
14461 0 2227
14462 0 12031
14463 0 3391
14464 0 1815
14465 0 81
14465 0 90
14466 0 2114
14467 0 13614
14468 0 4912
14468 0 4515
14468 0 852
14468 0 4614
14469 0 7119
14470 0 3437
14471 0 516
14471 0 7979
14471 0 2124
14471 0 1613
14471 0 470
14472 0 11774
14472 0 4981
14472 0 1982
14473 0 2900
14474 0 8
14475 0 1626
14476 0 9278
14478 0 5
14478 0 5199
14479 0 1024
14479 0 395
14479 0 655
14479 0 6418
14479 0 793
14479 0 8094
14479 0 3616
14479 0 2355
14479 0 4916
14479 0 13619
14479 0 13620
14479 0 13622
14479 0 568
14479 0 13623
14479 0 13625
14479 0 13499
14479 0 450
14479 0 4942
14479 0 4943
14479 0 7890
14479 0 5087
14479 0 617
14480 0 320
14480 0 6543
14484 0 1356
14485 0 299
14486 0 1470
14488 0 650
14489 0 5
14489 0 7
14490 0 4864
14490 0 490
14490 0 76
14490 0 2588
14491 0 1466
14492 0 451
14493 0 6191
14494 0 5
14495 0 269
14496 0 81
14497 0 6
14497 0 1545
14497 0 10
14497 0 266
14497 0 4619
14497 0 269
14497 0 2711
14497 0 24
14497 0 4250
14497 0 284
14497 0 1950
14497 0 6688
14497 0 2849
14497 0 1698
14497 0 164
14497 0 692
14497 0 1334
14497 0 1207
14497 0 4793
14497 0 1722
14497 0 13627
14497 0 13628
14497 0 12989
14497 0 13629
14497 0 4544
14497 0 13632
14497 0 578
14497 0 197
14497 0 71
14497 0 8519
14497 0 329
14497 0 5322
14497 0 1867
14497 0 6358
14497 0 8928
14497 0 356
14497 0 618
14497 0 237
14497 0 110
14497 0 8047
14497 0 4594
14497 0 4982
14497 0 4861
14497 0 12543
14498 0 717
14500 0 1413
14500 0 519
14500 0 1289
14500 0 266
14500 0 3212
14500 0 3340
14500 0 9868
14500 0 5648
14500 0 273
14500 0 18
14500 0 533
14500 0 2712
14500 0 8472
14500 0 539
14500 0 4768
14500 0 289
14500 0 12198
14500 0 940
14500 0 1708
14500 0 4652
14500 0 6828
14500 0 7732
14500 0 568
14500 0 1977
14500 0 9915
14500 0 5181
14500 0 4030
14500 0 1727
14500 0 5055
14500 0 578
14500 0 13634
14500 0 13635
14500 0 4805
14500 0 2256
14500 0 81
14500 0 9680
14500 0 9045
14500 0 854
14500 0 599
14500 0 1623
14500 0 4439
14500 0 1759
14500 0 3940
14500 0 10213
14500 0 8294
14500 0 750
14500 0 114
14500 0 634
14500 0 126
14501 0 2395
14502 0 5
14503 0 4508
14504 0 9293
14505 0 10880
14505 0 4833
14505 0 869
14505 0 422
14505 0 987
14505 0 5802
14505 0 1547
14505 0 2482
14505 0 1113
14505 0 283
14505 0 284
14505 0 5726
14506 0 5
14507 0 3505
14508 0 1146
14508 0 142
14509 0 854
14509 0 351
14510 0 9450
14512 0 1878
14513 0 1539
14513 0 3299
14514 0 12059
14514 0 5
14514 0 236
14514 0 1389
14514 0 6672
14514 0 12049
14514 0 12050
14514 0 915
14514 0 12053
14514 0 696
14514 0 90
14514 0 763
14514 0 732
14514 0 351
14515 0 329
14515 0 844
14515 0 1615
14515 0 3830
14515 0 9046
14515 0 10554
14515 0 413
14516 0 226
14516 0 290
14516 0 10276
14516 0 358
14516 0 2124
14516 0 7213
14516 0 814
14516 0 10383
14516 0 1012
14516 0 4314
14517 0 3106
14518 0 2227
14518 0 5588
14519 0 5
14519 0 395
14519 0 8852
14519 0 4506
14519 0 4123
14519 0 284
14519 0 7725
14519 0 433
14519 0 698
14519 0 7230
14519 0 4935
14519 0 4045
14519 0 5716
14519 0 7003
14519 0 13659
14519 0 13662
14519 0 4329
14519 0 749
14519 0 1389
14519 0 1390
14519 0 1391
14519 0 1392
14519 0 1398
14519 0 11130
14520 0 73
14520 0 1449
14521 0 5
14522 0 3172
14522 0 5
14522 0 4044
14522 0 1334
14522 0 248
14523 0 8491
14523 0 13668
14523 0 4535
14524 0 11724
14525 0 103
14526 0 3360
14526 0 673
14526 0 11
14526 0 140
14526 0 141
14526 0 624
14526 0 6132
14526 0 3930
14526 0 955
14526 0 6014
14527 0 568
14528 0 1720
14529 0 12080
14530 0 4570
14531 0 240
14534 0 5700
14535 0 1869
14536 0 1034
14537 0 101
14537 0 5
14537 0 103
14538 0 72
14538 0 2020
14538 0 2303
14540 0 5
14541 0 994
14542 0 2009
14543 0 651
14543 0 1821
14543 0 631
14544 0 745
14544 0 1066
14544 0 1451
14544 0 140
14544 0 467
14544 0 3452
14545 0 11922
14545 0 1270
14546 0 8
14547 0 4475
14548 0 5
14550 0 139
14551 0 1028
14551 0 6
14551 0 2566
14551 0 523
14551 0 526
14551 0 9230
14551 0 6673
14551 0 1563
14551 0 1564
14551 0 1565
14551 0 9243
14551 0 32
14551 0 1056
14551 0 1083
14551 0 1084
14551 0 1086
14551 0 579
14551 0 582
14551 0 2124
14551 0 4178
14551 0 2645
14551 0 3168
14551 0 3171
14551 0 106
14551 0 1644
14551 0 1645
14551 0 110
14551 0 1646
14551 0 4204
14551 0 7788
14551 0 1652
14551 0 1653
14551 0 120
14551 0 634
14551 0 7807
14551 0 1665
14551 0 3203
14551 0 3204
14551 0 645
14551 0 3219
14551 0 149
14551 0 3225
14551 0 3228
14551 0 2725
14551 0 3237
14551 0 9900
14551 0 174
14551 0 175
14551 0 1198
14551 0 4784
14551 0 178
14551 0 7857
14551 0 14516
14551 0 2235
14551 0 3261
14551 0 1729
14551 0 198
14551 0 6345
14551 0 2762
14551 0 9417
14551 0 1229
14551 0 1230
14551 0 2254
14551 0 2257
14551 0 3793
14551 0 1752
14551 0 1251
14551 0 1780
14551 0 1781
14551 0 1270
14551 0 2807
14551 0 1271
14551 0 2297
14551 0 3829
14551 0 3832
14551 0 3324
14551 0 3325
14551 0 3836
14551 0 3837
14551 0 3838
14551 0 3840
14551 0 1282
14551 0 12549
14551 0 266
14551 0 1805
14551 0 14094
14551 0 784
14551 0 1809
14551 0 3344
14551 0 275
14551 0 3345
14551 0 6421
14551 0 289
14551 0 1838
14551 0 1841
14551 0 14641
14551 0 14642
14551 0 14644
14551 0 9021
14551 0 7491
14551 0 2372
14551 0 837
14551 0 2375
14551 0 12105
14551 0 358
14551 0 7530
14551 0 881
14551 0 6527
14551 0 389
14551 0 391
14551 0 3993
14551 0 413
14551 0 6559
14551 0 4005
14551 0 940
14551 0 433
14551 0 945
14551 0 8127
14551 0 1486
14551 0 4046
14551 0 1489
14551 0 2521
14551 0 3038
14551 0 10212
14551 0 495
14551 0 3573
14551 0 505
14551 0 3579
14551 0 5628
14552 0 24
14552 0 356
14552 0 5
14554 0 4003
14554 0 14645
14555 0 4785
14556 0 2801
14557 0 238
14558 0 4763
14562 0 4670
14563 0 3001
14563 0 14646
14564 0 767
14565 0 14152
14565 0 2513
14565 0 75
14565 0 62
14566 0 12100
14567 0 2708
14568 0 2635
14569 0 74
14569 0 2717
14569 0 7470
14569 0 9117
14570 0 624
14571 0 1414
14571 0 3092
14571 0 3093
14571 0 5014
14571 0 1313
14571 0 6185
14571 0 2093
14571 0 1327
14571 0 692
14571 0 14648
14571 0 188
14571 0 1342
14571 0 196
14571 0 1740
14571 0 4300
14571 0 1102
14571 0 12754
14571 0 599
14571 0 4442
14571 0 4443
14571 0 4448
14571 0 4449
14571 0 4963
14571 0 1128
14571 0 3304
14571 0 4328
14571 0 881
14571 0 114
14571 0 253
14571 0 3838
14572 0 5
14573 0 275
14574 0 4747
14575 0 609
14575 0 6499
14575 0 644
14575 0 7235
14575 0 2216
14575 0 14650
14575 0 1518
14575 0 7280
14575 0 11384
14575 0 14649
14575 0 126
14575 0 14651
14575 0 2206
14576 0 266
14577 0 1086
14578 0 643
14578 0 12068
14578 0 4106
14578 0 951
14578 0 4537
14578 0 349
14579 0 81
14580 0 5628
14583 0 894
14584 0 940
14584 0 12119
14585 0 7378
14586 0 14652
14587 0 988
14588 0 2375
14588 0 2611
14588 0 1012
14588 0 7900
14588 0 2462
14589 0 14653
14590 0 4899
14591 0 1899
14591 0 5
14592 0 3075
14594 0 5
14594 0 1207
14596 0 10118
14597 0 2077
14598 0 4218
14599 0 3718
14600 0 3264
14600 0 2497
14600 0 2754
14600 0 389
14600 0 4614
14600 0 8230
14600 0 3406
14600 0 3219
14600 0 3252
14600 0 1086
14601 0 275
14603 0 9106
14604 0 5
14604 0 6
14604 0 519
14604 0 1545
14604 0 1546
14604 0 17
14604 0 1553
14604 0 2577
14604 0 7189
14604 0 6685
14604 0 4127
14604 0 32
14604 0 544
14604 0 4131
14604 0 2601
14604 0 2104
14604 0 3135
14604 0 578
14604 0 6722
14604 0 580
14604 0 4170
14604 0 592
14604 0 2128
14604 0 4701
14604 0 2145
14604 0 102
14604 0 2172
14604 0 5251
14604 0 12420
14604 0 138
14604 0 651
14604 0 11408
14604 0 151
14604 0 8347
14604 0 13984
14604 0 164
14604 0 679
14604 0 9903
14604 0 5297
14604 0 692
14604 0 3255
14604 0 1209
14604 0 698
14604 0 1211
14604 0 14529
14604 0 5314
14604 0 709
14604 0 199
14604 0 711
14604 0 714
14604 0 715
14604 0 716
14604 0 2255
14604 0 7384
14604 0 3296
14604 0 740
14604 0 4329
14604 0 12521
14604 0 8950
14604 0 2807
14604 0 760
14604 0 2811
14604 0 4860
14604 0 3325
14604 0 2821
14604 0 774
14604 0 264
14604 0 777
14604 0 3849
14604 0 14094
14604 0 3347
14604 0 7444
14604 0 6935
14604 0 282
14604 0 7452
14604 0 1838
14604 0 9007
14604 0 7474
14604 0 7477
14604 0 7480
14604 0 14136
14604 0 4926
14604 0 14654
14604 0 14655
14604 0 14656
14604 0 14657
14604 0 14659
14604 0 837
14604 0 326
14604 0 1351
14604 0 2375
14604 0 7503
14604 0 6999
14604 0 5464
14604 0 7000
14604 0 7511
14604 0 7514
14604 0 349
14604 0 1379
14604 0 7526
14604 0 359
14604 0 877
14604 0 1389
14604 0 1391
14604 0 1903
14604 0 3437
14604 0 4984
14604 0 889
14604 0 11130
14604 0 6012
14604 0 4989
14604 0 6013
14604 0 2434
14604 0 1411
14604 0 901
14604 0 3985
14604 0 1432
14604 0 924
14604 0 413
14604 0 3486
14604 0 2469
14604 0 11179
14604 0 940
14604 0 431
14604 0 433
14604 0 2485
14604 0 2487
14604 0 1470
14604 0 2496
14604 0 451
14604 0 4038
14604 0 1490
14604 0 5597
14604 0 3042
14604 0 2531
14604 0 11769
14604 0 506
14604 0 2559
14606 0 1207
14608 0 438
14609 0 5481
14610 0 3840
14610 0 3841
14610 0 5
14610 0 6
14610 0 645
14610 0 10
14610 0 1290
14610 0 1809
14610 0 18
14610 0 2463
14610 0 160
14610 0 2849
14610 0 8998
14610 0 1449
14610 0 1844
14610 0 5055
14610 0 6082
14610 0 581
14610 0 1230
14610 0 2000
14610 0 6485
14610 0 226
14610 0 995
14610 0 3172
14610 0 6373
14610 0 12132
14610 0 617
14610 0 1645
14610 0 1646
14610 0 3568
14610 0 1653
14610 0 1271
14610 0 123
14610 0 510
14610 0 2559
14611 0 1682
14611 0 14660
14611 0 2423
14613 0 2485
14614 0 618
14615 0 3505
14616 0 4550
14617 0 356
14617 0 5
14617 0 6431
14618 0 3686
14619 0 2922
14620 0 1334
14621 0 568
14621 0 204
14621 0 349
14621 0 455
14622 0 5
14622 0 1640
14622 0 681
14622 0 10761
14622 0 1901
14622 0 2927
14622 0 4723
14622 0 724
14622 0 4984
14622 0 5652
14622 0 599
14622 0 248
14622 0 793
14622 0 1271
14622 0 6493
14623 0 4617
14624 0 7805
14625 0 1698
14625 0 3051
14625 0 5
14625 0 4250
14626 0 580
14627 0 5901
14628 0 7398
14630 0 704
14630 0 7868
14630 0 3417
14630 0 1800
14630 0 10312
14630 0 8171
14630 0 12792
14630 0 8205
14630 0 12109
14630 0 12111
14630 0 6579
14630 0 2388
14630 0 5656
14630 0 633
14630 0 5690
14630 0 3772
14630 0 5374
14632 0 6536
14633 0 160
14634 0 3090
14635 0 644
14635 0 356
14636 0 10632
14637 0 5281
14638 0 3169
14640 0 846
14643 0 14662
14643 0 14663
14643 0 14664
14643 0 10
14643 0 2416
14643 0 81
14643 0 10424
14645 0 203
14646 0 422
14647 0 4980
14647 0 1903
14648 0 624
14649 0 4598
14650 0 433
14650 0 740
14650 0 1313
14651 0 167
14652 0 631
14653 0 160
14654 0 14665
14654 0 10469
14655 0 1312
14655 0 12146
14655 0 823
14656 0 5
14658 0 550
14659 0 8651
14660 0 633
14661 0 8
14661 0 2761
14661 0 3508
14661 0 1332
14662 0 13971
14662 0 13549
14662 0 2814
14663 0 14668
14665 0 1643
14668 0 4047
14669 0 5567
14670 0 480
14670 0 592
14670 0 689
14670 0 5973
14670 0 4566
14672 0 6682
14673 0 2573
14674 0 382
14675 0 3437
14676 0 400
14676 0 396
14676 0 3271
14677 0 8881
14678 0 429
14679 0 5
14679 0 12087
14680 0 4793
14681 0 644
14681 0 5
14681 0 645
14681 0 901
14681 0 18
14681 0 3229
14681 0 164
14681 0 296
14681 0 1321
14681 0 12073
14681 0 1451
14681 0 14252
14681 0 4270
14681 0 4531
14681 0 5051
14681 0 65
14681 0 14669
14681 0 14670
14681 0 988
14681 0 10081
14681 0 995
14681 0 5997
14681 0 1271
14681 0 2297
14681 0 253
14682 0 1472
14682 0 14672
14683 0 3098
14684 0 5
14685 0 2807
14686 0 12161
14686 0 899
14686 0 516
14686 0 900
14686 0 4617
14686 0 1804
14686 0 525
14686 0 3340
14686 0 1809
14686 0 18
14686 0 1810
14686 0 3225
14686 0 1563
14686 0 1564
14686 0 3228
14686 0 5787
14686 0 6429
14686 0 2720
14686 0 9243
14686 0 163
14686 0 4516
14686 0 6521
14686 0 5035
14686 0 5038
14686 0 4784
14686 0 6064
14686 0 6065
14686 0 2227
14686 0 180
14686 0 4531
14686 0 5299
14686 0 3767
14686 0 2616
14686 0 3257
14686 0 5051
14686 0 5054
14686 0 5055
14686 0 2497
14686 0 8131
14686 0 2372
14686 0 6340
14686 0 2247
14686 0 2375
14686 0 1229
14686 0 4049
14686 0 1235
14686 0 1110
14686 0 8031
14686 0 8417
14686 0 10081
14686 0 234
14686 0 4203
14686 0 1775
14686 0 1652
14686 0 1270
14686 0 120
14686 0 2297
14686 0 506
14686 0 3324
14686 0 510
14687 0 5
14688 0 389
14688 0 2485
14689 0 289
14689 0 6213
14689 0 12173
14689 0 10478
14689 0 3858
14690 0 5
14691 0 8218
14692 0 1788
14693 0 81
14694 0 1010
14695 0 5797
14696 0 6682
14697 0 3874
14698 0 14439
14699 0 8
14700 0 10420
14701 0 5
14702 0 3299
14702 0 5
14703 0 3355
14705 0 5888
14705 0 7040
14705 0 898
14705 0 1027
14705 0 1294
14705 0 9744
14705 0 9745
14705 0 12180
14705 0 12181
14705 0 12185
14705 0 4507
14705 0 12187
14705 0 1311
14705 0 3231
14705 0 9249
14705 0 12191
14705 0 675
14705 0 10021
14705 0 678
14705 0 12197
14705 0 13949
14705 0 940
14705 0 1709
14705 0 3756
14705 0 1711
14705 0 4012
14705 0 4910
14705 0 5886
14705 0 6829
14705 0 11060
14705 0 10165
14705 0 3511
14705 0 6841
14705 0 11197
14705 0 5054
14705 0 5570
14705 0 2245
14705 0 717
14705 0 81
14705 0 14673
14705 0 11222
14705 0 601
14705 0 346
14705 0 218
14705 0 7899
14705 0 349
14705 0 4195
14705 0 2406
14705 0 8040
14705 0 8318
14705 0 4978
14705 0 6131
14705 0 9334
14705 0 634
14705 0 2557
14705 0 126
14705 0 9343
14706 0 1282
14706 0 2566
14706 0 174
14706 0 431
14706 0 1838
14706 0 3638
14706 0 3257
14706 0 1470
14706 0 7490
14706 0 1489
14706 0 727
14706 0 3552
14706 0 737
14706 0 4320
14706 0 4964
14706 0 106
14706 0 234
14706 0 881
14706 0 1270
14706 0 3832
14707 0 11859
14708 0 2227
14708 0 6516
14709 0 103
14711 0 24
14711 0 5221
14712 0 3170
14713 0 12208
14713 0 81
14714 0 593
14715 0 5267
14716 0 14674
14716 0 1099
14717 0 8003
14717 0 10036
14718 0 6055
14719 0 2251
14719 0 5381
14720 0 5337
14721 0 81
14722 0 14675
14722 0 14678
14723 0 1867
14724 0 8
14724 0 8398
14724 0 1301
14724 0 2427
14724 0 349
14725 0 2233
14725 0 14449
14725 0 5
14725 0 7111
14726 0 259
14726 0 1932
14726 0 2801
14726 0 248
14726 0 894
14727 0 358
14727 0 1553
14727 0 2485
14727 0 2395
14727 0 2462
14728 0 251
14729 0 419
14730 0 1349
14731 0 2585
14731 0 5182
14732 0 5
14733 0 12993
14733 0 5868
14733 0 11473
14733 0 3860
14733 0 3797
14734 0 599
14735 0 349
14736 0 275
14738 0 3604
14738 0 4390
14739 0 3461
14740 0 269
14741 0 369
14742 0 5
14743 0 6128
14743 0 162
14743 0 284
14743 0 2711
14744 0 5
14744 0 1169
14744 0 7825
14744 0 275
14744 0 1174
14744 0 155
14744 0 6813
14744 0 800
14744 0 1061
14744 0 1196
14744 0 436
14744 0 7990
14744 0 61
14744 0 7486
14744 0 199
14744 0 4039
14744 0 203
14744 0 204
14744 0 1741
14744 0 2007
14744 0 14680
14744 0 14681
14744 0 474
14744 0 12506
14744 0 14682
14744 0 626
14744 0 2807
14744 0 5880
14744 0 3579
14746 0 284
14748 0 2720
14750 0 430
14751 0 3985
14752 0 3217
14752 0 12213
14752 0 4085
14752 0 63
14753 0 5
14754 0 5885
14755 0 872
14756 0 7379
14757 0 3856
14757 0 12
14757 0 349
14757 0 2839
14758 0 1778
14759 0 1553
14759 0 1026
14759 0 3044
14759 0 1565
14760 0 5205
14761 0 11747
14763 0 4867
14763 0 68
14763 0 5
14763 0 260
14763 0 103
14763 0 455
14763 0 13798
14763 0 10
14763 0 2416
14763 0 275
14763 0 3830
14763 0 5590
14763 0 95
14764 0 10551
14765 0 8341
14766 0 5228
14767 0 1975
14768 0 5
14769 0 5065
14769 0 2019
14770 0 431
14771 0 14685
14773 0 4527
14774 0 113
14775 0 6976
14776 0 3073
14777 0 2565
14778 0 3249
14778 0 3247
14779 0 4515
14780 0 12220
14781 0 3649
14781 0 5
14781 0 134
14781 0 11243
14781 0 601
14782 0 2521
14782 0 828
14782 0 5
14782 0 14686
14784 0 609
14785 0 10809
14786 0 1866
14787 0 1493
14788 0 1472
14789 0 564
14790 0 6357
14791 0 11184
14792 0 6177
14793 0 2118
14795 0 8129
14795 0 3234
14795 0 14689
14795 0 12708
14795 0 5
14795 0 4293
14795 0 14690
14795 0 14691
14795 0 1419
14795 0 1037
14795 0 10958
14795 0 4978
14795 0 125
14795 0 14687
14796 0 568
14796 0 12223
14801 0 8509
14802 0 3756
14802 0 3247
14803 0 14692
14803 0 14693
14803 0 14694
14805 0 5
14806 0 940
14808 0 5348
14809 0 3082
14809 0 1127
14810 0 748
14811 0 5
14812 0 240
14813 0 140
14813 0 141
14813 0 6811
14813 0 1183
14813 0 1313
14813 0 1314
14813 0 681
14813 0 428
14813 0 4274
14813 0 3143
14813 0 329
14813 0 330
14813 0 10571
14813 0 12235
14813 0 12236
14813 0 12240
14813 0 852
14813 0 3796
14813 0 11478
14813 0 351
14813 0 8544
14813 0 3436
14813 0 240
14813 0 2290
14813 0 763
14813 0 893
14814 0 5
14815 0 9
14815 0 6153
14815 0 531
14815 0 533
14815 0 7199
14815 0 12321
14815 0 34
14815 0 1059
14815 0 10276
14815 0 11810
14815 0 551
14815 0 558
14815 0 5176
14815 0 6214
14815 0 12871
14815 0 7245
14815 0 81
14815 0 10836
14815 0 85
14815 0 599
14815 0 1118
14815 0 9312
14815 0 7266
14815 0 5221
14815 0 103
14815 0 1644
14815 0 1652
14815 0 9336
14815 0 13947
14815 0 10876
14815 0 8838
14815 0 10374
14815 0 139
14815 0 3212
14815 0 1165
14815 0 6290
14815 0 8339
14815 0 9885
14815 0 1694
14815 0 3231
14815 0 160
14815 0 2210
14815 0 4258
14815 0 14501
14815 0 170
14815 0 11450
14815 0 1727
14815 0 8383
14815 0 196
14815 0 1220
14815 0 1734
14815 0 717
14815 0 7379
14815 0 213
14815 0 2774
14815 0 6361
14815 0 1755
14815 0 3804
14815 0 9440
14815 0 741
14815 0 1765
14815 0 750
14815 0 760
14815 0 763
14815 0 8449
14815 0 263
14815 0 265
14815 0 266
14815 0 1814
14815 0 5912
14815 0 793
14815 0 12573
14815 0 10017
14815 0 293
14815 0 809
14815 0 12590
14815 0 5423
14815 0 4403
14815 0 11571
14815 0 1845
14815 0 822
14815 0 8502
14815 0 1344
14815 0 3905
14815 0 1348
14815 0 2884
14815 0 5445
14815 0 5957
14815 0 6983
14815 0 845
14815 0 11600
14815 0 11602
14815 0 2899
14815 0 2904
14815 0 5467
14815 0 6495
14815 0 866
14815 0 7015
14815 0 13160
14815 0 14696
14815 0 14697
14815 0 14698
14815 0 14699
14815 0 4461
14815 0 14700
14815 0 14701
14815 0 14702
14815 0 2417
14815 0 2418
14815 0 14704
14815 0 14705
14815 0 9589
14815 0 14706
14815 0 14707
14815 0 14709
14815 0 889
14815 0 890
14815 0 14710
14815 0 14711
14815 0 14712
14815 0 14715
14815 0 14716
14815 0 11142
14815 0 1418
14815 0 1419
14815 0 400
14815 0 9105
14815 0 5013
14815 0 4516
14815 0 10153
14815 0 2988
14815 0 9135
14815 0 952
14815 0 2489
14815 0 5054
14815 0 5055
14815 0 9162
14815 0 971
14815 0 972
14815 0 10704
14815 0 6100
14815 0 2007
14815 0 2524
14815 0 5085
14815 0 6121
14815 0 4075
14815 0 1518
14815 0 3054
14815 0 3055
14815 0 4081
14815 0 4082
14815 0 8178
14815 0 12795
14815 0 4092
14815 0 3070
14816 0 5
14817 0 81
14818 0 203
14819 0 349
14820 0 14114
14821 0 717
14821 0 349
14822 0 1271
14823 0 228
14823 0 1356
14823 0 11828
14823 0 14270
14823 0 669
14823 0 1662
14824 0 5985
14824 0 578
14824 0 2375
14824 0 10
14824 0 139
14824 0 4335
14824 0 6067
14824 0 3989
14824 0 1110
14824 0 3257
14824 0 1466
14824 0 6524
14824 0 349
14824 0 1470
14826 0 90
14827 0 355
14828 0 2227
14829 0 1882
14831 0 5
14833 0 72
14833 0 14717
14835 0 8055
14836 0 1810
14837 0 953
14838 0 7485
14839 0 1732
14839 0 7734
14840 0 4335
14841 0 3978
14841 0 4875
14841 0 3820
14842 0 2616
14842 0 6113
14842 0 1666
14842 0 3171
14844 0 81
14844 0 90
14845 0 651
14846 0 5
14847 0 13322
14847 0 533
14847 0 24
14847 0 32
14847 0 14382
14847 0 8243
14847 0 2613
14847 0 1590
14847 0 5186
14847 0 68
14847 0 1092
14847 0 1108
14847 0 103
14847 0 624
14847 0 6257
14847 0 4724
14847 0 117
14847 0 9340
14847 0 6274
14847 0 644
14847 0 3718
14847 0 2697
14847 0 2707
14847 0 665
14847 0 2716
14847 0 10399
14847 0 161
14847 0 5289
14847 0 1196
14847 0 184
14847 0 8895
14847 0 5836
14847 0 2256
14847 0 213
14847 0 1750
14847 0 1751
14847 0 8411
14847 0 11999
14847 0 4840
14847 0 4847
14847 0 4342
14847 0 5879
14847 0 1271
14847 0 6399
14847 0 273
14847 0 6933
14847 0 793
14847 0 283
14847 0 284
14847 0 285
14847 0 2342
14847 0 2343
14847 0 7469
14847 0 1342
14847 0 3391
14847 0 1356
14847 0 846
14847 0 2904
14847 0 348
14847 0 349
14847 0 3426
14847 0 1894
14847 0 3944
14847 0 4458
14847 0 891
14847 0 894
14847 0 14718
14847 0 14719
14847 0 14720
14847 0 14721
14847 0 14723
14847 0 14724
14847 0 14726
14847 0 400
14847 0 11664
14847 0 3996
14847 0 437
14847 0 2998
14847 0 2492
14847 0 1474
14847 0 967
14847 0 968
14847 0 6607
14847 0 2524
14847 0 2526
14847 0 994
14847 0 6121
14847 0 1004
14847 0 10220
14847 0 7668
14847 0 3070
14848 0 1282
14848 0 5
14848 0 1799
14848 0 8
14848 0 10
14848 0 269
14848 0 18
14848 0 2839
14848 0 2845
14848 0 7593
14848 0 1330
14848 0 4546
14848 0 451
14848 0 1622
14848 0 6870
14848 0 8671
14848 0 95
14848 0 740
14848 0 10099
14848 0 3447
14850 0 539
14850 0 275
14852 0 4869
14852 0 6
14852 0 935
14852 0 711
14852 0 779
14852 0 727
14852 0 7511
14852 0 2463
14853 0 14728
14854 0 11645
14855 0 8907
14856 0 3309
14856 0 5
14857 0 3488
14857 0 4010
14858 0 203
14858 0 140
14859 0 1305
14859 0 10043
14860 0 3473
14860 0 1559
14861 0 123
14861 0 2327
14862 0 14176
14862 0 454
14862 0 7238
14862 0 717
14862 0 430
14862 0 2580
14862 0 5400
14862 0 763
14863 0 1321
14863 0 986
14863 0 3202
14863 0 431
14864 0 2489
14866 0 5378
14866 0 12265
14866 0 1066
14866 0 12267
14866 0 2416
14866 0 81
14866 0 10451
14866 0 184
14866 0 285
14867 0 548
14868 0 14726
14869 0 6465
14869 0 236
14870 0 6421
14872 0 1911
14873 0 103
14874 0 5096
14875 0 1149
14875 0 397
14875 0 12270
14875 0 4079
14876 0 12561
14879 0 151
14882 0 645
14883 0 7476
14883 0 5
14883 0 103
14884 0 11464
14885 0 10656
14886 0 8
14887 0 1869
14888 0 1284
14890 0 811
14892 0 5
14894 0 5952
14896 0 14705
14896 0 9738
14896 0 6565
14896 0 3198
14897 0 4064
14897 0 5954
14897 0 11810
14897 0 3143
14897 0 3306
14897 0 972
14897 0 845
14897 0 4272
14897 0 5340
14897 0 12279
14897 0 12280
14897 0 3548
14897 0 510
14898 0 1556
14899 0 2690
14899 0 3117
14901 0 521
14902 0 12292
14902 0 12293
14902 0 12294
14902 0 263
14902 0 11915
14902 0 1311
14902 0 801
14902 0 7206
14902 0 167
14902 0 2987
14902 0 10540
14902 0 1344
14902 0 81
14902 0 9943
14902 0 8535
14902 0 11736
14902 0 11263
14902 0 5853
14902 0 4076
14902 0 241
14902 0 4086
14902 0 12287
14902 0 12285
14902 0 4863
14903 0 763
14904 0 5930
14904 0 6949
14904 0 582
14905 0 6222
14906 0 437
14906 0 702
14907 0 1849
14908 0 2070
14910 0 6
14911 0 2529
14911 0 395
14911 0 4388
14912 0 3817
14912 0 6991
14913 0 9531
14914 0 14731
14914 0 519
14915 0 6234
14915 0 8294
14916 0 1024
14916 0 9728
14916 0 5
14916 0 519
14916 0 1545
14916 0 1035
14916 0 13837
14916 0 7183
14916 0 529
14916 0 4113
14916 0 9747
14916 0 1556
14916 0 9751
14916 0 11296
14916 0 9776
14916 0 12336
14916 0 9782
14916 0 8247
14916 0 6201
14916 0 68
14916 0 2116
14916 0 5703
14916 0 72
14916 0 7243
14916 0 10830
14916 0 594
14916 0 83
14916 0 599
14916 0 3671
14916 0 12893
14916 0 103
14916 0 110
14916 0 115
14916 0 1139
14916 0 117
14916 0 2169
14916 0 11898
14916 0 1147
14916 0 126
14916 0 644
14916 0 5777
14916 0 164
14916 0 1702
14916 0 1707
14916 0 6323
14916 0 696
14916 0 191
14916 0 5317
14916 0 7371
14916 0 5836
14916 0 724
14916 0 3290
14916 0 1760
14916 0 9440
14916 0 1762
14916 0 2786
14916 0 9958
14916 0 7400
14916 0 1774
14916 0 10478
14916 0 10484
14916 0 10486
14916 0 2809
14916 0 249
14916 0 3326
14916 0 269
14916 0 2831
14916 0 2320
14916 0 3866
14916 0 13596
14916 0 5925
14916 0 4390
14916 0 3885
14916 0 2350
14916 0 304
14916 0 1840
14916 0 1334
14916 0 3382
14916 0 318
14916 0 1343
14916 0 1344
14916 0 12606
14916 0 1349
14916 0 12620
14916 0 2382
14916 0 1364
14916 0 854
14916 0 1371
14916 0 349
14916 0 863
14916 0 866
14916 0 3437
14916 0 3951
14916 0 380
14916 0 385
14916 0 4489
14916 0 395
14916 0 14732
14916 0 14733
14916 0 14734
14916 0 14735
14916 0 14736
14916 0 14737
14916 0 14738
14916 0 14739
14916 0 14740
14916 0 14741
14916 0 14743
14916 0 14744
14916 0 14745
14916 0 14746
14916 0 414
14916 0 1442
14916 0 1460
14916 0 438
14916 0 4536
14916 0 3003
14916 0 1980
14916 0 445
14916 0 4541
14916 0 451
14916 0 4550
14916 0 4555
14916 0 3021
14916 0 1493
14916 0 6105
14916 0 8669
14916 0 4574
14916 0 998
14916 0 10728
14916 0 4076
14916 0 493
14916 0 5618
14916 0 4095
14917 0 1835
14918 0 1970
14919 0 203
14920 0 3209
14920 0 10
14920 0 2124
14920 0 4278
14920 0 2395
14921 0 1124
14921 0 81
14921 0 2709
14921 0 14747
14921 0 14748
14922 0 1778
14924 0 62
14925 0 6970
14925 0 375
14926 0 5877
14927 0 5298
14927 0 154
14927 0 68
14927 0 10546
14928 0 24
14928 0 2519
14929 0 231
14930 0 5
14930 0 8070
14931 0 1977
14932 0 675
14932 0 4392
14932 0 1289
14932 0 1460
14932 0 380
14933 0 139
14934 0 4664
14936 0 5453
14937 0 957
14938 0 12616
14938 0 6625
14938 0 14751
14938 0 5975
14940 0 5
14941 0 14752
14941 0 3427
14941 0 355
14941 0 4937
14941 0 2870
14942 0 13745
14943 0 1933
14944 0 403
14946 0 3908
14948 0 349
14948 0 103
14949 0 677
14950 0 617
14950 0 395
14951 0 651
14952 0 349
14954 0 12316
14955 0 2116
14955 0 12318
14956 0 1840
14957 0 4837
14959 0 1294
14960 0 48
14960 0 14753
14960 0 50
14961 0 7452
14961 0 3173
14962 0 3367
14963 0 4106
14964 0 12320
14965 0 8
14966 0 5252
14967 0 1824
14967 0 12322
14967 0 99
14967 0 68
14967 0 5
14967 0 8899
14967 0 496
14967 0 4052
14967 0 539
14967 0 1374
14969 0 1396
14969 0 2349
14969 0 5727
14970 0 3143
14970 0 8
14970 0 169
14970 0 4274
14970 0 8179
14970 0 1110
14971 0 5
14972 0 1814
14973 0 645
14974 0 12327
14975 0 8
14975 0 17
14976 0 126
14977 0 5256
14978 0 123
14978 0 763
14979 0 853
14979 0 4791
14980 0 72
14980 0 1697
14980 0 1662
14981 0 103
14982 0 3838
14983 0 349
14984 0 14754
14985 0 12333
14988 0 650
14988 0 3533
14989 0 236
14990 0 2567
14991 0 7635
14991 0 8155
14992 0 225
14993 0 5922
14994 0 32
14995 0 3348
14996 0 5022
14998 0 5
15000 0 599
15001 0 1809
15001 0 10
15001 0 14755
15001 0 679
15002 0 6744
15002 0 105
15002 0 5645
15003 0 5654
15004 0 220
15005 0 5
15006 0 1482
15006 0 1613
15007 0 10439
15008 0 2775
15008 0 2820
15008 0 711
15009 0 5
15010 0 1466
15010 0 651
15010 0 269
15011 0 5
15012 0 546
15013 0 5581
15014 0 284
15014 0 285
15015 0 2441
15018 0 12342
15019 0 11049
15021 0 12355
15021 0 8365
15022 0 56
15022 0 447
15023 0 368
15024 0 81
15025 0 12365
15026 0 5
15027 0 5
15028 0 5650
15029 0 6304
15029 0 4825
15030 0 9651
15031 0 2128
15031 0 9243
15032 0 4614
15032 0 2311
15032 0 6151
15032 0 140
15032 0 1806
15032 0 413
15032 0 1570
15032 0 11426
15032 0 14756
15032 0 14757
15032 0 8230
15032 0 14758
15032 0 14759
15032 0 14760
15032 0 1067
15032 0 6320
15032 0 4658
15032 0 3509
15032 0 1848
15032 0 952
15032 0 451
15032 0 14149
15032 0 5322
15032 0 203
15032 0 5072
15032 0 1117
15032 0 6622
15032 0 1759
15032 0 4449
15032 0 1122
15032 0 4964
15032 0 13035
15032 0 6252
15032 0 624
15032 0 1656
15032 0 8315
15033 0 995
15033 0 4195
15033 0 10212
15033 0 102
15033 0 12345
15033 0 490
15033 0 525
15033 0 1230
15033 0 1262
15033 0 5649
15033 0 531
15033 0 504
15033 0 1529
15033 0 1466
15033 0 5343
15034 0 523
15034 0 149
15035 0 490
15036 0 490
15038 0 349
15039 0 451
15040 0 582
15042 0 5
15043 0 1866
15044 0 651
15045 0 7056
15045 0 753
15045 0 117
15046 0 14761
15047 0 649
15048 0 2037
15049 0 1196
15050 0 1556
15051 0 496
15051 0 1356
15052 0 5
15053 0 4141
15054 0 8
15055 0 14762
15056 0 12359
15057 0 4443
15058 0 5
15059 0 10
15059 0 269
15059 0 1553
15059 0 7827
15059 0 666
15059 0 3232
15059 0 1583
15059 0 5040
15059 0 1844
15059 0 2229
15059 0 310
15059 0 2487
15059 0 2485
15059 0 7479
15059 0 708
15059 0 1483
15059 0 1484
15059 0 2125
15059 0 6476
15059 0 2395
15059 0 3938
15059 0 3174
15059 0 490
15059 0 110
15059 0 3830
15060 0 954
15061 0 3164
15061 0 301
15061 0 8806
15061 0 7399
15062 0 1570
15063 0 12092
15064 0 8124
15067 0 5788
15068 0 3728
15069 0 520
15069 0 7617
15069 0 1344
15069 0 5
15070 0 5
15071 0 7427
15071 0 72
15071 0 5642
15071 0 14763
15071 0 718
15071 0 2612
15071 0 5404
15072 0 3436
15072 0 1489
15072 0 1252
15072 0 2868
15073 0 1028
15073 0 5
15073 0 6155
15073 0 18
15073 0 5139
15073 0 10770
15073 0 13336
15073 0 5145
15073 0 539
15073 0 32
15073 0 4645
15073 0 4651
15073 0 1584
15073 0 5691
15073 0 576
15073 0 2113
15073 0 6208
15073 0 6721
15073 0 6213
15073 0 5703
15073 0 2120
15073 0 3658
15073 0 75
15073 0 1613
15073 0 591
15073 0 3670
15073 0 6233
15073 0 4186
15073 0 6235
15073 0 14426
15073 0 2655
15073 0 5727
15073 0 1130
15073 0 2161
15073 0 114
15073 0 1650
15073 0 9334
15073 0 9337
15073 0 1658
15073 0 4218
15073 0 4735
15073 0 643
15073 0 6281
15073 0 1680
15073 0 5777
15073 0 8336
15073 0 2712
15073 0 4761
15073 0 672
15073 0 674
15073 0 12965
15073 0 11430
15073 0 1703
15073 0 3242
15073 0 6320
15073 0 9904
15073 0 1714
15073 0 1715
15073 0 1716
15073 0 9914
15073 0 1218
15073 0 2245
15073 0 6854
15073 0 200
15073 0 712
15073 0 4311
15073 0 5338
15073 0 2270
15073 0 5349
15073 0 231
15073 0 1772
15073 0 1263
15073 0 13041
15073 0 4852
15073 0 1272
15073 0 248
15073 0 251
15073 0 4864
15073 0 3844
15073 0 9477
15073 0 9484
15073 0 782
15073 0 273
15073 0 2835
15073 0 1308
15073 0 2849
15073 0 4392
15073 0 1833
15073 0 4403
15073 0 1847
15073 0 6456
15073 0 4410
15073 0 3900
15073 0 6974
15073 0 1855
15073 0 1348
15073 0 8519
15073 0 9031
15073 0 337
15073 0 853
15073 0 856
15073 0 351
15073 0 1376
15073 0 1377
15073 0 866
15073 0 355
15073 0 1378
15073 0 11103
15073 0 2406
15073 0 3949
15073 0 2416
15073 0 7025
15073 0 2418
15073 0 1396
15073 0 8056
15073 0 380
15073 0 7040
15073 0 898
15073 0 1923
15073 0 1933
15073 0 3473
15073 0 14740
15073 0 1432
15073 0 14752
15073 0 930
15073 0 2471
15073 0 14764
15073 0 14765
15073 0 14766
15073 0 14767
15073 0 945
15073 0 1458
15073 0 14769
15073 0 1460
15073 0 4532
15073 0 438
15073 0 14770
15073 0 14772
15073 0 2489
15073 0 14773
15073 0 14774
15073 0 14775
15073 0 14776
15073 0 14777
15073 0 14778
15073 0 14780
15073 0 14781
15073 0 12226
15073 0 14782
15073 0 14783
15073 0 14784
15073 0 14785
15073 0 14786
15073 0 12234
15073 0 1484
15073 0 6605
15073 0 4046
15073 0 1487
15073 0 470
15073 0 3038
15073 0 2527
15073 0 7650
15073 0 13289
15073 0 2030
15073 0 506
15073 0 4598
15073 0 2042
15074 0 1821
15075 0 14789
15075 0 14791
15076 0 2443
15077 0 304
15077 0 196
15077 0 1311
15078 0 12364
15078 0 774
15078 0 12372
15079 0 1212
15079 0 6814
15080 0 618
15080 0 1110
15080 0 95
15081 0 3776
15081 0 5042
15082 0 7424
15082 0 2439
15082 0 2579
15082 0 2711
15082 0 6565
15082 0 2086
15082 0 1575
15082 0 4264
15082 0 2730
15082 0 10797
15082 0 3374
15082 0 303
15082 0 304
15082 0 10798
15082 0 3254
15082 0 188
15082 0 69
15082 0 14792
15082 0 4937
15082 0 203
15082 0 5994
15083 0 1201
15084 0 1556
15085 0 5731
15086 0 6864
15086 0 130
15087 0 1481
15088 0 11384
15089 0 81
15089 0 2852
15089 0 745
15090 0 90
15091 0 5
15092 0 14793
15093 0 1056
15093 0 636
15094 0 5047
15095 0 10501
15095 0 6663
15095 0 2568
15095 0 4361
15095 0 395
15095 0 3723
15095 0 4235
15095 0 8459
15095 0 4368
15095 0 8467
15095 0 8602
15095 0 924
15095 0 14494
15095 0 14753
15095 0 7716
15095 0 2297
15095 0 2341
15095 0 7847
15095 0 14758
15095 0 1581
15095 0 3247
15095 0 4272
15095 0 5302
15095 0 1719
15095 0 1847
15095 0 951
15095 0 4280
15095 0 4794
15095 0 4795
15095 0 6968
15095 0 4416
15095 0 73
15095 0 330
15095 0 2761
15095 0 7371
15095 0 14795
15095 0 14797
15095 0 14798
15095 0 14799
15095 0 337
15095 0 9297
15095 0 981
15095 0 2007
15095 0 860
15095 0 96
15095 0 12257
15095 0 4195
15095 0 14309
15095 0 1772
15095 0 237
15095 0 2926
15095 0 3058
15095 0 117
15095 0 246
15095 0 1655
15095 0 1525
15095 0 633
15095 0 4218
15095 0 4095
15096 0 3383
15097 0 614
15098 0 6240
15099 0 506
15099 0 5
15100 0 5
15101 0 11724
15102 0 1475
15102 0 2013
15103 0 5664
15103 0 1513
15103 0 6477
15103 0 125
15106 0 5
15107 0 18
15109 0 2049
15109 0 8708
15109 0 9220
15109 0 1033
15109 0 523
15109 0 4110
15109 0 1044
15109 0 5654
15109 0 6681
15109 0 1564
15109 0 543
15109 0 31
15109 0 3104
15109 0 35
15109 0 1578
15109 0 5675
15109 0 4652
15109 0 3117
15109 0 5676
15109 0 6708
15109 0 1086
15109 0 575
15109 0 9278
15109 0 3138
15109 0 2627
15109 0 5700
15109 0 5702
15109 0 4173
15109 0 5199
15109 0 14417
15109 0 594
15109 0 11347
15109 0 7252
15109 0 8289
15109 0 12390
15109 0 1130
15109 0 12397
15109 0 12398
15109 0 1653
15109 0 12406
15109 0 1655
15109 0 2171
15109 0 7295
15109 0 139
15109 0 140
15109 0 12428
15109 0 12430
15109 0 12431
15109 0 7824
15109 0 11920
15109 0 7827
15109 0 5782
15109 0 12442
15109 0 12443
15109 0 1182
15109 0 1183
15109 0 12450
15109 0 168
15109 0 5800
15109 0 3248
15109 0 12464
15109 0 690
15109 0 12465
15109 0 12468
15109 0 12469
15109 0 12470
15109 0 7864
15109 0 5305
15109 0 3772
15109 0 3774
15109 0 7870
15109 0 12478
15109 0 12480
15109 0 12481
15109 0 7875
15109 0 8900
15109 0 4805
15109 0 6341
15109 0 12482
15109 0 2760
15109 0 4298
15109 0 12491
15109 0 12492
15109 0 12497
15109 0 7890
15109 0 12499
15109 0 12501
15109 0 2781
15109 0 2784
15109 0 7908
15109 0 2795
15109 0 9452
15109 0 3830
15109 0 8438
15109 0 253
15109 0 4353
15109 0 4360
15109 0 265
15109 0 12041
15109 0 7440
15109 0 8472
15109 0 6938
15109 0 12572
15109 0 8477
15109 0 5920
15109 0 6440
15109 0 7979
15109 0 821
15109 0 1334
15109 0 1847
15109 0 7991
15109 0 7481
15109 0 8505
15109 0 327
15109 0 8524
15109 0 2385
15109 0 2898
15109 0 8021
15109 0 2902
15109 0 2908
15109 0 349
15109 0 1375
15109 0 1376
15109 0 353
15109 0 1377
15109 0 11616
15109 0 4964
15109 0 7526
15109 0 2407
15109 0 3944
15109 0 8042
15109 0 3947
15109 0 8044
15109 0 4974
15109 0 8560
15109 0 8054
15109 0 376
15109 0 11128
15109 0 4991
15109 0 1408
15109 0 8064
15109 0 4995
15109 0 1412
15109 0 389
15109 0 3463
15109 0 3473
15109 0 405
15109 0 918
15109 0 8602
15109 0 414
15109 0 8097
15109 0 3490
15109 0 9633
15109 0 8612
15109 0 421
15109 0 1451
15109 0 433
15109 0 8114
15109 0 1973
15109 0 5557
15109 0 951
15109 0 2999
15109 0 8121
15109 0 12214
15109 0 955
15109 0 5567
15109 0 2497
15109 0 1990
15109 0 973
15109 0 2511
15109 0 14800
15109 0 14801
15109 0 14802
15109 0 14803
15109 0 14804
15109 0 986
15109 0 3035
15109 0 9179
15109 0 9696
15109 0 2532
15109 0 2533
15109 0 8165
15109 0 3563
15109 0 1518
15109 0 500
15109 0 4086
15109 0 8182
15109 0 2553
15109 0 2556
15110 0 3072
15110 0 5057
15110 0 12320
15110 0 7818
15110 0 12502
15110 0 4891
15111 0 12504
15111 0 35
15111 0 12
15111 0 12507
15112 0 12509
15113 0 6891
15114 0 1477
15115 0 6097
15115 0 9810
15115 0 4275
15115 0 14805
15115 0 9688
15115 0 3295
15116 0 349
15117 0 3360
15117 0 5666
15117 0 5667
15117 0 12778
15117 0 5677
15117 0 81
15117 0 17
15117 0 626
15117 0 3124
15117 0 438
15117 0 3192
15117 0 601
15118 0 12511
15119 0 12437
15119 0 10927
15121 0 4682
15121 0 1581
15122 0 5856
15122 0 2851
15122 0 5
15123 0 1617
15123 0 692
15125 0 8252
15126 0 643
15126 0 6
15126 0 7309
15126 0 275
15126 0 283
15126 0 284
15126 0 285
15126 0 4385
15126 0 3237
15126 0 806
15126 0 4649
15126 0 3631
15126 0 63
15126 0 65
15126 0 81
15126 0 90
15126 0 6493
15126 0 2015
15126 0 356
15126 0 740
15126 0 12520
15126 0 12521
15126 0 4721
15126 0 1010
15127 0 5
15128 0 2020
15128 0 4620
15128 0 2798
15128 0 242
15128 0 14806
15128 0 62
15129 0 1260
15130 0 5
15132 0 5541
15133 0 2257
15134 0 8
15135 0 12056
15135 0 633
15136 0 5
15137 0 5
15138 0 938
15138 0 7306
15138 0 103
15139 0 14807
15140 0 10688
15141 0 2708
15143 0 510
15144 0 5
15145 0 519
15146 0 645
15148 0 2530
15149 0 12541
15150 0 5504
15150 0 1537
15150 0 7683
15150 0 2696
15150 0 11531
15150 0 1423
15150 0 5523
15150 0 6803
15150 0 405
15150 0 1815
15150 0 11159
15150 0 1050
15150 0 4252
15150 0 13088
15150 0 13346
15150 0 293
15150 0 549
15150 0 550
15150 0 551
15150 0 553
15150 0 10279
15150 0 10794
15150 0 434
15150 0 2872
15150 0 971
15150 0 844
15150 0 1489
15150 0 2773
15150 0 470
15150 0 14808
15150 0 1625
15150 0 14809
15150 0 14810
15150 0 14811
15150 0 349
15150 0 3806
15150 0 14813
15150 0 14815
15150 0 8929
15150 0 14816
15150 0 1380
15150 0 8293
15150 0 2278
15150 0 362
15150 0 13162
15150 0 10093
15150 0 7280
15150 0 4082
15150 0 8180
15150 0 1915
15151 0 789
15151 0 12542
15152 0 5789
15153 0 811
15153 0 12543
15154 0 5763
15155 0 4585
15155 0 6099
15155 0 5079
15156 0 2739
15157 0 4615
15157 0 62
15157 0 375
15158 0 665
15159 0 5
15160 0 14817
15160 0 330
15160 0 139
15160 0 875
15160 0 876
15160 0 2510
15160 0 3082
15160 0 4972
15160 0 465
15160 0 786
15160 0 7795
15160 0 5941
15160 0 1374
15161 0 2439
15163 0 5
15164 0 103
15164 0 95
15165 0 2486
15166 0 7980
15166 0 9783
15166 0 7943
15167 0 10053
15167 0 1845
15167 0 10038
15168 0 2753
15168 0 450
15168 0 14818
15168 0 3844
15168 0 6372
15168 0 2060
15168 0 750
15168 0 3791
15168 0 3632
15168 0 81
15168 0 6546
15168 0 884
15168 0 3348
15168 0 2615
15168 0 1465
15168 0 7230
15170 0 12546
15170 0 12548
15171 0 3157
15172 0 5
15173 0 1494
15174 0 616
15174 0 13933
15175 0 5650
15175 0 901
15175 0 5038
15176 0 9607
15176 0 8
15176 0 3987
15176 0 8084
15176 0 10524
15176 0 1449
15176 0 5162
15176 0 4910
15176 0 3632
15176 0 1847
15176 0 13369
15176 0 4943
15176 0 2261
15176 0 346
15176 0 14819
15176 0 14820
15176 0 14821
15176 0 14822
15176 0 14823
15176 0 14824
15176 0 1271
15177 0 2801
15178 0 1466
15179 0 2303
15180 0 6796
15180 0 9197
15181 0 5
15182 0 901
15182 0 266
15182 0 2571
15182 0 1935
15182 0 1809
15182 0 18
15182 0 533
15182 0 2072
15182 0 1562
15182 0 666
15182 0 6559
15182 0 5032
15182 0 4528
15182 0 3505
15182 0 5299
15182 0 6327
15182 0 445
15182 0 62
15182 0 321
15182 0 5954
15182 0 7490
15182 0 5197
15182 0 6222
15182 0 6605
15182 0 2257
15182 0 466
15182 0 467
15182 0 727
15182 0 215
15182 0 3172
15182 0 14697
15182 0 5738
15182 0 10731
15182 0 3437
15182 0 3838
15182 0 5997
15182 0 2288
15182 0 2801
15182 0 114
15182 0 117
15182 0 7159
15182 0 4095
15182 0 3836
15182 0 510
15182 0 2559
15183 0 5
15184 0 4675
15185 0 346
15186 0 2560
15186 0 342
15188 0 3396
15188 0 519
15188 0 12220
15188 0 6155
15188 0 6539
15188 0 10827
15188 0 11918
15188 0 12558
15188 0 3088
15188 0 4767
15188 0 467
15188 0 628
15188 0 6358
15188 0 2711
15188 0 4060
15188 0 1310
15188 0 286
15189 0 678
15189 0 2220
15189 0 2835
15189 0 9301
15189 0 733
15190 0 1320
15190 0 5
15191 0 385
15192 0 1662
15193 0 356
15194 0 867
15194 0 1334
15195 0 1223
15196 0 827
15197 0 4809
15198 0 1844
15199 0 6642
15200 0 1378
15200 0 486
15201 0 3853
15202 0 5
15203 0 5928
15203 0 14828
15205 0 8
15205 0 1007
15206 0 10626
15206 0 13445
15206 0 5481
15206 0 652
15206 0 14829
15206 0 730
15207 0 228
15208 0 288
15208 0 5
15211 0 1545
15211 0 1258
15213 0 130
15213 0 3844
15213 0 8
15213 0 265
15213 0 3853
15213 0 654
15213 0 3473
15213 0 3231
15213 0 5925
15213 0 2086
15213 0 298
15213 0 9007
15213 0 437
15213 0 10423
15213 0 9023
15213 0 4037
15213 0 10315
15213 0 5836
15213 0 1359
15213 0 81
15213 0 338
15213 0 6611
15213 0 470
15213 0 9687
15213 0 9688
15213 0 7514
15213 0 95
15213 0 356
15213 0 7270
15213 0 4330
15213 0 4460
15213 0 4461
15213 0 3312
15213 0 2296
15214 0 3441
15215 0 5294
15216 0 125
15217 0 487
15218 0 114
15219 0 2292
15220 0 3444
15220 0 76
15221 0 386
15222 0 5
15222 0 438
15223 0 1368
15224 0 349
15225 0 5
15226 0 4289
15227 0 5781
15227 0 3311
15228 0 12613
15228 0 12615
15228 0 6632
15228 0 6190
15228 0 368
15228 0 1876
15228 0 12602
15228 0 12603
15228 0 12604
15228 0 958
15229 0 12320
15229 0 5
15229 0 7818
15229 0 8181
15229 0 4891
15229 0 351
15230 0 5764
15230 0 6160
15230 0 8848
15230 0 7211
15230 0 9653
15230 0 2614
15230 0 445
15230 0 12616
15230 0 12618
15230 0 12620
15230 0 1613
15230 0 12621
15230 0 12623
15230 0 5072
15230 0 465
15230 0 854
15230 0 217
15230 0 1004
15230 0 114
15231 0 6250
15232 0 709
15232 0 7103
15233 0 3772
15235 0 257
15236 0 90
15237 0 591
15238 0 1015
15239 0 721
15241 0 3420
15242 0 14833
15243 0 2478
15243 0 894
15244 0 14834
15245 0 1173
15246 0 6083
15247 0 578
15248 0 14835
15249 0 5
15249 0 681
15249 0 75
15249 0 3852
15249 0 81
15249 0 123
15250 0 973
15250 0 2238
15251 0 5
15251 0 395
15251 0 4276
15251 0 951
15251 0 4504
15251 0 12633
15251 0 666
15251 0 9023
15252 0 1562
15253 0 5
15254 0 998
15255 0 62
15256 0 1727
15257 0 4824
15258 0 4260
15258 0 5246
15260 0 349
15261 0 1545
15262 0 5
15264 0 397
15265 0 400
15265 0 1336
15266 0 3694
15267 0 2014
15268 0 3081
15268 0 274
15269 0 6281
15269 0 5842
15270 0 9514
15271 0 6051
15271 0 103
15271 0 8296
15271 0 745
15271 0 313
15272 0 139
15273 0 4055
15274 0 8569
15275 0 691
15276 0 6361
15277 0 3179
15278 0 5
15279 0 5199
15280 0 7280
15281 0 6797
15282 0 3627
15282 0 11518
15283 0 7580
15283 0 583
15284 0 1056
15285 0 3427
15287 0 5114
15287 0 9035
15287 0 9332
15287 0 10066
15288 0 10
15289 0 1869
15290 0 8372
15291 0 8
15291 0 81
15291 0 1457
15291 0 1799
15292 0 5
15293 0 568
15296 0 5
15297 0 6155
15297 0 4541
15299 0 4073
15299 0 251
15299 0 5425
15300 0 11422
15301 0 3091
15302 0 901
15303 0 11989
15304 0 2227
15304 0 4467
15304 0 351
15305 0 103
15305 0 495
15305 0 634
15305 0 1564
15305 0 3614
15307 0 2049
15307 0 4101
15307 0 4168
15307 0 4680
15307 0 139
15307 0 8685
15307 0 8057
15307 0 666
15308 0 6708
15309 0 10459
15310 0 640
15310 0 2560
15310 0 12033
15310 0 771
15310 0 644
15310 0 5
15310 0 772
15310 0 1797
15310 0 10243
15310 0 265
15310 0 10
15310 0 1289
15310 0 3721
15310 0 269
15310 0 3341
15310 0 400
15310 0 9106
15310 0 275
15310 0 10900
15310 0 8725
15310 0 1174
15310 0 1179
15310 0 288
15310 0 4899
15310 0 2596
15310 0 14840
15310 0 299
15310 0 557
15310 0 691
15310 0 6324
15310 0 2871
15310 0 8252
15310 0 445
15310 0 8639
15310 0 1345
15310 0 72
15310 0 4042
15310 0 3019
15310 0 2513
15310 0 11730
15310 0 982
15310 0 217
15310 0 3034
15310 0 349
15310 0 351
15310 0 3679
15310 0 8440
15310 0 229
15310 0 103
15310 0 4970
15310 0 1643
15310 0 1263
15310 0 4723
15310 0 13043
15310 0 14838
15310 0 14839
15310 0 376
15310 0 124
15311 0 3192
15312 0 4489
15312 0 138
15312 0 5290
15312 0 9417
15312 0 2256
15312 0 1012
15312 0 6324
15312 0 248
15312 0 601
15313 0 3756
15314 0 8238
15315 0 121
15315 0 5221
15316 0 12674
15316 0 1444
15316 0 12677
15316 0 12678
15317 0 265
15318 0 602
15319 0 1778
15321 0 3714
15322 0 3618
15324 0 12682
15325 0 760
15326 0 691
15326 0 3020
15327 0 410
15328 0 12685
15330 0 3888
15331 0 5
15332 0 8869
15333 0 10433
15333 0 867
15333 0 580
15333 0 5672
15333 0 1449
15333 0 4841
15333 0 7626
15333 0 7566
15333 0 12687
15333 0 240
15333 0 12689
15333 0 12690
15333 0 12691
15333 0 950
15334 0 1383
15335 0 5048
15336 0 10230
15337 0 12705
15337 0 802
15337 0 4389
15337 0 550
15337 0 3176
15337 0 846
15337 0 950
15337 0 14841
15337 0 11295
15337 0 12701
15337 0 2014
15337 0 1727
15338 0 968
15338 0 970
15338 0 4811
15338 0 972
15338 0 973
15338 0 846
15338 0 690
15338 0 2899
15338 0 14842
15338 0 474
15338 0 2238
15339 0 5
15339 0 8
15339 0 12
15339 0 5147
15339 0 5533
15339 0 7585
15339 0 2086
15339 0 5798
15339 0 6582
15339 0 3767
15339 0 13382
15339 0 719
15339 0 81
15339 0 850
15339 0 90
15339 0 91
15339 0 2023
15339 0 4203
15339 0 110
15339 0 1774
15339 0 3198
15340 0 1100
15341 0 2865
15342 0 8
15342 0 10
15342 0 6571
15342 0 269
15344 0 196
15344 0 9637
15344 0 8
15344 0 395
15344 0 24
15344 0 890
15344 0 703
15345 0 113
15345 0 10001
15346 0 263
15347 0 7652
15348 0 850
15349 0 2059
15350 0 1622
15351 0 6968
15352 0 1191
15354 0 806
15354 0 4904
15354 0 1801
15354 0 2570
15354 0 5075
15354 0 4021
15354 0 4341
15354 0 5077
15354 0 3832
15354 0 634
15354 0 475
15354 0 348
15355 0 7036
15355 0 1756
15356 0 437
15357 0 3690
15357 0 4004
15358 0 6306
15358 0 3350
15359 0 18
15359 0 510
15361 0 4205
15362 0 1539
15362 0 5152
15362 0 259
15363 0 14848
15363 0 4225
15363 0 11266
15363 0 14849
15363 0 772
15363 0 4101
15363 0 14850
15363 0 4871
15363 0 14851
15363 0 14852
15363 0 1546
15363 0 1804
15363 0 5006
15363 0 13454
15363 0 8720
15363 0 18
15363 0 6034
15363 0 6680
15363 0 3482
15363 0 3483
15363 0 2077
15363 0 3237
15363 0 4005
15363 0 10794
15363 0 1838
15363 0 11317
15363 0 1592
15363 0 12856
15363 0 3771
15363 0 1340
15363 0 189
15363 0 1470
15363 0 1086
15363 0 14845
15363 0 2115
15363 0 1732
15363 0 2244
15363 0 198
15363 0 10697
15363 0 843
15363 0 3917
15363 0 847
15363 0 2255
15363 0 81
15363 0 9042
15363 0 10834
15363 0 1108
15363 0 1237
15363 0 10068
15363 0 217
15363 0 349
15363 0 10590
15363 0 8546
15363 0 13924
15363 0 358
15363 0 13030
15363 0 745
15363 0 3178
15363 0 1774
15363 0 1776
15363 0 881
15363 0 3957
15363 0 120
15363 0 2170
15363 0 3453
15363 0 14846
15363 0 1151
15364 0 11524
15365 0 3987
15366 0 1863
15366 0 521
15366 0 5321
15366 0 750
15366 0 1071
15366 0 3120
15367 0 5272
15367 0 5352
15368 0 3272
15368 0 1770
15368 0 3928
15368 0 3929
15368 0 10430
15369 0 2304
15370 0 10052
15372 0 1536
15372 0 1537
15372 0 4353
15372 0 6663
15372 0 6667
15372 0 6671
15372 0 9242
15372 0 1533
15372 0 434
15372 0 13748
15372 0 4022
15372 0 5431
15372 0 823
15372 0 2768
15372 0 2775
15372 0 6359
15372 0 13666
15372 0 9831
15372 0 3049
15372 0 4841
15372 0 13677
15372 0 753
15372 0 2045
15373 0 2247
15375 0 5
15376 0 808
15376 0 11887
15376 0 5
15376 0 1343
15377 0 2663
15378 0 13554
15379 0 8040
15380 0 2357
15381 0 1110
15382 0 884
15383 0 3458
15383 0 87
15384 0 326
15385 0 5
15386 0 12728
15387 0 578
15387 0 599
15388 0 2182
15389 0 14853
15390 0 868
15391 0 12948
15392 0 7422
15393 0 659
15394 0 1578
15394 0 533
15395 0 3755
15396 0 81
15397 0 14854
15398 0 5152
15398 0 4737
15398 0 1187
15398 0 2318
15398 0 22
15398 0 13528
15398 0 2715
15399 0 5
15400 0 356
15401 0 4224
15401 0 8486
15401 0 6216
15401 0 6089
15401 0 792
15401 0 952
15401 0 536
15401 0 4540
15401 0 894
15402 0 1840
15403 0 2997
15403 0 10295
15404 0 160
15404 0 6196
15404 0 1110
15405 0 5
15405 0 6823
15405 0 5001
15405 0 5744
15405 0 1662
15406 0 2177
15406 0 3836
15406 0 326
15406 0 103
15406 0 6217
15406 0 10
15406 0 5145
15406 0 1084
15406 0 2206
15406 0 2751
15408 0 5
15409 0 275
15409 0 631
15410 0 5
15411 0 351
15412 0 349
15413 0 320
15413 0 2626
15413 0 1926
15413 0 14856
15413 0 8489
15413 0 13322
15413 0 4715
15413 0 14857
15413 0 557
15413 0 45
15413 0 5229
15413 0 9839
15413 0 1396
15413 0 346
15413 0 5119
15414 0 1142
15415 0 801
15415 0 290
15415 0 13221
15415 0 14858
15415 0 12881
15415 0 3477
15415 0 13815
15415 0 13817
15415 0 125
15416 0 5451
15416 0 1622
15417 0 10976
15417 0 1570
15417 0 867
15417 0 6530
15417 0 805
15417 0 3367
15417 0 7565
15417 0 529
15417 0 22
15417 0 1211
15417 0 7101
15418 0 5
15419 0 10
15420 0 10
15421 0 18
15421 0 117
15421 0 582
15423 0 2956
15423 0 3373
15424 0 114
15425 0 1101
15427 0 10947
15428 0 5
15429 0 4779
15430 0 7572
15431 0 4245
15432 0 196
15435 0 519
15435 0 11273
15435 0 12756
15435 0 599
15435 0 445
15436 0 8
15437 0 8753
15438 0 134
15439 0 9185
15439 0 1698
15439 0 772
15439 0 5
15439 0 774
15439 0 2244
15439 0 1864
15439 0 10
15439 0 1866
15439 0 3051
15439 0 5322
15439 0 115
15439 0 7059
15439 0 8149
15439 0 1398
15439 0 763
15439 0 1950
15440 0 6014
15441 0 5
15442 0 5
15443 0 7230
15444 0 1931
15445 0 33
15446 0 1024
15446 0 3841
15446 0 5
15446 0 390
15446 0 10377
15446 0 2573
15446 0 14861
15446 0 6159
15446 0 14862
15446 0 8849
15446 0 14863
15446 0 3987
15446 0 7705
15446 0 10139
15446 0 5535
15446 0 1314
15446 0 1315
15446 0 5410
15446 0 1323
15446 0 7339
15446 0 1327
15446 0 1328
15446 0 4911
15446 0 5167
15446 0 1331
15446 0 1589
15446 0 1845
15446 0 4664
15446 0 4925
15446 0 4030
15446 0 5311
15446 0 4675
15446 0 454
15446 0 9800
15446 0 4937
15446 0 8914
15446 0 10450
15446 0 853
15446 0 470
15446 0 3163
15446 0 1378
15446 0 4706
15446 0 6250
15446 0 4718
15446 0 14833
15446 0 8182
15446 0 5883
15446 0 12157
15447 0 5736
15447 0 2476
15447 0 957
15447 0 2711
15448 0 1034
15449 0 2441
15449 0 4299
15449 0 4300
15450 0 289
15451 0 1468
15451 0 4926
15452 0 5
15453 0 736
15453 0 4037
15453 0 14864
15453 0 5267
15453 0 3830
15454 0 2510
15455 0 269
15456 0 514
15458 0 6082
15458 0 1973
15458 0 7
15459 0 466
15459 0 266
15459 0 1516
15459 0 5813
15461 0 400
15461 0 9931
15462 0 5
15463 0 2495
15464 0 897
15464 0 2545
15465 0 651
15467 0 275
15468 0 1488
15469 0 4864
15469 0 7025
15469 0 2389
15469 0 9447
15470 0 2728
15471 0 11732
15471 0 5
15472 0 2042
15472 0 998
15473 0 14866
15474 0 12768
15474 0 11757
15474 0 5373
15474 0 12765
15474 0 12767
15475 0 7075
15475 0 5
15475 0 3274
15475 0 779
15475 0 3275
15475 0 5434
15475 0 12782
15475 0 2416
15475 0 12784
15475 0 11699
15475 0 12787
15475 0 12788
15475 0 12791
15475 0 536
15475 0 1689
15475 0 5114
15475 0 11515
15475 0 1340
15476 0 3068
15477 0 2418
15478 0 90
15479 0 641
15481 0 5
15482 0 12797
15483 0 10
15483 0 1035
15483 0 2605
15483 0 5460
15483 0 4983
15484 0 8179
15485 0 672
15485 0 673
15485 0 678
15485 0 8
15485 0 3786
15485 0 12
15485 0 12979
15485 0 380
15485 0 349
15485 0 7391
15486 0 5058
15486 0 6217
15486 0 238
15486 0 2640
15486 0 1909
15486 0 24
15486 0 3516
15486 0 349
15488 0 12515
15489 0 2697
15489 0 524
15490 0 13981
15490 0 2182
15491 0 95
15492 0 128
15492 0 18
15493 0 11846
15493 0 1110
15494 0 103
15495 0 3696
15495 0 3146
15495 0 5687
15496 0 12803
15497 0 81
15498 0 288
15498 0 3505
15498 0 699
15498 0 2712
15499 0 196
15500 0 1271
15501 0 702
15502 0 256
15502 0 3136
15502 0 199
15502 0 1805
15502 0 2223
15502 0 3344
15502 0 6063
15502 0 5951
15503 0 8930
15505 0 329
15505 0 81
15505 0 7646
15506 0 3561
15506 0 1451
15508 0 2925
15509 0 5954
15509 0 36
15509 0 525
15509 0 14511
15509 0 689
15509 0 6099
15509 0 180
15509 0 1142
15510 0 1374
15511 0 12805
15512 0 14873
15512 0 14874
15513 0 672
15514 0 5
15515 0 3064
15516 0 12808
15516 0 9188
15516 0 269
15518 0 14875
15518 0 14876
15520 0 4201
15521 0 12234
15521 0 4306
15521 0 6483
15521 0 2835
15521 0 2070
15522 0 8294
15523 0 3172
15523 0 852
15524 0 2058
15525 0 4576
15525 0 5
15526 0 677
15527 0 2038
15528 0 12817
15529 0 641
15529 0 5
15529 0 843
15529 0 9164
15529 0 8405
15529 0 10872
15529 0 2556
15529 0 1311
15530 0 316
15531 0 14554
15531 0 935
15533 0 901
15533 0 454
15534 0 5
15535 0 14877
15535 0 9733
15535 0 45
15535 0 10230
15536 0 1383
15538 0 81
15538 0 4724
15538 0 5636
15538 0 2462
15540 0 1090
15542 0 75
15543 0 1556
15544 0 10946
15545 0 5
15546 0 5
15547 0 679
15548 0 11879
15549 0 451
15550 0 12
15552 0 351
15553 0 14879
15554 0 935
15555 0 14880
15555 0 10
15555 0 4174
15555 0 2100
15555 0 1493
15556 0 8320
15556 0 226
15556 0 12832
15557 0 5
15558 0 4737
15558 0 519
15558 0 140
15558 0 269
15558 0 141
15558 0 658
15558 0 1815
15558 0 2711
15558 0 411
15558 0 4385
15558 0 3618
15558 0 4516
15558 0 10150
15558 0 12840
15558 0 12842
15558 0 12843
15558 0 6455
15558 0 445
15558 0 1342
15558 0 8895
15558 0 2625
15558 0 707
15558 0 196
15558 0 581
15558 0 1349
15558 0 203
15558 0 1109
15558 0 6361
15558 0 5727
15558 0 355
15558 0 4458
15558 0 504
15558 0 890
15558 0 763
15558 0 3070
15559 0 1230
15560 0 2762
15561 0 4529
15564 0 288
15564 0 14881
15564 0 12459
15564 0 625
15564 0 3771
15564 0 1566
15565 0 523
15566 0 266
15567 0 592
15568 0 641
15568 0 2691
15568 0 12420
15568 0 11912
15568 0 4745
15568 0 2448
15568 0 4113
15568 0 4114
15568 0 23
15568 0 5656
15568 0 6169
15568 0 4122
15568 0 3491
15568 0 1191
15568 0 12845
15568 0 12846
15568 0 12847
15568 0 12851
15568 0 12853
15568 0 951
15568 0 8504
15568 0 6969
15568 0 2627
15568 0 5829
15568 0 8148
15568 0 7895
15568 0 987
15568 0 7396
15568 0 3174
15568 0 12655
15568 0 4984
15568 0 889
15568 0 507
15568 0 763
15570 0 533
15570 0 3590
15571 0 1966
15572 0 90
15573 0 3824
15574 0 3323
15574 0 4046
15575 0 643
15576 0 9161
15576 0 1867
15576 0 846
15576 0 12856
15576 0 4250
15576 0 8347
15577 0 2672
15578 0 3556
15579 0 1477
15582 0 4065
15582 0 4063
15583 0 489
15584 0 1282
15584 0 772
15584 0 5
15584 0 774
15584 0 901
15584 0 1546
15584 0 6027
15584 0 4508
15584 0 1335
15584 0 12859
15584 0 12864
15584 0 963
15584 0 10438
15584 0 330
15584 0 717
15584 0 1485
15584 0 5197
15584 0 6733
15584 0 2009
15584 0 4319
15584 0 1375
15584 0 486
15584 0 1391
15584 0 2290
15584 0 376
15584 0 2170
15585 0 1110
15586 0 12865
15586 0 5
15587 0 11769
15588 0 1732
15589 0 3200
15589 0 1665
15589 0 1666
15589 0 899
15589 0 900
15589 0 3840
15589 0 3590
15589 0 3208
15589 0 1801
15589 0 523
15589 0 268
15589 0 525
15589 0 653
15589 0 9359
15589 0 1553
15589 0 149
15589 0 12565
15589 0 1051
15589 0 12061
15589 0 3614
15589 0 12064
15589 0 1187
15589 0 14884
15589 0 8998
15589 0 5036
15589 0 173
15589 0 14124
15589 0 175
15589 0 176
15589 0 2224
15589 0 4528
15589 0 4657
15589 0 3252
15589 0 4532
15589 0 4784
15589 0 2487
15589 0 2616
15589 0 1082
15589 0 13626
15589 0 3264
15589 0 579
15589 0 2373
15589 0 198
15589 0 7369
15589 0 3406
15589 0 10834
15589 0 12883
15589 0 2262
15589 0 12375
15589 0 2395
15589 0 4827
15589 0 737
15589 0 3171
15589 0 3836
15589 0 4335
15589 0 112
15589 0 4212
15589 0 1781
15589 0 3573
15589 0 3832
15589 0 634
15589 0 2812
15589 0 5374
15589 0 4735
15590 0 12977
15591 0 3064
15593 0 8
15594 0 2565
15594 0 4101
15594 0 14885
15594 0 7213
15594 0 5423
15594 0 533
15594 0 1435
15595 0 14886
15596 0 1142
15596 0 127
15597 0 4576
15597 0 643
15597 0 103
15597 0 5415
15597 0 14887
15597 0 1581
15597 0 3246
15597 0 3247
15597 0 3248
15597 0 3631
15597 0 1043
15597 0 1398
15597 0 10102
15597 0 7544
15597 0 3385
15597 0 1466
15597 0 125
15597 0 4638
15599 0 13058
15599 0 5
15599 0 3079
15599 0 2697
15599 0 12
15599 0 1804
15599 0 1560
15599 0 1432
15599 0 5147
15599 0 12835
15599 0 13350
15599 0 9900
15599 0 2223
15599 0 9267
15599 0 5556
15599 0 3125
15599 0 5047
15599 0 3257
15599 0 954
15599 0 1468
15599 0 3261
15599 0 329
15599 0 7545
15599 0 1356
15599 0 7886
15599 0 14288
15599 0 3833
15599 0 7519
15599 0 1888
15599 0 359
15599 0 1518
15599 0 3572
15599 0 5876
15599 0 505
15599 0 506
15599 0 764
15601 0 814
15601 0 3191
15602 0 8898
15603 0 14832
15603 0 4075
15604 0 5523
15605 0 12868
15605 0 6677
15605 0 6431
15606 0 14691
15607 0 1033
15607 0 12874
15608 0 5
15608 0 12870
15609 0 3835
15610 0 1344
15611 0 4027
15613 0 1259
15613 0 1260
15613 0 3317
15614 0 11500
15615 0 159
15616 0 3813
15617 0 5
15618 0 6184
15619 0 8
15619 0 7181
15619 0 1680
15619 0 1044
15619 0 1046
15619 0 3357
15619 0 14889
15619 0 14890
15619 0 14127
15619 0 4403
15619 0 1847
15619 0 5305
15619 0 1477
15619 0 9031
15619 0 1486
15619 0 2280
15619 0 13160
15619 0 888
15619 0 763
15620 0 10836
15620 0 3727
15621 0 3172
15623 0 5
15624 0 59
15625 0 1027
15625 0 355
15625 0 548
15625 0 582
15625 0 745
15625 0 10579
15625 0 4857
15627 0 12881
15628 0 12871
15629 0 5218
15629 0 8003
15629 0 12612
15629 0 14893
15629 0 1458
15630 0 2912
15631 0 5
15632 0 4468
15632 0 14894
15632 0 14895
15634 0 12883
15635 0 6393
15635 0 12885
15636 0 429
15637 0 1869
15638 0 5
15639 0 346
15639 0 451
15639 0 1876
15640 0 14896
15640 0 6669
15642 0 90
15643 0 7266
15644 0 6907
15645 0 491
15646 0 5
15646 0 935
15647 0 5
15647 0 3601
15647 0 4497
15647 0 12819
15647 0 12818
15647 0 12820
15648 0 5
15649 0 5
15649 0 6
15649 0 265
15649 0 273
15649 0 2227
15649 0 7123
15649 0 120
15649 0 601
15650 0 5506
15650 0 2162
15650 0 2898
15650 0 405
15650 0 6011
15650 0 2238
15651 0 5
15652 0 5
15654 0 901
15655 0 349
15656 0 15
15657 0 1028
15657 0 5
15657 0 523
15657 0 2064
15657 0 1553
15657 0 18
15657 0 5147
15657 0 1565
15657 0 3614
15657 0 1567
15657 0 32
15657 0 4127
15657 0 2092
15657 0 2094
15657 0 4657
15657 0 14897
15657 0 14898
15657 0 14900
15657 0 65
15657 0 579
15657 0 1644
15657 0 1652
15657 0 13428
15657 0 7799
15657 0 7807
15657 0 7809
15657 0 645
15657 0 3209
15657 0 3214
15657 0 3224
15657 0 666
15657 0 9894
15657 0 177
15657 0 178
15657 0 692
15657 0 2239
15657 0 3263
15657 0 12490
15657 0 1229
15657 0 1232
15657 0 1235
15657 0 6366
15657 0 1255
15657 0 3304
15657 0 3819
15657 0 1775
15657 0 4335
15657 0 3829
15657 0 1270
15657 0 2807
15657 0 3836
15657 0 2812
15657 0 5373
15657 0 1282
15657 0 8456
15657 0 266
15657 0 267
15657 0 268
15657 0 1805
15657 0 1809
15657 0 5917
15657 0 5412
15657 0 12594
15657 0 14644
15657 0 844
15657 0 5453
15657 0 2900
15657 0 2906
15657 0 2395
15657 0 7541
15657 0 10613
15657 0 888
15657 0 6523
15657 0 405
15657 0 2462
15657 0 2463
15657 0 940
15657 0 3506
15657 0 6066
15657 0 8115
15657 0 2485
15657 0 3003
15657 0 961
15657 0 967
15657 0 969
15657 0 971
15657 0 1483
15657 0 2510
15657 0 2513
15657 0 5074
15657 0 5075
15657 0 6104
15657 0 3563
15657 0 7660
15657 0 1012
15657 0 1528
15657 0 9209
15657 0 510
15658 0 5018
15659 0 539
15661 0 12895
15661 0 3183
15662 0 5568
15663 0 62
15664 0 5
15664 0 4110
15665 0 5
15666 0 2824
15666 0 1130
15666 0 8003
15667 0 3788
15669 0 1032
15669 0 9247
15670 0 81
15670 0 10527
15671 0 349
15671 0 4711
15672 0 1024
15673 0 549
15673 0 5
15673 0 12901
15673 0 12903
15673 0 9162
15673 0 9133
15673 0 3054
15673 0 11502
15673 0 9136
15673 0 58
15674 0 1282
15674 0 3075
15674 0 9219
15674 0 4999
15674 0 14859
15674 0 1165
15674 0 7055
15674 0 6290
15674 0 14913
15674 0 2333
15674 0 4638
15674 0 6046
15674 0 2336
15674 0 14915
15674 0 806
15674 0 6055
15674 0 2728
15674 0 1449
15674 0 6310
15674 0 6567
15674 0 14916
15674 0 3505
15674 0 14918
15674 0 2356
15674 0 11445
15674 0 14901
15674 0 6071
15674 0 9783
15674 0 14902
15674 0 1722
15674 0 3259
15674 0 4796
15674 0 6844
15674 0 4798
15674 0 14903
15674 0 14904
15674 0 2753
15674 0 450
15674 0 14906
15674 0 14907
15674 0 14908
15674 0 14909
15674 0 14910
15674 0 14911
15674 0 329
15674 0 73
15674 0 1867
15674 0 1740
15674 0 3404
15674 0 4045
15674 0 4046
15674 0 4943
15674 0 6601
15674 0 14026
15674 0 4820
15674 0 1756
15674 0 988
15674 0 862
15674 0 480
15674 0 7393
15674 0 5858
15674 0 359
15674 0 5993
15674 0 11882
15674 0 8940
15674 0 10733
15674 0 14905
15674 0 10738
15674 0 3059
15674 0 2813
15674 0 254
15675 0 2512
15676 0 2147
15677 0 1847
15677 0 631
15678 0 14400
15678 0 3605
15678 0 3139
15678 0 3141
15679 0 12905
15679 0 14919
15679 0 2423
15680 0 13340
15680 0 3831
15681 0 3000
15681 0 346
15681 0 1891
15681 0 2418
15682 0 90
15684 0 1204
15684 0 413
15686 0 12906
15686 0 12907
15688 0 6595
15688 0 103
15688 0 4714
15688 0 651
15688 0 3085
15688 0 1840
15688 0 4724
15688 0 3417
15689 0 81
15690 0 130
15690 0 10120
15690 0 4301
15690 0 813
15690 0 13455
15690 0 217
15691 0 251
15691 0 676
15691 0 677
15693 0 1473
15693 0 5
15694 0 3804
15695 0 5
15696 0 2594
15697 0 5744
15698 0 9950
15699 0 14921
15700 0 237
15700 0 1613
15700 0 2297
15700 0 349
15700 0 1374
15701 0 5
15701 0 742
15701 0 4201
15701 0 11369
15701 0 1556
15701 0 1301
15701 0 13401
15702 0 645
15702 0 1415
15702 0 6217
15702 0 2257
15702 0 18
15702 0 510
15704 0 7273
15704 0 5
15704 0 11782
15704 0 11783
15706 0 888
15706 0 1336
15706 0 12931
15706 0 9110
15707 0 14924
15708 0 1545
15709 0 5760
15710 0 8
15713 0 5
15713 0 2718
15715 0 1923
15715 0 4122
15715 0 1323
15715 0 4117
15715 0 1146
15715 0 1916
15716 0 12946
15717 0 259
15717 0 14925
15717 0 3693
15717 0 2673
15717 0 10484
15718 0 5
15718 0 5126
15718 0 14926
15718 0 81
15718 0 12178
15718 0 1847
15718 0 121
15718 0 894
15719 0 216
15719 0 4162
15719 0 1371
15719 0 14005
15720 0 10505
15721 0 253
15722 0 642
15722 0 388
15722 0 3990
15722 0 14927
15723 0 4600
15723 0 7056
15723 0 2899
15723 0 5221
15724 0 618
15725 0 826
15725 0 5868
15726 0 7476
15728 0 12952
15728 0 5
15729 0 2626
15731 0 5853
15732 0 727
15735 0 356
15735 0 103
15735 0 8
15735 0 396
15735 0 2389
15735 0 1142
15735 0 414
15735 0 767
15736 0 5242
15736 0 259
15736 0 13695
15737 0 3523
15738 0 160
15738 0 5
15738 0 436
15738 0 7516
15738 0 3068
15738 0 4094
15739 0 160
15740 0 10802
15740 0 127
15740 0 103
15741 0 9893
15742 0 14929
15743 0 561
15744 0 9244
15745 0 3590
15746 0 5
15746 0 519
15746 0 405
15746 0 12055
15746 0 793
15746 0 3099
15746 0 1947
15746 0 12961
15746 0 12964
15746 0 12966
15746 0 12968
15746 0 1709
15746 0 4525
15746 0 4274
15746 0 4794
15746 0 1729
15746 0 329
15746 0 9417
15746 0 9684
15746 0 9045
15746 0 11478
15746 0 6872
15746 0 8671
15746 0 240
15746 0 496
15746 0 4216
15746 0 8697
15747 0 6618
15747 0 12972
15747 0 11431
15748 0 3257
15749 0 462
15750 0 2850
15751 0 8
15751 0 745
15751 0 10
15751 0 9161
15751 0 9360
15751 0 8178
15751 0 275
15751 0 533
15751 0 1077
15751 0 6456
15751 0 763
15751 0 95
15752 0 940
15752 0 12901
15752 0 4150
15753 0 2418
15754 0 2114
15755 0 11070
15756 0 5
15759 0 6337
15760 0 12393
15761 0 385
15762 0 582
15763 0 1282
15763 0 3579
15764 0 5
15765 0 8
15766 0 2019
15766 0 4036
15766 0 523
15766 0 4142
15766 0 11922
15766 0 1558
15766 0 3224
15766 0 954
15766 0 3614
15766 0 4127
15767 0 288
15768 0 3345
15769 0 5556
15770 0 9632
15770 0 8869
15770 0 358
15771 0 1493
15772 0 1644
15772 0 1838
15772 0 175
15772 0 2223
15772 0 10094
15772 0 1780
15772 0 1560
15772 0 8252
15772 0 10590
15773 0 4037
15773 0 2375
15773 0 6345
15773 0 106
15773 0 651
15773 0 204
15773 0 1196
15773 0 6158
15773 0 2321
15773 0 2077
15773 0 275
15773 0 14932
15773 0 4857
15773 0 14933
15773 0 2297
15773 0 1466
15773 0 1179
15773 0 61
15774 0 8
15774 0 6313
15774 0 5
15775 0 2904
15775 0 846
15775 0 167
15777 0 385
15777 0 290
15777 0 5348
15777 0 1479
15777 0 125
15777 0 726
15777 0 637
15777 0 1054
15777 0 639
15778 0 1458
15779 0 13701
15779 0 6214
15780 0 10829
15781 0 14934
15782 0 385
15783 0 1080
15784 0 1866
15784 0 3831
15785 0 2910
15786 0 9336
15787 0 4884
15789 0 2751
15789 0 5145
15789 0 95
15790 0 12989
15791 0 12056
15791 0 1662
15793 0 5714
15794 0 430
15796 0 3646
15797 0 3169
15799 0 894
15799 0 4622
15800 0 5
15801 0 12991
15802 0 5
15803 0 445
15803 0 519
15805 0 1451
15806 0 1477
15807 0 2064
15808 0 12993
15809 0 9866
15809 0 2585
15809 0 6049
15809 0 10669
15809 0 4148
15809 0 12994
15809 0 12995
15809 0 12997
15809 0 12998
15809 0 13001
15809 0 3661
15809 0 13006
15809 0 13008
15809 0 81
15809 0 13009
15809 0 13011
15809 0 13012
15809 0 2261
15809 0 11358
15809 0 6881
15809 0 6498
15809 0 1899
15810 0 7663
15810 0 5244
15810 0 3271
15811 0 10521
15814 0 14936
15814 0 2539
15815 0 4568
15816 0 90
15817 0 6185
15817 0 1876
15817 0 5636
15818 0 532
15819 0 2029
15820 0 240
15820 0 3970
15820 0 1979
15820 0 958
15821 0 4328
15822 0 8
15823 0 2643
15823 0 4205
15823 0 5795
15824 0 4250
15825 0 5055
15825 0 1931
15825 0 6373
15825 0 2807
15826 0 2764
15828 0 1024
15828 0 10
15828 0 81
15828 0 1075
15828 0 2719
15829 0 6623
15830 0 13025
15830 0 13026
15830 0 5
15830 0 1382
15830 0 13029
15830 0 10326
15830 0 2045
15832 0 269
15834 0 5568
15834 0 897
15834 0 708
15834 0 5
15834 0 8709
15834 0 10853
15834 0 3805
15834 0 8747
15834 0 1198
15834 0 14939
15834 0 566
15834 0 1622
15834 0 14938
15834 0 5883
15834 0 1277
15835 0 6323
15836 0 2085
15837 0 8288
15837 0 740
15837 0 2372
15837 0 6
15837 0 7
15837 0 8904
15837 0 11398
15837 0 4459
15837 0 3437
15837 0 1110
15837 0 1814
15837 0 14940
15839 0 1451
15840 0 6646
15843 0 5
15844 0 2871
15846 0 3748
15846 0 7815
15848 0 10682
15848 0 626
15848 0 940
15848 0 164
15849 0 595
15850 0 4576
15850 0 103
15851 0 1987
15852 0 2449
15852 0 11463
15853 0 5
15854 0 2821
15854 0 1868
15854 0 3052
15854 0 1585
15854 0 12850
15854 0 22
15854 0 12855
15854 0 12857
15855 0 290
15855 0 802
15855 0 8642
15855 0 5079
15855 0 3034
15855 0 7836
15856 0 4301
15856 0 1613
15856 0 1876
15856 0 2009
15856 0 3451
15857 0 1460
15858 0 12861
15859 0 2109
15860 0 745
15860 0 5
15861 0 11583
15862 0 5628
15862 0 302
15863 0 6182
15864 0 568
15864 0 10769
15864 0 763
15864 0 2815
15866 0 8208
15866 0 18
15866 0 2586
15866 0 76
15866 0 5724
15866 0 95
15866 0 3169
15866 0 6766
15866 0 2162
15866 0 1659
15866 0 645
15866 0 139
15866 0 140
15866 0 5272
15866 0 1182
15866 0 167
15866 0 690
15866 0 6834
15866 0 2238
15866 0 4290
15866 0 1732
15866 0 717
15866 0 213
15866 0 4837
15866 0 4327
15866 0 10991
15866 0 240
15866 0 1271
15866 0 262
15866 0 9503
15866 0 2342
15866 0 8486
15866 0 822
15866 0 322
15866 0 845
15866 0 846
15866 0 5453
15866 0 8527
15866 0 338
15866 0 2898
15866 0 8530
15866 0 2904
15866 0 11608
15866 0 2906
15866 0 2908
15866 0 11617
15866 0 11630
15866 0 8566
15866 0 1403
15866 0 382
15866 0 13700
15866 0 11657
15866 0 405
15866 0 6038
15866 0 6039
15866 0 7065
15866 0 11673
15866 0 11675
15866 0 11678
15866 0 11683
15866 0 11684
15866 0 3493
15866 0 11687
15866 0 3497
15866 0 4023
15866 0 440
15866 0 1984
15866 0 2497
15866 0 3527
15866 0 969
15866 0 2507
15866 0 5090
15866 0 10724
15866 0 3046
15866 0 9193
15866 0 4075
15866 0 4076
15866 0 4095
15867 0 2685
15868 0 5
15869 0 11465
15870 0 2612
15872 0 4213
15872 0 2910
15873 0 659
15874 0 337
15874 0 3251
15874 0 1460
15874 0 8247
15875 0 11058
15876 0 12872
15877 0 1537
15877 0 519
15877 0 4617
15877 0 4106
15877 0 523
15877 0 11789
15877 0 8719
15877 0 11791
15877 0 11795
15877 0 11800
15877 0 11804
15877 0 11805
15877 0 543
15877 0 8224
15877 0 11815
15877 0 11816
15877 0 11817
15877 0 2092
15877 0 11821
15877 0 559
15877 0 11840
15877 0 11845
15877 0 11847
15877 0 2635
15877 0 1612
15877 0 6222
15877 0 5219
15877 0 5731
15877 0 6250
15877 0 4723
15877 0 11384
15877 0 126
15877 0 1151
15877 0 1167
15877 0 149
15877 0 3748
15877 0 6833
15877 0 3263
15877 0 200
15877 0 2761
15877 0 6358
15877 0 727
15877 0 1755
15877 0 1252
15877 0 4840
15877 0 234
15877 0 4844
15877 0 2801
15877 0 8951
15877 0 763
15877 0 4356
15877 0 4359
15877 0 4871
15877 0 265
15877 0 269
15877 0 303
15877 0 10554
15877 0 2389
15877 0 854
15877 0 6493
15877 0 5990
15877 0 375
15877 0 4984
15877 0 1913
15877 0 7037
15877 0 10128
15877 0 9623
15877 0 409
15877 0 1449
15877 0 9649
15877 0 951
15877 0 7607
15877 0 8131
15877 0 10191
15877 0 11729
15877 0 11731
15877 0 9697
15877 0 4067
15877 0 11751
15877 0 11754
15877 0 11759
15877 0 11763
15877 0 1524
15877 0 5620
15877 0 11765
15877 0 1527
15877 0 11769
15877 0 11258
15877 0 2045
15878 0 4085
15878 0 5
15878 0 806
15879 0 299
15880 0 196
15881 0 50
15881 0 5162
15881 0 1389
15881 0 103
15884 0 6128
15884 0 11445
15884 0 10950
15885 0 6324
15886 0 2590
15887 0 3098
15887 0 356
15887 0 4516
15887 0 6
15887 0 10
15887 0 1005
15887 0 1102
15887 0 1645
15887 0 12882
15887 0 4723
15887 0 121
15887 0 90
15887 0 1051
15888 0 6850
15889 0 12904
15889 0 12902
15890 0 5
15891 0 5
15892 0 4077
15892 0 1578
15892 0 3373
15892 0 5727
15894 0 2405
15895 0 8128
15895 0 290
15895 0 644
15895 0 1349
15895 0 75
15895 0 431
15895 0 464
15895 0 17
15895 0 1359
15895 0 6419
15895 0 1622
15895 0 5719
15895 0 95
15896 0 10
15897 0 5
15898 0 4274
15899 0 12914
15900 0 568
15902 0 128
15902 0 5405
15902 0 599
15903 0 1466
15904 0 4302
15905 0 6045
15906 0 2297
15906 0 2375
15907 0 612
15907 0 12918
15907 0 183
15908 0 356
15908 0 455
15908 0 2632
15908 0 106
15908 0 203
15908 0 204
15908 0 140
15908 0 141
15908 0 490
15908 0 1196
15908 0 631
15908 0 3930
15909 0 11585
15909 0 6595
15909 0 4036
15909 0 2053
15909 0 36
15909 0 5
15909 0 11501
15909 0 6996
15909 0 506
15910 0 121
15910 0 43
15910 0 12
15910 0 4124
15911 0 11886
15914 0 12933
15915 0 1676
15916 0 1553
15917 0 2467
15917 0 3910
15917 0 12935
15917 0 2728
15917 0 10
15917 0 12938
15917 0 236
15917 0 2029
15917 0 1774
15917 0 719
15917 0 5804
15917 0 6737
15917 0 8205
15917 0 9743
15917 0 12945
15917 0 12313
15917 0 1628
15917 0 1791
15919 0 5
15920 0 4866
15920 0 5
15920 0 645
15920 0 10759
15920 0 12807
15920 0 651
15920 0 12
15920 0 9359
15920 0 12951
15920 0 12957
15920 0 12959
15920 0 12963
15920 0 940
15920 0 4782
15920 0 2223
15920 0 4915
15920 0 7989
15920 0 1336
15920 0 3257
15920 0 1084
15920 0 3261
15920 0 3265
15920 0 2375
15920 0 72
15920 0 77
15920 0 1108
15920 0 346
15920 0 220
15920 0 3168
15920 0 9440
15920 0 3682
15920 0 3940
15920 0 8040
15920 0 1653
15920 0 4984
15920 0 2297
15921 0 772
15921 0 5766
15921 0 523
15921 0 139
15921 0 3342
15921 0 3216
15921 0 1553
15921 0 3345
15921 0 3483
15921 0 5029
15921 0 12975
15921 0 12976
15921 0 8753
15921 0 3506
15921 0 11187
15921 0 12977
15921 0 2485
15921 0 12982
15921 0 2487
15921 0 3256
15921 0 12984
15921 0 12986
15921 0 1729
15922 0 10048
15922 0 121
15922 0 5
15922 0 1071
15923 0 5
15924 0 4328
15925 0 533
15926 0 2697
15927 0 6222
15928 0 5
15928 0 9893
15929 0 13004
15929 0 1518
15930 0 356
15930 0 5439
15931 0 3931
15931 0 11901
15931 0 103
15932 0 9516
15933 0 2417
15934 0 2552
15935 0 2065
15935 0 6041
15935 0 5620
15935 0 5889
15936 0 889
15937 0 1852
15938 0 582
15938 0 8
15938 0 3567
15938 0 5393
15938 0 7667
15938 0 24
15938 0 1084
15938 0 349
15941 0 3288
15942 0 355
15943 0 32
15943 0 3172
15943 0 5
15943 0 679
15943 0 1646
15943 0 310
15943 0 1271
15944 0 4025
15944 0 445
15945 0 11911
15946 0 2565
15949 0 13037
15949 0 1645
15949 0 1646
15949 0 8405
15949 0 2357
15950 0 13039
15952 0 1302
15953 0 8
15953 0 356
15954 0 13040
15954 0 396
15954 0 5405
15955 0 5
15956 0 1375
15957 0 8
15957 0 11915
15958 0 1841
15959 0 8
15959 0 395
15959 0 349
15960 0 1809
15960 0 506
15960 0 269
15960 0 437
15962 0 4825
15963 0 11917
15964 0 451
15965 0 3528
15966 0 529
15967 0 2015
15968 0 643
15969 0 5
15969 0 11493
15969 0 4231
15969 0 4232
15969 0 10410
15969 0 7467
15969 0 11921
15969 0 692
15969 0 11924
15969 0 11930
15969 0 11928
15969 0 2682
15969 0 11932
15970 0 4293
15971 0 3204
15971 0 6
15971 0 3590
15971 0 7942
15971 0 7307
15971 0 525
15971 0 1423
15971 0 1179
15971 0 5147
15971 0 163
15971 0 5039
15971 0 178
15971 0 180
15971 0 2229
15971 0 5051
15971 0 961
15971 0 3575
15971 0 2372
15971 0 969
15971 0 2761
15971 0 973
15971 0 1229
15971 0 4049
15971 0 1235
15971 0 1752
15971 0 4320
15971 0 359
15971 0 106
15971 0 234
15971 0 3691
15971 0 12014
15971 0 1652
15971 0 1270
15971 0 1271
15971 0 3832
15971 0 253
15971 0 13054
15972 0 5
15973 0 2120
15973 0 6725
15973 0 1132
15973 0 4600
15974 0 1024
15975 0 1374
15976 0 1966
15977 0 514
15977 0 5
15978 0 6132
15979 0 13070
15980 0 291
15981 0 13072
15982 0 5
15983 0 2062
15984 0 125
15985 0 1336
15986 0 651
15987 0 13080
15987 0 1177
15987 0 1196
15987 0 13079
15988 0 2240
15988 0 225
15988 0 11472
15988 0 9397
15988 0 538
15989 0 3974
15989 0 7820
15989 0 274
15989 0 2073
15989 0 413
15989 0 5279
15989 0 1847
15989 0 1335
15989 0 3003
15989 0 578
15989 0 2891
15989 0 10069
15989 0 351
15989 0 1379
15989 0 3172
15989 0 103
15989 0 1646
15989 0 1271
15989 0 2680
15989 0 2427
15990 0 3071
15991 0 1349
15992 0 592
15993 0 3145
15994 0 9740
15995 0 349
15995 0 7646
15996 0 5760
15996 0 3811
15996 0 11819
15996 0 1420
15996 0 1135
15996 0 9007
15996 0 433
15996 0 978
15996 0 10037
15996 0 601
15996 0 2556
15999 0 10790
16000 0 8
16001 0 3305
16002 0 3974
16003 0 484
16004 0 1344
16004 0 5945
16005 0 1779
16006 0 7089
16007 0 632
16007 0 2697
16009 0 1027
16009 0 7545
16009 0 3433
16009 0 784
16009 0 2297
16010 0 32
16011 0 8
16012 0 18
16013 0 4906
16013 0 708
16013 0 13103
16014 0 2899
16016 0 5
16017 0 771
16018 0 13109
16021 0 10144
16021 0 7239
16021 0 11950
16021 0 6418
16021 0 1621
16022 0 4811
16022 0 62
16023 0 7179
16023 0 9094
16024 0 5
16025 0 10724
16026 0 730
16027 0 5088
16027 0 7883
16027 0 11954
16027 0 1396
16027 0 11962
16027 0 11963
16027 0 671
16028 0 743
16029 0 248
16029 0 13004
16030 0 11966
16031 0 4627
16032 0 1392
16033 0 894
16034 0 1711
16035 0 9099
16036 0 275
16037 0 11969
16038 0 9440
16040 0 802
16040 0 35
16040 0 110
16040 0 519
16041 0 299
16042 0 819
16043 0 1472
16043 0 13124
16043 0 490
16043 0 593
16043 0 1209
16043 0 7065
16044 0 8217
16044 0 275
16044 0 2022
16045 0 10
16046 0 7384
16046 0 13134
16046 0 62
16046 0 3263
16047 0 8709
16048 0 599
16049 0 1323
16050 0 3289
16050 0 5241
16051 0 5
16052 0 4385
16052 0 8642
16052 0 5621
16052 0 5079
16053 0 18
16053 0 717
16054 0 3125
16054 0 4582
16055 0 431
16056 0 5
16057 0 2566
16057 0 9231
16057 0 9232
16057 0 22
16057 0 7705
16057 0 1564
16057 0 10798
16057 0 6703
16057 0 581
16057 0 1100
16057 0 1116
16057 0 3168
16057 0 1634
16057 0 1131
16057 0 6252
16057 0 3699
16057 0 10880
16057 0 129
16057 0 5771
16057 0 1167
16057 0 1168
16057 0 8870
16057 0 3756
16057 0 9900
16057 0 9392
16057 0 178
16057 0 8895
16057 0 704
16057 0 2754
16057 0 196
16057 0 8900
16057 0 11462
16057 0 3788
16057 0 11986
16057 0 11987
16057 0 11988
16057 0 11989
16057 0 4310
16057 0 11994
16057 0 11997
16057 0 4833
16057 0 3301
16057 0 12012
16057 0 12013
16057 0 12015
16057 0 5361
16057 0 5362
16057 0 244
16057 0 12024
16057 0 1792
16057 0 12033
16057 0 258
16057 0 12036
16057 0 2324
16057 0 2325
16057 0 2333
16057 0 8480
16057 0 1325
16057 0 304
16057 0 10053
16057 0 329
16057 0 4937
16057 0 1872
16057 0 5458
16057 0 2388
16057 0 4443
16057 0 4452
16057 0 869
16057 0 4454
16057 0 4458
16057 0 3456
16057 0 416
16057 0 6087
16057 0 457
16057 0 11723
16057 0 4048
16057 0 3537
16057 0 5078
16057 0 5079
16057 0 489
16057 0 2540
16059 0 5
16060 0 1065
16062 0 4021
16063 0 5220
16063 0 1797
16064 0 12040
16065 0 5
16066 0 5
16067 0 139
16067 0 10900
16068 0 937
16069 0 5
16070 0 5129
16071 0 1027
16071 0 7671
16071 0 4293
16071 0 6324
16071 0 599
16071 0 445
16072 0 349
16073 0 944
16073 0 5042
16074 0 5
16075 0 10
16076 0 6361
16076 0 7171
16078 0 703
16079 0 13165
16080 0 843
16080 0 966
16081 0 81
16082 0 12056
16082 0 3900
16082 0 9028
16083 0 10305
16083 0 3369
16084 0 349
16087 0 806
16087 0 73
16087 0 8814
16087 0 7282
16087 0 126
16088 0 12060
16089 0 13172
16090 0 12062
16091 0 5728
16092 0 5841
16093 0 9322
16095 0 7584
16095 0 8101
16095 0 519
16095 0 972
16095 0 434
16095 0 2616
16096 0 5
16099 0 265
16100 0 5760
16100 0 10880
16100 0 962
16100 0 35
16100 0 1187
16100 0 227
16100 0 4037
16100 0 327
16100 0 9223
16100 0 5289
16100 0 2679
16100 0 12344
16100 0 4027
16101 0 1172
16103 0 5
16105 0 8797
16106 0 9958
16107 0 82
16108 0 2850
16110 0 3226
16111 0 2486
16112 0 247
16115 0 1344
16115 0 631
16116 0 2513
16117 0 265
16117 0 533
16117 0 12071
16117 0 12073
16117 0 12078
16117 0 1332
16117 0 5047
16117 0 1847
16117 0 1084
16117 0 3261
16117 0 1601
16117 0 582
16117 0 4684
16117 0 2255
16117 0 213
16117 0 2029
16117 0 505
16117 0 4720
16117 0 2297
16118 0 12079
16119 0 180
16119 0 574
16120 0 786
16121 0 5
16122 0 643
16122 0 6499
16122 0 12
16122 0 539
16122 0 5883
16123 0 7670
16124 0 580
16124 0 2375
16124 0 4857
16124 0 310
16124 0 120
16124 0 2297
16124 0 349
16124 0 5758
16124 0 2559
16125 0 73
16125 0 530
16126 0 1877
16127 0 431
16128 0 2458
16129 0 631
16130 0 13199
16131 0 12089
16131 0 2483
16132 0 5
16133 0 5
16133 0 2565
16133 0 4361
16133 0 140
16133 0 141
16133 0 1297
16133 0 12054
16133 0 13209
16133 0 6428
16133 0 13212
16133 0 8479
16133 0 4383
16133 0 13220
16133 0 951
16133 0 9663
16133 0 3272
16133 0 329
16133 0 203
16133 0 1101
16133 0 9039
16133 0 6993
16133 0 467
16133 0 6996
16135 0 3456
16135 0 4614
16135 0 1801
16135 0 10
16135 0 3470
16135 0 1167
16135 0 1168
16135 0 2324
16135 0 2325
16135 0 160
16135 0 11811
16135 0 2597
16135 0 7849
16135 0 2349
16135 0 4279
16135 0 5306
16135 0 7483
16135 0 703
16135 0 704
16135 0 2754
16135 0 12101
16135 0 12103
16135 0 712
16135 0 4937
16135 0 12104
16135 0 6736
16135 0 2388
16135 0 8022
16135 0 5335
16135 0 12121
16135 0 480
16135 0 226
16135 0 867
16135 0 2790
16135 0 4201
16135 0 1898
16135 0 2418
16135 0 5874
16135 0 8179
16136 0 356
16137 0 4392
16137 0 13224
16137 0 2892
16137 0 13229
16137 0 2896
16137 0 2707
16137 0 2548
16137 0 5493
16137 0 3606
16137 0 12437
16137 0 5885
16138 0 275
16139 0 6241
16139 0 872
16139 0 3310
16139 0 113
16139 0 11834
16139 0 12123
16139 0 12124
16139 0 12125
16140 0 12128
16140 0 12129
16140 0 8578
16140 0 260
16140 0 9125
16140 0 779
16140 0 2416
16140 0 822
16140 0 8059
16140 0 382
16141 0 53
16142 0 3062
16143 0 164
16143 0 5
16143 0 978
16143 0 5334
16143 0 9309
16144 0 12362
16145 0 5
16146 0 5307
16147 0 10850
16147 0 3875
16147 0 5
16147 0 525
16147 0 1622
16147 0 2423
16147 0 2746
16148 0 819
16149 0 4636
16150 0 2939
16151 0 12363
16152 0 2291
16153 0 184
16153 0 7349
16154 0 12368
16155 0 1142
16156 0 5
16157 0 9448
16157 0 13234
16157 0 13235
16157 0 5
16158 0 9987
16158 0 2565
16158 0 3849
16158 0 266
16158 0 4106
16158 0 1451
16158 0 13237
16158 0 13239
16158 0 1336
16158 0 13240
16158 0 1344
16158 0 5319
16158 0 5586
16158 0 11475
16158 0 601
16158 0 346
16158 0 2524
16158 0 220
16158 0 355
16158 0 4195
16158 0 2538
16158 0 12014
16158 0 1529
16158 0 7165
16159 0 12369
16161 0 13251
16162 0 730
16162 0 898
16163 0 6446
16165 0 229
16166 0 2057
16167 0 568
16168 0 1840
16168 0 13253
16169 0 10
16170 0 1383
16171 0 8911
16172 0 5
16174 0 13254
16174 0 2047
16175 0 3145
16175 0 10171
16175 0 1046
16175 0 13255
16176 0 13256
16177 0 160
16178 0 12377
16178 0 12068
16178 0 5
16178 0 8229
16178 0 1863
16178 0 6570
16178 0 3056
16178 0 81
16178 0 4183
16178 0 729
16178 0 11003
16179 0 343
16180 0 10652
16180 0 396
16180 0 12380
16182 0 6214
16182 0 971
16182 0 1488
16182 0 2907
16182 0 2908
16183 0 7303
16183 0 8075
16183 0 4174
16183 0 3088
16183 0 6907
16183 0 2814
16184 0 5701
16185 0 304
16185 0 5952
16185 0 3935
16185 0 303
16186 0 2529
16186 0 325
16186 0 7887
16186 0 7890
16186 0 1142
16186 0 5654
16186 0 3646
16188 0 901
16188 0 4234
16188 0 2443
16188 0 1430
16188 0 1562
16188 0 6175
16188 0 2848
16188 0 1847
16188 0 3902
16188 0 1349
16188 0 1605
16188 0 3400
16188 0 13259
16188 0 13261
16188 0 13262
16188 0 13263
16188 0 13266
16188 0 13267
16188 0 240
16188 0 5363
16189 0 2942
16190 0 12387
16191 0 8726
16192 0 440
16193 0 4617
16193 0 510
16194 0 652
16195 0 2293
16195 0 1398
16197 0 1024
16197 0 7168
16197 0 3060
16198 0 1207
16200 0 1347
16200 0 72
16200 0 299
16200 0 3830
16200 0 7479
16200 0 13275
16201 0 5
16202 0 3270
16203 0 2440
16204 0 9364
16206 0 1888
16208 0 13285
16209 0 5306
16210 0 5464
16211 0 12166
16213 0 5405
16213 0 1908
16213 0 1413
16215 0 2020
16215 0 4388
16215 0 8009
16215 0 139
16215 0 13291
16215 0 13292
16215 0 533
16215 0 182
16215 0 1334
16215 0 184
16215 0 4502
16215 0 7862
16215 0 62
16216 0 681
16216 0 3290
16217 0 12007
16218 0 1815
16219 0 5
16220 0 10
16220 0 5
16220 0 8990
16221 0 645
16221 0 1351
16221 0 1933
16221 0 8538
16221 0 591
16221 0 4047
16221 0 6961
16221 0 13299
16221 0 9044
16221 0 3509
16221 0 118
16221 0 3190
16221 0 4245
16221 0 601
16221 0 1498
16221 0 5049
16221 0 13300
16223 0 8
16223 0 850
16224 0 7609
16225 0 8394
16225 0 1786
16225 0 2940
16226 0 6696
16226 0 7630
16226 0 81
16226 0 10810
16226 0 10809
16226 0 5498
16228 0 6688
16228 0 774
16228 0 8976
16228 0 275
16228 0 1334
16228 0 251
16229 0 81
16230 0 81
16231 0 1845
16232 0 1177
16233 0 802
16233 0 10722
16233 0 708
16233 0 2660
16233 0 9637
16233 0 7
16233 0 10
16233 0 459
16233 0 9291
16233 0 13103
16233 0 6418
16233 0 275
16233 0 1844
16233 0 789
16233 0 184
16233 0 3355
16233 0 13309
16234 0 6543
16235 0 13311
16236 0 721
16236 0 12403
16236 0 62
16237 0 5616
16237 0 1066
16238 0 275
16240 0 9758
16241 0 576
16241 0 5181
16241 0 1374
16242 0 627
16243 0 12438
16243 0 12439
16244 0 1751
16244 0 31
16245 0 114
16246 0 9984
16246 0 299
16246 0 10125
16247 0 74
16248 0 10122
16248 0 13070
16249 0 5728
16250 0 4576
16250 0 3905
16250 0 772
16250 0 5
16250 0 6726
16250 0 4936
16250 0 10
16250 0 106
16250 0 631
16250 0 568
16250 0 12825
16251 0 13250
16252 0 13322
16253 0 3994
16254 0 95
16255 0 10768
16256 0 8
16257 0 2010
16258 0 5
16259 0 10209
16259 0 5
16260 0 1466
16261 0 8525
16262 0 2556
16263 0 81
16264 0 8558
16266 0 299
16266 0 3572
16266 0 5051
16267 0 4067
16267 0 1805
16267 0 495
16268 0 4980
16269 0 7490
16269 0 13324
16269 0 13325
16269 0 495
16269 0 5651
16269 0 3252
16269 0 3131
16269 0 3132
16269 0 12573
16269 0 5695
16270 0 11750
16271 0 9354
16271 0 7271
16272 0 9420
16273 0 4162
16274 0 7040
16274 0 513
16274 0 5
16274 0 3719
16274 0 1033
16274 0 13326
16274 0 4497
16274 0 13336
16274 0 158
16274 0 3231
16274 0 937
16274 0 298
16274 0 8243
16274 0 1460
16274 0 6070
16274 0 1465
16274 0 3261
16274 0 2625
16274 0 452
16274 0 2513
16274 0 212
16274 0 6233
16274 0 9440
16274 0 12256
16274 0 5858
16274 0 3299
16274 0 228
16274 0 13304
16275 0 62
16276 0 3584
16276 0 3585
16276 0 3586
16276 0 3587
16276 0 5
16276 0 8
16276 0 265
16276 0 4617
16276 0 6281
16276 0 4364
16276 0 7945
16276 0 6158
16276 0 4368
16276 0 1043
16276 0 5652
16276 0 5398
16276 0 8855
16276 0 1179
16276 0 6049
16276 0 8868
16276 0 13352
16276 0 8105
16276 0 13353
16276 0 13354
16276 0 1581
16276 0 1198
16276 0 3247
16276 0 3248
16276 0 3249
16276 0 5167
16276 0 3638
16276 0 1849
16276 0 3004
16276 0 1086
16276 0 204
16276 0 844
16276 0 1102
16276 0 8526
16276 0 7252
16276 0 1110
16276 0 4576
16276 0 8806
16276 0 3561
16276 0 9964
16276 0 12539
16276 0 4210
16276 0 3579
16276 0 894
16277 0 2014
16277 0 103
16278 0 12409
16279 0 8932
16279 0 11742
16279 0 711
16279 0 12410
16279 0 12414
16281 0 5
16282 0 496
16283 0 14305
16283 0 35
16283 0 11878
16283 0 1130
16283 0 269
16283 0 13358
16283 0 13359
16283 0 13361
16283 0 437
16283 0 5305
16283 0 1211
16284 0 1569
16286 0 1376
16287 0 5
16287 0 103
16288 0 4989
16289 0 7710
16290 0 1028
16290 0 5
16290 0 1287
16290 0 1290
16290 0 269
16290 0 141
16290 0 2318
16290 0 7188
16290 0 1814
16290 0 5147
16290 0 5405
16290 0 8606
16290 0 10655
16290 0 11550
16290 0 9505
16290 0 940
16290 0 5805
16290 0 949
16290 0 438
16290 0 1335
16290 0 6711
16290 0 13368
16290 0 1083
16290 0 317
16290 0 13378
16290 0 13381
16290 0 967
16290 0 11719
16290 0 3402
16290 0 13386
16290 0 13388
16290 0 13389
16290 0 13391
16290 0 13393
16290 0 1746
16290 0 342
16290 0 727
16290 0 3158
16290 0 5209
16290 0 7513
16290 0 1899
16290 0 1775
16290 0 1776
16290 0 1653
16290 0 126
16290 0 894
16291 0 6361
16291 0 2748
16291 0 476
16291 0 6623
16292 0 12419
16292 0 5990
16292 0 8263
16292 0 1640
16292 0 2440
16292 0 10540
16292 0 4916
16292 0 6682
16293 0 578
16294 0 854
16294 0 126
16295 0 2722
16296 0 6546
16296 0 5059
16296 0 14941
16297 0 10
16298 0 1240
16298 0 5
16298 0 543
16299 0 90
16299 0 1101
16302 0 5
16303 0 6863
16304 0 7168
16304 0 8064
16304 0 6466
16304 0 13401
16304 0 5
16304 0 6
16304 0 8
16304 0 1289
16304 0 2634
16304 0 2251
16304 0 4077
16304 0 4403
16304 0 949
16304 0 5782
16304 0 601
16304 0 4571
16304 0 5948
16304 0 1311
16305 0 385
16305 0 641
16305 0 5796
16305 0 2439
16305 0 8
16305 0 3370
16305 0 203
16305 0 1323
16305 0 1465
16305 0 720
16305 0 564
16305 0 3316
16305 0 1879
16305 0 1464
16305 0 1241
16306 0 6968
16307 0 5350
16308 0 3216
16310 0 2442
16310 0 203
16310 0 2610
16310 0 403
16310 0 9503
16311 0 9467
16312 0 90
16313 0 12980
16314 0 5620
16314 0 62
16315 0 355
16316 0 645
16316 0 6
16316 0 3590
16316 0 3849
16316 0 1810
16316 0 1046
16316 0 1558
16316 0 793
16316 0 1564
16316 0 8097
16316 0 1198
16316 0 2868
16316 0 1852
16316 0 1470
16316 0 2375
16316 0 717
16316 0 847
16316 0 2257
16316 0 1108
16316 0 1110
16316 0 3552
16316 0 13413
16316 0 8167
16316 0 506
16316 0 4735
16317 0 12475
16318 0 1877
16318 0 8526
16319 0 4361
16320 0 12477
16321 0 389
16322 0 3812
16322 0 13414
16322 0 13416
16322 0 12498
16322 0 4948
16323 0 9334
16324 0 13419
16325 0 13420
16326 0 253
16326 0 158
16326 0 6069
16327 0 1504
16327 0 1499
16328 0 3003
16328 0 2020
16328 0 1271
16329 0 737
16329 0 1388
16329 0 5
16329 0 510
16330 0 1625
16330 0 8726
16330 0 943
16331 0 203
16333 0 3234
16333 0 3171
16333 0 5
16333 0 645
16333 0 240
16333 0 1008
16333 0 2227
16333 0 2712
16334 0 1947
16334 0 5
16335 0 752
16336 0 81
16336 0 379
16338 0 535
16340 0 1071
16341 0 11734
16341 0 703
16342 0 2784
16343 0 6504
16344 0 4917
16345 0 1947
16348 0 282
16349 0 32
16349 0 8976
16350 0 5
16351 0 4636
16353 0 4535
16354 0 10
16355 0 4917
16356 0 8609
16356 0 12503
16356 0 3303
16357 0 106
16358 0 7425
16358 0 644
16358 0 645
16358 0 3204
16358 0 393
16358 0 1167
16358 0 1679
16358 0 18
16358 0 3986
16358 0 666
16358 0 5147
16358 0 1310
16358 0 2975
16358 0 930
16358 0 35
16358 0 6818
16358 0 2085
16358 0 3877
16358 0 7714
16358 0 5289
16358 0 5165
16358 0 178
16358 0 1971
16358 0 180
16358 0 950
16358 0 440
16358 0 1849
16358 0 578
16358 0 6210
16358 0 6217
16358 0 5579
16358 0 847
16358 0 2128
16358 0 8783
16358 0 12239
16358 0 467
16358 0 1876
16358 0 7511
16358 0 601
16358 0 730
16358 0 8537
16358 0 12505
16358 0 11358
16358 0 6495
16358 0 12510
16358 0 12512
16358 0 482
16358 0 1379
16358 0 12516
16358 0 741
16358 0 12519
16358 0 12156
16358 0 11369
16358 0 12526
16358 0 114
16358 0 1139
16358 0 3827
16358 0 5747
16358 0 1272
16358 0 505
16358 0 1658
16358 0 3835
16358 0 3836
16358 0 510
16359 0 10
16360 0 9470
16361 0 2427
16361 0 5
16362 0 1615
16364 0 10194
16365 0 10
16367 0 329
16368 0 265
16368 0 750
16369 0 1010
16370 0 13431
16370 0 5158
16370 0 7663
16370 0 3728
16370 0 2418
16370 0 13430
16370 0 2647
16370 0 3064
16370 0 9339
16371 0 7585
16371 0 3333
16371 0 5
16371 0 3335
16371 0 3336
16371 0 745
16371 0 1545
16371 0 3848
16371 0 1260
16371 0 11462
16371 0 3600
16371 0 9745
16371 0 13433
16371 0 13435
16371 0 5244
16371 0 9757
16372 0 1560
16372 0 2376
16372 0 1838
16373 0 203
16374 0 12544
16374 0 1570
16374 0 1634
16374 0 4302
16374 0 496
16374 0 1841
16374 0 9527
16374 0 12538
16374 0 12539
16375 0 995
16375 0 8003
16375 0 5
16375 0 743
16375 0 77
16375 0 9328
16375 0 3157
16375 0 3229
16375 0 7262
16376 0 5
16377 0 13437
16378 0 4448
16378 0 4449
16378 0 244
16378 0 2296
16378 0 7036
16378 0 5855
16379 0 1298
16380 0 11002
16381 0 3267
16381 0 4523
16382 0 139
16384 0 10
16385 0 62
16386 0 7308
16386 0 6680
16386 0 506
16386 0 3707
16386 0 13439
16387 0 1209
16388 0 3035
16389 0 839
16390 0 6099
16391 0 1674
16391 0 395
16391 0 5
16392 0 6328
16392 0 4793
16392 0 10072
16392 0 3268
16393 0 273
16395 0 6735
16397 0 2040
16397 0 379
16397 0 12559
16398 0 1308
16400 0 12560
16401 0 568
16401 0 557
16401 0 62
16402 0 68
16404 0 2580
16405 0 13446
16405 0 9898
16405 0 7467
16405 0 2219
16405 0 2109
16406 0 1487
16406 0 2262
16406 0 95
16408 0 1836
16409 0 13449
16410 0 12
16411 0 12568
16412 0 7615
16412 0 13450
16412 0 4899
16412 0 103
16413 0 275
16414 0 5
16415 0 3102
16416 0 5585
16416 0 12134
16416 0 77
16416 0 942
16417 0 3852
16419 0 4860
16420 0 5334
16420 0 2887
16421 0 2129
16421 0 2130
16421 0 2133
16421 0 2138
16421 0 2139
16422 0 6530
16422 0 451
16422 0 2315
16422 0 81
16422 0 1462
16422 0 1720
16422 0 11965
16423 0 1295
16424 0 2736
16425 0 2720
16425 0 1697
16425 0 4322
16425 0 3044
16425 0 5030
16425 0 6343
16425 0 328
16425 0 6541
16425 0 4335
16425 0 13456
16425 0 5299
16425 0 1780
16425 0 9877
16425 0 376
16425 0 4666
16425 0 9243
16425 0 10588
16425 0 5374
16426 0 1644
16427 0 5
16428 0 4612
16428 0 5
16429 0 2257
16429 0 2290
16431 0 898
16432 0 8436
16433 0 4920
16434 0 1416
16434 0 103
16435 0 8864
16435 0 5
16435 0 2223
16435 0 277
16435 0 11895
16435 0 220
16436 0 969
16437 0 12898
16437 0 9384
16437 0 1840
16437 0 1493
16437 0 13465
16437 0 6175
16439 0 60
16440 0 13466
16440 0 238
16441 0 4880
16442 0 81
16444 0 763
16444 0 1110
16445 0 103
16446 0 2922
16446 0 1493
16446 0 12794
16447 0 2257
16447 0 5
16448 0 4030
16450 0 5423
16451 0 940
16451 0 1775
16451 0 176
16451 0 6386
16451 0 7358
16451 0 3614
16452 0 7043
16452 0 6277
16452 0 7304
16452 0 530
16452 0 11291
16452 0 13470
16452 0 13471
16452 0 13472
16452 0 6566
16452 0 13095
16452 0 6699
16452 0 3253
16452 0 4789
16452 0 3146
16452 0 13268
16452 0 1623
16452 0 3547
16452 0 860
16452 0 2660
16452 0 5861
16452 0 12390
16452 0 5735
16452 0 3194
16453 0 1295
16454 0 13474
16455 0 988
16456 0 6346
16456 0 1101
16456 0 109
16456 0 9169
16456 0 4818
16456 0 2579
16456 0 9170
16456 0 981
16456 0 1109
16456 0 1815
16456 0 4277
16456 0 11507
16456 0 10747
16457 0 11509
16458 0 2256
16459 0 3169
16459 0 11974
16459 0 10
16459 0 349
16459 0 1246
16460 0 9841
16462 0 1344
16463 0 5281
16463 0 103
16464 0 11126
16465 0 226
16465 0 1282
16465 0 3302
16465 0 1804
16465 0 5781
16466 0 2568
16466 0 4235
16466 0 1230
16466 0 1271
16466 0 63
16467 0 2064
16468 0 2439
16469 0 355
16470 0 11520
16470 0 11521
16470 0 6018
16470 0 3204
16470 0 5
16470 0 2566
16470 0 3077
16470 0 266
16470 0 267
16470 0 523
16470 0 3213
16470 0 2190
16470 0 3214
16470 0 275
16470 0 1044
16470 0 2451
16470 0 662
16470 0 3347
16470 0 6680
16470 0 9364
16470 0 5147
16470 0 1311
16470 0 3491
16470 0 4005
16470 0 5413
16470 0 7208
16470 0 8875
16470 0 2094
16470 0 2223
16470 0 4784
16470 0 3506
16470 0 691
16470 0 180
16470 0 6067
16470 0 6523
16470 0 5047
16470 0 9405
16470 0 7487
16470 0 65
16470 0 961
16470 0 579
16470 0 1474
16470 0 11513
16470 0 2376
16470 0 11344
16470 0 1110
16470 0 474
16470 0 347
16470 0 10081
16470 0 102
16470 0 7530
16470 0 6891
16470 0 1776
16470 0 881
16470 0 3571
16470 0 7667
16470 0 9207
16470 0 1270
16470 0 3703
16470 0 2297
16470 0 9209
16470 0 763
16470 0 11516
16470 0 7805
16470 0 5374
16470 0 8446
16471 0 5829
16471 0 13481
16471 0 13482
16471 0 10
16471 0 9907
16472 0 5027
16472 0 4103
16473 0 2062
16475 0 3856
16475 0 679
16476 0 889
16477 0 13483
16478 0 901
16479 0 5
16481 0 6217
16481 0 2756
16481 0 389
16482 0 12800
16483 0 5
16484 0 6067
16485 0 863
16487 0 5256
16487 0 1467
16488 0 265
16489 0 5697
16489 0 4879
16490 0 651
16491 0 5559
16492 0 395
16493 0 8805
16494 0 712
16495 0 13494
16496 0 68
16496 0 4286
16496 0 4279
16497 0 13071
16499 0 4835
16499 0 10054
16499 0 11398
16499 0 12622
16499 0 7663
16499 0 12626
16499 0 12627
16499 0 958
16499 0 12628
16499 0 87
16499 0 696
16499 0 1662
16500 0 12629
16501 0 114
16502 0 5376
16502 0 12419
16502 0 1284
16502 0 6151
16502 0 12564
16502 0 6293
16502 0 3099
16502 0 7715
16502 0 11049
16502 0 2734
16502 0 1584
16502 0 11313
16502 0 692
16502 0 565
16502 0 13499
16502 0 13502
16502 0 13503
16502 0 10307
16502 0 13507
16502 0 13508
16502 0 13509
16502 0 13512
16502 0 9801
16502 0 13514
16502 0 13518
16502 0 13519
16502 0 13520
16502 0 13522
16502 0 854
16502 0 11735
16502 0 8671
16502 0 2145
16502 0 3681
16502 0 5858
16502 0 2660
16502 0 1007
16502 0 1649
16502 0 7675
16502 0 126
16503 0 12630
16505 0 451
16505 0 6
16505 0 8
16505 0 266
16505 0 618
16505 0 9933
16505 0 18
16505 0 3445
16506 0 4576
16507 0 944
16507 0 13524
16508 0 13525
16509 0 130
16510 0 13526
16511 0 1263
16512 0 12631
16513 0 9332
16514 0 3202
16514 0 5
16514 0 5990
16514 0 5415
16514 0 7
16514 0 6309
16515 0 182
16516 0 12642
16516 0 12645
16516 0 7207
16516 0 10828
16516 0 368
16516 0 12637
16517 0 4589
16518 0 3505
16519 0 5043
16520 0 924
16521 0 2435
16521 0 12803
16521 0 5
16521 0 395
16521 0 6412
16521 0 2714
16521 0 5148
16521 0 543
16521 0 1701
16521 0 5925
16521 0 944
16521 0 10673
16521 0 691
16521 0 2233
16521 0 3009
16521 0 1348
16521 0 4309
16521 0 13527
16521 0 13529
16521 0 13531
16521 0 13536
16521 0 13537
16521 0 10731
16521 0 7413
16521 0 3708
16522 0 271
16524 0 1156
16525 0 3219
16525 0 5
16526 0 13541
16527 0 1882
16527 0 5
16528 0 2247
16530 0 3776
16530 0 1311
16530 0 741
16530 0 806
16530 0 13543
16530 0 12
16530 0 237
16530 0 2352
16530 0 1489
16530 0 9906
16530 0 9653
16530 0 1142
16530 0 1334
16530 0 12760
16530 0 6361
16530 0 4284
16530 0 255
16531 0 4016
16531 0 12668
16532 0 539
16533 0 290
16534 0 13546
16534 0 1058
16534 0 1101
16535 0 466
16535 0 596
16535 0 3573
16535 0 6
16536 0 8149
16538 0 696
16539 0 708
16539 0 6158
16541 0 601
16542 0 1296
16543 0 5
16543 0 8270
16544 0 3725
16545 0 12671
16546 0 1931
16547 0 5
16548 0 12679
16549 0 10
16550 0 6130
16551 0 1261
16553 0 73
16553 0 1247
16554 0 10021
16555 0 1296
16555 0 13248
16556 0 8226
16557 0 103
16558 0 5
16560 0 1025
16561 0 3506
16561 0 13556
16561 0 5
16562 0 12355
16563 0 7664
16564 0 3476
16565 0 12686
16566 0 349
16566 0 13558
16567 0 300
16568 0 2418
16569 0 3646
16570 0 898
16570 0 6658
16570 0 5
16570 0 774
16570 0 264
16570 0 1546
16570 0 275
16570 0 11030
16570 0 8601
16570 0 282
16570 0 3744
16570 0 558
16570 0 12592
16570 0 819
16570 0 4661
16570 0 12597
16570 0 12598
16570 0 5565
16570 0 12606
16570 0 12607
16570 0 3392
16570 0 12611
16570 0 2244
16570 0 6726
16570 0 1994
16570 0 715
16570 0 9162
16570 0 592
16570 0 467
16570 0 9812
16570 0 1237
16570 0 1110
16570 0 8543
16570 0 8032
16570 0 2146
16570 0 2280
16570 0 12521
16570 0 2672
16570 0 2685
16571 0 3880
16572 0 5971
16573 0 5
16573 0 8
16573 0 10
16573 0 2029
16573 0 1073
16573 0 1074
16573 0 2613
16573 0 184
16573 0 633
16573 0 13563
16573 0 13340
16573 0 191
16574 0 18
16575 0 9664
16575 0 11035
16575 0 1673
16575 0 5002
16575 0 11371
16575 0 11540
16575 0 11542
16575 0 1402
16575 0 2363
16578 0 13565
16579 0 11549
16580 0 6804
16581 0 397
16582 0 2625
16582 0 2340
16582 0 5
16582 0 1414
16582 0 3259
16582 0 4461
16582 0 6703
16582 0 1975
16582 0 4882
16582 0 6706
16582 0 12564
16582 0 533
16582 0 53
16582 0 1110
16582 0 12699
16582 0 4825
16582 0 859
16583 0 13568
16583 0 13569
16583 0 13570
16583 0 390
16583 0 13193
16583 0 1933
16583 0 18
16583 0 3992
16583 0 3995
16583 0 926
16583 0 13566
16583 0 5037
16583 0 2233
16583 0 1849
16583 0 847
16583 0 2511
16583 0 594
16583 0 5090
16583 0 126
16583 0 11240
16583 0 2539
16583 0 238
16583 0 240
16583 0 242
16583 0 8309
16583 0 1014
16583 0 2551
16583 0 2042
16583 0 380
16583 0 510
16584 0 12626
16585 0 3173
16586 0 1334
16587 0 12703
16588 0 2336
16588 0 3416
16589 0 13573
16590 0 5234
16591 0 451
16592 0 1398
16593 0 139
16593 0 533
16594 0 241
16594 0 13574
16597 0 981
16597 0 7983
16598 0 5804
16599 0 5
16600 0 13579
16601 0 5
16602 0 5
16603 0 1905
16604 0 521
16605 0 10540
16606 0 18
16607 0 681
16608 0 3441
16609 0 1232
16610 0 2562
16613 0 5789
16615 0 12442
16616 0 5
16617 0 7423
16618 0 6027
16619 0 9625
16619 0 6066
16619 0 764
16620 0 437
16622 0 1024
16622 0 1835
16622 0 11163
16623 0 496
16625 0 400
16626 0 3586
16627 0 3515
16628 0 3019
16629 0 11752
16630 0 8
16631 0 599
16631 0 103
16633 0 5
16633 0 1481
16633 0 12714
16633 0 430
16633 0 3508
16633 0 8148
16633 0 127
16634 0 5040
16634 0 988
16635 0 9388
16636 0 5
16637 0 12721
16637 0 12722
16639 0 3309
16640 0 1392
16640 0 793
16640 0 1391
16640 0 599
16641 0 204
16642 0 12726
16643 0 793
16644 0 841
16644 0 4801
16644 0 4277
16644 0 2335
16645 0 5
16645 0 6
16645 0 2567
16645 0 2568
16645 0 1547
16645 0 1549
16645 0 9229
16645 0 5161
16645 0 7726
16645 0 7728
16645 0 2610
16645 0 4147
16645 0 7222
16645 0 2104
16645 0 5695
16645 0 578
16645 0 581
16645 0 1096
16645 0 73
16645 0 1097
16645 0 1099
16645 0 82
16645 0 1109
16645 0 3164
16645 0 1117
16645 0 1121
16645 0 610
16645 0 1122
16645 0 1128
16645 0 114
16645 0 3198
16645 0 126
16645 0 10880
16645 0 140
16645 0 141
16645 0 1165
16645 0 9873
16645 0 2711
16645 0 8349
16645 0 10910
16645 0 3231
16645 0 11423
16645 0 10401
16645 0 11426
16645 0 11427
16645 0 5289
16645 0 10925
16645 0 1711
16645 0 692
16645 0 4277
16645 0 183
16645 0 3255
16645 0 1722
16645 0 11451
16645 0 707
16645 0 4293
16645 0 1738
16645 0 203
16645 0 1740
16645 0 10964
16645 0 6361
16645 0 1759
16645 0 4833
16645 0 226
16645 0 5362
16645 0 1784
16645 0 5889
16645 0 1815
16645 0 283
16645 0 284
16645 0 285
16645 0 5915
16645 0 2335
16645 0 9503
16645 0 1313
16645 0 4385
16645 0 10014
16645 0 8486
16645 0 3371
16645 0 814
16645 0 9007
16645 0 5937
16645 0 6453
16645 0 6455
16645 0 1848
16645 0 840
16645 0 329
16645 0 841
16645 0 4426
16645 0 4941
16645 0 4442
16645 0 4443
16645 0 862
16645 0 869
16645 0 4455
16645 0 4460
16645 0 3437
16645 0 890
16645 0 2429
16645 0 4989
16645 0 2431
16645 0 2441
16645 0 2442
16645 0 10127
16645 0 403
16645 0 1427
16645 0 12709
16645 0 422
16645 0 1449
16645 0 2476
16645 0 4021
16645 0 952
16645 0 6075
16645 0 12736
16645 0 4038
16645 0 12743
16645 0 12744
16645 0 12745
16645 0 12746
16645 0 12749
16645 0 12750
16645 0 12751
16645 0 12752
16645 0 12753
16645 0 12754
16645 0 981
16645 0 982
16645 0 5079
16645 0 984
16645 0 4057
16645 0 9175
16645 0 10200
16645 0 12246
16645 0 12759
16645 0 3042
16645 0 489
16645 0 9711
16645 0 1010
16646 0 807
16647 0 9032
16648 0 2694
16650 0 12763
16651 0 12769
16651 0 12770
16651 0 543
16652 0 1732
16653 0 1909
16654 0 12772
16654 0 12773
16654 0 652
16654 0 9461
16655 0 4571
16656 0 482
16656 0 3671
16657 0 5
16658 0 7459
16658 0 2057
16658 0 12785
16658 0 12789
16658 0 12790
16658 0 12793
16658 0 12794
16658 0 12795
16658 0 7356
16659 0 5969
16660 0 13592
16660 0 5901
16662 0 4993
16663 0 1323
16663 0 3252
16663 0 3573
16664 0 296
16664 0 13593
16664 0 1350
16665 0 3300
16665 0 662
16665 0 599
16666 0 100
16667 0 400
16667 0 3908
16668 0 1460
16668 0 1861
16669 0 6260
16671 0 5762
16672 0 24
16672 0 12801
16672 0 8644
16672 0 8687
16674 0 6356
16675 0 1456
16675 0 4723
16676 0 12320
16676 0 550
16676 0 102
16676 0 2281
16676 0 8876
16676 0 1358
16676 0 7347
16676 0 7480
16677 0 180
16678 0 349
16679 0 3761
16679 0 11362
16679 0 6253
16680 0 3003
16681 0 8
16683 0 1466
16683 0 1467
16683 0 564
16685 0 7528
16685 0 4837
16685 0 6038
16686 0 5
16687 0 1978
16688 0 204
16689 0 564
16690 0 866
16690 0 13605
16690 0 1167
16690 0 403
16690 0 1814
16691 0 2462
16692 0 17
16693 0 10164
16694 0 1985
16694 0 5628
16694 0 6261
16694 0 103
16695 0 5
16696 0 6341
16696 0 230
16696 0 651
16696 0 624
16696 0 918
16696 0 1142
16697 0 459
16698 0 10
16699 0 436
16699 0 9646
16699 0 3726
16699 0 3023
16700 0 5
16701 0 5
16702 0 2124
16703 0 5
16704 0 7424
16704 0 5889
16704 0 258
16704 0 1540
16704 0 4614
16704 0 2312
16704 0 140
16704 0 141
16704 0 2320
16704 0 403
16704 0 789
16704 0 13593
16704 0 1058
16704 0 12327
16704 0 13608
16704 0 13610
16704 0 1835
16704 0 13611
16704 0 1965
16704 0 12206
16704 0 2479
16704 0 13612
16704 0 689
16704 0 13613
16704 0 13618
16704 0 13621
16704 0 2753
16704 0 707
16704 0 196
16704 0 581
16704 0 4675
16704 0 3272
16704 0 73
16704 0 4810
16704 0 203
16704 0 9035
16704 0 4813
16704 0 81
16704 0 10066
16704 0 1109
16704 0 4825
16704 0 3167
16704 0 2786
16704 0 4452
16704 0 9332
16704 0 3070
16705 0 13624
16705 0 349
16706 0 1354
16707 0 3200
16707 0 7809
16707 0 1282
16707 0 1028
16707 0 3204
16707 0 6
16707 0 391
16707 0 3206
16707 0 1801
16707 0 3208
16707 0 1805
16707 0 1174
16707 0 3609
16707 0 2462
16707 0 1567
16707 0 12064
16707 0 12577
16707 0 1061
16707 0 5032
16707 0 4784
16707 0 6066
16707 0 180
16707 0 2616
16707 0 4024
16707 0 574
16707 0 961
16707 0 8131
16707 0 837
16707 0 198
16707 0 455
16707 0 582
16707 0 2247
16707 0 7369
16707 0 3787
16707 0 1484
16707 0 717
16707 0 8525
16707 0 5071
16707 0 2000
16707 0 5074
16707 0 470
16707 0 1752
16707 0 8033
16707 0 3171
16707 0 3172
16707 0 105
16707 0 234
16707 0 7788
16707 0 4718
16707 0 881
16707 0 1652
16707 0 4213
16707 0 6518
16707 0 1271
16707 0 6520
16707 0 2812
16707 0 381
16707 0 126
16707 0 4735
16708 0 1574
16709 0 4369
16709 0 1732
16709 0 6769
16709 0 7567
16710 0 3619
16711 0 1315
16711 0 11366
16711 0 4279
16711 0 888
16711 0 9374
16712 0 2469
16713 0 12462
16714 0 290
16715 0 6266
16716 0 347
16717 0 4005
16718 0 1398
16719 0 2280
16720 0 11565
16724 0 451
16725 0 4574
16726 0 349
16727 0 474
16727 0 506
16729 0 12813
16730 0 8
16730 0 8192
16730 0 13630
16731 0 2632
16731 0 10
16732 0 1024
16732 0 5
16732 0 12671
16732 0 10
16732 0 1294
16732 0 6933
16732 0 1430
16732 0 539
16732 0 3486
16732 0 290
16732 0 557
16732 0 2352
16732 0 1332
16732 0 1460
16732 0 438
16732 0 1335
16732 0 578
16732 0 2627
16732 0 1992
16732 0 204
16732 0 4047
16732 0 979
16732 0 12118
16732 0 601
16732 0 1374
16732 0 356
16732 0 103
16732 0 496
16732 0 626
16732 0 6394
16732 0 767
16733 0 496
16733 0 1392
16733 0 1389
16733 0 4965
16734 0 4641
16734 0 5719
16736 0 625
16737 0 943
16738 0 12261
16739 0 1615
16740 0 155
16741 0 73
16741 0 356
16742 0 5
16743 0 2439
16744 0 3168
16744 0 3233
16744 0 899
16744 0 13639
16744 0 13640
16744 0 73
16744 0 5290
16744 0 3212
16744 0 5147
16744 0 10366
16745 0 3317
16746 0 1097
16748 0 506
16749 0 2814
16751 0 5
16752 0 7172
16753 0 248
16754 0 1728
16754 0 1546
16754 0 2244
16755 0 356
16756 0 13646
16757 0 32
16758 0 872
16759 0 10287
16760 0 5209
16760 0 3523
16760 0 5
16760 0 11831
16760 0 592
16760 0 13649
16760 0 275
16760 0 117
16760 0 1110
16760 0 599
16760 0 793
16760 0 5402
16760 0 95
16761 0 1741
16762 0 2688
16763 0 2798
16765 0 5
16766 0 72
16766 0 644
16766 0 5
16766 0 8535
16767 0 1556
16767 0 7053
16768 0 3171
16768 0 5
16768 0 582
16768 0 267
16768 0 268
16768 0 525
16768 0 173
16768 0 4657
16769 0 1545
16769 0 349
16769 0 5
16771 0 260
16771 0 5215
16772 0 836
16772 0 5
16773 0 231
16774 0 10209
16774 0 68
16774 0 7311
16775 0 5
16776 0 13666
16776 0 9059
16776 0 62
16776 0 4763
16776 0 894
16777 0 5
16777 0 13495
16778 0 2137
16779 0 4826
16781 0 4098
16783 0 5
16784 0 2342
16785 0 876
16785 0 13681
16785 0 8402
16785 0 6675
16785 0 13684
16785 0 4189
16786 0 4576
16786 0 11315
16787 0 2560
16787 0 7849
16787 0 172
16787 0 1486
16787 0 854
16787 0 535
16787 0 506
16787 0 5567
16788 0 5445
16788 0 5
16788 0 592
16788 0 11572
16788 0 11574
16788 0 6039
16788 0 413
16789 0 13687
16790 0 1101
16791 0 2662
16792 0 1884
16793 0 5
16794 0 1179
16794 0 5
16795 0 5
16796 0 14944
16796 0 5
16796 0 269
16796 0 5070
16796 0 3088
16796 0 1236
16796 0 957
16796 0 14943
16797 0 14945
16797 0 578
16797 0 3257
16797 0 14946
16797 0 2727
16797 0 1449
16797 0 4523
16797 0 4051
16797 0 692
16797 0 3324
16797 0 1847
16797 0 505
16797 0 1052
16798 0 578
16799 0 10741
16800 0 1538
16800 0 167
16800 0 973
16800 0 690
16800 0 2900
16800 0 2906
16801 0 32
16802 0 10064
16803 0 5
16804 0 14947
16805 0 13232
16806 0 12831
16807 0 10
16807 0 342
16809 0 5
16811 0 1113
16811 0 531
16811 0 1901
16812 0 1111
16813 0 1512
16814 0 351
16816 0 1302
16817 0 262
16817 0 3718
16817 0 2471
16817 0 5939
16817 0 822
16817 0 823
16817 0 14136
16817 0 10686
16817 0 711
16817 0 3143
16817 0 213
16817 0 3803
16817 0 3811
16817 0 14948
16817 0 14950
16817 0 4078
16817 0 4082
16817 0 4219
16817 0 1151
16818 0 1681
16818 0 732
16818 0 10020
16819 0 3233
16819 0 2660
16819 0 1414
16819 0 9639
16819 0 240
16819 0 2801
16819 0 1844
16819 0 9045
16819 0 349
16820 0 242
16821 0 1615
16822 0 90
16822 0 5564
16823 0 6834
16823 0 4020
16823 0 12836
16824 0 12873
16825 0 3042
16825 0 5703
16825 0 297
16825 0 7657
16825 0 4012
16825 0 3255
16825 0 1118
16826 0 12841
16828 0 636
16829 0 5160
16830 0 3552
16830 0 225
16830 0 5760
16830 0 9922
16830 0 10248
16830 0 14953
16830 0 14954
16830 0 10766
16830 0 1103
16830 0 9878
16830 0 4056
16830 0 568
16830 0 3743
16831 0 823
16832 0 7457
16832 0 5
16832 0 8488
16832 0 10
16832 0 779
16832 0 2000
16832 0 248
16832 0 9467
16832 0 510
16833 0 3694
16834 0 5
16835 0 2441
16835 0 6349
16835 0 6350
16835 0 184
16835 0 4794
16837 0 512
16838 0 4612
16838 0 5
16838 0 4869
16838 0 6352
16838 0 6353
16838 0 1458
16838 0 1020
16838 0 3805
16839 0 5
16842 0 5
16843 0 601
16843 0 1755
16844 0 81
16845 0 6253
16846 0 6360
16847 0 681
16849 0 2489
16850 0 1024
16851 0 4864
16852 0 81
16853 0 1240
16854 0 5
16854 0 5278
16855 0 2290
16855 0 645
16856 0 1842
16856 0 3483
16856 0 4103
16857 0 8
16858 0 793
16858 0 445
16858 0 519
16859 0 6368
16860 0 3059
16861 0 6370
16862 0 5
16863 0 1885
16864 0 5068
16865 0 4622
16866 0 5328
16866 0 5570
16866 0 6375
16867 0 3360
16869 0 2297
16869 0 2170
16869 0 4314
16869 0 1110
16870 0 311
16871 0 6287
16872 0 6288
16872 0 2011
16873 0 3436
16875 0 363
16875 0 6379
16877 0 6381
16878 0 6292
16879 0 1815
16880 0 385
16880 0 5
16880 0 103
16880 0 1451
16880 0 6383
16880 0 1840
16880 0 6384
16880 0 6386
16880 0 6387
16880 0 884
16880 0 24
16880 0 349
16880 0 62
16880 0 3999
16881 0 5
16882 0 645
16883 0 1824
16883 0 2565
16883 0 4044
16883 0 1655
16883 0 4926
16884 0 6389
16885 0 506
16886 0 81
16887 0 6297
16888 0 6298
16888 0 6300
16888 0 5
16889 0 6305
16889 0 6312
16889 0 6313
16889 0 5804
16889 0 1778
16889 0 2423
16889 0 4635
16889 0 6302
16889 0 6303
16890 0 6401
16890 0 6403
16890 0 5
16891 0 1155
16891 0 5
16891 0 6415
16892 0 2101
16893 0 6417
16896 0 6315
16897 0 290
16898 0 5000
16898 0 4999
16900 0 6276
16900 0 127
16902 0 6316
16904 0 14210
16905 0 5
16906 0 132
16907 0 5
16908 0 4042
16909 0 4631
16911 0 2701
16911 0 5
16911 0 326
16912 0 5
16913 0 489
16913 0 123
16915 0 362
16916 0 707
16916 0 5360
16916 0 5361
16916 0 5362
16916 0 3769
16916 0 890
16916 0 3164
16916 0 3930
16917 0 578
16918 0 3993
16918 0 2898
16918 0 4260
16918 0 3325
16919 0 3617
16919 0 636
16919 0 4636
16921 0 2162
16921 0 845
16921 0 967
16922 0 4638
16923 0 5368
16924 0 4637
16925 0 5370
16926 0 5
16927 0 2895
16928 0 506
16929 0 1026
16929 0 901
16929 0 1800
16929 0 18
16929 0 662
16929 0 4508
16929 0 3229
16929 0 4647
16929 0 4650
16929 0 4651
16929 0 4656
16929 0 4657
16929 0 4658
16929 0 2227
16929 0 180
16929 0 1844
16929 0 2614
16929 0 2487
16929 0 1207
16929 0 568
16929 0 4659
16929 0 4666
16929 0 445
16929 0 65
16929 0 3905
16929 0 4676
16929 0 4678
16929 0 1103
16929 0 3832
16929 0 995
16929 0 103
16929 0 3437
16929 0 496
16929 0 888
16929 0 1791
16930 0 5
16931 0 4679
16931 0 4680
16931 0 4681
16931 0 4682
16931 0 2872
16932 0 5
16933 0 5
16934 0 5371
16936 0 2807
16937 0 3204
16937 0 2395
16937 0 2812
16937 0 5374
16938 0 633
16939 0 7836
16939 0 5253
16940 0 5385
16940 0 5
16941 0 4690
16942 0 529
16942 0 12
16943 0 4699
16943 0 1774
16944 0 4704
16944 0 4708
16944 0 5
16944 0 4709
16944 0 532
16944 0 4700
16944 0 4703
16945 0 1933
16946 0 4624
16947 0 2856
16947 0 5387
16948 0 2656
16948 0 5394
16948 0 5395
16950 0 4712
16951 0 5126
16952 0 2492
16952 0 349
16952 0 5
16953 0 128
16953 0 2049
16953 0 4864
16953 0 645
16953 0 8
16953 0 139
16953 0 1036
16953 0 1932
16953 0 5389
16953 0 4882
16953 0 1815
16953 0 5400
16953 0 537
16953 0 5401
16953 0 5402
16953 0 5403
16953 0 1821
16953 0 5405
16953 0 543
16953 0 159
16953 0 1313
16953 0 3234
16953 0 5407
16953 0 36
16953 0 5408
16953 0 5410
16953 0 935
16953 0 5413
16953 0 5416
16953 0 5417
16953 0 5418
16953 0 5420
16953 0 5421
16953 0 5422
16953 0 5424
16953 0 5425
16953 0 1970
16953 0 5426
16953 0 1972
16953 0 53
16953 0 5427
16953 0 56
16953 0 3259
16953 0 2748
16953 0 3900
16953 0 65
16953 0 4035
16953 0 1223
16953 0 1607
16953 0 1994
16953 0 1867
16953 0 3404
16953 0 4044
16953 0 2256
16953 0 727
16953 0 601
16953 0 349
16953 0 1374
16953 0 225
16953 0 2020
16953 0 490
16953 0 1130
16953 0 110
16953 0 240
16953 0 496
16953 0 2801
16953 0 1271
16953 0 510
16953 0 2559
16954 0 3299
16956 0 4723
16956 0 413
16956 0 662
16956 0 1775
16957 0 8
16958 0 558
16959 0 5
16960 0 4717
16961 0 4718
16962 0 5423
16963 0 2342
16963 0 703
16964 0 3064
16964 0 445
16966 0 336
16966 0 1099
16966 0 140
16968 0 1774
16969 0 103
16971 0 1018
16972 0 5
16973 0 147
16974 0 290
16975 0 5
16976 0 4725
16978 0 356
16978 0 1995
16978 0 1966
16978 0 1071
16978 0 243
16978 0 244
16978 0 5459
16980 0 5
16981 0 289
16981 0 539
16982 0 5
16983 0 1344
16983 0 5465
16985 0 3972
16985 0 8
16985 0 3726
16985 0 795
16985 0 3579
16985 0 5466
16985 0 5470
16985 0 5471
16985 0 5472
16985 0 5475
16985 0 231
16985 0 106
16985 0 2922
16985 0 5482
16985 0 5484
16985 0 5485
16985 0 5486
16985 0 5487
16985 0 5489
16985 0 5490
16985 0 4475
16985 0 3067
16986 0 2565
16986 0 5
16987 0 5014
16988 0 5
16988 0 4428
16988 0 4730
16988 0 4729
16988 0 2842
16988 0 4734
16989 0 3504
16990 0 289
16991 0 3428
16992 0 290
16993 0 5504
16993 0 5505
16993 0 5507
16993 0 5508
16993 0 5509
16993 0 5510
16993 0 5511
16993 0 8
16993 0 1289
16993 0 5512
16993 0 5513
16993 0 5514
16993 0 5515
16993 0 5516
16993 0 5518
16993 0 5519
16993 0 1556
16993 0 5400
16993 0 679
16993 0 4009
16993 0 558
16993 0 823
16993 0 1477
16993 0 72
16993 0 1354
16993 0 103
16993 0 5500
16993 0 5501
16993 0 5502
16993 0 5503
16995 0 414
16996 0 592
16997 0 4737
16997 0 1653
16997 0 860
16997 0 653
16998 0 4739
16999 0 5
17000 0 6027
17000 0 5524
17001 0 2712
17001 0 4626
17002 0 0
17002 0 1344
17002 0 42
17002 0 299
17002 0 12
17002 0 5525
17002 0 5526
17002 0 5529
17002 0 349
17003 0 1058
17003 0 3272
17003 0 651
17003 0 275
17003 0 631
17004 0 5
17005 0 1187
17005 0 745
17005 0 3470
17005 0 433
17005 0 1457
17005 0 53
17005 0 3452
17005 0 5533
17006 0 5
17006 0 1110
17006 0 4743
17007 0 3234
17007 0 837
17007 0 1052
17007 0 18
17007 0 3836
17008 0 568
17008 0 2852
17009 0 5541
17010 0 2560
17010 0 3546
17010 0 1076
17010 0 4744
17011 0 375
17012 0 4748
17012 0 5
17012 0 103
17013 0 5
17013 0 10
17013 0 2448
17013 0 1427
17013 0 2040
17013 0 802
17013 0 5546
17013 0 5547
17013 0 5548
17013 0 5549
17013 0 5550
17013 0 5554
17013 0 5555
17013 0 5556
17013 0 5557
17013 0 5559
17013 0 5560
17013 0 2745
17013 0 5562
17013 0 4283
17013 0 4284
17013 0 73
17013 0 1624
17013 0 103
17013 0 360
17013 0 3178
17013 0 2680
17013 0 1403
17013 0 766
17013 0 255
17014 0 5566
17015 0 5568
17016 0 288
17018 0 4746
17019 0 4216
17019 0 5570
17021 0 4763
17021 0 4764
17021 0 4765
17021 0 4766
17022 0 849
17023 0 5
17024 0 4768
17024 0 81
17026 0 4779
17027 0 5580
17029 0 1034
17029 0 139
17029 0 12
17029 0 1556
17029 0 533
17029 0 32
17029 0 42
17029 0 1580
17029 0 566
17029 0 1344
17029 0 1613
17029 0 5583
17029 0 5584
17029 0 5587
17029 0 5588
17029 0 5589
17029 0 5590
17029 0 349
17029 0 4330
17029 0 3436
17029 0 889
17030 0 3726
17031 0 593
17031 0 5591
17032 0 689
17033 0 5
17033 0 3407
17034 0 103
17035 0 5597
17035 0 290
17035 0 742
17035 0 2375
17035 0 5129
17035 0 394
17035 0 4042
17035 0 1838
17035 0 5594
17035 0 349
17035 0 574
17036 0 5598
17037 0 1801
17038 0 5600
17038 0 5604
17038 0 5605
17038 0 2558
17038 0 5606
17038 0 73
17038 0 266
17038 0 1809
17038 0 5047
17038 0 2077
17038 0 510
17039 0 4952
17039 0 2617
17039 0 5
17040 0 5613
17041 0 5614
17042 0 2719
17043 0 2723
17044 0 95
17047 0 482
17047 0 7371
17047 0 5616
17047 0 5617
17047 0 3071
17048 0 5103
17049 0 5
17050 0 385
17051 0 5
17052 0 2434
17052 0 1840
17052 0 5622
17052 0 5623
17052 0 5625
17053 0 5
17054 0 10
17054 0 3575
17055 0 5
17056 0 353
17056 0 898
17056 0 5
17056 0 3461
17056 0 8
17056 0 10
17056 0 4792
17056 0 850
17056 0 4787
17056 0 3316
17056 0 4788
17056 0 4790
17056 0 24
17057 0 2304
17057 0 5
17057 0 1547
17057 0 1167
17057 0 1313
17057 0 1452
17057 0 4402
17057 0 4799
17057 0 704
17057 0 2497
17057 0 4800
17057 0 707
17057 0 1987
17057 0 4801
17057 0 4802
17057 0 4803
17057 0 4804
17057 0 4805
17057 0 4808
17057 0 4810
17057 0 4811
17057 0 4812
17057 0 4813
17057 0 2255
17057 0 4816
17057 0 4818
17057 0 598
17057 0 599
17057 0 2904
17057 0 4825
17057 0 859
17057 0 476
17057 0 4827
17057 0 4828
17057 0 4831
17057 0 610
17057 0 869
17057 0 743
17057 0 1135
17057 0 499
17057 0 2807
17058 0 5629
17058 0 166
17059 0 1627
17060 0 544
17060 0 4836
17060 0 4837
17060 0 4838
17060 0 4839
17060 0 904
17060 0 4840
17060 0 4841
17060 0 4842
17060 0 4844
17060 0 4845
17060 0 1657
17061 0 2844
17062 0 1755
17064 0 3545
17065 0 444
17066 0 2685
17069 0 1840
17070 0 2641
17070 0 370
17070 0 5636
17070 0 1143
17071 0 1460
17071 0 12
17071 0 3501
17072 0 5642
17072 0 5
17073 0 5566
17074 0 5647
17075 0 1552
17075 0 2262
17075 0 1551
17076 0 389
17076 0 2566
17076 0 4360
17076 0 14060
17076 0 4848
17076 0 4849
17076 0 4852
17076 0 4856
17076 0 4857
17076 0 4860
17076 0 3229
17077 0 1024
17077 0 626
17078 0 1092
17078 0 4868
17078 0 2760
17078 0 745
17078 0 10
17078 0 4874
17078 0 4369
17078 0 212
17079 0 3214
17080 0 5
17081 0 4875
17081 0 4095
17082 0 5
17083 0 11
17085 0 4627
17086 0 5661
17086 0 854
17089 0 4888
17090 0 995
17091 0 157
17092 0 4891
17092 0 4890
17092 0 3075
17092 0 5
17093 0 544
17093 0 4893
17093 0 4894
17094 0 5662
17095 0 329
17096 0 5663
17097 0 4896
17098 0 4897
17099 0 4898
17099 0 4900
17099 0 326
17099 0 8
17099 0 3528
17099 0 3823
17099 0 273
17099 0 1393
17099 0 1396
17099 0 1110
17100 0 4901
17101 0 1539
17101 0 1156
17101 0 5
17101 0 646
17101 0 265
17101 0 269
17101 0 654
17101 0 15
17101 0 275
17101 0 2835
17101 0 405
17101 0 2167
17101 0 1432
17101 0 3357
17101 0 32
17101 0 2848
17101 0 35
17101 0 164
17101 0 5668
17101 0 5669
17101 0 679
17101 0 5672
17101 0 3753
17101 0 5675
17101 0 172
17101 0 5677
17101 0 1198
17101 0 1199
17101 0 5680
17101 0 5681
17101 0 5682
17101 0 1971
17101 0 5301
17101 0 3638
17101 0 1208
17101 0 5691
17101 0 3900
17101 0 5693
17101 0 5694
17101 0 5695
17101 0 4928
17101 0 65
17101 0 5696
17101 0 5698
17101 0 5702
17101 0 2375
17101 0 75
17101 0 2253
17101 0 1358
17101 0 81
17101 0 594
17101 0 467
17101 0 2644
17101 0 2899
17101 0 470
17101 0 351
17101 0 95
17101 0 1378
17101 0 1254
17101 0 4327
17101 0 490
17101 0 3437
17101 0 1648
17101 0 370
17101 0 627
17101 0 5363
17101 0 2293
17101 0 1271
17101 0 2297
17101 0 764
17102 0 5707
17103 0 90
17104 0 901
17105 0 5711
17106 0 31
17107 0 2405
17108 0 5714
17109 0 5715
17110 0 4902
17111 0 4882
17112 0 32
17112 0 1462
17113 0 2293
17114 0 7399
17116 0 3586
17116 0 139
17116 0 2444
17116 0 1165
17116 0 531
17116 0 539
17116 0 669
17116 0 3618
17116 0 4514
17116 0 4905
17116 0 4909
17116 0 4910
17116 0 4912
17116 0 4913
17116 0 4914
17116 0 2355
17116 0 4916
17116 0 4918
17116 0 4920
17116 0 4922
17116 0 4923
17116 0 62
17116 0 4286
17116 0 1475
17116 0 2627
17116 0 4935
17116 0 4936
17116 0 330
17116 0 4938
17116 0 1740
17116 0 4940
17116 0 4941
17116 0 4942
17116 0 4943
17116 0 467
17116 0 2261
17116 0 3198
17116 0 1374
17116 0 868
17116 0 504
17116 0 4458
17116 0 3437
17116 0 496
17116 0 1272
17116 0 2556
17116 0 3070
17117 0 5716
17118 0 5021
17119 0 5718
17119 0 5719
17120 0 1344
17121 0 4225
17121 0 5
17121 0 5721
17121 0 5722
17121 0 5723
17121 0 1086
17122 0 5724
17123 0 3936
17124 0 2544
17124 0 5725
17124 0 6054
17125 0 64
17125 0 5728
17126 0 5
17127 0 4082
17129 0 1024
17129 0 4491
17129 0 5740
17129 0 5744
17129 0 2545
17129 0 5745
17129 0 5746
17129 0 5747
17130 0 1466
17131 0 2850
17131 0 2565
17131 0 5
17131 0 5757
17131 0 4571
17131 0 3261
17131 0 5759
17132 0 5764
17132 0 103
17133 0 1821
17135 0 3304
17136 0 3016
17137 0 5023
17138 0 929
17138 0 5028
17139 0 1814
17140 0 893
17141 0 72
17141 0 4948
17141 0 4949
17141 0 4950
17141 0 4951
17141 0 4952
17141 0 4953
17141 0 187
17141 0 4957
17142 0 904
17143 0 3200
17143 0 7809
17143 0 1667
17143 0 516
17143 0 3204
17143 0 8
17143 0 4617
17143 0 267
17143 0 523
17143 0 525
17143 0 1804
17143 0 2447
17143 0 2448
17143 0 1553
17143 0 406
17143 0 1432
17143 0 3609
17143 0 1567
17143 0 2720
17143 0 1061
17143 0 5029
17143 0 5034
17143 0 5037
17143 0 5038
17143 0 175
17143 0 4784
17143 0 945
17143 0 1841
17143 0 2227
17143 0 180
17143 0 2485
17143 0 310
17143 0 2487
17143 0 5040
17143 0 5049
17143 0 1084
17143 0 1468
17143 0 3261
17143 0 4029
17143 0 5053
17143 0 2372
17143 0 2247
17143 0 2375
17143 0 2124
17143 0 1229
17143 0 4046
17143 0 719
17143 0 81
17143 0 465
17143 0 736
17143 0 737
17143 0 4320
17143 0 4322
17143 0 356
17143 0 740
17143 0 359
17143 0 2283
17143 0 4203
17143 0 881
17143 0 627
17143 0 2293
17143 0 3445
17143 0 2297
17143 0 3837
17143 0 3838
17143 0 7807
17144 0 5
17145 0 8
17146 0 5777
17147 0 326
17149 0 2018
17152 0 5
17152 0 8
17152 0 1162
17152 0 1163
17152 0 654
17152 0 1838
17152 0 1199
17152 0 2223
17152 0 5057
17152 0 5060
17152 0 5061
17152 0 454
17152 0 5062
17152 0 5063
17152 0 5065
17152 0 727
17152 0 14956
17152 0 3579
17152 0 508
17152 0 2559
17153 0 5
17154 0 5613
17155 0 5780
17156 0 269
17158 0 3505
17159 0 2049
17159 0 690
17159 0 2043
17159 0 1590
17160 0 1947
17161 0 4864
17161 0 1793
17161 0 1285
17161 0 3079
17161 0 4236
17161 0 275
17161 0 5781
17161 0 5782
17161 0 5784
17161 0 5785
17161 0 5786
17161 0 5788
17161 0 5789
17161 0 5790
17161 0 4768
17161 0 5792
17161 0 5795
17161 0 36
17161 0 5796
17161 0 5798
17161 0 5799
17161 0 5800
17161 0 5801
17161 0 1578
17161 0 1323
17161 0 5802
17161 0 5805
17161 0 5806
17161 0 1327
17161 0 1200
17161 0 2737
17161 0 5808
17161 0 5811
17161 0 2101
17161 0 5813
17161 0 5815
17161 0 568
17161 0 1849
17161 0 4664
17161 0 699
17161 0 5817
17161 0 5818
17161 0 5820
17161 0 4031
17161 0 5821
17161 0 321
17161 0 5824
17161 0 3523
17161 0 5825
17161 0 5826
17161 0 5827
17161 0 199
17161 0 5828
17161 0 1613
17161 0 5072
17161 0 2003
17161 0 1876
17161 0 2644
17161 0 5078
17161 0 1374
17161 0 3940
17161 0 624
17161 0 2544
17161 0 1650
17161 0 2802
17161 0 375
17161 0 121
17161 0 506
17161 0 891
17161 0 4859
17162 0 5365
17163 0 5072
17163 0 599
17164 0 5
17165 0 5073
17166 0 1650
17167 0 5
17168 0 1351
17168 0 8
17168 0 4241
17168 0 275
17168 0 4477
17169 0 3613
17170 0 564
17171 0 5
17172 0 5829
17173 0 819
17173 0 5830
17174 0 269
17174 0 4981
17174 0 5831
17175 0 81
17175 0 73
17176 0 1644
17177 0 5834
17177 0 5
17178 0 5835
17179 0 125
17180 0 655
17181 0 1840
17181 0 5836
17181 0 5837
17182 0 5
17182 0 1296
17182 0 5842
17182 0 5843
17182 0 5844
17182 0 5845
17182 0 87
17184 0 5524
17185 0 5849
17186 0 5850
17186 0 2383
17187 0 5851
17188 0 262
17189 0 5080
17189 0 5081
17189 0 970
17190 0 624
17190 0 379
17191 0 2720
17191 0 9266
17191 0 1061
17192 0 5853
17193 0 798
17194 0 103
17195 0 53
17196 0 2801
17197 0 1314
17197 0 2233
17197 0 2812
17197 0 2851
17197 0 358
17197 0 4515
17197 0 5439
17197 0 5859
17197 0 1578
17197 0 173
17197 0 209
17197 0 433
17197 0 2551
17197 0 889
17197 0 796
17197 0 1695
17198 0 5860
17198 0 2285
17199 0 5862
17200 0 2592
17200 0 3417
17200 0 3890
17200 0 5865
17201 0 42
17202 0 5226
17203 0 2717
17203 0 5866
17203 0 5867
17203 0 283
17203 0 1627
17203 0 284
17203 0 285
17204 0 3066
17204 0 5869
17204 0 2334
17205 0 5084
17205 0 5085
17206 0 2655
17207 0 1891
17207 0 68
17207 0 5
17207 0 1477
17207 0 103
17207 0 1928
17207 0 1065
17207 0 10
17207 0 1995
17207 0 5320
17207 0 1840
17207 0 241
17207 0 2896
17207 0 5873
17207 0 5876
17207 0 5879
17207 0 5884
17207 0 319
17208 0 5888
17208 0 5
17208 0 5896
17208 0 1545
17208 0 2223
17208 0 561
17208 0 5244
17208 0 5886
17209 0 5081
17209 0 5899
17211 0 2020
17211 0 62
17213 0 2489
17213 0 290
17213 0 5901
17215 0 3600
17216 0 399
17218 0 2048
17218 0 5
17218 0 1334
17218 0 413
17218 0 445
17220 0 4386
17220 0 4450
17220 0 4804
17220 0 2526
17220 0 1132
17220 0 5906
17220 0 5911
17220 0 5912
17220 0 3934
17221 0 3073
17222 0 5
17223 0 4980
17226 0 1670
17228 0 1644
17228 0 645
17229 0 72
17231 0 802
17231 0 1058
17231 0 840
17231 0 10
17231 0 2100
17231 0 667
17231 0 5916
17232 0 823
17233 0 5
17234 0 3528
17235 0 2261
17236 0 3461
17238 0 5918
17239 0 5920
17239 0 5922
17239 0 5923
17239 0 5924
17239 0 14
17239 0 3058
17239 0 5342
17239 0 5919
17240 0 329
17240 0 2660
17240 0 1623
17241 0 2571
17243 0 73
17243 0 929
17243 0 5926
17245 0 391
17246 0 5
17248 0 1994
17248 0 3172
17248 0 510
17248 0 1806
17249 0 1024
17250 0 4113
17250 0 3174
17251 0 347
17253 0 351
17254 0 105
17254 0 1187
17254 0 5
17254 0 5934
17255 0 1258
17256 0 4810
17257 0 2497
17257 0 2406
17257 0 173
17257 0 389
17258 0 2609
17259 0 5
17260 0 1650
17261 0 5940
17262 0 2516
17263 0 209
17265 0 1755
17266 0 674
17266 0 1442
17266 0 172
17266 0 2260
17266 0 1334
17266 0 1755
17266 0 251
17266 0 734
17267 0 2458
17268 0 2064
17268 0 5405
17268 0 717
17269 0 1416
17270 0 1344
17270 0 87
17272 0 5
17273 0 8
17274 0 5951
17275 0 2440
17275 0 5102
17276 0 1849
17277 0 5
17278 0 568
17279 0 5958
17282 0 5962
17282 0 5963
17282 0 3390
17283 0 3507
17285 0 13672
17286 0 5968
17286 0 140
17287 0 8
17288 0 5
17289 0 827
17291 0 24
17292 0 5
17293 0 5970
17293 0 5971
17294 0 5107
17295 0 8
17296 0 154
17297 0 5120
17297 0 641
17297 0 5121
17297 0 5123
17297 0 5126
17297 0 5127
17297 0 5128
17297 0 5130
17297 0 4369
17297 0 22
17297 0 3124
17297 0 1333
17297 0 4917
17297 0 2509
17297 0 5109
17297 0 3830
17297 0 5112
17297 0 5114
17297 0 5119
17298 0 10
17299 0 32
17299 0 867
17299 0 5
17299 0 422
17299 0 901
17299 0 937
17299 0 1450
17299 0 1644
17299 0 3996
17299 0 62
17300 0 4805
17301 0 1302
17302 0 5973
17303 0 5974
17304 0 3090
17305 0 14957
17306 0 3038
17308 0 3249
17308 0 3247
17309 0 5975
17310 0 3720
17310 0 10
17310 0 651
17310 0 269
17310 0 5136
17310 0 1681
17310 0 5137
17310 0 5138
17310 0 5141
17310 0 5142
17310 0 1560
17310 0 5145
17310 0 5146
17310 0 5147
17310 0 5148
17310 0 5149
17310 0 2206
17310 0 3491
17310 0 1061
17310 0 180
17310 0 8500
17310 0 438
17310 0 3515
17310 0 4542
17310 0 1477
17310 0 2376
17310 0 1363
17310 0 1237
17310 0 95
17310 0 103
17310 0 1396
17310 0 510
17311 0 5153
17312 0 5976
17313 0 5977
17314 0 3465
17315 0 5979
17316 0 1358
17317 0 197
17317 0 645
17318 0 893
17319 0 995
17320 0 510
17321 0 261
17321 0 188
17321 0 260
17321 0 5983
17322 0 467
17323 0 730
17324 0 5989
17324 0 2567
17324 0 2290
17324 0 376
17324 0 90
17327 0 592
17327 0 1657
17328 0 2328
17329 0 4448
17329 0 5973
17330 0 244
17330 0 1100
17331 0 260
17331 0 645
17331 0 519
17331 0 400
17331 0 1557
17331 0 666
17331 0 543
17331 0 5154
17331 0 5157
17331 0 5160
17331 0 4394
17331 0 5164
17331 0 4525
17331 0 5165
17331 0 4399
17331 0 5167
17331 0 561
17331 0 2994
17331 0 5168
17331 0 1844
17331 0 5169
17331 0 5170
17331 0 5173
17331 0 5176
17331 0 5178
17331 0 5179
17331 0 2492
17331 0 445
17331 0 3774
17331 0 5182
17331 0 65
17331 0 5185
17331 0 5186
17331 0 2911
17331 0 1021
17332 0 5994
17333 0 5
17334 0 5995
17336 0 1109
17337 0 5998
17338 0 394
17338 0 3819
17339 0 5
17340 0 6005
17341 0 3228
17342 0 4107
17343 0 4961
17343 0 3895
17344 0 36
17344 0 4845
17344 0 2030
17344 0 5201
17344 0 5202
17344 0 5203
17344 0 5204
17344 0 5205
17344 0 5207
17344 0 599
17344 0 2363
17344 0 4989
17345 0 385
17346 0 5197
17346 0 238
17347 0 6016
17347 0 4485
17347 0 906
17347 0 1419
17347 0 908
17347 0 6008
17347 0 5272
17347 0 6009
17347 0 3486
17347 0 3487
17347 0 6010
17347 0 3138
17347 0 5315
17347 0 5190
17347 0 3143
17347 0 2760
17347 0 5191
17347 0 5193
17347 0 223
17347 0 6006
17347 0 2552
17347 0 1401
17347 0 2554
17347 0 6012
17347 0 6013
17347 0 6014
17348 0 645
17350 0 3353
17351 0 3261
17353 0 141
17354 0 395
17354 0 396
17354 0 14958
17354 0 5103
17354 0 467
17354 0 346
17355 0 505
17355 0 5
17355 0 6021
17356 0 5210
17357 0 5211
17359 0 2065
17360 0 5217
17360 0 5218
17360 0 2852
17360 0 2955
17360 0 2956
17360 0 4785
17360 0 5215
17361 0 5
17362 0 6023
17363 0 4853
17364 0 2049
17364 0 1794
17364 0 6024
17364 0 6025
17364 0 4106
17364 0 1419
17364 0 6026
17364 0 6030
17364 0 6031
17364 0 6032
17364 0 6034
17364 0 275
17364 0 6037
17364 0 6038
17364 0 6039
17364 0 6040
17364 0 6042
17364 0 6043
17364 0 6047
17364 0 6050
17364 0 6051
17364 0 4917
17364 0 209
17364 0 349
17364 0 2782
17364 0 2655
17364 0 1904
17364 0 4095
17365 0 1821
17366 0 104
17367 0 4550
17368 0 14959
17369 0 5
17370 0 1427
17372 0 807
17373 0 827
17374 0 2357
17375 0 349
17376 0 6059
17377 0 5222
17377 0 5223
17378 0 3117
17381 0 6062
17382 0 175
17383 0 5226
17385 0 2293
17386 0 1026
17386 0 1282
17386 0 2565
17386 0 3228
17386 0 1567
17386 0 2725
17386 0 1838
17386 0 6063
17386 0 6064
17386 0 6065
17386 0 4531
17386 0 5299
17386 0 2229
17386 0 6067
17386 0 1483
17386 0 3794
17386 0 727
17386 0 2395
17386 0 737
17386 0 2297
17386 0 3196
17386 0 3838
17387 0 4530
17388 0 368
17389 0 5
17390 0 5228
17391 0 1545
17391 0 5
17392 0 5
17393 0 8
17393 0 484
17393 0 1437
17393 0 935
17395 0 5232
17396 0 2848
17396 0 1442
17396 0 2835
17396 0 36
17397 0 6074
17398 0 955
17400 0 5233
17401 0 2022
17402 0 6076
17403 0 77
17405 0 10406
17405 0 12591
17405 0 14960
17405 0 5234
17405 0 2643
17405 0 5235
17405 0 14962
17405 0 14963
17405 0 14964
17405 0 5405
17407 0 5
17407 0 533
17407 0 4130
17407 0 4136
17407 0 53
17407 0 2626
17407 0 6725
17407 0 3144
17407 0 614
17407 0 627
17407 0 4217
17407 0 634
17407 0 6135
17407 0 167
17407 0 169
17407 0 3760
17407 0 3249
17407 0 691
17407 0 1727
17407 0 1230
17407 0 2255
17407 0 5328
17407 0 213
17407 0 1755
17407 0 3804
17407 0 2281
17407 0 238
17407 0 4857
17407 0 262
17407 0 4884
17407 0 1814
17407 0 2339
17407 0 815
17407 0 822
17407 0 1847
17407 0 1361
17407 0 854
17407 0 3415
17407 0 349
17407 0 351
17407 0 4974
17407 0 889
17407 0 894
17407 0 1424
17407 0 937
17407 0 1449
17407 0 427
17407 0 1460
17407 0 951
17407 0 445
17407 0 6078
17407 0 6079
17407 0 3008
17407 0 6082
17407 0 6084
17407 0 6085
17407 0 6086
17407 0 6089
17407 0 6090
17407 0 6091
17407 0 973
17407 0 6094
17407 0 6095
17407 0 6096
17407 0 6097
17407 0 6098
17407 0 6100
17407 0 6101
17407 0 6102
17407 0 983
17407 0 6104
17407 0 6103
17407 0 6107
17407 0 476
17407 0 2524
17407 0 6108
17407 0 4063
17407 0 6109
17407 0 6111
17407 0 3042
17407 0 6112
17407 0 6113
17407 0 6114
17407 0 6116
17407 0 6119
17407 0 6121
17407 0 6122
17407 0 6123
17407 0 6124
17407 0 1518
17407 0 6133
17407 0 6134
17407 0 1527
17407 0 6136
17407 0 6137
17407 0 6138
17407 0 6139
17407 0 6140
17407 0 4095
17408 0 5221
17409 0 3561
17409 0 3586
17409 0 894
17410 0 5
17411 0 6144
17413 0 3063
17414 0 823
17415 0 5348
17416 0 1366
17417 0 592
17418 0 549
17419 0 480
17419 0 6148
17420 0 10
17421 0 5
17421 0 6150
17421 0 6152
17421 0 138
17421 0 6155
17421 0 6156
17421 0 6157
17421 0 1810
17421 0 2458
17421 0 411
17421 0 666
17421 0 1719
17421 0 2104
17421 0 1489
17421 0 594
17421 0 83
17421 0 1371
17421 0 347
17421 0 3436
17421 0 2291
17421 0 4342
17421 0 248
17421 0 249
17422 0 3937
17422 0 5249
17422 0 5
17422 0 1927
17422 0 840
17422 0 5244
17422 0 2804
17422 0 5245
17422 0 5239
17422 0 2296
17422 0 5241
17422 0 5240
17422 0 93
17423 0 6158
17423 0 3694
17423 0 535
17424 0 5253
17425 0 3016
17426 0 284
17427 0 10
17428 0 2618
17429 0 894
17430 0 5254
17431 0 18
17431 0 2807
17432 0 5256
17433 0 5
17434 0 5257
17434 0 5259
17434 0 5260
17434 0 5261
17434 0 563
17435 0 355
17436 0 103
17437 0 5
17437 0 1236
17437 0 5269
17437 0 2552
17437 0 5274
17437 0 5272
17437 0 223
17438 0 894
17439 0 32
17439 0 3172
17439 0 5
17439 0 1990
17439 0 269
17439 0 1645
17439 0 1847
17439 0 6159
17439 0 951
17439 0 2712
17439 0 2011
17439 0 2716
17439 0 1311
17440 0 95
17441 0 4235
17441 0 5
17443 0 662
17444 0 5307
17445 0 1444
17446 0 5275
17448 0 1755
17448 0 5
17449 0 429
17450 0 6171
17451 0 252
17452 0 4496
17453 0 4604
17454 0 3359
17455 0 6173
17456 0 5
17457 0 4916
17458 0 288
17458 0 482
17460 0 1749
17461 0 564
17462 0 5282
17462 0 2660
17462 0 5284
17462 0 5285
17462 0 5286
17462 0 5287
17462 0 1131
17462 0 2579
17462 0 1877
17463 0 5278
17463 0 5055
17464 0 1840
17465 0 6176
17465 0 1087
17466 0 772
17466 0 2244
17466 0 774
17466 0 72
17466 0 5292
17466 0 216
17466 0 91
17466 0 1789
17467 0 5294
17469 0 5219
17470 0 6179
17472 0 5
17473 0 1460
17474 0 5222
17475 0 253
17476 0 188
17477 0 5296
17478 0 1258
17479 0 3345
17479 0 5374
17480 0 6017
17480 0 349
17480 0 438
17482 0 346
17483 0 17
17483 0 6188
17483 0 6189
17483 0 95
17484 0 6190
17485 0 2210
17486 0 449
17487 0 5
17488 0 1446
17490 0 5300
17490 0 5302
17490 0 4055
17491 0 212
17492 0 6191
17494 0 131
17494 0 8
17494 0 1547
17494 0 4607
17494 0 273
17494 0 1554
17494 0 275
17494 0 1555
17494 0 2073
17494 0 5158
17494 0 4264
17494 0 3498
17494 0 431
17494 0 2352
17494 0 6195
17494 0 6196
17494 0 6198
17494 0 3255
17494 0 6201
17494 0 6202
17494 0 5693
17494 0 3908
17494 0 1740
17494 0 5198
17494 0 82
17494 0 343
17494 0 862
17494 0 4833
17494 0 866
17494 0 1634
17494 0 3042
17494 0 3170
17494 0 3951
17494 0 6130
17494 0 249
17494 0 767
17495 0 5304
17495 0 77
17496 0 6206
17497 0 2385
17497 0 889
17498 0 5037
17499 0 1321
17499 0 486
17500 0 1142
17501 0 134
17504 0 2385
17504 0 385
17506 0 8
17506 0 1156
17507 0 385
17507 0 5
17507 0 1383
17507 0 8
17507 0 4910
17507 0 691
17507 0 5308
17507 0 2015
17508 0 6
17508 0 199
17508 0 6214
17508 0 752
17508 0 310
17508 0 1374
17509 0 793
17509 0 763
17509 0 599
17510 0 6215
17510 0 1544
17510 0 6216
17510 0 6220
17510 0 6221
17510 0 6224
17510 0 6226
17510 0 5268
17510 0 3033
17510 0 955
17511 0 356
17512 0 6227
17514 0 1479
17515 0 32
17515 0 248
17515 0 110
17515 0 4399
17516 0 6232
17517 0 24
17518 0 3290
17518 0 1142
17519 0 159
17520 0 467
17521 0 10
17521 0 6237
17522 0 634
17523 0 5124
17524 0 6238
17525 0 482
17526 0 6239
17526 0 2519
17527 0 431
17527 0 6243
17527 0 1101
17527 0 375
17529 0 5
17529 0 1477
17529 0 972
17529 0 1423
17529 0 5327
17529 0 690
17529 0 631
17529 0 4122
17529 0 156
17529 0 2238
17531 0 6246
17532 0 36
17532 0 4966
17532 0 4969
17532 0 591
17532 0 594
17532 0 601
17533 0 240
17534 0 5
17535 0 4992
17535 0 4995
17535 0 1412
17535 0 4996
17535 0 1414
17535 0 519
17535 0 4997
17535 0 4999
17535 0 5000
17535 0 139
17535 0 1165
17535 0 5005
17535 0 3471
17535 0 4990
17535 0 5012
17535 0 405
17535 0 662
17535 0 151
17535 0 2072
17535 0 5016
17535 0 5017
17535 0 5019
17535 0 672
17535 0 4514
17535 0 4387
17535 0 3497
17535 0 4013
17535 0 1454
17535 0 3503
17535 0 1584
17535 0 1585
17535 0 4912
17535 0 4918
17535 0 951
17535 0 1847
17535 0 3255
17535 0 1722
17535 0 4919
17535 0 62
17535 0 1727
17535 0 2371
17535 0 2245
17535 0 967
17535 0 968
17535 0 971
17535 0 2903
17535 0 2906
17535 0 733
17535 0 862
17535 0 1118
17535 0 1633
17535 0 1634
17535 0 1635
17535 0 2789
17535 0 1129
17535 0 1131
17535 0 1132
17535 0 4971
17535 0 4972
17535 0 1647
17535 0 4973
17535 0 2801
17535 0 4977
17535 0 4979
17535 0 4981
17535 0 374
17535 0 4984
17535 0 4986
17535 0 763
17535 0 894
17535 0 4991
17536 0 4021
17537 0 81
17537 0 6249
17538 0 4793
17538 0 5341
17539 0 1954
17539 0 1467
17540 0 5
17540 0 4559
17541 0 1142
17542 0 995
17542 0 117
17543 0 4036
17544 0 6255
17545 0 496
17546 0 225
17546 0 103
17546 0 10
17546 0 4779
17546 0 2060
17546 0 877
17546 0 750
17546 0 2284
17546 0 6256
17546 0 1333
17546 0 599
17546 0 4665
17546 0 349
17547 0 2260
17547 0 1335
17548 0 3445
17548 0 987
17548 0 4235
17548 0 2413
17549 0 5057
17550 0 3756
17551 0 5020
17552 0 5353
17552 0 5354
17552 0 5
17553 0 846
17554 0 4405
17556 0 5
17557 0 5529
17557 0 6258
17557 0 6259
17557 0 349
17558 0 5355
17559 0 802
17559 0 5
17559 0 1581
17559 0 5037
17559 0 81
17559 0 349
17560 0 2795
17561 0 796
17561 0 533
17562 0 349
17564 0 4912
17564 0 1145
17565 0 707
17565 0 6
17566 0 288
17566 0 5629
17566 0 4
17566 0 1833
17566 0 655
17566 0 5743
17566 0 2708
17566 0 6260
17566 0 6262
17566 0 6263
17566 0 635
17566 0 1629
17566 0 2014
17567 0 6317
17568 0 995
17568 0 935
17569 0 2473
17569 0 103
17570 0 6336
17570 0 5475
17570 0 484
17570 0 8
17570 0 1545
17570 0 4778
17570 0 5136
17570 0 850
17570 0 4787
17570 0 3316
17570 0 2618
17570 0 6332
17571 0 2494
17572 0 6338
17573 0 6431
17575 0 1784
17575 0 5
17576 0 1369
17577 0 2739
17578 0 292
17579 0 62
17580 0 2581
17581 0 2892
17582 0 893
17583 0 5
17585 0 4943
17586 0 2754
17586 0 3198
17586 0 4614
17587 0 363
17588 0 2927
17589 0 6344
17589 0 884
17590 0 5
17591 0 5346
17591 0 68
17591 0 2632
17591 0 4169
17591 0 171
17591 0 6443
17591 0 4173
17591 0 6444
17591 0 6445
17591 0 2103
17591 0 831
17592 0 3996
17592 0 6346
17592 0 2660
17592 0 5361
17593 0 6446
17595 0 6449
17596 0 6321
17596 0 6322
17596 0 5215
17597 0 6450
17597 0 3813
17598 0 5
17599 0 5889
17599 0 3491
17599 0 6451
17599 0 6452
17599 0 6453
17599 0 6454
17599 0 924
17600 0 5
17601 0 6457
17603 0 5
17604 0 6460
17605 0 1489
17605 0 6422
17606 0 3417
17607 0 5
17608 0 1460
17609 0 8
17610 0 6465
17610 0 6462
17610 0 6463
17611 0 103
17612 0 5763
17613 0 5
17614 0 1674
17614 0 6471
17614 0 4127
17615 0 6248
17615 0 314
17615 0 6476
17615 0 6479
17616 0 3376
17616 0 3377
17616 0 3375
17617 0 81
17618 0 10
17619 0 3747
17620 0 5
17620 0 2793
17620 0 3380
17620 0 3381
17620 0 3383
17620 0 3384
17620 0 3386
17620 0 3387
17620 0 3389
17620 0 3390
17620 0 3391
17622 0 5
17623 0 2531
17624 0 480
17624 0 3404
17625 0 690
17625 0 3749
17625 0 1686
17625 0 3751
17626 0 3407
17627 0 290
17629 0 1451
17629 0 3756
17630 0 299
17631 0 2566
17631 0 103
17631 0 3408
17631 0 3409
17631 0 3411
17631 0 2548
17631 0 988
17632 0 3758
17633 0 1732
17634 0 3413
17635 0 349
17636 0 3379
17638 0 3617
17638 0 8
17638 0 269
17638 0 3761
17638 0 1628
17639 0 3416
17640 0 1027
17640 0 645
17640 0 3764
17640 0 3765
17640 0 3321
17641 0 995
17641 0 1470
17641 0 3767
17641 0 266
17641 0 1230
17641 0 1553
17641 0 18
17641 0 1809
17641 0 2257
17641 0 117
17641 0 3261
17641 0 2487
17641 0 3229
17641 0 510
17641 0 63
17642 0 1982
17643 0 1336
17643 0 3214
17644 0 955
17644 0 644
17644 0 3421
17645 0 3770
17645 0 1475
17646 0 3771
17647 0 5
17648 0 1131
17648 0 381
17648 0 3773
17649 0 1071
17651 0 3775
17652 0 1344
17653 0 3425
17655 0 3265
17655 0 3427
17655 0 1518
17656 0 3428
17657 0 3777
17657 0 3780
17657 0 3781
17658 0 8
17659 0 3782
17660 0 1577
17660 0 290
17660 0 3546
17661 0 5
17661 0 3431
17662 0 3785
17663 0 3434
17663 0 3435
17664 0 3436
17664 0 398
17665 0 2610
17666 0 13702
17666 0 2633
17666 0 5133
17666 0 3703
17666 0 1882
17667 0 3439
17668 0 4309
17668 0 3788
17668 0 3877
17670 0 18
17671 0 3169
17672 0 95
17673 0 234
17674 0 4044
17675 0 2145
17676 0 13
17677 0 13697
17677 0 5
17677 0 10991
17678 0 10
17680 0 72
17681 0 1330
17681 0 3447
17682 0 3440
17683 0 249
17684 0 2051
17684 0 451
17685 0 10
17686 0 727
17687 0 5
17688 0 1024
17688 0 4323
17688 0 103
17689 0 5
17690 0 994
17690 0 356
17690 0 5
17690 0 772
17690 0 2565
17690 0 3174
17690 0 10
17690 0 395
17690 0 12
17690 0 3179
17690 0 81
17690 0 18
17690 0 24
17690 0 666
17690 0 763
17690 0 445
17691 0 262
17691 0 1423
17691 0 405
17691 0 434
17691 0 2238
17691 0 1220
17691 0 967
17691 0 968
17691 0 969
17691 0 970
17691 0 971
17691 0 972
17691 0 846
17691 0 1488
17691 0 2898
17691 0 2899
17691 0 2900
17691 0 2901
17691 0 2902
17691 0 2903
17691 0 2905
17691 0 2906
17691 0 2907
17691 0 2908
17691 0 2909
17691 0 2910
17691 0 4327
17691 0 2162
17691 0 2167
17692 0 3456
17692 0 3460
17692 0 3462
17692 0 3464
17692 0 1163
17692 0 12
17692 0 3467
17692 0 3468
17692 0 3470
17692 0 529
17692 0 3475
17692 0 3476
17692 0 3477
17692 0 1825
17692 0 561
17692 0 1851
17692 0 2001
17692 0 2647
17692 0 496
17692 0 1784
17692 0 121
17692 0 3453
17693 0 3478
17693 0 3479
17694 0 2489
17696 0 90
17697 0 3034
17697 0 1814
17698 0 3481
17699 0 1025
17699 0 4359
17699 0 4360
17699 0 137
17699 0 4361
17699 0 523
17699 0 3214
17699 0 4366
17699 0 1553
17699 0 149
17699 0 662
17699 0 793
17699 0 1052
17699 0 1565
17699 0 433
17699 0 3249
17699 0 2485
17699 0 2487
17699 0 4280
17699 0 445
17699 0 3521
17699 0 73
17699 0 587
17699 0 1617
17699 0 1752
17699 0 3198
17699 0 2395
17699 0 481
17699 0 4329
17699 0 4330
17699 0 1391
17699 0 1392
17699 0 4335
17699 0 4339
17699 0 1780
17699 0 1781
17699 0 4212
17699 0 4342
17699 0 4344
17699 0 123
17699 0 2812
17699 0 4349
17699 0 510
17700 0 3496
17700 0 157
17700 0 3494
17700 0 671
17701 0 5
17702 0 5
17703 0 728
17703 0 3498
17704 0 5
17705 0 4368
17707 0 3500
17707 0 709
17709 0 5
17710 0 3504
17711 0 1270
17712 0 3511
17712 0 35
17712 0 1478
17712 0 2029
17712 0 496
17712 0 2290
17712 0 3506
17712 0 3317
17712 0 3509
17712 0 3510
17712 0 3512
17712 0 601
17712 0 3514
17712 0 3516
17712 0 1855
17713 0 4480
17713 0 4482
17713 0 4483
17713 0 4484
17713 0 4485
17713 0 510
17713 0 4486
17713 0 4487
17713 0 4488
17713 0 1931
17713 0 17
17713 0 2835
17713 0 4377
17713 0 4378
17713 0 3996
17713 0 4380
17713 0 1310
17713 0 4381
17713 0 4382
17713 0 4384
17713 0 4387
17713 0 4388
17713 0 4389
17713 0 4391
17713 0 4392
17713 0 4393
17713 0 4394
17713 0 4395
17713 0 4397
17713 0 4398
17713 0 3631
17713 0 4399
17713 0 3505
17713 0 4400
17713 0 1334
17713 0 1718
17713 0 3127
17713 0 4035
17713 0 2245
17713 0 329
17713 0 4044
17713 0 81
17713 0 1751
17713 0 1880
17713 0 601
17713 0 2392
17713 0 863
17713 0 1376
17713 0 2529
17713 0 1378
17713 0 3172
17713 0 487
17713 0 1899
17713 0 110
17713 0 2161
17713 0 1650
17713 0 2292
17713 0 3833
17713 0 4477
17713 0 894
17713 0 4479
17714 0 4489
17714 0 1578
17715 0 3521
17716 0 337
17717 0 3522
17717 0 3523
17717 0 3524
17717 0 1845
17718 0 3528
17719 0 592
17719 0 823
17719 0 159
17720 0 2925
17722 0 1238
17723 0 290
17724 0 3042
17724 0 3586
17724 0 3561
17724 0 4012
17724 0 3247
17724 0 3249
17725 0 4001
17725 0 4505
17725 0 1209
17725 0 4507
17725 0 4509
17726 0 1046
17727 0 3539
17727 0 3540
17727 0 3541
17727 0 533
17727 0 1374
17728 0 5
17729 0 4103
17730 0 4516
17730 0 2252
17730 0 940
17730 0 179
17730 0 63
17731 0 3542
17732 0 3544
17732 0 3545
17733 0 3546
17733 0 1271
17734 0 1377
17734 0 81
17734 0 1814
17734 0 2170
17734 0 3547
17735 0 8
17735 0 4517
17736 0 4524
17737 0 5
17737 0 445
17739 0 8
17740 0 730
17740 0 1899
17740 0 2054
17740 0 1727
17741 0 3548
17741 0 972
17742 0 823
17744 0 131
17744 0 643
17744 0 2565
17744 0 12
17744 0 792
17744 0 3355
17744 0 3492
17744 0 167
17744 0 3267
17744 0 2509
17744 0 213
17744 0 3553
17744 0 3555
17744 0 3556
17744 0 3173
17744 0 3557
17744 0 3559
17744 0 3560
17744 0 3049
17744 0 3563
17744 0 1774
17744 0 3570
17744 0 253
17744 0 510
17747 0 196
17748 0 304
17749 0 608
17749 0 763
17750 0 81
17751 0 4539
17753 0 4544
17753 0 4547
17753 0 101
17753 0 1926
17753 0 103
17753 0 3487
17753 0 87
17753 0 1207
17753 0 4541
17753 0 223
17755 0 618
17755 0 4551
17756 0 362
17757 0 3788
17757 0 3877
17758 0 4555
17759 0 4556
17759 0 2382
17760 0 2866
17761 0 3595
17762 0 1817
17763 0 5
17763 0 3598
17764 0 368
17764 0 3588
17764 0 3582
17765 0 4558
17766 0 3600
17766 0 3601
17766 0 3602
17766 0 3444
17766 0 3605
17766 0 3606
17766 0 3607
17766 0 3608
17767 0 795
17768 0 4491
17769 0 42
17769 0 103
17770 0 3589
17770 0 3590
17770 0 3593
17770 0 563
17770 0 275
17771 0 4559
17771 0 4560
17771 0 3505
17771 0 4562
17771 0 4561
17772 0 380
17772 0 2612
17773 0 300
17773 0 2005
17774 0 3615
17776 0 785
17776 0 3300
17777 0 5
17778 0 4500
17779 0 8
17780 0 973
17781 0 669
17782 0 3745
17782 0 4563
17782 0 4564
17782 0 1374
17783 0 81
17784 0 1320
17786 0 4565
17787 0 3417
17788 0 5
17789 0 2375
17790 0 356
17791 0 4566
17792 0 4567
17793 0 240
17794 0 3537
17795 0 5
17796 0 5
17797 0 4568
17797 0 1814
17798 0 10
17799 0 643
17800 0 3619
17800 0 3374
17802 0 4569
17802 0 5
17803 0 1344
17804 0 2350
17805 0 4570
17806 0 126
17808 0 4572
17809 0 561
17810 0 3858
17811 0 4235
17812 0 2778
17813 0 3620
17814 0 1344
17814 0 355
17814 0 7
17815 0 3621
17816 0 2565
17816 0 523
17816 0 529
17816 0 531
17816 0 533
17816 0 3623
17816 0 3624
17816 0 3625
17816 0 3626
17816 0 557
17816 0 3629
17816 0 3631
17816 0 3632
17816 0 3630
17816 0 3634
17816 0 1075
17816 0 3636
17816 0 2613
17816 0 3640
17816 0 3644
17816 0 3645
17816 0 3646
17816 0 3647
17816 0 65
17816 0 3650
17816 0 3652
17816 0 3653
17816 0 582
17816 0 3654
17816 0 3655
17816 0 3657
17816 0 75
17816 0 3659
17816 0 3661
17816 0 3662
17816 0 3664
17816 0 3665
17816 0 3667
17816 0 3668
17816 0 3669
17816 0 3672
17816 0 3673
17816 0 90
17816 0 3674
17816 0 3676
17816 0 3677
17816 0 3678
17816 0 3679
17816 0 3681
17816 0 3683
17816 0 3685
17816 0 3174
17816 0 3687
17816 0 3689
17816 0 3691
17816 0 3696
17816 0 3698
17816 0 3699
17816 0 628
17816 0 3700
17816 0 3705
17816 0 3706
17816 0 3708
17816 0 3713
17816 0 2690
17816 0 3717
17816 0 1191
17816 0 702
17816 0 703
17816 0 191
17816 0 3264
17816 0 3265
17816 0 711
17816 0 712
17816 0 226
17816 0 2795
17816 0 237
17816 0 1779
17816 0 2296
17816 0 1790
17816 0 766
17816 0 290
17816 0 3374
17816 0 1840
17816 0 2864
17816 0 1349
17816 0 3400
17816 0 1869
17816 0 860
17816 0 356
17816 0 1903
17816 0 1393
17816 0 1396
17816 0 918
17816 0 429
17816 0 942
17816 0 3505
17816 0 1458
17816 0 1466
17816 0 2497
17816 0 1992
17816 0 986
17816 0 987
17816 0 490
17817 0 1564
17817 0 1142
17818 0 3725
17818 0 3726
17819 0 1477
17820 0 1392
17820 0 3727
17821 0 3508
17823 0 105
17823 0 4574
17823 0 1199
17824 0 3725
17825 0 4575
17826 0 5
17829 0 4576
17829 0 618
17829 0 3083
17829 0 3694
17830 0 4577
17831 0 3732
17831 0 3733
17834 0 164
17834 0 1335
17835 0 4242
17835 0 4580
17835 0 4582
17836 0 203
17837 0 1358
17841 0 3736
17841 0 3735
17842 0 1889
17842 0 451
17842 0 10631
17842 0 4586
17842 0 81
17842 0 90
17844 0 4588
17844 0 4587
17844 0 196
17845 0 4589
17846 0 3958
17847 0 2253
17848 0 4590
17849 0 346
17849 0 655
17850 0 4592
17850 0 4593
17851 0 3740
17851 0 3745
17851 0 1556
17851 0 5
17853 0 3746
17853 0 313
17853 0 42
17853 0 437
17854 0 548
17854 0 1035
17854 0 13709
17854 0 750
17854 0 4595
17854 0 4596
17854 0 4597
17854 0 1142
17854 0 918
17854 0 1631
17855 0 3717
17856 0 4599
17858 0 1084
17859 0 3804
